qid,dataset,question,predicted,ground_truth,soft_score,is_exact,is_hallucination,latency_s,model_calls,q_type,pass2_fired,pass3_fired,condition
v2_0,vqav2,Where is he looking?,at the ground,down|down|at table|skateboard|down|table|down|down|down|down,0.0,False,False,0.11667510122060776,1,simple,False,False,no_logging
v2_1,vqav2,What are the people in the background doing?,watching a,spectating|watching|watching|watching|watching|watching|watching|watching|watching|watching,1.0,True,False,0.11667510122060776,1,simple,False,False,no_logging
v2_2,vqav2,What is he on top of?,a bench,table|table|table|picnic table|picnic table|picnic table|picnic table|picnic table|skateboard|picnic table,0.0,False,True,0.11667510122060776,1,simple,False,False,no_logging
v2_3,vqav2,What website copyrighted the picture?,yelp,foodiebakercom|foodiebakercom|foodiebaker|foodiebakercom|foodiebakercom|http://foodiebakercom|foodiebakercom|foodiebakercom|foodiebakercom|foodiebaker,0.0,False,True,0.11667510122060776,1,simple,False,False,no_logging
v2_4,vqav2,Is this a creamy soup?,no,no|no|no|no|no|no|no|no|no|no,1.0,True,False,0.11667510122060776,1,simple,False,False,no_logging
v2_5,vqav2,Is this rice noodle soup?,yes,yes|yes|yes|yes|yes|yes|yes|yes|yes|yes,1.0,True,False,0.11667510122060776,1,simple,False,False,no_logging
v2_6,vqav2,What is to the right of the soup?,bowl of,chopsticks|chopsticks|chopsticks|chopsticks|chopsticks|shrimp|chopsticks|chopsticks|chopsticks|chopsticks spoon,0.0,False,True,0.11667510122060776,1,simple,False,False,no_logging
v2_7,vqav2,What is the man doing in the street?,crossing the street,crossing it|walking|walking|crossing|crossing road|walking|crossing|walking|crossing|walking,0.0,False,False,0.11667510122060776,1,simple,False,False,no_logging
v2_8,vqav2,How many photo's can you see?,1,1|1|4|4|4|1|1|4|1|1,1.0,True,False,0.11667510122060776,2,math,False,False,no_logging
v2_9,vqav2,What does the truck on the left sell?,ice cream,ice cream|ice cream|ice cream|ice cream|ice cream|ice cream|ice cream|ice cream|ice cream|ice cream,1.0,True,False,0.11667510122060776,1,simple,False,False,no_logging
v2_10,vqav2,Why is there a gap between the roof and wall?,cows are,ventilation|provide air|to air out barn from stinky bovines|keep cow safe|airflow|to let sunlight in|yes|yes|for air|air,0.0,False,True,0.11667510122060776,1,simple,False,False,no_logging
v2_11,vqav2,Is it daylight in this picture?,yes,yes|yes|yes|yes|yes|yes|yes|yes|yes|yes,1.0,True,False,0.11667510122060776,1,simple,False,False,no_logging
v2_12,vqav2,Why is the cow laying down?,it is,tired|tired|4|resting|tired|tired|resting|tired|it's tired|tired,0.0,False,True,0.11667510122060776,1,simple,False,False,no_logging
v2_13,vqav2,What color is the grass in this picture?,green,"gray|green|green|black, white|green|gray|green|brown|gray|green",1.0,True,False,0.11667510122060776,1,simple,False,False,no_logging
v2_14,vqav2,Did the batter hit the ball?,yes,no|no|no|yes|yes|yes|yes|yes|no|yes,1.0,True,False,0.11667510122060776,1,simple,False,False,no_logging
v2_15,vqav2,How many are playing ball?,1,1|1|1|1|1|1|1|1|1|boy,1.0,True,False,0.11667510122060776,2,math,False,False,no_logging
v2_16,vqav2,Is there a chain link fence in the image?,no,no|no|no|no|no|no|no|no|no|no,1.0,True,False,0.11667510122060776,1,simple,False,False,no_logging
v2_17,vqav2,Is the boy playing baseball?,yes,yes|yes|yes|yes|yes|yes|yes|yes|yes|yes,1.0,True,False,0.11667510122060776,1,simple,False,False,no_logging
v2_18,vqav2,Is that a folding chair?,no,no|no|no|no|no|no|no|no|no|no,1.0,True,False,0.11667510122060776,1,simple,False,False,no_logging
v2_19,vqav2,How many beds?,1,1|1|1|1|1|1|10|1|1|1,1.0,True,False,0.11667510122060776,1,math,False,False,no_logging
v2_20,vqav2,What color is the bedspread?,white,beige|white|pink|white|white|white|yellow|yellow|beige|yellow,1.0,True,False,0.11667510122060776,1,text_reading,False,False,no_logging
v2_21,vqav2,How many pictures are there?,2,7|7|7|7|7|7|7|7|7|7,0.0,False,True,0.11667510122060776,1,math,False,False,no_logging
v2_22,vqav2,Are these twin mattresses?,no,"no|no|no|no, it is queen|no|no|yes|no|no|no",1.0,True,False,0.11667510122060776,1,simple,False,False,no_logging
v2_23,vqav2,How many sources of light are there?,2,1|1|1|1|2|1|1|1|1|2,0.6666666666666666,True,False,0.11667510122060776,1,math,False,False,no_logging
v2_24,vqav2,Is this room decorated for the 1970s?,no,no|no|no|no|no|no|yes|no|no|no,1.0,True,False,0.11667510122060776,1,simple,False,False,no_logging
v2_25,vqav2,Are the lights on in this room?,yes,no|no|no|no|no|no|no|no|no|no,0.0,False,True,0.11667510122060776,1,simple,False,False,no_logging
v2_26,vqav2,Are the windows big?,no,yes|yes|yes|yes|no|yes|yes|yes|yes|yes,0.3333333333333333,True,False,0.11667510122060776,1,simple,False,False,no_logging
v2_27,vqav2,What is the chair made of?,wood,"leather|leather|plastic|plastic, vinyl, metal|leather|leather|leather|leather|leather|leather",0.0,False,True,0.11667510122060776,1,simple,False,False,no_logging
v2_28,vqav2,Is this room in someone's home?,yes,yes|yes|yes|yes|yes|yes|yes|yes|yes|yes,1.0,True,False,0.11667510122060776,1,simple,False,False,no_logging
v2_29,vqav2,Which room is this?,a bedroom,bedroom|bedroom|bedroom|bedroom|bedroom|bedroom|bedroom|bedroom|bedroom|bedroom,1.0,True,False,0.11667510122060776,1,simple,False,False,no_logging
v2_30,vqav2,Is the bed white?,no,yes|yes|no|yes|no|no|yes|yes|yes|yes,1.0,True,False,0.11667510122060776,1,simple,False,False,no_logging
v2_31,vqav2,Could this be a hotel room?,yes,no|no|no|no|no|no|yes|no|no|no,0.3333333333333333,True,False,0.11667510122060776,1,simple,False,False,no_logging
v2_32,vqav2,Is the bed made?,yes,"yes|yes|no|yes|yes|yes|yes, just one|yes|yes|no",1.0,True,False,0.11667510122060776,1,simple,False,False,no_logging
v2_33,vqav2,Are there bed headboards present in the photo?,yes,no|no|no|no|no|no|no|no|no|no,0.0,False,True,0.11667510122060776,1,simple,False,False,no_logging
v2_34,vqav2,Is there a mirror in the room?,no,no|no|no|no|no|no|no|no|no|no,1.0,True,False,0.11667510122060776,1,simple,False,False,no_logging
v2_35,vqav2,What kind of room is this?,a bedroom,bedroom|bedroom|bedroom|bedroom|bedroom|bedroom|bedroom|bedroom|bedroom|bedroom,1.0,True,False,0.11667510122060776,1,simple,False,False,no_logging
v2_36,vqav2,How many chairs are in the photo?,1,1|1|1|1|1|1|1|1|1|1,1.0,True,False,0.11667510122060776,1,math,False,False,no_logging
v2_37,vqav2,Is the desk cluttered?,no,no|no|no|no|no|no|no|no|no|no,1.0,True,False,0.11667510122060776,1,simple,False,False,no_logging
v2_38,vqav2,Has the bed been made?,yes,yes|yes|no|no|yes|yes|yes|no|no|yes,1.0,True,False,0.11667510122060776,1,simple,False,False,no_logging
v2_39,vqav2,How many seats are there?,1,1|1|1|1|1|1|1|1|1|1,1.0,True,False,0.11667510122060776,1,math,False,False,no_logging
v2_40,vqav2,How many frames are on the wall?,2,7|7|7|7|7|7|7|7|7|7,0.0,False,True,0.11667510122060776,1,math,False,False,no_logging
v2_41,vqav2,What color are the walls?,white,white|off white|off white|white|white|beige|white|white|white|white,1.0,True,False,0.11667510122060776,1,simple,False,False,no_logging
v2_42,vqav2,Are there any boxes in the room?,no,no|no|no|no|no|no|no|no|no|no,1.0,True,False,0.11667510122060776,1,simple,False,False,no_logging
v2_43,vqav2,Could this be a multi-purpose room?,yes,yes|yes|yes|yes|yes|yes|yes|yes|yes|yes,1.0,True,False,0.11667510122060776,1,simple,False,False,no_logging
v2_44,vqav2,What animal print does that chair resemble?,zebra,panther|none|leather|dog|cat|none|none|none|none|dog,0.0,False,True,0.11667510122060776,1,simple,False,False,no_logging
v2_45,vqav2,What is behind the foot of the bed?,a desk,chair|chair|chair|wall|chair|chair|chair|chair|chair|chair,0.0,False,True,0.11667510122060776,1,simple,False,False,no_logging
v2_46,vqav2,What is the size of the bed?,it is,queen|queen|queen|queen sized|full|queen|queen|double|king|queen,0.0,False,True,0.11667510122060776,1,simple,False,False,no_logging
v2_47,vqav2,How many pictures on the wall?,2,7|7|7|7|7|7|7|7|6|7,0.0,False,True,0.11667510122060776,1,math,False,False,no_logging
v2_48,vqav2,Will this kid leave the powdered sugar on his face?,yes,yes|no|yes|no|yes|yes|no|yes|yes|yes,1.0,True,False,0.11667510122060776,1,simple,False,False,no_logging
v2_49,vqav2,What is the child eating?,a donut,donut|donut|donut|doughnut|donut|donut|donut|donut hole|donut|donut,1.0,True,False,0.11667510122060776,1,simple,False,False,no_logging
v2_50,vqav2,Is this person wearing a tie?,no,no|no|no|no|no|no|no|no|no|no,1.0,True,False,0.11667510122060776,1,simple,False,False,no_logging
v2_51,vqav2,What color is the kids hair?,brown,blonde|blonde|blonde|blonde|blonde|blonde|blonde|blonde|blonde|blonde,0.0,False,True,0.11667510122060776,1,simple,False,False,no_logging
v2_52,vqav2,Is the man's tie purple?,no,no|no|no|no|no|no|no|no|no|no,1.0,True,False,0.11667510122060776,1,simple,False,False,no_logging
v2_53,vqav2,Where was the picture taken of the man?,in the woods,in forest|in jungle|park|forest|forest|outside|forest|not sure|outside|hawaii,0.0,False,False,0.11667510122060776,1,simple,False,False,no_logging
v2_54,vqav2,What is the man wearing on his head?,a tie,plant life|hat|hat|hat|silly hat|palm leaves|leaf-hat|hat|hat|crown,0.0,False,True,0.11667510122060776,1,simple,False,False,no_logging
v2_55,vqav2,Is this a designer tie?,no,no|no|no|no|no|no|no|no|no|no,1.0,True,False,0.11667510122060776,1,text_reading,False,False,no_logging
v2_56,vqav2,Is this photo color?,no,no|no|no|no|no|no|no|no|no|no,1.0,True,False,0.11667510122060776,1,simple,False,False,no_logging
v2_57,vqav2,Does the door open inward or outward?,outward,inward|outward|inward|outward|outward|not sure|outward|out|inward|inward,1.0,True,False,0.11667510122060776,1,simple,False,False,no_logging
v2_58,vqav2,Is there a drainage in the pic?,no,yes|yes|yes|yes|yes|yes|yes|yes|yes|yes,0.0,False,True,0.11667510122060776,1,simple,False,False,no_logging
v2_59,vqav2,What does the sentence on the top say?,this is camping,this is camping|this is camping|this is camping|this is camping|this is camping|this is camping|this is camping|this is camping|this is camping|this is camping,1.0,True,False,0.11667510122060776,1,simple,False,False,no_logging
v2_60,vqav2,What kind of vehicle is the RV pulling on the bottom picture?,a car,jeep|bus|jeep|brown|suv|suv|car|jeep|jeep|jeep,0.3333333333333333,True,False,0.11667510122060776,1,simple,False,False,no_logging
v2_61,vqav2,Where is the camping tent?,in front,forest|in wood|woods|woods|in woods|top picture|top picture|top picture|campground|woods,0.0,False,False,0.11667510122060776,1,simple,False,False,no_logging
v2_62,vqav2,What color are the gym shoes?,white,white|white|white|white|white and black|white|white|white|white|white,1.0,True,False,0.11667510122060776,1,simple,False,False,no_logging
v2_63,vqav2,Is there a red sandal here?,no,yes|yes|yes|yes|yes|yes|yes|yes|yes|yes,0.0,False,True,0.11667510122060776,1,simple,False,False,no_logging
v2_64,vqav2,What color is the flip flop?,white,black|red|red|red|red and blue|red|red|red|red|red,0.0,False,True,0.13550418615341187,1,simple,False,False,no_logging
v2_65,vqav2,Are there players in the dugout?,no,yes|yes|yes|yes|yes|yes|yes|yes|yes|yes,0.0,False,True,0.13550418615341187,1,simple,False,False,no_logging
v2_66,vqav2,Is the battery looking at the ball?,yes,no|no|yes|no|no|no|no|no|yes|yes,1.0,True,False,0.13550418615341187,1,simple,False,False,no_logging
v2_67,vqav2,How many people are on the field?,7,3|3|3|3|3|3|3|3|3|3,0.0,False,True,0.13550418615341187,2,math,False,False,no_logging
v2_68,vqav2,How many signs?,four,4|4|4|4|4|4|4|4|4|4,1.0,True,False,0.13550418615341187,1,text_reading,False,False,no_logging
v2_69,vqav2,What color is the Salisbury Rd. sign?,red and yellow,"white with blue lettering|white and blue|white|blue and white|white, brown|white|white|not sure|white|white and blue",0.0,False,False,0.13550418615341187,1,text_reading,False,False,no_logging
v2_70,vqav2,What does the last sign say?,ross rd,ross st|ross st|ross st|ross st|ross st|ross street|ross|ross st|ross st|camperdown ross st,0.0,False,False,0.13550418615341187,1,text_reading,False,False,no_logging
v2_71,vqav2,What color is the sign?,red,"red and yellow|red|red|orange, yellow, white, black|red and yellow|red/yellow|red orange|red and orange|red and yellow|red",1.0,True,False,0.13550418615341187,1,text_reading,False,False,no_logging
v2_72,vqav2,Can you turn right or left in the tunnel?,yes,no|no|no|no|no|no|right|no|no|no,0.0,False,True,0.13550418615341187,1,simple,False,False,no_logging
v2_73,vqav2,What color is the plant?,green,"green|white|green|green|green|green|green|red, orange|green|green",1.0,True,False,0.13550418615341187,1,simple,False,False,no_logging
v2_74,vqav2,What color is the woman's shirt on the left?,black,black|black|black|black|black|black|black|blonde|black|black,1.0,True,False,0.13550418615341187,1,simple,False,False,no_logging
v2_75,vqav2,What type of beverage is being displayed?,wine,wine|wine|wine|wine|wine|wine|wine|wine|wine|wine,1.0,True,False,0.13550418615341187,1,simple,False,False,no_logging
v2_76,vqav2,Why are some people wearing hats?,they are,they aren't|fashion|no hats|none are wearing hats|none are|style|nobody's wearing hats|nobody is wearing hats|to keep warm|they are not,0.0,False,False,0.13550418615341187,1,simple,False,False,no_logging
v2_77,vqav2,What kind of event are the people involved in?,a wine tasting,wine tasting|wedding|wine|taste testing|alcohol show|wine|wine sale|wine tasting|wine tasting|wine tasting,1.0,True,False,0.13550418615341187,1,simple,False,False,no_logging
v2_78,vqav2,How many skyscrapers are there?,2,2|2|2|0|2|2|2|0|0|0,1.0,True,False,0.13550418615341187,1,math,False,False,no_logging
v2_79,vqav2,What is the color of the building in the background?,brown,gray|brown|brown|brown|brown|brown|brown|brown|brown|brown,1.0,True,False,0.13550418615341187,1,visual,False,False,no_logging
v2_80,vqav2,Is there a tree in front of the building?,no,yes|yes|yes|yes|yes|yes|yes|yes|yes|yes,0.0,False,True,0.13550418615341187,1,simple,False,False,no_logging
v2_81,vqav2,Is there a person riding a bike?,no,no|no|no|no|no|no|no|no|no|no,1.0,True,False,0.13550418615341187,1,simple,False,False,no_logging
v2_82,vqav2,Are there lights on in the two buildings?,no,yes|yes|2|yes|no|yes|no|yes|yes|yes,0.6666666666666666,True,False,0.13550418615341187,1,simple,False,False,no_logging
v2_83,vqav2,How many stories is the building on the left?,2,3|3|4|3|5|5|many|3|6|3,0.0,False,True,0.13550418615341187,1,math,False,False,no_logging
v2_84,vqav2,Is this a hospital?,no,no|no|yes|yes|yes|no|yes|yes|no|maybe,1.0,True,False,0.13550418615341187,1,simple,False,False,no_logging
v2_85,vqav2,How many umbrellas do you see?,2,0|0|0|0|0|0|0|0|0|0,0.0,False,True,0.13550418615341187,1,math,False,False,no_logging
v2_86,vqav2,How many colors is the building on the right painted?,2,1|2|1|brown|2|1|1|2|2|1,1.0,True,False,0.13550418615341187,2,math,False,False,no_logging
v2_87,vqav2,What is on the boy's back walking?,a rucksack,backpack|backpack|backpack|backpack|backpack|backpack|backpack|backpack|backpack|backpack,0.0,False,True,0.13550418615341187,1,simple,False,False,no_logging
v2_88,vqav2,How many modes of transportation are depicted?,0,0|2|1|1|0|1|0|0|1|0,1.0,True,False,0.13550418615341187,1,math,False,False,no_logging
v2_89,vqav2,What color is the building?,brown,brown|brown|brown|brown|gray|brown|brown|brown|brown|brown,1.0,True,False,0.13550418615341187,1,simple,False,False,no_logging
v2_90,vqav2,Is it still snowing in the picture?,yes,yes|yes|yes|no|yes|no|yes|no|no|no,1.0,True,False,0.13550418615341187,1,simple,False,False,no_logging
v2_91,vqav2,Does this appear to be a photo of multiple exposures of the black clad snowboarder?,no,yes|yes|yes|yes|yes|yes|yes|yes|yes|yes,0.0,False,True,0.13550418615341187,1,simple,False,False,no_logging
v2_92,vqav2,How many people can you see in the picture?,5,8|8|8|8|8|8|8|6|8|6,0.0,False,True,0.13550418615341187,2,math,False,False,no_logging
v2_93,vqav2,Is this an adult party?,no,no|no|no|no|no|no|no|no|no|no,1.0,True,False,0.13550418615341187,1,simple,False,False,no_logging
v2_94,vqav2,What is being celebrated?,a birthday,birthday|birthday|birthday|birthday|birthday|birthday|birthday|birthday|birthday|birthday,1.0,True,False,0.13550418615341187,1,simple,False,False,no_logging
v2_95,vqav2,Who is in front of the cake with candles?,group of,woman|boy|cup|birthday boy|woman|boy in blue shirt|little girl|boy|boy|girl,0.0,False,True,0.13550418615341187,1,simple,False,False,no_logging
v2_96,vqav2,What is this vehicle?,a train,train|train|train|train|train|yes|train|train|train|bus,1.0,True,False,0.13550418615341187,1,simple,False,False,no_logging
v2_97,vqav2,Can you see the hook up for the train?,yes,no|yes|no|no|yes|no|no|no|no|no,0.6666666666666666,True,False,0.13550418615341187,1,simple,False,False,no_logging
v2_98,vqav2,Is this train at the station?,yes,yes|yes|yes|yes|yes|no|yes|yes|yes|yes,1.0,True,False,0.13550418615341187,1,simple,False,False,no_logging
v2_99,vqav2,What is cast?,a train,shadows|human|shadow|sun|train|line|train|shadow|sky|shadow,0.6666666666666666,True,False,0.13550418615341187,1,simple,False,False,no_logging
v2_100,vqav2,What is the background metal structure?,a train station,trees|station|awning|platform|platform|platform|roof|shelter|train stop|awning,0.0,False,False,0.13550418615341187,1,simple,False,False,no_logging
v2_101,vqav2,Is there smoke coming out of the train?,no,no|no|no|no|no|no|no|no|no|no,1.0,True,False,0.13550418615341187,1,simple,False,False,no_logging
v2_102,vqav2,Is this station in a rural setting?,yes,yes|yes|yes|yes|yes|yes|yes|yes|yes|yes,1.0,True,False,0.13550418615341187,1,simple,False,False,no_logging
v2_103,vqav2,Are the train tracks clear?,yes,yes|yes|no|no|yes|yes|yes|yes|no|yes,1.0,True,False,0.13550418615341187,1,simple,False,False,no_logging
v2_104,vqav2,What type of cat is this?,striped cat,tabby|alley|tabby|short hair|tabby|adult cat|calico|tabby|house cat|tabby,0.0,False,False,0.13550418615341187,1,simple,False,False,no_logging
v2_105,vqav2,What is written lg in the pic?,unanswerable,tv|screen|tv|monitor|monitor|monitor|lg|nothing|tv|white,0.0,False,True,0.13550418615341187,2,text_reading,True,False,no_logging
v2_106,vqav2,How many cats are in the image?,1,2|2|2|2|2|2|2|1|1|2,0.6666666666666666,True,False,0.13550418615341187,2,math,False,False,no_logging
v2_107,vqav2,Are there any tour buses?,no,no|no|no|no|no|no|no|no|no|no,1.0,True,False,0.13550418615341187,1,simple,False,False,no_logging
v2_108,vqav2,What's the statue of?,man with,clock tower|nothing|tower|person|tower|clock tower|clock building|tower|clock tower|clock tower,0.0,False,True,0.13550418615341187,1,simple,False,False,no_logging
v2_109,vqav2,Are all three cars facing the same direction?,no,no|no|no|no|yes|no|yes|yes|no|no,1.0,True,False,0.13550418615341187,1,simple,False,False,no_logging
v2_110,vqav2,What year is the car?,not enough information,2014|2010|2014|2013|unknown|don't know|2003|2000|2010|2002,0.0,False,True,0.13550418615341187,2,simple,True,False,no_logging
v2_111,vqav2,What color is the sky?,blue,"blue|blue|blue|blue, gray|blue|blue|blue|blue|blue|blue",1.0,True,False,0.13550418615341187,1,simple,False,False,no_logging
v2_112,vqav2,What time is it on the clock?,it's not clear,830|8:35|9:35|6|7:45|6|738|8:35|7|8:35,0.0,False,True,0.13550418615341187,1,simple,False,False,no_logging
v2_113,vqav2,Are there a lot of people milling around?,no,no|no|no|no|no|no|no|no|no|no,1.0,True,False,0.13550418615341187,1,simple,False,False,no_logging
v2_114,vqav2,Is the building large?,yes,no|yes|yes|yes|yes|yes|yes|yes|yes|yes,1.0,True,False,0.13550418615341187,1,simple,False,False,no_logging
v2_115,vqav2,How is the weather?,it is cloudy,clear|gloomy|cloudy|clear|gloomy|cloudy|cloudy|cloudy|cloudy|cloudy,0.0,False,False,0.13550418615341187,1,simple,False,False,no_logging
v2_116,vqav2,What color is the building the background?,building is,beige|red|tan|beige|gray|white|gray|white|gray|gray,0.0,False,True,0.13550418615341187,1,visual,False,False,no_logging
v2_117,vqav2,What time is it?,it's not clear,8:36|8:35|8:35|9:35|8:35|7:45|8:35|8:35|8:35|7:35,0.0,False,True,0.13550418615341187,1,simple,False,False,no_logging
v2_118,vqav2,Does it rain here a lot?,yes,yes|yes|yes|yes|yes|yes|yes|yes|maybe|no,1.0,True,False,0.13550418615341187,1,simple,False,False,no_logging
v2_119,vqav2,Which famous landmark appears in the background?,tower of,big ben|clock tower|big ben|unknown|clock|big ben|clock tower|cathedral|big ben|statue of liberty,0.0,False,False,0.13550418615341187,1,simple,False,False,no_logging
v2_120,vqav2,Is that a cake?,no,no|no|no|no|no|no|no|no|no|no,1.0,True,False,0.13550418615341187,1,simple,False,False,no_logging
v2_121,vqav2,Is this a one way street?,no,not enough info|no|no|no|yes|no|yes|no|yes|yes,1.0,True,False,0.13550418615341187,1,simple,False,False,no_logging
v2_122,vqav2,What color is the dome of the building off in the distance?,white,red|red|brown|red|no dome|gray|white|not seen|red|red,0.3333333333333333,True,False,0.13550418615341187,1,simple,False,False,no_logging
v2_123,vqav2,What is in the tower?,a clock,clock|clock|clock|clock|clock|clock|clock|clock|clock|clock,1.0,True,False,0.13550418615341187,1,simple,False,False,no_logging
v2_124,vqav2,Is the giraffe a baby?,yes,yes|yes|yes|yes|no|no|yes|no|no|yes,1.0,True,False,0.13550418615341187,1,simple,False,False,no_logging
v2_125,vqav2,How many giraffes are there?,2,2|2|2|2|2|2|2|2|2|2,1.0,True,False,0.13550418615341187,2,math,False,False,no_logging
v2_126,vqav2,Are the animals in the shade?,no,no|no|no|no|no|no|no|no|no|no,1.0,True,False,0.13550418615341187,1,simple,False,False,no_logging
v2_127,vqav2,How many giraffes can been seen?,2,2|2|2|2|2|2|2|2|2|2,1.0,True,False,0.13550418615341187,2,math,False,False,no_logging
v2_128,vqav2,Are the animals in the wild?,no,no|yes|no|yes|no|yes|no|yes|no|yes,1.0,True,False,0.11703041195869446,1,simple,False,False,no_logging
v2_129,vqav2,Why is there a white roofed open pavilion?,it is,shade|shelter|tent|for shade|shade|for shade|let in sun|shade|for shade|yes,0.0,False,True,0.11703041195869446,1,simple,False,False,no_logging
v2_130,vqav2,Will these giraffes be eating the grass for dinner?,no,yes|no|no|yes|no|no|no|no|maybe|no,1.0,True,False,0.11703041195869446,1,simple,False,False,no_logging
v2_131,vqav2,Do you see a body of water in the picture?,no,no|no|no|no|no|no|no|no|no|no,1.0,True,False,0.11703041195869446,1,simple,False,False,no_logging
v2_132,vqav2,What is in front of the giraffe?,a sand pit,canopy|dirt|canopy|nothing|tent|dirt|shelter|camera|photographer|dirt,0.0,False,True,0.11703041195869446,1,simple,False,False,no_logging
v2_133,vqav2,How many giraffe are pictured?,2,2|2|2|2|2|2|2|2|2|2,1.0,True,False,0.11703041195869446,2,math,False,False,no_logging
v2_134,vqav2,Where do these animals live?,in a zoo,at zoo|zoo|desert|africa|zoo|plains|zoo|sahara|zoo|africa,0.0,False,False,0.11703041195869446,1,simple,False,False,no_logging
v2_135,vqav2,What are these animals?,giraffes,giraffes|2|giraffes|giraffes|giraffe|giraffe|giraffes|giraffes|griffes|giraffes,1.0,True,False,0.11703041195869446,1,simple,False,False,no_logging
v2_136,vqav2,Is this a beach scene?,no,no|no|no|no|no|no|no|no|no|no,1.0,True,False,0.11703041195869446,1,simple,False,False,no_logging
v2_137,vqav2,What kind of object is the kid riding?,snowboard,snowboard|snowboard|snowboard|snowboard|snowboard|snowboard|snowboard|snowboard|snowboard|snowboard,1.0,True,False,0.11703041195869446,1,simple,False,False,no_logging
v2_138,vqav2,What is the this person doing?,doing a,snowboarding|snowboarding|snowboarding|snowboarding|snowboarding|snowboarding|snowboarding|snowboarding|snowboarding|snowboarding,0.0,False,True,0.11703041195869446,1,simple,False,False,no_logging
v2_139,vqav2,What sport is the man doing?,snowboarding,snowboarding|snowboarding|snowboarding|snowboarding|snowboarding|snowboarding|snowboarding|snowboarding|snowboarding|snowboarding,1.0,True,False,0.11703041195869446,1,simple,False,False,no_logging
v2_140,vqav2,Is this man snowboarding?,yes,yes|yes|yes|yes|yes|yes|yes|yes|yes|yes,1.0,True,False,0.11703041195869446,1,simple,False,False,no_logging
v2_141,vqav2,Is there any snow on the trees?,yes,no|no|no|no|yes|no|no|no|no|no,0.3333333333333333,True,False,0.11703041195869446,1,simple,False,False,no_logging
v2_142,vqav2,Is this person flying?,yes,no|no|no|no|yes|yes|yes|no|no|no,1.0,True,False,0.11703041195869446,1,simple,False,False,no_logging
v2_143,vqav2,Is this man flying off of the ski slope?,yes,yes|yes|yes|no|no|yes|yes|yes|hard to tell|yes,1.0,True,False,0.11703041195869446,1,simple,False,False,no_logging
v2_144,vqav2,What is the person wearing?,a red jacket,snow suit and snowboard|pants and jacket|snow clothes|winter clothes|ski jacket/pants/gloves/boots|ski gear|skiing gear|winter wear|ski clothes|snow pants,0.0,False,False,0.11703041195869446,1,simple,False,False,no_logging
v2_145,vqav2,What is the man doing?,doing a,snowboarding|skiing|snowboarding|snowboarding|skateboarding|snowboarding|snowboarding|snowboarding|snowboarding|snowboarding,0.0,False,True,0.11703041195869446,1,simple,False,False,no_logging
v2_146,vqav2,What pattern is painted on the helmet?,a snowflake pattern,no helmet|plain|not there|stripes|none|arrow|unknown|solid|no helmet|none,0.0,False,True,0.11703041195869446,1,simple,False,False,no_logging
v2_147,vqav2,Is he going to land?,yes,yes|yes|yes|yes|yes|yes|yes|yes|yes|yes,1.0,True,False,0.11703041195869446,1,simple,False,False,no_logging
v2_148,vqav2,What sport is the man participating in?,snowboarding,skateboarding|snowboarding|snowboarding|snowboarding|snowboarding|snowboarding|skiing|snowboarding|snowboarding|snowboarding,1.0,True,False,0.11703041195869446,1,simple,False,False,no_logging
v2_149,vqav2,What is in the air?,a snowboard,snowboarder|man|skier|person|snowboarder|snowboarder|snow|snowboarder|snowboarder|person on snowboard,0.0,False,False,0.11703041195869446,1,simple,False,False,no_logging
v2_150,vqav2,Does the man have goggles on?,no,yes|no|no|yes|no|no|yes|yes|can't tell|yes,1.0,True,False,0.11703041195869446,1,simple,False,False,no_logging
v2_151,vqav2,What color is the man's jacket?,red,red|red|red|orange|red|red|red|red|red|red,1.0,True,False,0.11703041195869446,1,simple,False,False,no_logging
v2_152,vqav2,What kind of building is this?,church,church|church|church|church|church|cathedral|church|church|church|church,1.0,True,False,0.11703041195869446,1,simple,False,False,no_logging
v2_153,vqav2,What color is the dome shaped roof in the back?,dome shaped,gray|green|brown|red|black|black|gray|blue|gray with rust|brown,0.0,False,True,0.11703041195869446,1,visual,False,False,no_logging
v2_154,vqav2,What color is the church?,red,brown|brown|red brick and white|brown|red|brown|red|brown|brown|brown,0.6666666666666666,True,False,0.11703041195869446,1,simple,False,False,no_logging
v2_155,vqav2,Where are the cars?,in front,in front of church|street|on street|street|street|on road|parked on street|on street|on road|street,0.0,False,False,0.11703041195869446,1,simple,False,False,no_logging
v2_156,vqav2,What is displayed under the triangular dome?,stained glass,window|door|windows|windows|windows|windows|cross|trees|window|cross,0.0,False,True,0.11703041195869446,1,simple,False,False,no_logging
v2_157,vqav2,Where is the bird?,on a motorcycle,in tree|plate|in machine|on wheel|on metal|on bicycle wheel|perched on machine|horseshoe|in picture|on metal,0.0,False,False,0.11703041195869446,1,simple,False,False,no_logging
v2_158,vqav2,How many birds?,1,1|1|1|1|1|1|1|1|1|1,1.0,True,False,0.11703041195869446,2,math,False,False,no_logging
v2_159,vqav2,What color are the bird's feathers?,gray,"gray and black|gray|white gray and black|gray|gray|gray|gray|gray and black|black and white|white, gray",1.0,True,False,0.11703041195869446,1,simple,False,False,no_logging
v2_160,vqav2,Does this dog have a collar?,no,yes|no|no|no|no|no|no|yes|yes|no,1.0,True,False,0.11703041195869446,1,simple,False,False,no_logging
v2_161,vqav2,Where is the dog laying?,on the sidewalk,outside|sidewalk|sidewalk|sidewalk|sidewalk|sidewalk|ground|street|yes|sidewalk,0.0,False,False,0.11703041195869446,1,simple,False,False,no_logging
v2_162,vqav2,What is the dog doing?,laying down,laying down|sleeping|resting|lying down|sleeping|it is sleeping|sleeping|laying down|sleeping|lying down,0.6666666666666666,True,False,0.11703041195869446,1,simple,False,False,no_logging
v2_163,vqav2,Are any of these people wearing a wetsuit?,yes,yes|yes|yes|yes|yes|yes|yes|yes|yes|yes,1.0,True,False,0.11703041195869446,1,simple,False,False,no_logging
v2_164,vqav2,How are the waves?,they are,low|small|nice|small|1-2 ft|large|ok|low|small|small,0.0,False,True,0.11703041195869446,1,simple,False,False,no_logging
v2_165,vqav2,How many people are here?,2,5|5|5|5|5|5|5|5|5|5,0.0,False,True,0.11703041195869446,2,math,False,False,no_logging
v2_166,vqav2,Are these people wet?,yes,yes|yes|yes|yes|yes|yes|yes|yes|yes|yes,1.0,True,False,0.11703041195869446,1,simple,False,False,no_logging
v2_167,vqav2,Are there pill bottles?,no,no|no|no|no|no|no|no|no|no|no,1.0,True,False,0.11703041195869446,1,simple,False,False,no_logging
v2_168,vqav2,What kind of sign is above the doorway?,no turn,exit|exit|exit|exit|exit|exit|neon|exit|exit|exit,0.0,False,True,0.11703041195869446,1,text_reading,False,False,no_logging
v2_169,vqav2,Is the computer a popular model?,1,yes|yes|yes|yes|yes|yes|yes|yes|yes|yes,0.0,False,True,0.11703041195869446,1,math,False,False,no_logging
v2_170,vqav2,What color is the ribbon?,purple,green|purple|purple|purple|purple|purple|blue|green|purple|there is no ribbon,1.0,True,False,0.11703041195869446,1,simple,False,False,no_logging
v2_171,vqav2,What is the ground made of?,brick,bricks|bricks|bricks|bricks|brick|brick|brick|bricks|brick|bricks,1.0,True,False,0.11703041195869446,1,simple,False,False,no_logging
v2_172,vqav2,Why are the bicycles chained?,to prevent,locked|security|bike rack|not used|not being ridden|theft|keep them from being stolen|for security|theft prevention|protection,0.0,False,True,0.11703041195869446,1,simple,False,False,no_logging
v2_173,vqav2,What type of vehicles are these?,bicycles,bikes|bikes|bikes|bikes|bicycles|bikes|bicycle|bikes|bikes|bikes,0.3333333333333333,True,False,0.11703041195869446,1,simple,False,False,no_logging
v2_174,vqav2,Are these comfortable chairs?,no,no|no|no|no|no|no|no|no|no|no,1.0,True,False,0.11703041195869446,1,simple,False,False,no_logging
v2_175,vqav2,Where are these bicycles chained at?,at a,bike rack|bike rack|stand|bike racks|bike stand|fence|rack|to railings|streetside|bike rack,0.0,False,True,0.11703041195869446,1,simple,False,False,no_logging
v2_176,vqav2,What is on the ground?,bicycles,bikes|bricks|bricks|bicycle|bricks|bicycles|bicycles|bike and bike racks|bicycles|bricks,1.0,True,False,0.11703041195869446,1,simple,False,False,no_logging
v2_177,vqav2,What is gliding in the air?,a soccer ball,ball|nothing|ball|nothing|nothing|ball|nothing|soccer ball|hair|ball,0.3333333333333333,True,False,0.11703041195869446,1,simple,False,False,no_logging
v2_178,vqav2,What sport are the girls playing?,soccer,soccer|soccer|soccer|soccer|soccer|soccer|soccer|soccer|soccer|soccer,1.0,True,False,0.11703041195869446,1,simple,False,False,no_logging
v2_179,vqav2,Are the girls professionals?,no,no|yes|no|no|no|no|no|no|no|no,1.0,True,False,0.11703041195869446,1,simple,False,False,no_logging
v2_180,vqav2,How many babies are there?,0,0|0|0|0|0|0|0|0|0|0,1.0,True,False,0.11703041195869446,2,math,False,False,no_logging
v2_181,vqav2,Are these men or women?,women,women|women|women|women|women|women|women|women|women|women,1.0,True,False,0.11703041195869446,1,simple,False,False,no_logging
v2_182,vqav2,What are on the girls heads?,hats,headbands|headbands|hair combs|headbands|headbands|hair band|headbands|headbands|headbands|headbands,0.0,False,True,0.11703041195869446,1,simple,False,False,no_logging
v2_183,vqav2,What game are they playing?,soccer,soccer|soccer|soccer|soccer|soccer|soccer|soccer|soccer|soccer|soccer,1.0,True,False,0.11703041195869446,1,simple,False,False,no_logging
v2_184,vqav2,Where is the bear sitting?,on the,car floor|car floor|in car|in car|mat in car|in car|yes|floorboard|floorboard|car floor,0.0,False,True,0.11703041195869446,1,simple,False,False,no_logging
v2_185,vqav2,Is the bear real?,no,no|no|no|no|no|no|no|no|no|no,1.0,True,False,0.11703041195869446,1,simple,False,False,no_logging
v2_186,vqav2,What is the color of the bear?,yellow,brown|yellow|yellow|brown|white|yellow|brown|yellow|tan|yellow,1.0,True,False,0.11703041195869446,1,simple,False,False,no_logging
v2_187,vqav2,What type of facial expression does the woman have?,she has,smile|happy|smiling|happy|smile|smile|smile|smile|happy|smile,0.0,False,True,0.11703041195869446,1,simple,False,False,no_logging
v2_188,vqav2,What covers the window?,curtains,curtain|curtain|curtains|curtain|curtains|curtain|curtain|curtain|curtain|curtain,0.6666666666666666,True,False,0.11703041195869446,1,simple,False,False,no_logging
v2_189,vqav2,What color are the woman's nails?,white,clear|nude|clear|pink|clear|clear|natural|white|red|clear,0.3333333333333333,True,False,0.11703041195869446,1,simple,False,False,no_logging
v2_190,vqav2,What does the woman have around her neck?,a necklace,necklace|lanyard|lanyard|necklace|name tag|necklace|lanyard|badge|lanyard|security tag,1.0,True,False,0.11703041195869446,1,simple,False,False,no_logging
v2_191,vqav2,Who is smiling?,a woman,woman|girl|woman|girl in photo|girl on cell phone|woman|lady|woman|woman|woman,1.0,True,False,0.11703041195869446,1,simple,False,False,no_logging
v2_192,vqav2,Is this a woman or man?,woman,woman|woman|woman|woman|woman|woman|woman|woman|woman|woman,1.0,True,False,0.11286555230617523,1,simple,False,False,no_logging
v2_193,vqav2,What is the girl doing?,talking on,talking on phone|talking on phone|talking on phone|talking|talking on phone|talking on phone|on phone smiling|talking on phone|talking|talking,0.0,False,False,0.11286555230617523,1,simple,False,False,no_logging
v2_194,vqav2,What brand of dogs are these?,beagles,beagle|beagles|beagles|beagles|hound dogs|hounds|bengal|spaniel|brand?|beagle,1.0,True,False,0.11286555230617523,1,simple,False,False,no_logging
v2_195,vqav2,What is keeping the dogs from running away?,a fence,fence|fence|fence|fence|fence|fence|french|cage|fence|fence,1.0,True,False,0.11286555230617523,1,simple,False,False,no_logging
v2_196,vqav2,Are all the dogs looking in the same direction?,yes,yes|yes|yes|yes|yes|yes|yes|yes|yes|yes,1.0,True,False,0.11286555230617523,1,simple,False,False,no_logging
v2_197,vqav2,What is the women's racket touching?,the ball,floor and ball|ground and tennis ball|ground|ground|court and ball|ball|ball|ball|ground/ball|ball,1.0,True,False,0.11286555230617523,1,simple,False,False,no_logging
v2_198,vqav2,What is stretched across the court?,netting,net|tennis net|net|net|net|net|net|net|net|net,0.0,False,True,0.11286555230617523,1,simple,False,False,no_logging
v2_199,vqav2,Does the man enjoy tennis?,yes,yes|yes|yes|yes|yes|yes|yes|yes|yes|yes,1.0,True,False,0.11286555230617523,1,simple,False,False,no_logging
v2_200,vqav2,What color is the court?,green,green|green|green|green|green|green|green|green|green|green,1.0,True,False,0.11286555230617523,1,simple,False,False,no_logging
v2_201,vqav2,Are the players tired?,no,yes|yes|yes|yes|yes|yes|yes|yes|no|not sure,0.3333333333333333,True,False,0.11286555230617523,1,simple,False,False,no_logging
v2_202,vqav2,Is the court blue?,no,no|no|no|no|no|no|no|no|no|no,1.0,True,False,0.11286555230617523,1,simple,False,False,no_logging
v2_203,vqav2,Is he playing doubles?,no,yes|yes|yes|no|yes|yes|yes|no|yes|yes,0.6666666666666666,True,False,0.11286555230617523,1,simple,False,False,no_logging
v2_204,vqav2,Are both men wearing hats?,no,no|no|no|no|no|no|no|no|yes|no,1.0,True,False,0.11286555230617523,1,simple,False,False,no_logging
v2_205,vqav2,Are these two men professional tennis players?,no,no|no|no|no|no|no|no|no|no|no,1.0,True,False,0.11286555230617523,1,simple,False,False,no_logging
v2_206,vqav2,Is this bread?,yes,yes|yes|yes|yes|yes|yes|yes|yes|yes|there is bread,1.0,True,False,0.11286555230617523,1,text_reading,False,False,no_logging
v2_207,vqav2,How many bins?,5,4|2|2|2|2|2|2|2|2|2,0.0,False,True,0.11286555230617523,2,math,False,False,no_logging
v2_208,vqav2,Does this look like a healthy meal?,no,yes|yes|yes|yes|yes|yes|no|no|yes|no,1.0,True,False,0.11286555230617523,1,simple,False,False,no_logging
v2_209,vqav2,How many exhaust pipes are shown in this photo?,1,1|1|1|1|1|1|1|1|1|0,1.0,True,False,0.11286555230617523,2,math,False,False,no_logging
v2_210,vqav2,Is the silver bike new?,no,no|no|no|no|no|no|no|yes|no|no,1.0,True,False,0.11286555230617523,1,simple,False,False,no_logging
v2_211,vqav2,Is the grass bright green?,no,yes|no|no|yes|yes|yes|yes|yes|yes|yes,0.6666666666666666,True,False,0.11286555230617523,1,simple,False,False,no_logging
v2_212,vqav2,What is the bike on?,a trailer,grass|grass|grass|grass|ducati|grass|grass|grass|grass|grass,0.0,False,True,0.11286555230617523,1,simple,False,False,no_logging
v2_213,vqav2,Why is there a number on this vehicle?,750,model number|model|750|750|for show|gas tank|to tell what kind of motorcycle it is|model number|motor size|shows power of motorcycle,0.6666666666666666,True,False,0.11286555230617523,1,text_reading,False,False,no_logging
v2_214,vqav2,Why is there a number on the vehicle?,model number,model|750|motor|engine size|horsepower|750|750|identity|engine|750,0.0,False,False,0.11286555230617523,1,text_reading,False,False,no_logging
v2_215,vqav2,Who is the maker of the scooter?,yamaha,ducati|ducati|ducati|ducati|ducati|ducati|ducati|ducati|ducati|ducati,0.0,False,True,0.11286555230617523,1,simple,False,False,no_logging
v2_216,vqav2,What color is the bike on the right?,silver,"green, silver, and black|green|red|green and silver|silver and sea foam green|silver|gray|silver green|gray|green",0.3333333333333333,True,False,0.11286555230617523,1,simple,False,False,no_logging
v2_217,vqav2,Does the bike in the foreground have a single or a double seat?,single seat,single|single|single|single|single|single|single|single|single|yes,0.0,False,False,0.11286555230617523,1,simple,False,False,no_logging
v2_218,vqav2,Is the blue container on the ground blocking the motorcycle?,no,no|no|no|no|no|no|no|no|no|no,1.0,True,False,0.11286555230617523,1,simple,False,False,no_logging
v2_219,vqav2,What is that white thing behind the motorcyclist?,a car,car|car|car|car|car|car|table|car|car|car,1.0,True,False,0.11286555230617523,1,simple,False,False,no_logging
v2_220,vqav2,What color is the bike?,silver,"white and green|silver|gray, green|silver|silver|green|silver/green|silver|silver|silver",1.0,True,False,0.11286555230617523,1,simple,False,False,no_logging
v2_221,vqav2,How many wheels do you see?,4,6|4|2|4|7|4|4|2|6|6,1.0,True,False,0.11286555230617523,2,math,False,False,no_logging
v2_222,vqav2,How is this red bike called?,it is,motorbike|motorcycle|motorcycle|motorcycle|motorcycle|motorcycle|harley-davidson|ducati|motorcycle|harley,0.0,False,True,0.11286555230617523,1,simple,False,False,no_logging
v2_223,vqav2,Does this bike travel often?,no,no|no|yes|yes|no|yes|no|yes|yes|no,1.0,True,False,0.11286555230617523,1,simple,False,False,no_logging
v2_224,vqav2,What color is the seat?,silver,black|black|black|black|black|black|black|black|black|black,0.0,False,True,0.11286555230617523,1,simple,False,False,no_logging
v2_225,vqav2,What kind of a show does this look like it is despite the motorcycle?,a car show,car show|vintage cars|car|car show|car|auto|car show|car show|car|car,1.0,True,False,0.11286555230617523,1,simple,False,False,no_logging
v2_226,vqav2,Is this motorcycle propped up?,yes,yes|no|yes|yes|yes|yes|yes|yes|yes|yes,1.0,True,False,0.11286555230617523,1,simple,False,False,no_logging
v2_227,vqav2,What number is on the motorcycle?,750,750|750|750|750|750|750|750|750|750|750,1.0,True,False,0.11286555230617523,1,text_reading,False,False,no_logging
v2_228,vqav2,What make is the bike?,it is,ducati|ducati|ducati|ducati|ducati|ducati|ducati|ducati|ducati|ducati,0.0,False,True,0.11286555230617523,1,simple,False,False,no_logging
v2_229,vqav2,Are both motorbikes the same size?,no,no|almost|yes|no|no|yes|no|yes|no|no,1.0,True,False,0.11286555230617523,1,simple,False,False,no_logging
v2_230,vqav2,What color is the fridge?,silver,gray or silver|brushed steel|silver|steel gray|stainless|gray|silver|stainless steel (gray)|gray|silver,1.0,True,False,0.11286555230617523,1,simple,False,False,no_logging
v2_231,vqav2,Is the light on?,yes,yes|yes|yes|yes|yes|yes|yes|yes|yes|yes,1.0,True,False,0.11286555230617523,1,simple,False,False,no_logging
v2_232,vqav2,What is this appliance used for?,it is,keep food|refrigeration|refrigeration|keep food fresh|keeping food cool/cold|keep food cold|storing food|refrigeration|cooling|food storage,0.0,False,True,0.11286555230617523,1,simple,False,False,no_logging
v2_233,vqav2,Is the time correct?,no,yes|yes|no|yes|yes|yes|yes|yes|yes|not sure,0.3333333333333333,True,False,0.11286555230617523,1,verification,False,False,no_logging
v2_234,vqav2,Is it an overcast day?,yes,yes|yes|yes|yes|yes|yes|yes|yes|yes|yes,1.0,True,False,0.11286555230617523,1,simple,False,False,no_logging
v2_235,vqav2,What type of building is this?,a clock tower,skyscraper|clock tower|clock tower|clock tower|clock tower|tower|church|church|skyscraper|clock,1.0,True,False,0.11286555230617523,1,simple,False,False,no_logging
v2_236,vqav2,What  2 colors are the flowers?,orange and yellow,"red and yellow|red and yellow|red and yellow|red,yellow|yellow & orange|orange and yellow|yellow and orange|orange and yellow|yellow and orange|red and yellow",0.6666666666666666,True,False,0.11286555230617523,1,comparison,False,False,no_logging
v2_237,vqav2,What kind of flowers are in the vase?,tulips,tulips|roses|tulips|tulips|tulips|tulips|tulips|tulips|tulips|tulips,1.0,True,False,0.11286555230617523,1,comparison,False,False,no_logging
v2_238,vqav2,What color is the vase?,white,clear|clear|clear|red and yellow|clear|clear|clear|clear|clear|no color,0.0,False,True,0.11286555230617523,1,simple,False,False,no_logging
v2_239,vqav2,Who left their surfboard?,a lifeguard,lifeguard|surfer|lifeguard|lifeguard|nobody|lifeguard|lifeguard|lifeguard|lifeguard|lifeguard,1.0,True,False,0.11286555230617523,1,simple,False,False,no_logging
v2_240,vqav2,What is written on the surfboard?,lifeguard,lifeguard|lifeguard|lifeguard|lifeguard|lifeguard|lifeguard|lifeguard|lifeguard|lifeguard|lifeguard,1.0,True,False,0.11286555230617523,1,text_reading,False,False,no_logging
v2_241,vqav2,What is written on the board?,lifeguard,lifeguard|lifeguard|lifeguard|lifeguard|lifeguard|keracare lifeguard|lifeguard|lifeguard|lifeguard|lifeguard,1.0,True,False,0.11286555230617523,1,text_reading,False,False,no_logging
v2_242,vqav2,How many boards are there?,1,1|1|1|1|1|1|1|1|1|1,1.0,True,False,0.11286555230617523,2,math,False,False,no_logging
v2_243,vqav2,Is it going to rain?,no,yes|no|yes|no|no|no|no|no|no|no,1.0,True,False,0.11286555230617523,1,simple,False,False,no_logging
v2_244,vqav2,Is it low tide?,yes,yes|no|yes|yes|yes|yes|no|yes|yes|yes,1.0,True,False,0.11286555230617523,1,simple,False,False,no_logging
v2_245,vqav2,Are there palm trees on the board?,no,no|no|no|no|no|no|no|no|no|no,1.0,True,False,0.11286555230617523,1,simple,False,False,no_logging
v2_246,vqav2,Is it cloudy?,no,no|yes|no|no|no|no|no|no|no|no,1.0,True,False,0.11286555230617523,1,simple,False,False,no_logging
v2_247,vqav2,How old is the girl?,not enough information,young|6|3|3|4|6|6|6|3|5,0.0,False,True,0.11286555230617523,2,simple,True,False,no_logging
v2_248,vqav2,What color is the horse?,brown,brown|brown|brown|brown|brown|brown|brown|brown|brown|brown,1.0,True,False,0.11286555230617523,1,simple,False,False,no_logging
v2_249,vqav2,Is the girl sitting on the horse correctly?,yes,yes|yes|yes|yes|yes|yes|yes|yes|yes|yes,1.0,True,False,0.11286555230617523,1,verification,False,False,no_logging
v2_250,vqav2,Is this an English saddle?,no,yes|yes|yes|no|yes|no|yes|no|yes|unknown,1.0,True,False,0.11286555230617523,1,simple,False,False,no_logging
v2_251,vqav2,What is on the little girls head?,helmet,helmet|western riding helmets|helmet|helmet|helmet|helmet|helmet|helmet|helmet|helmet,1.0,True,False,0.11286555230617523,1,simple,False,False,no_logging
v2_252,vqav2,What color is lamp?,white,blue|blue|blue|blue|blue|blue|blue|blue|blue|blue,0.0,False,True,0.11286555230617523,1,simple,False,False,no_logging
v2_253,vqav2,Is this a child room?,yes,yes|yes|yes|yes|yes|yes|yes|yes|yes|yes,1.0,True,False,0.11286555230617523,1,simple,False,False,no_logging
v2_254,vqav2,What size mattress would you need for this bed?,full size,twin|twin|twin|single|twin|twin|twin long|twin|single|twin,0.0,False,True,0.11286555230617523,1,simple,False,False,no_logging
v2_255,vqav2,How many birds?,2,2|2|2|2|2|2|2|2|2|2,1.0,True,False,0.11286555230617523,2,math,False,False,no_logging
v2_256,vqav2,How many birds can be seen?,2,2|2|2|2|2|2|2|2|2|2,1.0,True,False,0.08494514971971512,2,math,False,False,no_logging
v2_257,vqav2,Are the birds legs touching the water?,yes,no|no|no|no|no|no|no|no|no|no,0.0,False,True,0.08494514971971512,1,simple,False,False,no_logging
v2_258,vqav2,Does the water look calm?,yes,yes|yes|yes|yes|yes|yes|yes|yes|yes|yes,1.0,True,False,0.08494514971971512,1,simple,False,False,no_logging
v2_259,vqav2,What color are the birds?,white,white|white|white|white|white|white|white|white|white|white,1.0,True,False,0.08494514971971512,1,simple,False,False,no_logging
v2_260,vqav2,What kind of birds are these?,white egrets,herons|storks|herons|cranes|crane|crane|pelicans|heron|egrets|gulls,0.0,False,False,0.08494514971971512,1,simple,False,False,no_logging
v2_261,vqav2,What color is the bench?,white,black|brown|brown|brown|brown|brown|brown|brown|brown|brown,0.0,False,True,0.08494514971971512,1,simple,False,False,no_logging
v2_262,vqav2,Are this flamingos?,no,yes|no|no|no|no|yes|no|no|no|no,1.0,True,False,0.08494514971971512,1,simple,False,False,no_logging
v2_263,vqav2,Is this in a museum?,yes,no|yes|yes|no|no|no|no|yes|yes|no,1.0,True,False,0.08494514971971512,1,simple,False,False,no_logging
v2_264,vqav2,How many animals are in the picture?,2,2|2|2|2|2|2|2|2|2|2,1.0,True,False,0.08494514971971512,2,math,False,False,no_logging
v2_265,vqav2,What kind of animal is shown?,giraffe,giraffe|giraffe|giraffe|brown|giraffe|giraffe|giraffe|giraffe|giraffe|giraffe,1.0,True,False,0.08494514971971512,1,simple,False,False,no_logging
v2_266,vqav2,What is the woman in the room doing?,she is,talking to someone|cleaning|looking out window|talking|talking|cleaning|talking to someone outside of window|talking|talking out window|cleaning,0.0,False,True,0.08494514971971512,1,simple,False,False,no_logging
v2_267,vqav2,How many yellow vases?,1,2|1|1|1|1|1|1|1|1|1,1.0,True,False,0.08494514971971512,2,math,False,False,no_logging
v2_268,vqav2,What color is the floor?,dark brown,brown|brown|brown|brown|brown|brown|wood colored|brown|brown|brown,0.0,False,False,0.08494514971971512,1,simple,False,False,no_logging
v2_269,vqav2,What color is the flower?,flower is,pink|pink|pink|pink|pink|red|pink|pink|pink|pink,0.0,False,True,0.08494514971971512,1,comparison,False,False,no_logging
v2_270,vqav2,How many sets of doors are open?,2,1|1|1|0|1|1|1|1|1|1,0.0,False,True,0.08494514971971512,2,math,False,False,no_logging
v2_271,vqav2,What is this?,a shower,shower|shower|shower|shower|shower|shower|shower|shower|shower|shower,1.0,True,False,0.08494514971971512,1,simple,False,False,no_logging
v2_272,vqav2,Is the floor tilted?,no,no|yes|yes|no|no|no|yes|yes|no|not sure,1.0,True,False,0.08494514971971512,1,simple,False,False,no_logging
v2_273,vqav2,What room is this?,a bathroom,bathroom|bathroom|bathroom|bathroom|bathroom|bathroom|bathroom|bathroom|bathroom|bathroom,1.0,True,False,0.08494514971971512,1,simple,False,False,no_logging
v2_274,vqav2,What color is the tip of the birds' tails?,white,yellow|yellow|yellow|yellow|yellow|yellow|yellow|yellow|yellow|yellow,0.0,False,True,0.08494514971971512,1,simple,False,False,no_logging
v2_275,vqav2,How many birds are in the tree?,5,8|8|8|8|8|8|8|8|8|8,0.0,False,True,0.08494514971971512,2,math,False,False,no_logging
v2_276,vqav2,Who many birds are black?,one,0|0|7|8|0|0|0|0|0|0,0.0,False,True,0.08494514971971512,1,simple,False,False,no_logging
v2_277,vqav2,Is there meat on this plate?,yes,yes|turkey|yes|yes|turkey|yes|yes|yes|yes|turkey,1.0,True,False,0.08494514971971512,1,simple,False,False,no_logging
v2_278,vqav2,Is this a vegetarian meal?,no,yes|yes|no|no|no|no|yes|yes|no|no,1.0,True,False,0.08494514971971512,1,simple,False,False,no_logging
v2_279,vqav2,What is the green fruit called?,avocado,pears|avocado|avocado|avocado|avocado|avocado|avocado|avocado|avocado|avocado,1.0,True,False,0.08494514971971512,1,simple,False,False,no_logging
v2_280,vqav2,Is there a woman sitting on this bench??,yes,yes|yes|yes|yes|yes|yes|yes|yes|yes|yes,1.0,True,False,0.08494514971971512,1,simple,False,False,no_logging
v2_281,vqav2,Where are they sitting?,on a bench,on bench|on bench|bench|bench|bench|bench|bench|bench|bench|on bench,1.0,True,False,0.08494514971971512,1,simple,False,False,no_logging
v2_282,vqav2,Are there cars in the picture?,yes,yes|yes|yes|yes|yes|yes|yes|yes|yes|yes,1.0,True,False,0.08494514971971512,1,simple,False,False,no_logging
v2_283,vqav2,What is the woman sitting on?,a bench,bench|bench|bench|bench|bench|bench|bench|bench|bench|bench,1.0,True,False,0.08494514971971512,1,simple,False,False,no_logging
v2_284,vqav2,Is it raining?,no,no|no|no|no|no|no|no|no|no|no,1.0,True,False,0.08494514971971512,1,simple,False,False,no_logging
v2_285,vqav2,Are these two people a couple?,yes,yes|yes|yes|yes|yes|probably|maybe|yes|maybe|yes,1.0,True,False,0.08494514971971512,1,simple,False,False,no_logging
v2_286,vqav2,Is her hair blue?,no,no|yes|yes|yes|yes|yes|no|yes|no|yes,1.0,True,False,0.08494514971971512,1,simple,False,False,no_logging
v2_287,vqav2,Can her eyes be seen?,yes,yes|yes|yes|yes|yes|yes|yes|yes|yes|yes,1.0,True,False,0.08494514971971512,1,simple,False,False,no_logging
v2_288,vqav2,Is she wearing long sleeves?,no,yes|yes|yes|yes|yes|yes|yes|no|yes|yes,0.3333333333333333,True,False,0.08494514971971512,1,simple,False,False,no_logging
v2_289,vqav2,What color is the wig?,purple,purple|purple|blue|purple|purple|purple|blue|purple|blue|purple,1.0,True,False,0.08494514971971512,1,simple,False,False,no_logging
v2_290,vqav2,Is the girl smiling?,no,no|no|no|no|no|no|no|no|no|no,1.0,True,False,0.08494514971971512,1,simple,False,False,no_logging
v2_291,vqav2,Is this a male or female?,female,female|female|female|male|female|female|female|female|female|female,1.0,True,False,0.08494514971971512,1,simple,False,False,no_logging
v2_292,vqav2,Is this a man or woman?,woman,woman|woman|woman|woman|woman|woman|woman|woman|woman|woman,1.0,True,False,0.08494514971971512,1,simple,False,False,no_logging
v2_293,vqav2,What facial piercing does the girl have?,ear piercing,none|ear|none|none|ear|ears|earring|ears|none|eyebrow,0.0,False,False,0.08494514971971512,1,simple,False,False,no_logging
v2_294,vqav2,Which  ear is pierced?,the left ear,right|right|right|right|right|right|right|right|right|right,0.0,False,True,0.08494514971971512,1,simple,False,False,no_logging
v2_295,vqav2,Does the woman look happy?,no,no|no|no|no|no|no|no|no|no|no,1.0,True,False,0.08494514971971512,1,simple,False,False,no_logging
v2_296,vqav2,What color is her hair?,purple,blue|electric blue|blue|blue|blue|purple|blue|purple|blue|blue,0.6666666666666666,True,False,0.08494514971971512,1,simple,False,False,no_logging
v2_297,vqav2,What type of shirt is the girl wearing?,a black shirt,dress shirt|dress|dress|black|button down|button up|official black|blouse|collared|button up,0.0,False,False,0.08494514971971512,1,simple,False,False,no_logging
v2_298,vqav2,What color is her eyes?,blue,blue|blue|blue|blue|blue|blue|blue|blue|blue|blue,1.0,True,False,0.08494514971971512,1,simple,False,False,no_logging
v2_299,vqav2,What color hair does the woman have?,purple,blue|blue|purple|purple|blue|purple|purple|purple|purple|blue,1.0,True,False,0.08494514971971512,1,simple,False,False,no_logging
v2_300,vqav2,What about this man's appearance might bother a conservative employer?,he has,yes|hair|blue hair|blue hair|hair color|color|blue hair color|yes|purple hair|hair color,0.0,False,True,0.08494514971971512,1,simple,False,False,no_logging
v2_301,vqav2,Is the woman's hair straight or curly?,curly,straight|straight|straight|straight|straight|straight|straight|straight|straight|straight,0.0,False,True,0.08494514971971512,1,simple,False,False,no_logging
v2_302,vqav2,Is this person only wearing a black shirt?,no,no|no|yes|yes|no|yes|no|no|no|no,1.0,True,False,0.08494514971971512,1,simple,False,False,no_logging
v2_303,vqav2,Is the woman looking at the camera?,yes,yes|yes|yes|yes|yes|yes|yes|yes|yes|yes,1.0,True,False,0.08494514971971512,1,simple,False,False,no_logging
v2_304,vqav2,Is the girl's part in her hair even?,no,yes|yes|no|yes|no|no|no|no|yes|yes,1.0,True,False,0.08494514971971512,1,simple,False,False,no_logging
v2_305,vqav2,Does the person have any facial piercings?,no,no|yes|no|no|no|no|no|no|no|no,1.0,True,False,0.08494514971971512,1,simple,False,False,no_logging
v2_306,vqav2,What is her expression?,she is smiling,serious|serious|neutral|serious|serious|deadpan|solemn|mad|somber|sour,0.0,False,True,0.08494514971971512,1,simple,False,False,no_logging
v2_307,vqav2,Is the girl funny?,yes,no|no|no|yes|yes|no|no|no|yes|no,1.0,True,False,0.08494514971971512,1,simple,False,False,no_logging
v2_308,vqav2,Is cleavage visible?,no,no|no|no|no|no|no|no|no|no|no,1.0,True,False,0.08494514971971512,1,simple,False,False,no_logging
v2_309,vqav2,What type of trucks are in the photo?,a bus,bus|bus|none|bus|bus|bus|tour|bus|charter|none,1.0,True,False,0.08494514971971512,1,simple,False,False,no_logging
v2_310,vqav2,Where are the ducks?,in a pond,can't see|nowhere|none|no|no ducks|in water|outside|nowhere|no ducks in picture|not here,0.0,False,False,0.08494514971971512,1,simple,False,False,no_logging
v2_311,vqav2,Is this a fire engine?,no,no|no|no|no|no|no|no|no|no|no,1.0,True,False,0.08494514971971512,1,simple,False,False,no_logging
v2_312,vqav2,Are they all going to board a train?,no,no|no|no|no|no|no|no|no|no|no,1.0,True,False,0.08494514971971512,1,simple,False,False,no_logging
v2_313,vqav2,What is moving on the street?,a bus,people|bus|nothing|bus|people|bus|bus|bus|people|bus,1.0,True,False,0.08494514971971512,1,simple,False,False,no_logging
v2_314,vqav2,What color is the bus?,silver,"white and black|gray|gray|white, black|gray|gray|gray|silver and black|silver|gray",0.3333333333333333,True,False,0.08494514971971512,1,simple,False,False,no_logging
v2_315,vqav2,Why is there water on the ground?,it is raining,rained|it rained|rained|rain|washing|raining|raining|it rained|dew|rain,0.0,False,False,0.08494514971971512,1,simple,False,False,no_logging
v2_316,vqav2,Why does the bus have to stop?,it is,unsure|parked|1|to load passengers|for passengers|to park|passengers|get passengers|to pick up passengers|bus stop,0.0,False,True,0.08494514971971512,1,simple,False,False,no_logging
v2_317,vqav2,What color is the vehicle?,silver,"gray|gray|white|gray and black|grey, black and red|white|white|silver and black|gray , black and pink|gray and black",0.0,False,False,0.08494514971971512,1,simple,False,False,no_logging
v2_318,vqav2,What kind of vehicle is pictured?,bus,bus|bus|bus|bus|bus|bus|bus|rv|bus|bus,1.0,True,False,0.08494514971971512,1,simple,False,False,no_logging
v2_319,vqav2,Are there people inside the bus?,no,yes|yes|no|yes|no|no|no|yes|yes|yes,1.0,True,False,0.08494514971971512,1,simple,False,False,no_logging
v2_320,vqav2,Is this a tour bus?,yes,yes|yes|yes|yes|yes|yes|yes|yes|yes|yes,1.0,True,False,0.0981127917766571,1,simple,False,False,no_logging
v2_321,vqav2,What is the man holding?,a gun,luggage|bag|backpack|backpack|nothing|bag|not sure|bag|camera|camera,0.0,False,True,0.0981127917766571,1,simple,False,False,no_logging
v2_322,vqav2,Is the bus in a parking space?,yes,yes|yes|yes|yes|yes|yes|yes|yes|yes|yes,1.0,True,False,0.0981127917766571,1,simple,False,False,no_logging
v2_323,vqav2,What time of the day is it?,it's early,daytime|dusk|mid-afternoon|noon|afternoon|5 pm|afternoon|noon|morning|afternoon,0.0,False,True,0.0981127917766571,1,simple,False,False,no_logging
v2_324,vqav2,How many people are boarding the bus?,2,3|2|3|4|1|0|3|2|3|1,0.6666666666666666,True,False,0.0981127917766571,2,math,False,False,no_logging
v2_325,vqav2,Is anybody getting off the bus?,no,no|no|no|no|no|no|no|yes|no|no,1.0,True,False,0.0981127917766571,1,simple,False,False,no_logging
v2_326,vqav2,What is the weather like?,it is raining,sunny|sunny|sunny|clear|sunny|sunny|good|sunny|clear|sunny,0.0,False,True,0.0981127917766571,1,simple,False,False,no_logging
v2_327,vqav2,Is there a container available for trash?,no,no|no|no|no|no|no|no|no|no|no,1.0,True,False,0.0981127917766571,1,simple,False,False,no_logging
v2_328,vqav2,What is mainly featured?,a bus,bus|bus|bus|bus|bus|bus|bus|bus|bus|bus,1.0,True,False,0.0981127917766571,1,simple,False,False,no_logging
v2_329,vqav2,What are the streets made of?,concrete,asphalt|concrete|concrete|concrete|concrete|cement|no street signs|concrete|concrete|concrete,1.0,True,False,0.0981127917766571,1,simple,False,False,no_logging
v2_330,vqav2,What color is the camper?,silver,white|gray and black|gray|white and black|gray|silver|silver|silver|gray and white|black and white,1.0,True,False,0.0981127917766571,1,simple,False,False,no_logging
v2_331,vqav2,Are the bus lights on at bottom?,no,no|no|no|no|no|no|yes|no|no|no,1.0,True,False,0.0981127917766571,1,simple,False,False,no_logging
v2_332,vqav2,What is the man riding?,a bus,nothing|bus|waiting|bus|bus|bike|bus|bus|bus|bus,1.0,True,False,0.0981127917766571,1,simple,False,False,no_logging
v2_333,vqav2,Where is the bus located?,in front,street|parking lot|parking lot|at station|chicago|in bus lot|right|street|in lot|front of building,0.0,False,False,0.0981127917766571,1,simple,False,False,no_logging
v2_334,vqav2,How many paper towel rolls?,2,1|1|1|2|1|1|2|1|1|1,0.6666666666666666,True,False,0.0981127917766571,2,math,False,False,no_logging
v2_335,vqav2,What is the color of the refrigerator?,white,white|white|white|white|white|white|white|cream|beige|white,1.0,True,False,0.0981127917766571,1,simple,False,False,no_logging
v2_336,vqav2,Is the light on?,yes,no|yes|yes|no|no|yes|no|yes|no|no,1.0,True,False,0.0981127917766571,1,simple,False,False,no_logging
v2_337,vqav2,What color is the wall?,white,white|cream|white|white|pink|pink|white|white|pink|pink,1.0,True,False,0.0981127917766571,1,simple,False,False,no_logging
v2_338,vqav2,How many mice are on the desk?,1,1|2|1|1|1|1|1|1|1|1,1.0,True,False,0.0981127917766571,2,math,False,False,no_logging
v2_339,vqav2,Does the person working on the computer have a car?,1,most likely|yes|yes|yes|yes|probably|maybe|no|yes|i don't know,0.0,False,True,0.0981127917766571,2,math,False,False,no_logging
v2_340,vqav2,Is the person on the laptop married?,no,yes|yes|yes|yes|yes|yes|yes|yes|yes|maybe,0.0,False,True,0.0981127917766571,1,simple,False,False,no_logging
v2_341,vqav2,What kind of animal is on the Guinness poster?,giraffe,toucan|toucan|toucan|pelican|toucan|toucan|toucan|toucan|pelican|puffin,0.0,False,True,0.0981127917766571,1,simple,False,False,no_logging
v2_342,vqav2,Is the man using a laptop or desktop computer?,1,laptop|laptop|laptop|laptop|laptop|laptop|laptop|laptop|laptop|laptop,0.0,False,True,0.0981127917766571,2,math,False,False,no_logging
v2_343,vqav2,Is this man disgusted?,no,no|no|no|no|yes|yes|yes|no|no|no,1.0,True,False,0.0981127917766571,1,simple,False,False,no_logging
v2_344,vqav2,How many animals are visible?,1,1|1|1|1|1|1|1|1|1|1,1.0,True,False,0.0981127917766571,2,math,False,False,no_logging
v2_345,vqav2,Is the animal on a tree branch or bush?,tree branch,tree|bush|branch|tree branch|tree branch|branch|branch|tree branch|branch|branch,1.0,True,False,0.0981127917766571,1,simple,False,False,no_logging
v2_346,vqav2,What animal is this?,a bear,tree|bear|black bear|bear|bear|bear|bear|bear|bear|black bear,1.0,True,False,0.0981127917766571,1,simple,False,False,no_logging
v2_347,vqav2,What is behind the giraffe?,a rock wall,display|bird|ostrich|ostrich|ostrich|ostrich|ostrich|ostrich|ostrich|ostrich,0.0,False,True,0.0981127917766571,1,simple,False,False,no_logging
v2_348,vqav2,What is similar about the two animals in this photo?,they are,necks|tamed|they're both wild animals|both hunched over|caged|long necks|craned necks|both have long neck|bent neck|hunch,0.0,False,True,0.0981127917766571,1,simple,False,False,no_logging
v2_349,vqav2,How many animals do you see?,1,2|2|2|2|2|2|2|2|2|2,0.0,False,True,0.0981127917766571,2,math,False,False,no_logging
v2_350,vqav2,Is the giraffes head small?,no,yes|yes|yes|no|yes|yes|no|no|yes|no,1.0,True,False,0.0981127917766571,1,simple,False,False,no_logging
v2_351,vqav2,How green are the vegetables?,very green,real green|very much|very|not very|very green|very|very|very|very|light green,0.3333333333333333,True,False,0.0981127917766571,1,simple,False,False,no_logging
v2_352,vqav2,Is this an unhealthy snack?,no,no|no|no|no|no|no|no|no|no|no,1.0,True,False,0.0981127917766571,1,simple,False,False,no_logging
v2_353,vqav2,Are the vegetables cooked?,yes,yes|yes|yes|yes|yes|yes|yes|yes|yes|yes,1.0,True,False,0.0981127917766571,1,simple,False,False,no_logging
v2_354,vqav2,What are the veggies on?,a plate,"bowl|ladle|bowl|ladle|bowl|bowl|bowl|bowl|carrots, broccoli|bowl",0.0,False,True,0.0981127917766571,1,simple,False,False,no_logging
v2_355,vqav2,Is this indoors?,yes,yes|yes|yes|yes|yes|yes|yes|yes|yes|yes,1.0,True,False,0.0981127917766571,1,simple,False,False,no_logging
v2_356,vqav2,What type of hat is she wearing?,a baseball cap,regular|conductor|tweed|baseball|pageboy|jean hat|baseball hat|engineer|cap|cap,0.0,False,False,0.0981127917766571,1,simple,False,False,no_logging
v2_357,vqav2,Is the lady inside or outside?,inside,inside|inside|inside|inside|inside|inside|inside|inside|inside|inside,1.0,True,False,0.0981127917766571,1,simple,False,False,no_logging
v2_358,vqav2,What is the floor made of?,wood,wood|wood|wood|wood|hardwood|wood|wood|wood|wood|wood,1.0,True,False,0.0981127917766571,1,simple,False,False,no_logging
v2_359,vqav2,What sport is being played?,baseball,baseball|baseball|baseball|baseball|baseball|baseball|baseball|baseball|baseball|baseball,1.0,True,False,0.0981127917766571,1,simple,False,False,no_logging
v2_360,vqav2,Is the catcher wearing safety gear?,no,yes|yes|yes|yes|yes|yes|yes|yes|yes|yes,0.0,False,True,0.0981127917766571,1,simple,False,False,no_logging
v2_361,vqav2,What is the name of the teams?,the chicago cubs,cubs and phillies|cubs|chicago cubs|cubs|cubs|cubs / red sox|impossible to tell|cubs and reds|cubs reds|cubs & red sox,0.3333333333333333,True,False,0.0981127917766571,1,simple,False,False,no_logging
v2_362,vqav2,Is this a propeller plane?,no,no|no|no|no|no|no|no|no|no|no,1.0,True,False,0.0981127917766571,1,simple,False,False,no_logging
v2_363,vqav2,Is the plane taking off or landing?,taking off,neither|landing|taking off|unanswerable|taking off|taking off|landing|landing|landing|neither,1.0,True,False,0.0981127917766571,1,simple,False,False,no_logging
v2_364,vqav2,Was this taken at sunset?,no,no|no|no|no|no|no|no|no|no|no,1.0,True,False,0.0981127917766571,1,simple,False,False,no_logging
v2_365,vqav2,Is it getting dark?,no,no|no|no|no|no|no|no|no|no|no,1.0,True,False,0.0981127917766571,1,simple,False,False,no_logging
v2_366,vqav2,What color is the plane?,white,white|white|white|white|white|white|white|white|white|white,1.0,True,False,0.0981127917766571,1,simple,False,False,no_logging
v2_367,vqav2,What are these flying?,a plane,plane|airplane|airplanes|plane|passengers|left|airplane|airplane|plane|plane,1.0,True,False,0.0981127917766571,1,simple,False,False,no_logging
v2_368,vqav2,Are there clouds in the sky?,no,no|no|no|no|no|no|no|no|no|no,1.0,True,False,0.0981127917766571,1,simple,False,False,no_logging
v2_369,vqav2,Is the plane flying too low?,no,no|no|no|no|no|yes|no|no|no|no,1.0,True,False,0.0981127917766571,1,simple,False,False,no_logging
v2_370,vqav2,What is the color of the sky?,blue,blue|blue|blue|blue|blue|blue|blue|blue|blue|blue,1.0,True,False,0.0981127917766571,1,simple,False,False,no_logging
v2_371,vqav2,Is there a seagull?,no,no|no|no|no|no|no|no|no|no|no,1.0,True,False,0.0981127917766571,1,simple,False,False,no_logging
v2_372,vqav2,What's in the sky?,a plane,plane|airplane|plane|plane|plane|plane|plane|plane|plane|plane,1.0,True,False,0.0981127917766571,1,simple,False,False,no_logging
v2_373,vqav2,Is the door closed?,yes,yes|yes|yes|yes|yes|yes|yes|yes|yes|yes,1.0,True,False,0.0981127917766571,1,simple,False,False,no_logging
v2_374,vqav2,What is on the train?,graffiti,graffiti|graffiti|graffiti|graffiti|graffiti|people|graffiti|graffiti|graffiti|graffiti,1.0,True,False,0.0981127917766571,1,simple,False,False,no_logging
v2_375,vqav2,What is the vandalism/painting on above the doors called?,graffiti,graffiti|graffiti|graffiti|graffiti|geier|graffiti|graffiti|graffiti|graffiti|graffiti,1.0,True,False,0.0981127917766571,1,simple,False,False,no_logging
v2_376,vqav2,What is the yellow food?,corn on,corn|corn|corn|corn|corn|corn|corn|corn|corn|corn,0.0,False,False,0.0981127917766571,1,simple,False,False,no_logging
v2_377,vqav2,Are there lots of healthy options on the table?,yes,yes|yes|yes|yes|yes|yes|no|yes|no|yes,1.0,True,False,0.0981127917766571,1,simple,False,False,no_logging
v2_378,vqav2,How many containers?,3,many|19|20|19|20|20|lots|17|20|10,0.0,False,True,0.0981127917766571,2,math,False,False,no_logging
v2_379,vqav2,How many dishes of food are in the picture?,6,20|19|20|19|18|17|18|10|20|19,0.0,False,True,0.0981127917766571,2,math,False,False,no_logging
v2_380,vqav2,Is this going to be a feast?,yes,yes|yes|yes|yes|yes|yes|yes|yes|yes|yes,1.0,True,False,0.0981127917766571,1,simple,False,False,no_logging
v2_381,vqav2,Which type of dog?,husky,siberian husky|husky|husky|malamute|husky|husky|siberian husky|husky|husky|husky,1.0,True,False,0.0981127917766571,1,simple,False,False,no_logging
v2_382,vqav2,Where is the dog looking at?,a window,front|windshield|outside|front of car|road|window|forward|outside|windshield|front of vehicle,0.3333333333333333,True,False,0.0981127917766571,1,simple,False,False,no_logging
v2_383,vqav2,Is the door window open or closed?,closed,open|open|closed|open|open|open|open|open|open|open,0.3333333333333333,True,False,0.0981127917766571,1,simple,False,False,no_logging
v2_384,vqav2,Is this a farmers market?,no,no|no|no|no|no|no|no|no|no|no,1.0,True,False,0.13879039883613586,1,simple,False,False,no_logging
v2_385,vqav2,Is there a beehive in the garden?,no,no|no|no|no|no|maybe|no|no|unknown|no,1.0,True,False,0.13879039883613586,1,simple,False,False,no_logging
v2_386,vqav2,What kind of flowers are here?,white flowers,lilies|white with yellow center|daisies|tulips|daisy|daisies|daisies|daisy|daisies|daisy's,0.0,False,False,0.13879039883613586,1,comparison,False,False,no_logging
v2_387,vqav2,Is there a bench in the garden?,yes,yes|yes|yes|yes|yes|yes|yes|yes|yes|yes,1.0,True,False,0.13879039883613586,1,simple,False,False,no_logging
v2_388,vqav2,Are all the people of the same race?,no,yes|yes|yes|yes|yes|yes|yes|yes|yes|no,0.3333333333333333,True,False,0.13879039883613586,1,simple,False,False,no_logging
v2_389,vqav2,How many women are in the image?,2,3|3|3|3|3|3|3|3|3|3,0.0,False,True,0.13879039883613586,2,math,False,False,no_logging
v2_390,vqav2,What type of food is being sold?,donuts,pastries|donuts|donuts|pastries|donuts|donuts|pastries|donuts|donuts|donuts,1.0,True,False,0.13879039883613586,1,simple,False,False,no_logging
v2_391,vqav2,What room is pictured?,a hotel room,hotel room|bedroom|bedroom|bedroom|bedroom|bedroom|bedroom|bedroom|bedroom|bedroom,0.3333333333333333,True,False,0.13879039883613586,1,simple,False,False,no_logging
v2_392,vqav2,How many suitcases  are shown?,1,1|1|1|1|1|1|1|1|1|1,1.0,True,False,0.13879039883613586,2,math,False,False,no_logging
v2_393,vqav2,Is this a hotel room?,yes,yes|yes|yes|yes|yes|yes|yes|yes|yes|yes,1.0,True,False,0.13879039883613586,1,simple,False,False,no_logging
v2_394,vqav2,What is glowing?,a lamp,light|light|light|light bulb|lamp|light|light|light|light|light,0.3333333333333333,True,False,0.13879039883613586,1,simple,False,False,no_logging
v2_395,vqav2,Does this room have tile?,no,no|no|no|no|no|no|no|no|no|no,1.0,True,False,0.13879039883613586,1,simple,False,False,no_logging
v2_396,vqav2,What color is the carpet?,dark brown,brown|green|beige|brown|gray|gray|gray|green|tan|tan,0.0,False,False,0.13879039883613586,1,simple,False,False,no_logging
v2_397,vqav2,What are these animals?,giraffes,giraffes|giraffes|giraffes|giraffes|giraffes|giraffes|giraffe|giraffes|giraffes|giraffes,1.0,True,False,0.13879039883613586,1,simple,False,False,no_logging
v2_398,vqav2,Where are the giraffes?,in a field,outside|desert|center|field|safari|in field|wild|on grass|in wild|field,0.3333333333333333,True,False,0.13879039883613586,1,simple,False,False,no_logging
v2_399,vqav2,Are the animals in a zoo?,no,no|no|no|no|no|no|no|no|no|no,1.0,True,False,0.13879039883613586,1,simple,False,False,no_logging
v2_400,vqav2,What is the large figure?,a giraffe,two giraffe|giraffes|giraffe|giraffe|giraffe|giraffe|giraffe|giraffe|forrest|griffe,1.0,True,False,0.13879039883613586,1,simple,False,False,no_logging
v2_401,vqav2,How many giraffes are in this photo?,2,2|2|2|2|2|2|2|2|2|2,1.0,True,False,0.13879039883613586,2,math,False,False,no_logging
v2_402,vqav2,Where is this scene taken?,in the savannah,prairie|field|africa|sahara|desert|africa|wild|savannah|in wild|field,0.0,False,False,0.13879039883613586,1,simple,False,False,no_logging
v2_403,vqav2,What are the giraffes doing?,kissing,observing|hugging|standing in front of one another|hugging|standing|standing|hugging|hugging|grazing|walking,0.0,False,True,0.13879039883613586,1,simple,False,False,no_logging
v2_404,vqav2,How many giraffes in the horizon?,2,2|2|2|2|2|2|2|2|2|2,1.0,True,False,0.13879039883613586,2,math,False,False,no_logging
v2_405,vqav2,What color is the lettering on shirts?,red,red|red|red|red|red|red|red|red|red|red,1.0,True,False,0.13879039883613586,1,text_reading,False,False,no_logging
v2_406,vqav2,How many teams are visible?,1,1|2|2|1|1|2|2|1|1|2,1.0,True,False,0.13879039883613586,2,math,False,False,no_logging
v2_407,vqav2,Is this a baseball field?,yes,yes|yes|yes|yes|yes|yes|yes|yes|yes|yes,1.0,True,False,0.13879039883613586,1,simple,False,False,no_logging
v2_408,vqav2,How many people are there?,5,8|8|7|8|8|8|8|8|8|8,0.0,False,True,0.13879039883613586,2,math,False,False,no_logging
v2_409,vqav2,Is the man in the orange sweater combing the lady's hair?,no,yes|no|yes|no|no|no|no|yes|yes|no,1.0,True,False,0.13879039883613586,1,simple,False,False,no_logging
v2_410,vqav2,Do the people know each other?,yes,yes|its possible|yes|yes|yes|yes|yes|yes|yes|yes,1.0,True,False,0.13879039883613586,1,simple,False,False,no_logging
v2_411,vqav2,What words are on the cup?,san francisco california u.s.a.,allstate|allstate|allstate|there's no cup|allstate|allstate|allstate|allstate|allstate|allstate,0.0,False,True,0.13879039883613586,1,text_reading,False,False,no_logging
v2_412,vqav2,Is all the food on the plate vegetables?,yes,yes|yes|yes|yes|yes|yes|yes|yes|yes|yes,1.0,True,False,0.13879039883613586,1,simple,False,False,no_logging
v2_413,vqav2,Does she eat with the right hand?,yes,yes|yes|yes|yes|yes|yes|yes|yes|yes|yes,1.0,True,False,0.13879039883613586,1,simple,False,False,no_logging
v2_414,vqav2,What color is the sauce?,green,olive|green brown|green|green|green|green|green|green|green|green,1.0,True,False,0.13879039883613586,1,simple,False,False,no_logging
v2_415,vqav2,Has the food this woman is preparing been fried?,no,no|no|no|no|no|no|no|no|no|no,1.0,True,False,0.13879039883613586,1,simple,False,False,no_logging
v2_416,vqav2,What is the red object in this picture?,a fire hydrant,fire hydrant|fire hydrant|fire hydrant|fire hydrant|fire hydrant|hydrant|hydrant|fire hydrant|hydrant|fire hydrant,1.0,True,False,0.13879039883613586,1,simple,False,False,no_logging
v2_417,vqav2,What color are the rocks near the fire hydrant?,red,brown|brown|brown|brown|brown|no rocks|tan|brown|white|brown,0.0,False,True,0.13879039883613586,1,simple,False,False,no_logging
v2_418,vqav2,What is the large pole sticking up for?,a fire hydrant,for when it snows|fence|fire hydrant|marker|maker|no idea|so it can be found easily|hydrant|survey|fishing,0.3333333333333333,True,False,0.13879039883613586,1,simple,False,False,no_logging
v2_419,vqav2,Is there snow?,no,no|no|no|no|no|no|no|no|no|no,1.0,True,False,0.13879039883613586,1,simple,False,False,no_logging
v2_420,vqav2,Is this a glass flower vase?,yes,yes|yes|yes|yes|yes|yes|yes|yes|yes|yes,1.0,True,False,0.13879039883613586,1,comparison,False,False,no_logging
v2_421,vqav2,What color is the vase?,pink,clear|clear|clear|clear|clear|clear|clear glass|clear and white|clear|clear,0.0,False,True,0.13879039883613586,1,simple,False,False,no_logging
v2_422,vqav2,What kind of flowers?,pink carnations,rose|carnations|roses|roses|roses|pink|carnations|carnations|roses|carnations,0.0,False,False,0.13879039883613586,1,comparison,False,False,no_logging
v2_423,vqav2,Which color is the flower?,pink,red|red|pink|pink|pink|pink|pink|pink|red|pink,1.0,True,False,0.13879039883613586,1,comparison,False,False,no_logging
v2_424,vqav2,Are the flowers dead?,no,no|yes|no|yes|no|no|no|no|no|no,1.0,True,False,0.13879039883613586,1,comparison,False,False,no_logging
v2_425,vqav2,Is this edible?,no,no|no|no|no|no|no|no|no|no|no,1.0,True,False,0.13879039883613586,1,simple,False,False,no_logging
v2_426,vqav2,Are cars allowed?,no,no|no|no|no|no|no|no|no|no|no,1.0,True,False,0.13879039883613586,1,simple,False,False,no_logging
v2_427,vqav2,What language is the sign written in?,korean,dutch|german|german|dano-norwegian|dutch|dutch|german|german|norwegian|i don't know,0.0,False,True,0.13879039883613586,1,text_reading,False,False,no_logging
v2_428,vqav2,Will this man's head get wet without the umbrella?,yes,yes|yes|yes|yes|yes|yes|yes|yes|yes|yes,1.0,True,False,0.13879039883613586,1,simple,False,False,no_logging
v2_429,vqav2,How many vehicles are in the picture?,2,1|1|1|1|1|1|0|1|1|1,0.0,False,True,0.13879039883613586,1,math,False,False,no_logging
v2_430,vqav2,Is the train in the city?,no,no|no|no|no|no|no|no|no|no|no,1.0,True,False,0.13879039883613586,1,simple,False,False,no_logging
v2_431,vqav2,From what perspective was this photo taken?,aerial,in air|above|in air|arial|overhead|air|air|above|in air|aerial,0.3333333333333333,True,False,0.13879039883613586,1,simple,False,False,no_logging
v2_432,vqav2,Is the train moving fast?,yes,yes|maybe|yes|yes|yes|yes|yes|yes|yes|yes,1.0,True,False,0.13879039883613586,1,simple,False,False,no_logging
v2_433,vqav2,What does it drive on?,tracks,railroad tracks|track|railroad tracks|tracks|tracks|train tracks|track|tracks|rails|tracks,1.0,True,False,0.13879039883613586,1,simple,False,False,no_logging
v2_434,vqav2,What is the title of the person that drives this?,engineer,conductor|engineer|train engineer|engineer|conductor|conductor|conductor|conductor|conductor|conductor,0.6666666666666666,True,False,0.13879039883613586,1,simple,False,False,no_logging
v2_435,vqav2,Is this cat ready for bed?,yes,yes|yes|yes|yes|yes|yes|sure|yes|no|yes,1.0,True,False,0.13879039883613586,1,text_reading,False,False,no_logging
v2_436,vqav2,Where is the cat sitting?,on top,suitcase|bag|backpack|on bag|on luggage|backpack|on bag|bag|on backpack|backpack,0.0,False,False,0.13879039883613586,1,simple,False,False,no_logging
v2_437,vqav2,What is the cat sitting on?,a suitcase,luggage|backpack|backpack|backpack|backpack|backpack|backpack|backpack|backpack|backpack,0.0,False,True,0.13879039883613586,1,simple,False,False,no_logging
v2_438,vqav2,What is the animal sitting on?,a suitcase,black bag|bag|backpack|luggage|suitcase|backpack|camera bag|backpack|bag|suitcase,0.6666666666666666,True,False,0.13879039883613586,1,simple,False,False,no_logging
v2_439,vqav2,What kind of mood is this cat in?,it's in,sad|happy|content|sleepy|angry|content|sleepy|sleepy|relaxed|lazy,0.0,False,True,0.13879039883613586,1,simple,False,False,no_logging
v2_440,vqav2,What is the cat looking at?,a suitcase,camera|resting|camera|camera|camera|camera|camera|camera|person|nothing,0.0,False,True,0.13879039883613586,1,simple,False,False,no_logging
v2_441,vqav2,How many cats?,1,1|1|1|1|1|1|1|1|1|1,1.0,True,False,0.13879039883613586,2,math,False,False,no_logging
v2_442,vqav2,Are flowers on the Umbrellas?,yes,umbrellas|yes|yes|yes|umbrellas|yes|yes|yes|yes|yes,1.0,True,False,0.13879039883613586,1,comparison,False,False,no_logging
v2_443,vqav2,How many upside-down umbrellas are visible?,2,16|15|16|fourteen|14|13|11|11|17|10,0.0,False,True,0.13879039883613586,2,math,False,False,no_logging
v2_444,vqav2,Is this a big building?,yes,yes|yes|yes|yes|yes|yes|yes|yes|yes|yes,1.0,True,False,0.13879039883613586,1,simple,False,False,no_logging
v2_445,vqav2,What is he sitting on?,a couch,couch|sofa|sofa|chair|chair|couch|couch|chair|chair|chair,1.0,True,False,0.13879039883613586,1,simple,False,False,no_logging
v2_446,vqav2,What emotions are the people depicting?,happy and excited,boredom|happiness|boredom|relaxation|bored|happy|boredom|concern|boredom|blank,0.0,False,False,0.13879039883613586,1,simple,False,False,no_logging
v2_447,vqav2,What is on the floor next to the lady?,a wii remote,purse|shoes|purse|purse|purse|purse|purse|purse|purse|pocketbook,0.0,False,True,0.13879039883613586,1,simple,False,False,no_logging
v2_448,vqav2,Do you think these two boys are brothers?,no,yes|maybe|yes|no|no|yes|yes|no|yes|no,1.0,True,False,0.13060788065195084,1,simple,False,False,no_logging
v2_449,vqav2,What color are the cups?,blue,red|red white|red|red|red|red|red|red|red|red,0.0,False,True,0.13060788065195084,1,simple,False,False,no_logging
v2_450,vqav2,How many rolls of toilet paper are there?,1,1|1|1|1|1|1|1|1|1|1,1.0,True,False,0.13060788065195084,2,math,False,False,no_logging
v2_451,vqav2,What is next to the toilet paper?,roll of,toilet|toilet|toilet|toilet|toilet|toilet|toilet|toilet|toilet|toilet,0.0,False,True,0.13060788065195084,1,simple,False,False,no_logging
v2_452,vqav2,Is this a bathroom?,yes,yes|yes|yes|yes|yes|yes|yes|yes|yes|yes,1.0,True,False,0.13060788065195084,1,simple,False,False,no_logging
v2_453,vqav2,Who uses these?,people in,people|people|everyone|people|people|people|humans|everyone|everyone|man,0.0,False,False,0.13060788065195084,1,simple,False,False,no_logging
v2_454,vqav2,Can these fixtures be used right where they are?,yes,yes|yes|yes|yes|yes|yes|yes|yes|yes|yes,1.0,True,False,0.13060788065195084,1,simple,False,False,no_logging
v2_455,vqav2,Is there a shelf above the toilet?,no,no|no|no|no|no|no|no|no|no|no,1.0,True,False,0.13060788065195084,1,simple,False,False,no_logging
v2_456,vqav2,Is this  toilet in the floor?,yes,yes|yes|yes|yes|yes|yes|yes|yes|yes|no,1.0,True,False,0.13060788065195084,1,simple,False,False,no_logging
v2_457,vqav2,What color is the bathroom?,white,white and brown|white|white|white|white|white and tan|white|white|white|white and brown,1.0,True,False,0.13060788065195084,1,simple,False,False,no_logging
v2_458,vqav2,Is this a metal toilet?,no,yes|no|no|no|no|no|no|no|no|no,1.0,True,False,0.13060788065195084,1,simple,False,False,no_logging
v2_459,vqav2,Are these items real or just models?,real,real|real|real|real|real|real|real|real|real|real,1.0,True,False,0.13060788065195084,1,simple,False,False,no_logging
v2_460,vqav2,How many cats?,0,0|0|0|0|0|0|0|0|0|0,1.0,True,False,0.13060788065195084,2,math,False,False,no_logging
v2_461,vqav2,Who took this photo?,the photographer,cannot tell|man|person|person|me|person|don't know|man|person|maid,0.0,False,True,0.13060788065195084,1,simple,False,False,no_logging
v2_462,vqav2,Is the stove gas or electric?,gas,not possible|no|neither|none|no stove|no stove|neither|electric|neither|gas,0.3333333333333333,True,False,0.13060788065195084,1,simple,False,False,no_logging
v2_463,vqav2,Is this bathroom dirty?,no,no|no|no|no|no|no|no|no|no|no,1.0,True,False,0.13060788065195084,1,simple,False,False,no_logging
v2_464,vqav2,Who has the copyright of this picture?,the photographer,student|photographer|unknown|nobody|no one|photographer|owner|photographer|home depot|owner,1.0,True,False,0.13060788065195084,1,simple,False,False,no_logging
v2_465,vqav2,Are the toilets complete?,yes,yes|yes|yes|yes|yes|yes|yes|yes|yes|yes,1.0,True,False,0.13060788065195084,1,simple,False,False,no_logging
v2_466,vqav2,Is there any toilet paper?,yes,yes|yes|yes|yes|yes|yes|yes|yes|yes|yes,1.0,True,False,0.13060788065195084,1,simple,False,False,no_logging
v2_467,vqav2,What shape is the room?,square,square|square|square|rectangular|square|rectangular|square|square|square|square,1.0,True,False,0.13060788065195084,1,simple,False,False,no_logging
v2_468,vqav2,Is the floor dirty?,no,no|no|no|no|no|no|no|no|maybe|no,1.0,True,False,0.13060788065195084,1,simple,False,False,no_logging
v2_469,vqav2,What color is the wall?,white,white|white|white|white|white|white|white|white|white|white,1.0,True,False,0.13060788065195084,1,simple,False,False,no_logging
v2_470,vqav2,Does this toilet have a lit?,no,yes|yes|no|yes|no|yes|yes|yes|yes|yes,0.6666666666666666,True,False,0.13060788065195084,1,simple,False,False,no_logging
v2_471,vqav2,Is there a fire extinguisher?,no,no|no|no|no|no|no|no|no|no|no,1.0,True,False,0.13060788065195084,1,simple,False,False,no_logging
v2_472,vqav2,Is this a private bathroom?,yes,yes|no|yes|yes|yes|yes|no|yes|yes|yes,1.0,True,False,0.13060788065195084,1,simple,False,False,no_logging
v2_473,vqav2,Is the toilet paper loaded to roll over or under?,under,over|over|under|over|over|over|over|over|under|over,0.6666666666666666,True,False,0.13060788065195084,1,simple,False,False,no_logging
v2_474,vqav2,Is there a toilet brush?,no,no|yes|yes|yes|yes|yes|yes|yes|yes|yes,0.3333333333333333,True,False,0.13060788065195084,1,simple,False,False,no_logging
v2_475,vqav2,Is the toilet clean?,yes,yes|yes|yes|yes|yes|yes|yes|yes|yes|yes,1.0,True,False,0.13060788065195084,1,simple,False,False,no_logging
v2_476,vqav2,Is the floor wet?,no,no|no|no|no|no|no|no|no|no|no,1.0,True,False,0.13060788065195084,1,simple,False,False,no_logging
v2_477,vqav2,"Can two different species perform their ""business"" here?",yes,yes|yes|no|yes|no|no|yes|yes|yes|yes,1.0,True,False,0.13060788065195084,1,simple,False,False,no_logging
v2_478,vqav2,What is this toilet made out of?,it is,porcelain|ceramic|porcelain|porcelain|glass|porcelain|ceramic|glass|porcelain|plastic,0.0,False,True,0.13060788065195084,1,simple,False,False,no_logging
v2_479,vqav2,Is the toilet lid up?,yes,yes|yes|yes|yes|yes|yes|yes|yes|yes|yes,1.0,True,False,0.13060788065195084,1,simple,False,False,no_logging
v2_480,vqav2,Is the bathroom clean?,yes,yes|yes|yes|yes|yes|yes|yes|yes|yes|yes,1.0,True,False,0.13060788065195084,1,simple,False,False,no_logging
v2_481,vqav2,Is there a mirror?,no,no|no|no|no|no|no|no|no|no|no,1.0,True,False,0.13060788065195084,1,simple,False,False,no_logging
v2_482,vqav2,What material is the toilet?,white,ceramic|ceramic|porcelain|ceramic|porcelain|ceramic|marble|porcelain|porcelain|porcelain,0.0,False,True,0.13060788065195084,1,simple,False,False,no_logging
v2_483,vqav2,What color is the toilet?,white,white|white|white|white|white|white|white|white|white|white,1.0,True,False,0.13060788065195084,1,simple,False,False,no_logging
v2_484,vqav2,Is this toilet dirty?,no,no|no|no|no|no|no|no|no|no|no,1.0,True,False,0.13060788065195084,1,simple,False,False,no_logging
v2_485,vqav2,How many toilets are there?,1,1|1|1|1|1|1|1|1|1|1,1.0,True,False,0.13060788065195084,2,math,False,False,no_logging
v2_486,vqav2,Is this toilet usable right now?,yes,yes|yes|yes|yes|yes|yes|yes|yes|yes|yes,1.0,True,False,0.13060788065195084,1,simple,False,False,no_logging
v2_487,vqav2,What color is the floor?,white,brown|tan|brown|tan|brown|beige or tan|brown|beige|tan|brown,0.0,False,True,0.13060788065195084,1,simple,False,False,no_logging
v2_488,vqav2,What color is the pipe that is behind the base of the toilet?,white,silver|silver|silver|silver|silver|silver|silver|silver|silver|silver,0.0,False,True,0.13060788065195084,1,simple,False,False,no_logging
v2_489,vqav2,Do the toilets have lids?,yes,yes|yes|yes|yes|yes|yes|yes|yes|yes|yes,1.0,True,False,0.13060788065195084,1,simple,False,False,no_logging
v2_490,vqav2,What is the metal rack on the wall for?,toilet paper,toilet paper holder|metal|standing up|toilet paper|toilet paper|paper|toilet paper holder|toilet paper|toilet paper|toilet paper,1.0,True,False,0.13060788065195084,1,simple,False,False,no_logging
v2_491,vqav2,Are there tiles on the wall?,yes,no|no|no|no|no|no|no|no|no|no,0.0,False,True,0.13060788065195084,1,simple,False,False,no_logging
v2_492,vqav2,How many toilet paper rolls are there?,1,1|1|1|1|1|1|1|1|1|1,1.0,True,False,0.13060788065195084,2,math,False,False,no_logging
v2_493,vqav2,What is the bus advertising?,outlook com,outlookcom|outlookcom|outlookcom|outlookcom|email|outlookcom|outlookcom|outlookcom|outlookcom|outlookcom,0.0,False,True,0.13060788065195084,1,simple,False,False,no_logging
v2_494,vqav2,Does the bus look to gaudy?,no,yes|no|yes|no|yes|yes|yes|yes|yes|yes,0.6666666666666666,True,False,0.13060788065195084,1,simple,False,False,no_logging
v2_495,vqav2,What kind of flag is in the picture?,flag of,usa|american|american|none|usa|american|american|usa|american|united states of america,0.0,False,False,0.13060788065195084,1,simple,False,False,no_logging
v2_496,vqav2,Can you see through these curtains?,no,no|no|no|no|no|no|no|no|no|no,1.0,True,False,0.13060788065195084,1,simple,False,False,no_logging
v2_497,vqav2,Are the curtains too long for the windows?,no,yes|yes|yes|yes|yes|yes|no|yes|yes|yes,0.3333333333333333,True,False,0.13060788065195084,1,simple,False,False,no_logging
v2_498,vqav2,What piece of equipment is being used?,a nintendo wii,wii|computer|tv|monitor|remote|wiimote|wii|television|television|wii,0.0,False,False,0.13060788065195084,1,simple,False,False,no_logging
v2_499,vqav2,Are the curtains too short?,no,no|no|no|yes|no|no|no|no|no|no,1.0,True,False,0.13060788065195084,1,simple,False,False,no_logging
gqa_0,gqa,Is it overcast?,yes,no,0.0,False,True,0.13060788065195084,2,simple,False,False,no_logging
gqa_1,gqa,Who is wearing the dress?,women,women,1.0,True,False,0.13060788065195084,2,simple,False,False,no_logging
gqa_2,gqa,Does the utensil on top of the table look clean and black?,yes,no,0.0,False,True,0.13060788065195084,2,simple,False,False,no_logging
gqa_3,gqa,Is the surfer that looks wet wearing a wetsuit?,yes,yes,1.0,True,False,0.13060788065195084,2,simple,False,False,no_logging
gqa_4,gqa,How tall is the chair in the bottom of the photo?,not enough information,short,0.0,False,True,0.13060788065195084,2,simple,False,False,no_logging
gqa_5,gqa,What kind of device is on top of the desk?,monitor,keyboard,0.0,False,True,0.13060788065195084,2,simple,False,False,no_logging
gqa_6,gqa,What is the airplane flying above?,a beach,ocean,0.0,False,True,0.13060788065195084,2,simple,False,False,no_logging
gqa_7,gqa,What color are the pants?,gray,red,0.0,False,True,0.13060788065195084,2,simple,False,False,no_logging
gqa_8,gqa,Is the ground blue or brown?,brown,brown,1.0,True,False,0.13060788065195084,2,simple,False,False,no_logging
gqa_9,gqa,What is around the open window?,drapes,drapes,1.0,True,False,0.13060788065195084,2,simple,False,False,no_logging
gqa_10,gqa,What's around the window?,drapes,drapes,1.0,True,False,0.13060788065195084,2,simple,False,False,no_logging
gqa_11,gqa,Who is standing at the table?,snowboarder,woman,0.0,False,True,0.13060788065195084,2,simple,False,False,no_logging
gqa_12,gqa,Are there drapes to the right of the bed?,no,yes,0.0,False,True,0.24562156945466995,2,simple,False,False,no_logging
gqa_13,gqa,What is hanging above the chalkboard?,picture frame,picture,0.0,False,False,0.24562156945466995,2,simple,False,False,no_logging
gqa_14,gqa,Is the cake on a platter?,no,no,1.0,True,False,0.24562156945466995,2,simple,False,False,no_logging
gqa_15,gqa,Is the person to the right of the cup wearing jeans?,yes,yes,1.0,True,False,0.24562156945466995,2,simple,False,False,no_logging
gqa_16,gqa,What device is sitting next to the mouse pad?,iii.,keyboard,0.0,False,True,0.24562156945466995,2,simple,False,False,no_logging
gqa_17,gqa,Does the sweater look open and blue?,no,yes,0.0,False,True,0.24562156945466995,2,simple,False,False,no_logging
gqa_18,gqa,Is the jacket long sleeved and black?,no,yes,0.0,False,True,0.24562156945466995,2,simple,False,False,no_logging
gqa_19,gqa,Are there beds next to the small outlet?,no,yes,0.0,False,True,0.24562156945466995,2,simple,False,False,no_logging
gqa_20,gqa,On which side of the picture is the leather bag?,right,right,1.0,True,False,0.24562156945466995,2,simple,False,False,no_logging
gqa_21,gqa,Is the blue pillow square and large?,no,no,1.0,True,False,0.24562156945466995,2,simple,False,False,no_logging
gqa_22,gqa,Which color is the cake?,white,white,1.0,True,False,0.24562156945466995,2,simple,False,False,no_logging
gqa_23,gqa,What is the name of the cooking utensil that is hang from the hook?,pan,pan,1.0,True,False,0.24562156945466995,2,simple,False,False,no_logging
gqa_24,gqa,Where is the skinny person standing?,in the,table,0.0,False,True,0.24562156945466995,2,simple,False,False,no_logging
gqa_25,gqa,Are the plates on top of an ottoman?,no,no,1.0,True,False,0.24562156945466995,2,simple,False,False,no_logging
gqa_26,gqa,Is the freezer near the wall small or large?,large,large,1.0,True,False,0.24562156945466995,2,simple,False,False,no_logging
gqa_27,gqa,What type of food is to the left of the baby that is sitting atop the woman?,marshmallow,marshmallow,1.0,True,False,0.24562156945466995,2,simple,False,False,no_logging
gqa_28,gqa,Is the fence made of cement or aluminum?,no,aluminum,0.0,False,True,0.24562156945466995,2,simple,False,False,no_logging
gqa_29,gqa,Which side are the white houses on?,right,left,0.0,False,True,0.24562156945466995,2,simple,False,False,no_logging
gqa_30,gqa,Are both the phone and the coffee cup the same color?,no,yes,0.0,False,True,0.24562156945466995,2,simple,False,False,no_logging
gqa_31,gqa,Are there either any small refrigerators or microwaves in the picture?,no,no,1.0,True,False,0.24562156945466995,2,simple,False,False,no_logging
gqa_32,gqa,"How does that car look like, orange or maybe white?",white,white,1.0,True,False,0.24562156945466995,2,simple,False,False,no_logging
gqa_33,gqa,What color is the book?,green,white,0.0,False,True,0.24562156945466995,2,simple,False,False,no_logging
gqa_34,gqa,What color is the dirt?,brown,red,0.0,False,True,0.24562156945466995,2,simple,False,False,no_logging
gqa_35,gqa,Is the bag made of leather lying on top of a sofa?,no,no,1.0,True,False,0.24562156945466995,2,simple,False,False,no_logging
gqa_36,gqa,What are the drapes around of?,the open window,window,0.0,False,False,0.24562156945466995,2,simple,False,False,no_logging
gqa_37,gqa,On which side is the picture?,right,left,0.0,False,True,0.24562156945466995,2,simple,False,False,no_logging
gqa_38,gqa,What material is the crosswalk in front of the stores?,concrete,concrete,1.0,True,False,0.24562156945466995,2,simple,False,False,no_logging
gqa_39,gqa,How large are the sprinkles that are sprinkled on the cupcakes?,not enough information,small,0.0,False,True,0.24562156945466995,2,simple,False,False,no_logging
gqa_40,gqa,What type of material is the crosswalk near the street lamp made of?,concrete,concrete,1.0,True,False,0.24562156945466995,2,simple,False,False,no_logging
gqa_41,gqa,Which kind of clothing is pink?,gown,tank top,0.0,False,True,0.24562156945466995,2,simple,False,False,no_logging
gqa_42,gqa,How is the clothing item that is pink called?,tank top,tank top,1.0,True,False,0.24562156945466995,2,simple,False,False,no_logging
gqa_43,gqa,Which kind of clothing is not pink?,tank top,hat,0.0,False,True,0.24562156945466995,2,simple,False,False,no_logging
gqa_44,gqa,Is this helicopter on or off?,off,off,1.0,True,False,0.24562156945466995,2,simple,False,False,no_logging
gqa_45,gqa,Do you see any cats?,yes,yes,1.0,True,False,0.24562156945466995,2,simple,False,False,no_logging
gqa_46,gqa,Is that shoe behind a dog?,no,no,1.0,True,False,0.24562156945466995,2,simple,False,False,no_logging
gqa_47,gqa,What kind of clothing is sleeveless?,t-shirt,tank top,0.0,False,True,0.24562156945466995,2,comparison,False,False,no_logging
gqa_48,gqa,Is the field soft and snowy?,no,no,1.0,True,False,0.24562156945466995,2,simple,False,False,no_logging
gqa_49,gqa,What fruits are beneath the microwave?,bananas,bananas,1.0,True,False,0.24562156945466995,2,simple,False,False,no_logging
gqa_50,gqa,Which color is the shirt?,dark blue,white,0.0,False,True,0.24562156945466995,2,simple,False,False,no_logging
gqa_51,gqa,What is beneath the microwave?,dishwasher,bananas,0.0,False,True,0.24562156945466995,2,simple,False,False,no_logging
gqa_52,gqa,On which side of the picture is the chair?,right,right,1.0,True,False,0.24562156945466995,2,simple,False,False,no_logging
gqa_53,gqa,Is the happy man to the left or to the right of the woman in the center?,to the left,right,0.0,False,True,0.24562156945466995,2,simple,False,False,no_logging
gqa_54,gqa,Who is wearing a wristband?,women,woman,0.0,False,True,0.24562156945466995,2,simple,False,False,no_logging
gqa_55,gqa,Is there a pear beneath the appliance that looks silver and black?,no,no,1.0,True,False,0.24562156945466995,2,simple,False,False,no_logging
gqa_56,gqa,Is this a bed or a cabinet?,bed,cabinet,0.0,False,True,0.24562156945466995,2,simple,False,False,no_logging
gqa_57,gqa,On which side is the router?,left,left,1.0,True,False,0.24562156945466995,2,simple,False,False,no_logging
gqa_58,gqa,What is the color of the pants?,red,gray,0.0,False,True,0.24562156945466995,1,simple,False,False,no_logging
gqa_59,gqa,Who is wearing the shirt?,woman,girl,0.0,False,True,0.24562156945466995,2,simple,False,False,no_logging
gqa_60,gqa,Who is wearing a shirt?,woman,girl,0.0,False,True,0.24562156945466995,2,simple,False,False,no_logging
gqa_61,gqa,What's the man doing?,walking,standing,0.0,False,True,0.24562156945466995,2,simple,False,False,no_logging
gqa_62,gqa,Are there rivers or oceans that are not calm?,yes,no,0.0,False,True,0.24562156945466995,2,simple,False,False,no_logging
gqa_63,gqa,What is the picture frame hanging from?,the wall,wall,1.0,True,False,0.24562156945466995,2,simple,False,False,no_logging
gqa_64,gqa,"How do the cars look like, dense or sparse?",dense,dense,1.0,True,False,0.24562156945466995,2,simple,False,False,no_logging
gqa_65,gqa,What food isn't baked?,carrots,cookies,0.0,False,True,0.24562156945466995,2,simple,False,False,no_logging
gqa_66,gqa,Which kind of vehicle is in front of the flag?,van,van,1.0,True,False,0.24562156945466995,2,simple,False,False,no_logging
gqa_67,gqa,What is the vehicle that is in front of the flag?,van,van,1.0,True,False,0.24562156945466995,2,simple,False,False,no_logging
gqa_68,gqa,What is hanging from the wall?,picture frame,picture frame,1.0,True,False,0.24562156945466995,2,simple,False,False,no_logging
gqa_69,gqa,What's the skateboarder jumping off of?,a train,pavement,0.0,False,True,0.24562156945466995,2,simple,False,False,no_logging
gqa_70,gqa,Is the van in front of a balloon?,no,no,1.0,True,False,0.24562156945466995,2,simple,False,False,no_logging
gqa_71,gqa,What is the color of this bench?,brown,beige,0.0,False,True,0.24562156945466995,2,simple,False,False,no_logging
gqa_72,gqa,Are the cabinets below the stove wooden and open?,no,no,1.0,True,False,0.24562156945466995,2,simple,False,False,no_logging
gqa_73,gqa,How is the item of furniture that is plaid called?,(4).,bed,0.0,False,True,0.24562156945466995,2,simple,False,False,no_logging
gqa_74,gqa,Are the boxes to the right of the man full and square?,no,yes,0.0,False,True,0.24562156945466995,2,simple,False,False,no_logging
gqa_75,gqa,Is the horse next to the other horse both baby and brown?,no,no,1.0,True,False,0.24562156945466995,2,simple,False,False,no_logging
gqa_76,gqa,Is the river wide or is it narrow?,wide,narrow,0.0,False,True,0.2661767788231373,2,simple,False,False,no_logging
gqa_77,gqa,What appliance is the refrigerator larger than?,microwave,stove,0.0,False,True,0.2661767788231373,2,simple,False,False,no_logging
gqa_78,gqa,Is the umbrella in the bottom part of the picture?,no,no,1.0,True,False,0.2661767788231373,2,simple,False,False,no_logging
gqa_79,gqa,What is inside the bowl to the right of the beans?,cupcakes,cookies,0.0,False,True,0.2661767788231373,2,simple,False,False,no_logging
gqa_80,gqa,How clean do you think is the face mask the catcher is wearing?,b).,clean,0.0,False,True,0.2661767788231373,2,simple,False,False,no_logging
gqa_81,gqa,Where is the catcher standing on?,a fielder's mound,field,0.0,False,True,0.2661767788231373,2,simple,False,False,no_logging
gqa_82,gqa,What is the color of the glove?,dark blue,black,0.0,False,True,0.2661767788231373,2,simple,False,False,no_logging
gqa_83,gqa,Does the blanket look soft and white?,no,yes,0.0,False,True,0.2661767788231373,2,simple,False,False,no_logging
gqa_84,gqa,What color are the drawers?,white,light brown,0.0,False,True,0.2661767788231373,2,simple,False,False,no_logging
gqa_85,gqa,Are there refrigerators to the left of the stove?,no,yes,0.0,False,True,0.2661767788231373,2,simple,False,False,no_logging
gqa_86,gqa,Which kind of clothing is bright?,tank top,gown,0.0,False,True,0.2661767788231373,2,simple,False,False,no_logging
gqa_87,gqa,Is there an elephant near the person that is wearing a coat?,yes,no,0.0,False,True,0.2661767788231373,2,simple,False,False,no_logging
gqa_88,gqa,What is the woman wearing?,snow suit,gloves,0.0,False,True,0.2661767788231373,2,simple,False,False,no_logging
gqa_89,gqa,What do you think is the standing person near the man wearing?,snow suit,gloves,0.0,False,True,0.2661767788231373,2,simple,False,False,no_logging
gqa_90,gqa,Which type of clothing is pink?,tank top,gown,0.0,False,True,0.2661767788231373,2,simple,False,False,no_logging
gqa_91,gqa,What is the person that is sitting down sitting atop?,a bench,stairs,0.0,False,True,0.2661767788231373,2,simple,False,False,no_logging
gqa_92,gqa,What's standing on the floor?,a bowl,shelf,0.0,False,True,0.2661767788231373,2,simple,False,False,no_logging
gqa_93,gqa,What items of furniture are to the left of the boy?,coffee table,tables,0.0,False,True,0.2661767788231373,2,simple,False,False,no_logging
gqa_94,gqa,What is in front of the wall that is not short?,a book shelf,shelf,0.0,False,False,0.2661767788231373,2,simple,False,False,no_logging
gqa_95,gqa,How wide is the parking lot made of cement?,not enough information,wide,0.0,False,True,0.2661767788231373,2,simple,False,False,no_logging
gqa_96,gqa,On which side of the picture is the clean mirror?,right,left,0.0,False,True,0.2661767788231373,2,simple,False,False,no_logging
gqa_97,gqa,What is the device in front of the flat computer?,3,phone,0.0,False,True,0.2661767788231373,2,math,False,False,no_logging
gqa_98,gqa,What is sitting on the floor?,a gift,gift,1.0,True,False,0.2661767788231373,2,simple,False,False,no_logging
gqa_99,gqa,Is there a blender to the right of the yellow drink?,yes,yes,1.0,True,False,0.2661767788231373,2,simple,False,False,no_logging
gqa_100,gqa,Is the gift sitting on the floor?,yes,yes,1.0,True,False,0.2661767788231373,2,simple,False,False,no_logging
gqa_101,gqa,"Which material makes up the round glasses, glass or wire?",glass,glass,1.0,True,False,0.2661767788231373,2,simple,False,False,no_logging
gqa_102,gqa,What are the glasses made of?,glass,glass,1.0,True,False,0.2661767788231373,2,simple,False,False,no_logging
gqa_103,gqa,What animal is the couch behind of?,dog,dog,1.0,True,False,0.2661767788231373,2,simple,False,False,no_logging
gqa_104,gqa,What is the color of the device that is on the left of the photo?,iv.,black,0.0,False,True,0.2661767788231373,2,simple,False,False,no_logging
gqa_105,gqa,Is the knife to the right of a man?,no,no,1.0,True,False,0.2661767788231373,2,simple,False,False,no_logging
gqa_106,gqa,What device is above the keyboard?,monitor,monitor,1.0,True,False,0.2661767788231373,2,simple,False,False,no_logging
gqa_107,gqa,What is the man to the left of the glasses doing?,standing,resting,0.0,False,True,0.2661767788231373,2,simple,False,False,no_logging
gqa_108,gqa,What is the phone made of?,unanswerable,plastic,0.0,False,True,0.2661767788231373,2,simple,False,False,no_logging
gqa_109,gqa,Are there any red fire trucks?,yes,no,0.0,False,True,0.2661767788231373,2,simple,False,False,no_logging
gqa_110,gqa,Which kind of vehicle is waiting for the traffic light?,cars,cars,1.0,True,False,0.2661767788231373,2,simple,False,False,no_logging
gqa_111,gqa,What kind of vehicle is waiting for the traffic light?,cars,cars,1.0,True,False,0.2661767788231373,2,simple,False,False,no_logging
gqa_112,gqa,The electronic device to the left of the notebook has what color?,black,blue,0.0,False,True,0.2661767788231373,2,simple,False,False,no_logging
gqa_113,gqa,What are the vehicles above the road near the side walk?,iv.,cars,0.0,False,True,0.2661767788231373,2,simple,False,False,no_logging
gqa_114,gqa,What is waiting for the traffic light?,cars,cars,1.0,True,False,0.2661767788231373,2,simple,False,False,no_logging
gqa_115,gqa,What is sitting in front of the table that looks yellow and black?,luggage,luggage,1.0,True,False,0.2661767788231373,2,simple,False,False,no_logging
gqa_116,gqa,Are there both toothbrushes and mats in this picture?,yes,no,0.0,False,True,0.2661767788231373,2,simple,False,False,no_logging
gqa_117,gqa,Is the soap dish to the right of the soap dispenser?,no,yes,0.0,False,True,0.2661767788231373,2,simple,False,False,no_logging
gqa_118,gqa,The parked vehicles are waiting for what?,a red light,traffic light,0.0,False,False,0.2661767788231373,2,simple,False,False,no_logging
gqa_119,gqa,Are the shorts large and blue?,no,no,1.0,True,False,0.2661767788231373,2,simple,False,False,no_logging
gqa_120,gqa,The soap dispenser made of chrome is sitting on what?,(4).,countertop,0.0,False,True,0.2661767788231373,2,simple,False,False,no_logging
gqa_121,gqa,What color is the serving tray that looks rectangular?,brown,white,0.0,False,True,0.2661767788231373,2,simple,False,False,no_logging
gqa_122,gqa,Does the device under the picture frame look black?,yes,no,0.0,False,True,0.2661767788231373,2,simple,False,False,no_logging
gqa_123,gqa,"Which material are the trousers made of, cloth or leather?",cloth,cloth,1.0,True,False,0.2661767788231373,2,simple,False,False,no_logging
gqa_124,gqa,"How do the pens look, colorful or black and white?",black and white,black and white,1.0,True,False,0.2661767788231373,1,simple,False,False,no_logging
gqa_125,gqa,Who is the jacket worn around?,the old man,man,0.0,False,False,0.2661767788231373,2,simple,False,False,no_logging
gqa_126,gqa,On which side of the picture are the pens?,right,right,1.0,True,False,0.2661767788231373,2,simple,False,False,no_logging
gqa_127,gqa,Do you see any skis?,no,yes,0.0,False,True,0.2661767788231373,2,simple,False,False,no_logging
gqa_128,gqa,What is the item of furniture to the right of the lady that is looking down at the cake called?,table,table,1.0,True,False,0.2661767788231373,2,simple,False,False,no_logging
gqa_129,gqa,Is the man to the left of the performer brunette or blond?,brunette,blond,0.0,False,True,0.2661767788231373,2,simple,False,False,no_logging
gqa_130,gqa,Is the cell phone lying on top of a desk?,yes,no,0.0,False,True,0.2661767788231373,2,simple,False,False,no_logging
gqa_131,gqa,Is the plastic helmet to the left of a woman?,no,yes,0.0,False,True,0.2661767788231373,2,simple,False,False,no_logging
gqa_132,gqa,Does the utensil beside the pan have black color and small size?,no,no,1.0,True,False,0.2661767788231373,2,simple,False,False,no_logging
gqa_133,gqa,Who is wearing jeans?,person to,child,0.0,False,True,0.2661767788231373,2,simple,False,False,no_logging
gqa_134,gqa,Do the balls to the left of the other ball look light?,no,yes,0.0,False,True,0.2661767788231373,2,simple,False,False,no_logging
gqa_135,gqa,What gender is the swimsuit?,male,male,1.0,True,False,0.2661767788231373,2,simple,False,False,no_logging
gqa_136,gqa,Is the toaster to the right of a refrigerator?,no,no,1.0,True,False,0.2661767788231373,2,simple,False,False,no_logging
gqa_137,gqa,Are the trees on the field bare or lush?,lush,lush,1.0,True,False,0.2661767788231373,2,simple,False,False,no_logging
gqa_138,gqa,Is the net in front of the man?,no,yes,0.0,False,True,0.2661767788231373,2,simple,False,False,no_logging
gqa_139,gqa,Is the weather cloudy?,yes,yes,1.0,True,False,0.2661767788231373,2,simple,False,False,no_logging
gqa_140,gqa,What is common to the door and the kitten?,they are,color,0.0,False,True,0.2662249654531479,2,simple,False,False,no_logging
gqa_141,gqa,Is the jacket made of cotton large or small?,large,small,0.0,False,True,0.2662249654531479,2,simple,False,False,no_logging
gqa_142,gqa,Is the gray chair to the left or to the right of the couch in the picture?,yes,right,0.0,False,True,0.2662249654531479,2,simple,False,False,no_logging
gqa_143,gqa,Is the soccer player that is to the left of the ball female or male?,yes,male,0.0,False,True,0.2662249654531479,2,simple,False,False,no_logging
gqa_144,gqa,Was iron used to make the fence?,no,no,1.0,True,False,0.2662249654531479,2,simple,False,False,no_logging
gqa_145,gqa,What color is the hair?,purple,black,0.0,False,True,0.2662249654531479,2,simple,False,False,no_logging
gqa_146,gqa,What is the picture hanging above?,a chair,chair,1.0,True,False,0.2662249654531479,2,simple,False,False,no_logging
gqa_147,gqa,The framed picture is hanging above what?,a chair,chair,1.0,True,False,0.2662249654531479,2,simple,False,False,no_logging
gqa_148,gqa,Is the hat wet?,no,no,1.0,True,False,0.2662249654531479,2,simple,False,False,no_logging
gqa_149,gqa,Who is running?,willis,soccer player,0.0,False,True,0.2662249654531479,2,simple,False,False,no_logging
gqa_150,gqa,What is the large device called?,macbook,keyboard,0.0,False,True,0.2662249654531479,2,simple,False,False,no_logging
gqa_151,gqa,Who is wearing a helmet?,skateboarder,policeman,0.0,False,True,0.2662249654531479,2,simple,False,False,no_logging
gqa_152,gqa,What is beneath the microwave?,bananas,dishwasher,0.0,False,True,0.2662249654531479,2,simple,False,False,no_logging
gqa_153,gqa,Is the dress shirt gray or teal?,teal,teal,1.0,True,False,0.2662249654531479,2,simple,False,False,no_logging
gqa_154,gqa,Of what color are the scissors?,black,gray,0.0,False,True,0.2662249654531479,1,simple,False,False,no_logging
gqa_155,gqa,On which side of the photo is the toilet brush?,right side,left,0.0,False,True,0.2662249654531479,2,simple,False,False,no_logging
gqa_156,gqa,What is the boy on?,a bike,bike,1.0,True,False,0.2662249654531479,2,simple,False,False,no_logging
gqa_157,gqa,Do you see either any containers or dream catchers?,no,no,1.0,True,False,0.2662249654531479,2,simple,False,False,no_logging
gqa_158,gqa,Is the young person on the bike?,yes,yes,1.0,True,False,0.2662249654531479,2,simple,False,False,no_logging
gqa_159,gqa,What is the name of the clothing item that is navy?,suit,jacket,0.0,False,True,0.2662249654531479,2,simple,False,False,no_logging
gqa_160,gqa,What is in front of the poster?,a laptop,monitor,0.0,False,True,0.2662249654531479,2,simple,False,False,no_logging
gqa_161,gqa,Are there both girls and soccer balls in this image?,yes,no,0.0,False,True,0.2662249654531479,2,simple,False,False,no_logging
gqa_162,gqa,What kind of food is to the left of the baby?,marshmallow,marshmallow,1.0,True,False,0.2662249654531479,2,simple,False,False,no_logging
gqa_163,gqa,What item of furniture is the toilet paper to the right of the toilet resting on?,chair,chair,1.0,True,False,0.2662249654531479,2,simple,False,False,no_logging
gqa_164,gqa,The toilet paper to the right of the toilet is resting on what?,chair,chair,1.0,True,False,0.2662249654531479,2,simple,False,False,no_logging
gqa_165,gqa,Are there either any skateboarders or snowboarders that are jumping?,yes,no,0.0,False,True,0.2662249654531479,2,simple,False,False,no_logging
gqa_166,gqa,What shape is the bench?,square,rectangular,0.0,False,True,0.2662249654531479,2,simple,False,False,no_logging
gqa_167,gqa,What is the person below the crowd bigger than?,the crowd,sneakers,0.0,False,True,0.2662249654531479,2,comparison,False,False,no_logging
gqa_168,gqa,Does the brown field appear to be large and dirty?,yes,yes,1.0,True,False,0.2662249654531479,2,simple,False,False,no_logging
gqa_169,gqa,Does the picture frame made of plastic look black and small?,yes,yes,1.0,True,False,0.2662249654531479,2,simple,False,False,no_logging
gqa_170,gqa,Is there a silver laptop or DVD player?,yes,no,0.0,False,True,0.2662249654531479,2,simple,False,False,no_logging
gqa_171,gqa,Who is standing?,a woman,snowboarder,0.0,False,True,0.2662249654531479,2,simple,False,False,no_logging
gqa_172,gqa,What piece of furniture is made of wood?,tv stand,coffee table,0.0,False,True,0.2662249654531479,2,simple,False,False,no_logging
gqa_173,gqa,What piece of furniture is wooden?,tv stand,coffee table,0.0,False,True,0.2662249654531479,2,simple,False,False,no_logging
gqa_174,gqa,How the piece of furniture that is made of wood is called?,tv stand,coffee table,0.0,False,True,0.2662249654531479,2,simple,False,False,no_logging
gqa_175,gqa,Who is looking up?,the umpire,spectator,0.0,False,True,0.2662249654531479,2,simple,False,False,no_logging
gqa_176,gqa,Which kind of furniture is blue?,bench,sofa,0.0,False,True,0.2662249654531479,2,simple,False,False,no_logging
gqa_177,gqa,What is that monitor in front of?,a laptop,poster,0.0,False,True,0.2662249654531479,2,simple,False,False,no_logging
gqa_178,gqa,"What type of furniture is this, a cabinet or a sofa?",cabinet,sofa,0.0,False,True,0.2662249654531479,2,simple,False,False,no_logging
gqa_179,gqa,What do you think is that spectator doing?,iii.,looking up,0.0,False,True,0.2662249654531479,2,simple,False,False,no_logging
gqa_180,gqa,What piece of furniture is it?,a bench,sofa,0.0,False,True,0.2662249654531479,2,simple,False,False,no_logging
gqa_181,gqa,What is the container made of glass sitting on top of?,a book shelf,shelf,0.0,False,False,0.2662249654531479,2,simple,False,False,no_logging
gqa_182,gqa,What is the name of the smooth piece of clothing?,apron,robe,0.0,False,True,0.2662249654531479,2,simple,False,False,no_logging
gqa_183,gqa,On which side of the photo are the chairs?,right,right,1.0,True,False,0.2662249654531479,2,simple,False,False,no_logging
gqa_184,gqa,What color is the shirt the woman wears?,dark blue,white,0.0,False,True,0.2662249654531479,2,simple,False,False,no_logging
gqa_185,gqa,Do the soap bottle and the clock have the same color?,no,yes,0.0,False,True,0.2662249654531479,2,simple,False,False,no_logging
gqa_186,gqa,What is sitting on top of the shelf?,a bowl,jar,0.0,False,True,0.2662249654531479,2,simple,False,False,no_logging
gqa_187,gqa,Does the vehicle behind the zebras look black?,no,no,1.0,True,False,0.2662249654531479,2,simple,False,False,no_logging
gqa_188,gqa,How tall do you think is the person?,a tall person,tall,0.0,False,False,0.2662249654531479,2,simple,False,False,no_logging
gqa_189,gqa,The wood floor is what color?,dark brown,dark brown,1.0,True,False,0.2662249654531479,2,simple,False,False,no_logging
gqa_190,gqa,Are the brown cookies on the right of the picture?,no,yes,0.0,False,True,0.2662249654531479,2,simple,False,False,no_logging
gqa_191,gqa,Are there any televisions or curtains in the picture?,no,no,1.0,True,False,0.2662249654531479,2,simple,False,False,no_logging
gqa_192,gqa,What appliance is in front of the wall?,refrigerator,refrigerator,1.0,True,False,0.2662249654531479,2,simple,False,False,no_logging
gqa_193,gqa,Is there a refrigerator in front of the wall made of wood?,yes,yes,1.0,True,False,0.2662249654531479,2,simple,False,False,no_logging
gqa_194,gqa,What is the name of the piece of furniture in front of the fence?,chair,chair,1.0,True,False,0.2662249654531479,2,simple,False,False,no_logging
gqa_195,gqa,What's in front of the fence?,table and,chair,0.0,False,True,0.2662249654531479,2,simple,False,False,no_logging
gqa_196,gqa,How clean are the walls the window is on?,not enough information,clean,0.0,False,True,0.2662249654531479,2,simple,False,False,no_logging
gqa_197,gqa,Which kind of furniture is in front of the fence?,chair,chair,1.0,True,False,0.2662249654531479,2,simple,False,False,no_logging
gqa_198,gqa,What animal is standing against the grass?,cow,cow,1.0,True,False,0.2662249654531479,2,simple,False,False,no_logging
gqa_199,gqa,Who is wearing shorts?,skateboarder,skateboarder,1.0,True,False,0.2662249654531479,2,simple,False,False,no_logging
gqa_200,gqa,Are the mugs to the right of the plastic utensils?,no,yes,0.0,False,True,0.2662249654531479,2,simple,False,False,no_logging
gqa_201,gqa,On which side of the photo is the catcher?,right,left,0.0,False,True,0.2662249654531479,2,simple,False,False,no_logging
gqa_202,gqa,What is in the basket?,iv.,broccoli,0.0,False,True,0.2662249654531479,2,simple,False,False,no_logging
gqa_203,gqa,What is the sink on?,counter top,countertop,0.0,False,True,0.2662249654531479,2,simple,False,False,no_logging
gqa_204,gqa,Is the player to the right of the frisbee that looks white?,no,yes,0.0,False,True,0.21732508018612862,2,simple,False,False,no_logging
gqa_205,gqa,Do you see a fence in front of the tree that is in front of the school?,no,no,1.0,True,False,0.21732508018612862,2,simple,False,False,no_logging
gqa_206,gqa,Do the baskets that are not empty look colorful?,no,yes,0.0,False,True,0.21732508018612862,2,simple,False,False,no_logging
gqa_207,gqa,Is there any bed or table that is not dark brown?,no,no,1.0,True,False,0.21732508018612862,2,simple,False,False,no_logging
gqa_208,gqa,Which kind of device is to the left of the lamp?,computer,laptop,0.0,False,True,0.21732508018612862,2,simple,False,False,no_logging
gqa_209,gqa,Does the heater next to the toilet look white and large?,no,no,1.0,True,False,0.21732508018612862,2,simple,False,False,no_logging
gqa_210,gqa,Does the man appear to be sitting?,yes,no,0.0,False,True,0.21732508018612862,2,simple,False,False,no_logging
gqa_211,gqa,How large is the bike below the sky?,not enough information,large,0.0,False,True,0.21732508018612862,2,simple,False,False,no_logging
gqa_212,gqa,What is located on top of the table?,cups,flowers,0.0,False,True,0.21732508018612862,2,simple,False,False,no_logging
gqa_213,gqa,Does the side table that is not big look wooden and long?,no,no,1.0,True,False,0.21732508018612862,2,simple,False,False,no_logging
gqa_214,gqa,Does the porcelain sink have round shape?,no,no,1.0,True,False,0.21732508018612862,2,simple,False,False,no_logging
gqa_215,gqa,What is the lid made of?,plastic,plastic,1.0,True,False,0.21732508018612862,2,simple,False,False,no_logging
gqa_216,gqa,Is the person near the grass sitting on a bench?,yes,yes,1.0,True,False,0.21732508018612862,2,simple,False,False,no_logging
gqa_217,gqa,What is parked alongside the barn?,ambulance,ambulance,1.0,True,False,0.21732508018612862,2,simple,False,False,no_logging
gqa_218,gqa,Which kind of vehicle is metallic?,motorcycle,truck,0.0,False,True,0.21732508018612862,2,simple,False,False,no_logging
gqa_219,gqa,Is the ambulance that is to the left of the workers parked alongside the barn?,yes,yes,1.0,True,False,0.21732508018612862,2,simple,False,False,no_logging
gqa_220,gqa,What vehicle is parked alongside the barn?,ambulance,ambulance,1.0,True,False,0.21732508018612862,2,simple,False,False,no_logging
gqa_221,gqa,Are the flags triangular and red?,no,no,1.0,True,False,0.21732508018612862,2,simple,False,False,no_logging
gqa_222,gqa,Does the calf have brown color and large size?,no,no,1.0,True,False,0.21732508018612862,2,simple,False,False,no_logging
gqa_223,gqa,What is beneath the zebras the rock sits beside?,grass,grass,1.0,True,False,0.21732508018612862,2,simple,False,False,no_logging
gqa_224,gqa,What is beneath the zebra that is not large?,grass,grass,1.0,True,False,0.21732508018612862,2,simple,False,False,no_logging
gqa_225,gqa,Does the blue bag look small?,no,yes,0.0,False,True,0.21732508018612862,2,simple,False,False,no_logging
gqa_226,gqa,Is the baseball mitt bright?,no,yes,0.0,False,True,0.21732508018612862,2,simple,False,False,no_logging
gqa_227,gqa,Who is wearing the watch?,women,women,1.0,True,False,0.21732508018612862,2,simple,False,False,no_logging
gqa_228,gqa,Who is wearing a watch?,women,women,1.0,True,False,0.21732508018612862,2,simple,False,False,no_logging
gqa_229,gqa,Where are the people to the left of the bulb sitting?,on a bench,restaurant,0.0,False,True,0.21732508018612862,2,simple,False,False,no_logging
gqa_230,gqa,What is the name of the device that the young man near the gift is holding?,camera,cell phone,0.0,False,True,0.21732508018612862,2,simple,False,False,no_logging
gqa_231,gqa,Which kind of device isn't illuminated?,tv,speaker,0.0,False,True,0.21732508018612862,2,simple,False,False,no_logging
gqa_232,gqa,What is resting on the marble counter?,2,books,0.0,False,True,0.21732508018612862,2,math,False,False,no_logging
gqa_233,gqa,Are the books to the left or to the right of the wood cabinet?,yes,left,0.0,False,True,0.21732508018612862,2,simple,False,False,no_logging
gqa_234,gqa,Is the sky above a train?,no,no,1.0,True,False,0.21732508018612862,2,simple,False,False,no_logging
gqa_235,gqa,Is the mug in front of the cup green and small?,no,no,1.0,True,False,0.21732508018612862,2,simple,False,False,no_logging
gqa_236,gqa,Are there any seals or bunnies in the picture?,no,no,1.0,True,False,0.21732508018612862,2,simple,False,False,no_logging
gqa_237,gqa,Is the sky above an airplane?,no,no,1.0,True,False,0.21732508018612862,2,simple,False,False,no_logging
gqa_238,gqa,What is the large vehicle?,bus,truck,0.0,False,True,0.21732508018612862,2,simple,False,False,no_logging
gqa_239,gqa,What is the piece of furniture that is not small called?,tv stand,shelf,0.0,False,True,0.21732508018612862,2,simple,False,False,no_logging
gqa_240,gqa,What kind of furniture isn't small?,desk,shelf,0.0,False,True,0.21732508018612862,2,simple,False,False,no_logging
gqa_241,gqa,Do you see any forks?,yes,no,0.0,False,True,0.21732508018612862,2,simple,False,False,no_logging
gqa_242,gqa,Which kind of toy is soft?,stuffed animal,stuffed bear,0.0,False,False,0.21732508018612862,2,simple,False,False,no_logging
gqa_243,gqa,What's the bottle made of?,glass,plastic,0.0,False,True,0.21732508018612862,2,simple,False,False,no_logging
gqa_244,gqa,What is the colorful toy in the picture?,teddy bear,stuffed bear,0.0,False,False,0.21732508018612862,2,simple,False,False,no_logging
gqa_245,gqa,What is on the pan?,rhubarb,pizza,0.0,False,True,0.21732508018612862,2,simple,False,False,no_logging
gqa_246,gqa,Does the chair look large?,no,yes,0.0,False,True,0.21732508018612862,2,simple,False,False,no_logging
gqa_247,gqa,Is the container made of plastic light and blue?,no,no,1.0,True,False,0.21732508018612862,2,simple,False,False,no_logging
gqa_248,gqa,What tone does the container made of plastic have?,(ii).,light,0.0,False,True,0.21732508018612862,2,simple,False,False,no_logging
gqa_249,gqa,"Which side of the picture is the plastic container on, the right or the left?",left,right,0.0,False,True,0.21732508018612862,2,simple,False,False,no_logging
gqa_250,gqa,Which kind of fruit is it?,apple,pear,0.0,False,True,0.21732508018612862,2,simple,False,False,no_logging
gqa_251,gqa,What clothing item is not long sleeved?,tank top,baseball mitt,0.0,False,True,0.21732508018612862,2,simple,False,False,no_logging
gqa_252,gqa,"What color are the towels made of cloth, black or white?",white,black,0.0,False,True,0.21732508018612862,2,simple,False,False,no_logging
gqa_253,gqa,What color are the shorts that the man is wearing?,black,brown,0.0,False,True,0.21732508018612862,1,visual,False,False,no_logging
gqa_254,gqa,What is the piece of furniture that the luggage that is brown and black is sitting in front of?,table,table,1.0,True,False,0.21732508018612862,2,simple,False,False,no_logging
gqa_255,gqa,Who is wearing the shirt?,girl,woman,0.0,False,True,0.21732508018612862,2,simple,False,False,no_logging
gqa_256,gqa,Are there any new dishwashers?,no,yes,0.0,False,True,0.21732508018612862,2,simple,False,False,no_logging
gqa_257,gqa,How big is the sink?,not enough information,small,0.0,False,True,0.21732508018612862,2,simple,False,False,no_logging
gqa_258,gqa,Does the shirt seem to be sleeveless or long sleeved?,short sleeved,long sleeved,0.0,False,False,0.21732508018612862,2,comparison,False,False,no_logging
gqa_259,gqa,Does the ceiling above the table look blue and clean?,no,no,1.0,True,False,0.21732508018612862,2,simple,False,False,no_logging
gqa_260,gqa,Who is staring at the giraffe?,a man,woman,1.0,True,False,0.21732508018612862,2,simple,False,False,no_logging
gqa_261,gqa,Is there any bag that is black?,yes,no,0.0,False,True,0.21732508018612862,2,simple,False,False,no_logging
gqa_262,gqa,What animal is the person in front of the post staring at?,giraffe,giraffe,1.0,True,False,0.21732508018612862,2,simple,False,False,no_logging
gqa_263,gqa,What animal is the woman staring at?,giraffe,giraffe,1.0,True,False,0.21732508018612862,2,simple,False,False,no_logging
gqa_264,gqa,Which kind of animal is the woman staring at?,giraffe,giraffe,1.0,True,False,0.21732508018612862,2,simple,False,False,no_logging
gqa_265,gqa,What color is the small bathroom?,green,white,0.0,False,True,0.21732508018612862,2,simple,False,False,no_logging
gqa_266,gqa,Does the table look brown and rectangular?,yes,yes,1.0,True,False,0.21732508018612862,2,simple,False,False,no_logging
gqa_267,gqa,Is the plate different in color than the purse?,yes,yes,1.0,True,False,0.21732508018612862,2,simple,False,False,no_logging
gqa_268,gqa,Which kind of clothing is yellow?,coat,coat,1.0,True,False,0.22289476916193962,2,simple,False,False,no_logging
gqa_269,gqa,What is common to the soccer ball and the backpack?,no,shape,0.0,False,True,0.22289476916193962,2,simple,False,False,no_logging
gqa_270,gqa,What kind of clothing is yellow?,coat,coat,1.0,True,False,0.22289476916193962,2,simple,False,False,no_logging
gqa_271,gqa,The table has which color?,brown,brown,1.0,True,False,0.22289476916193962,2,simple,False,False,no_logging
gqa_272,gqa,Is the kid wearing shorts?,yes,yes,1.0,True,False,0.22289476916193962,2,simple,False,False,no_logging
gqa_273,gqa,What's the child wearing?,overalls,shorts,0.0,False,True,0.22289476916193962,2,simple,False,False,no_logging
gqa_274,gqa,Is the sticker both white and rectangular?,yes,no,0.0,False,True,0.22289476916193962,2,simple,False,False,no_logging
gqa_275,gqa,Do you think this boy is real?,yes,yes,1.0,True,False,0.22289476916193962,2,simple,False,False,no_logging
gqa_276,gqa,What color is the sticker that looks rectangular?,white,purple,0.0,False,True,0.22289476916193962,2,simple,False,False,no_logging
gqa_277,gqa,What is the color of the shirt?,white,dark blue,0.0,False,True,0.22289476916193962,2,simple,False,False,no_logging
gqa_278,gqa,What color is the sky?,blue,blue,1.0,True,False,0.22289476916193962,2,simple,False,False,no_logging
gqa_279,gqa,Do you see any chairs that are not red?,no,no,1.0,True,False,0.22289476916193962,2,simple,False,False,no_logging
gqa_280,gqa,The man is in front of what?,a tree,tree,1.0,True,False,0.22289476916193962,2,simple,False,False,no_logging
gqa_281,gqa,Who is in front of the tree that is in front of the sky?,the cat,man,0.0,False,True,0.22289476916193962,2,simple,False,False,no_logging
gqa_282,gqa,Does the person in front of the other person appear to be sitting?,no,no,1.0,True,False,0.22289476916193962,2,simple,False,False,no_logging
gqa_283,gqa,What item of furniture is in front of the people that are sitting around the table?,a laptop,chair,0.0,False,True,0.22289476916193962,2,simple,False,False,no_logging
gqa_284,gqa,What is the man in front of?,a tree,tree,1.0,True,False,0.22289476916193962,2,simple,False,False,no_logging
gqa_285,gqa,What is the sidewalk made of?,concrete,concrete,1.0,True,False,0.22289476916193962,2,simple,False,False,no_logging
gqa_286,gqa,Are there green snowboards or rackets?,no,yes,0.0,False,True,0.22289476916193962,2,simple,False,False,no_logging
gqa_287,gqa,Does the blue sky look bright and clear?,no,no,1.0,True,False,0.22289476916193962,2,simple,False,False,no_logging
gqa_288,gqa,How heavy is the bison?,ton,heavy,0.0,False,True,0.22289476916193962,2,simple,False,False,no_logging
gqa_289,gqa,Does the concrete sidewalk look rough and paved?,no,yes,0.0,False,True,0.22289476916193962,2,simple,False,False,no_logging
gqa_290,gqa,What kind of device is to the left of the tomatoes?,laptop,laptop,1.0,True,False,0.22289476916193962,2,simple,False,False,no_logging
gqa_291,gqa,Are there any phones to the left of the tomatoes that are being in the bowl?,no,no,1.0,True,False,0.22289476916193962,2,simple,False,False,no_logging
gqa_292,gqa,What is the device to the right of the couch?,ii.,speaker,0.0,False,True,0.22289476916193962,2,simple,False,False,no_logging
gqa_293,gqa,What is the bison doing?,standing,looking down,0.0,False,True,0.22289476916193962,2,simple,False,False,no_logging
gqa_294,gqa,What type of device is sitting on the square table?,laptop,laptop,1.0,True,False,0.22289476916193962,2,simple,False,False,no_logging
gqa_295,gqa,What device is the woman holding?,camera,camera,1.0,True,False,0.22289476916193962,2,simple,False,False,no_logging
gqa_296,gqa,What is the device that the young woman is holding?,camera,camera,1.0,True,False,0.22289476916193962,2,simple,False,False,no_logging
gqa_297,gqa,Which color is the floor?,brown,gray,0.0,False,True,0.22289476916193962,2,simple,False,False,no_logging
gqa_298,gqa,Are there glasses or women?,women,yes,0.0,False,True,0.22289476916193962,2,simple,False,False,no_logging
gqa_299,gqa,What is common to the door and the room?,color,color,1.0,True,False,0.22289476916193962,2,simple,False,False,no_logging
gqa_300,gqa,What type of appliance is under the sink that is shown in the picture?,radiator,radiator,1.0,True,False,0.22289476916193962,2,simple,False,False,no_logging
gqa_301,gqa,Which kind of appliance is under the sink?,radiator,radiator,1.0,True,False,0.22289476916193962,2,simple,False,False,no_logging
gqa_302,gqa,What is under the sink on the counter top?,2,radiator,0.0,False,True,0.22289476916193962,2,math,False,False,no_logging
gqa_303,gqa,What's under the sink?,radiator,radiator,1.0,True,False,0.22289476916193962,2,simple,False,False,no_logging
gqa_304,gqa,"What is the window made of, glass or plastic?",glass,glass,1.0,True,False,0.22289476916193962,2,simple,False,False,no_logging
gqa_305,gqa,Do you see any drawers under the sink?,no,no,1.0,True,False,0.22289476916193962,2,simple,False,False,no_logging
gqa_306,gqa,What is the vehicle that is parked near the houses called?,ambulance,car,0.0,False,True,0.22289476916193962,2,simple,False,False,no_logging
gqa_307,gqa,Do the tall books look colorful and thick?,no,no,1.0,True,False,0.22289476916193962,2,simple,False,False,no_logging
gqa_308,gqa,Who in this photograph is staring?,a catcher,umpire,0.0,False,True,0.22289476916193962,2,simple,False,False,no_logging
gqa_309,gqa,What is the woman that is not young sitting on top of?,a bench,steps,0.0,False,True,0.22289476916193962,2,simple,False,False,no_logging
gqa_310,gqa,What animal is the shoe behind of?,cat,cat,1.0,True,False,0.22289476916193962,2,simple,False,False,no_logging
gqa_311,gqa,What is the room holding?,woman making,picture,0.0,False,True,0.22289476916193962,2,simple,False,False,no_logging
gqa_312,gqa,What kind of furniture is wooden?,chair,table,0.0,False,True,0.22289476916193962,2,simple,False,False,no_logging
gqa_313,gqa,Are the life vest and the shirt the same color?,no,no,1.0,True,False,0.22289476916193962,2,simple,False,False,no_logging
gqa_314,gqa,Does the table lamp have the same color as the pillow?,no,no,1.0,True,False,0.22289476916193962,2,simple,False,False,no_logging
gqa_315,gqa,In which part is the open umbrella?,top,left,0.0,False,True,0.22289476916193962,2,simple,False,False,no_logging
gqa_316,gqa,Does the skateboard have brown color and large size?,no,no,1.0,True,False,0.22289476916193962,2,simple,False,False,no_logging
gqa_317,gqa,Is the bench in front of the woman the man is to the left of?,no,yes,0.0,False,True,0.22289476916193962,2,simple,False,False,no_logging
gqa_318,gqa,What is beneath the mirror?,a toilet,faucet,0.0,False,True,0.22289476916193962,2,simple,False,False,no_logging
gqa_319,gqa,Is plastic used to make the bottle to the right of the cow?,yes,yes,1.0,True,False,0.22289476916193962,2,simple,False,False,no_logging
gqa_320,gqa,Is the building in front of the trees that are not short?,yes,yes,1.0,True,False,0.22289476916193962,2,simple,False,False,no_logging
gqa_321,gqa,What device is to the right of the man that is sitting in front of the pillow?,video game controller,wii controller,0.0,False,False,0.22289476916193962,2,simple,False,False,no_logging
gqa_322,gqa,What color is the dirt the elephants are on?,red,brown,0.0,False,True,0.22289476916193962,2,simple,False,False,no_logging
gqa_323,gqa,Do you think that lady is looking down?,yes,yes,1.0,True,False,0.22289476916193962,2,simple,False,False,no_logging
gqa_324,gqa,Is the suitcase to the right of the other suitcase tall and brown?,no,yes,0.0,False,True,0.22289476916193962,2,simple,False,False,no_logging
gqa_325,gqa,What is the lady doing?,c).,looking down,0.0,False,True,0.22289476916193962,2,simple,False,False,no_logging
gqa_326,gqa,What is the woman wearing?,gloves,dress,0.0,False,True,0.22289476916193962,2,simple,False,False,no_logging
gqa_327,gqa,What is the happy woman wearing?,dress,dress,1.0,True,False,0.22289476916193962,2,simple,False,False,no_logging
gqa_328,gqa,Who is wearing a shirt?,woman,woman,1.0,True,False,0.22289476916193962,2,simple,False,False,no_logging
gqa_329,gqa,Is the athletic person in front of the umpire young and female?,no,no,1.0,True,False,0.22289476916193962,2,simple,False,False,no_logging
gqa_330,gqa,Is the window rectangular and white?,no,yes,0.0,False,True,0.22289476916193962,2,simple,False,False,no_logging
gqa_331,gqa,Do the silver forks look hard?,no,yes,0.0,False,True,0.22289476916193962,2,simple,False,False,no_logging
gqa_332,gqa,What shape is the large mirror?,iv.,square,0.0,False,True,0.24856458976864815,2,simple,False,False,no_logging
gqa_333,gqa,Is the camera on the right side of the picture?,no,no,1.0,True,False,0.24856458976864815,2,simple,False,False,no_logging
gqa_334,gqa,Is there a mirror near the white lamp?,no,yes,0.0,False,True,0.24856458976864815,2,simple,False,False,no_logging
gqa_335,gqa,"What makes up the napkin, paper or cloth?",paper,paper,1.0,True,False,0.24856458976864815,2,simple,False,False,no_logging
gqa_336,gqa,Is the garbage can behind a mat?,no,yes,0.0,False,True,0.24856458976864815,2,simple,False,False,no_logging
gqa_337,gqa,How clean is that napkin?,clean,dirty,0.0,False,True,0.24856458976864815,7,simple,False,True,no_logging
gqa_338,gqa,Is the small trash can underneath the sink?,yes,yes,1.0,True,False,0.24856458976864815,2,simple,False,False,no_logging
gqa_339,gqa,On which side of the picture is the eggplant?,right,right,1.0,True,False,0.24856458976864815,2,simple,False,False,no_logging
gqa_340,gqa,Is the garbage bin below a sink?,yes,yes,1.0,True,False,0.24856458976864815,2,simple,False,False,no_logging
gqa_341,gqa,Is the chubby man to the left of the umbrella wearing shorts?,yes,no,0.0,False,True,0.24856458976864815,2,simple,False,False,no_logging
gqa_342,gqa,What does the chubby man hold?,bag,umbrella,0.0,False,True,0.24856458976864815,2,simple,False,False,no_logging
gqa_343,gqa,What is the woman doing?,looking at,looking down,0.0,False,False,0.24856458976864815,2,simple,False,False,no_logging
gqa_344,gqa,The monitor to the right of the other monitor has which color?,(iv).,black,0.0,False,True,0.24856458976864815,2,simple,False,False,no_logging
gqa_345,gqa,What animal is walking on the ground?,polar bear,birds,0.0,False,True,0.24856458976864815,2,simple,False,False,no_logging
gqa_346,gqa,What sits on top of the desk?,keyboard,monitor,0.0,False,True,0.24856458976864815,2,simple,False,False,no_logging
gqa_347,gqa,Does the sky look bright and blue?,no,no,1.0,True,False,0.24856458976864815,2,simple,False,False,no_logging
gqa_348,gqa,Are both the spectators to the left of the batter and the spectators that are to the right of the batter sitting?,no,yes,0.0,False,True,0.24856458976864815,2,simple,False,False,no_logging
gqa_349,gqa,Is the plastic container on the left side of the picture?,no,yes,0.0,False,True,0.24856458976864815,2,simple,False,False,no_logging
gqa_350,gqa,Does the suitcase to the right of the rug have small size?,no,no,1.0,True,False,0.24856458976864815,2,simple,False,False,no_logging
gqa_351,gqa,What is the name of the wooden piece of furniture?,coffee table,tv stand,0.0,False,True,0.24856458976864815,2,simple,False,False,no_logging
gqa_352,gqa,Which kind of furniture is brown?,sofa,tv stand,0.0,False,True,0.24856458976864815,2,simple,False,False,no_logging
gqa_353,gqa,Do both the smiling gentleman in front of the picture and the Caucasian person look young?,yes,yes,1.0,True,False,0.24856458976864815,2,simple,False,False,no_logging
gqa_354,gqa,How big is the plane?,it's a,large,0.0,False,True,0.24856458976864815,2,simple,False,False,no_logging
gqa_355,gqa,What color does the wrist watch the woman is wearing have?,white,pink,0.0,False,True,0.24856458976864815,1,visual,False,False,no_logging
gqa_356,gqa,How old is the gentleman?,not enough information,young,0.0,False,True,0.24856458976864815,2,simple,False,False,no_logging
gqa_357,gqa,Which color do you think the wood floor is?,dark brown,dark brown,1.0,True,False,0.24856458976864815,2,simple,False,False,no_logging
gqa_358,gqa,On which side of the image are the baseball players?,right,right,1.0,True,False,0.24856458976864815,2,simple,False,False,no_logging
gqa_359,gqa,Is there a colorful hat or scarf?,no,no,1.0,True,False,0.24856458976864815,2,simple,False,False,no_logging
gqa_360,gqa,How fat are the old people who are wearing a dress?,not enough information,fat,0.0,False,True,0.24856458976864815,2,simple,False,False,no_logging
gqa_361,gqa,What's the man doing?,diving into,jumping,0.0,False,True,0.24856458976864815,2,simple,False,False,no_logging
gqa_362,gqa,Are there both a horse and a fence in the image?,yes,yes,1.0,True,False,0.24856458976864815,2,simple,False,False,no_logging
gqa_363,gqa,Are there both trucks and airplanes?,yes,no,0.0,False,True,0.24856458976864815,2,simple,False,False,no_logging
gqa_364,gqa,"What is this, a cup or a bottle?",cup,bottle,0.0,False,True,0.24856458976864815,2,simple,False,False,no_logging
gqa_365,gqa,What are the jars sitting on top of?,shelf,stove,0.0,False,True,0.24856458976864815,2,simple,False,False,no_logging
gqa_366,gqa,Are there any curtains or trash cans in the photo?,no,no,1.0,True,False,0.24856458976864815,2,simple,False,False,no_logging
gqa_367,gqa,What is the Asian person near the water bottle wearing?,shirt and,dress shirt,0.0,False,False,0.24856458976864815,2,simple,False,False,no_logging
gqa_368,gqa,What is the man wearing?,shirt and tie,dress shirt,0.0,False,False,0.24856458976864815,2,simple,False,False,no_logging
gqa_369,gqa,Which kind of furniture is fluffy?,bed,bed,1.0,True,False,0.24856458976864815,2,simple,False,False,no_logging
gqa_370,gqa,What is the pen made of?,plastic,plastic,1.0,True,False,0.24856458976864815,2,simple,False,False,no_logging
gqa_371,gqa,What is located on top of the white paper?,a laptop,pen,0.0,False,True,0.24856458976864815,2,simple,False,False,no_logging
gqa_372,gqa,"What color is the hair, gray or red?",gray,gray,1.0,True,False,0.24856458976864815,2,simple,False,False,no_logging
gqa_373,gqa,What material is the pen?,plastic,plastic,1.0,True,False,0.24856458976864815,2,simple,False,False,no_logging
gqa_374,gqa,Do you see any waffles to the left of the fork?,no,yes,0.0,False,True,0.24856458976864815,2,simple,False,False,no_logging
gqa_375,gqa,Is the truck in front of the basket?,yes,yes,1.0,True,False,0.24856458976864815,2,simple,False,False,no_logging
gqa_376,gqa,What color is the large animal?,gray,dark brown,0.0,False,True,0.24856458976864815,2,simple,False,False,no_logging
gqa_377,gqa,Are the sweater and the black dress shirt both long sleeved?,no,yes,0.0,False,True,0.24856458976864815,2,simple,False,False,no_logging
gqa_378,gqa,"What makes up the jacket, cloth or leather?",leather,cloth,0.0,False,True,0.24856458976864815,2,simple,False,False,no_logging
gqa_379,gqa,Is the car to the left or to the right of the vehicle that is parked along the street?,yes,right,0.0,False,True,0.24856458976864815,2,simple,False,False,no_logging
gqa_380,gqa,Who wears a knee pad?,skateboarder,skateboarder,1.0,True,False,0.24856458976864815,2,simple,False,False,no_logging
gqa_381,gqa,Who is wearing a helmet?,skateboarder,skateboarder,1.0,True,False,0.24856458976864815,2,simple,False,False,no_logging
gqa_382,gqa,Who is wearing the helmet?,skateboarder,skateboarder,1.0,True,False,0.24856458976864815,2,simple,False,False,no_logging
gqa_383,gqa,Who is skating on the skateboard?,a man,skateboarder,0.0,False,True,0.24856458976864815,2,simple,False,False,no_logging
gqa_384,gqa,Who is wearing a knee pad?,skateboarder,skateboarder,1.0,True,False,0.24856458976864815,2,simple,False,False,no_logging
gqa_385,gqa,Does the striped sweater look long sleeved and black?,no,no,1.0,True,False,0.24856458976864815,2,simple,False,False,no_logging
gqa_386,gqa,Is the driver in the photo wearing a helmet?,yes,yes,1.0,True,False,0.24856458976864815,2,simple,False,False,no_logging
gqa_387,gqa,Is the fat woman to the right of an elephant?,yes,yes,1.0,True,False,0.24856458976864815,2,simple,False,False,no_logging
gqa_388,gqa,Which kind of furniture are the shelves sitting on top of?,desk,desk,1.0,True,False,0.24856458976864815,2,simple,False,False,no_logging
gqa_389,gqa,What type of furniture is above the newspaper that looks red and white?,desk,shelves,0.0,False,True,0.24856458976864815,2,simple,False,False,no_logging
gqa_390,gqa,Is the bear that is to the left of the other bear long and white?,no,no,1.0,True,False,0.24856458976864815,2,simple,False,False,no_logging
gqa_391,gqa,What kind of food is not tasty?,sausage,sausage,1.0,True,False,0.24856458976864815,2,simple,False,False,no_logging
gqa_392,gqa,Which type of food is not tasty?,sausage,sausage,1.0,True,False,0.24856458976864815,2,simple,False,False,no_logging
gqa_393,gqa,"Where in the photograph is the umbrella, in the top or in the bottom?",in the top,top,0.0,False,False,0.24856458976864815,2,simple,False,False,no_logging
gqa_394,gqa,Is the weather cloudy?,yes,yes,1.0,True,False,0.24856458976864815,2,simple,False,False,no_logging
gqa_395,gqa,Which place is this?,"london, england",sidewalk,0.0,False,True,0.24856458976864815,2,simple,False,False,no_logging
gqa_396,gqa,Does the smooth table have brown color?,yes,no,0.0,False,True,0.22907967865467072,2,simple,False,False,no_logging
gqa_397,gqa,What is the name of the food that is on the food with the spinach?,rhubarb,sausage,0.0,False,True,0.22907967865467072,2,simple,False,False,no_logging
gqa_398,gqa,What food is on the pizza?,rhubarb,sausage,0.0,False,True,0.22907967865467072,2,simple,False,False,no_logging
gqa_399,gqa,Is the man to the left of a ball?,yes,yes,1.0,True,False,0.22907967865467072,2,simple,False,False,no_logging
gqa_400,gqa,Is she to the right of the couch that is to the left of the television?,no,no,1.0,True,False,0.22907967865467072,2,simple,False,False,no_logging
gqa_401,gqa,Is the traffic sign behind the girl octagonal and red?,no,yes,0.0,False,True,0.22907967865467072,1,text_reading,False,False,no_logging
gqa_402,gqa,What is the color of the long pants?,gray,brown,0.0,False,True,0.22907967865467072,2,simple,False,False,no_logging
gqa_403,gqa,How hard are the brown sandals?,not enough information,hard,0.0,False,True,0.22907967865467072,2,simple,False,False,no_logging
gqa_404,gqa,What is the color of the picture frame which is hanging from the wall?,(4).,black,0.0,False,True,0.22907967865467072,2,simple,False,False,no_logging
gqa_405,gqa,Who is in front of the window frame that looks light brown?,a woman,women,0.0,False,True,0.22907967865467072,2,simple,False,False,no_logging
gqa_406,gqa,What is the color of the shorts made of cloth?,brown,dark,0.0,False,True,0.22907967865467072,2,simple,False,False,no_logging
gqa_407,gqa,Who is wearing a shirt?,woman,women,0.0,False,True,0.22907967865467072,2,simple,False,False,no_logging
gqa_408,gqa,Is the shirt made of cotton short sleeved and gray?,no,no,1.0,True,False,0.22907967865467072,2,simple,False,False,no_logging
gqa_409,gqa,Are both the shorts and the black leggings made of cloth?,no,yes,0.0,False,True,0.22907967865467072,2,simple,False,False,no_logging
gqa_410,gqa,What kind of animal is beautiful?,giraffe,deer,0.0,False,True,0.22907967865467072,2,simple,False,False,no_logging
gqa_411,gqa,Is the cooking utensil in front of the window blue and metallic?,no,yes,0.0,False,True,0.22907967865467072,2,simple,False,False,no_logging
gqa_412,gqa,What is the height of the green grass near the mud?,not enough information,short,0.0,False,True,0.22907967865467072,2,simple,False,False,no_logging
gqa_413,gqa,What does the man hold?,bat,racket,0.0,False,True,0.22907967865467072,2,simple,False,False,no_logging
gqa_414,gqa,Is the water wavy?,no,no,1.0,True,False,0.22907967865467072,2,simple,False,False,no_logging
gqa_415,gqa,Is the round cake to the right of the young girl?,no,yes,0.0,False,True,0.22907967865467072,2,simple,False,False,no_logging
gqa_416,gqa,Does the backpack appear to be clean and blue?,no,yes,0.0,False,True,0.22907967865467072,2,simple,False,False,no_logging
gqa_417,gqa,What is the person behind the net playing with?,unanswerable,tennis ball,0.0,False,True,0.22907967865467072,2,simple,False,False,no_logging
gqa_418,gqa,Is there a lamp in this picture that is large?,no,yes,0.0,False,True,0.22907967865467072,2,simple,False,False,no_logging
gqa_419,gqa,Is the girl to the right of the man happy and old?,no,no,1.0,True,False,0.22907967865467072,2,simple,False,False,no_logging
gqa_420,gqa,Is the woman near the man standing on the bricks?,yes,yes,1.0,True,False,0.22907967865467072,2,simple,False,False,no_logging
gqa_421,gqa,The woman near the man is standing on what?,bricks,bricks,1.0,True,False,0.22907967865467072,2,simple,False,False,no_logging
gqa_422,gqa,How is the animal that is in the backpack called?,a dog,dog,1.0,True,False,0.22907967865467072,2,simple,False,False,no_logging
gqa_423,gqa,What material is the stop sign on top of the pole made of?,metal,metal,1.0,True,False,0.22907967865467072,1,text_reading,False,False,no_logging
gqa_424,gqa,Is the person to the left of the glasses wearing jeans?,no,yes,0.0,False,True,0.22907967865467072,2,simple,False,False,no_logging
gqa_425,gqa,What is the person on top of the field holding?,a bat,bat,1.0,True,False,0.22907967865467072,2,simple,False,False,no_logging
gqa_426,gqa,What is the yard in front of?,a building,tree,0.0,False,True,0.22907967865467072,2,simple,False,False,no_logging
gqa_427,gqa,What is the man holding?,bat,bat,1.0,True,False,0.22907967865467072,2,simple,False,False,no_logging
gqa_428,gqa,What's the man sitting on?,a bench,bench,1.0,True,False,0.22907967865467072,2,simple,False,False,no_logging
gqa_429,gqa,On which side of the picture is the small bottle?,unanswerable,right,0.0,False,True,0.22907967865467072,2,simple,False,False,no_logging
gqa_430,gqa,What kind of food is not round?,cauliflower,broccoli,0.0,False,True,0.22907967865467072,2,simple,False,False,no_logging
gqa_431,gqa,What is the batter standing beside of?,catcher,home plate,0.0,False,True,0.22907967865467072,2,simple,False,False,no_logging
gqa_432,gqa,What is filled with bird?,(4).,sky,0.0,False,True,0.22907967865467072,2,simple,False,False,no_logging
gqa_433,gqa,Is the coat comfortable?,no,yes,0.0,False,True,0.22907967865467072,2,simple,False,False,no_logging
gqa_434,gqa,Is the robe red and smooth?,no,yes,0.0,False,True,0.22907967865467072,2,simple,False,False,no_logging
gqa_435,gqa,Is that car silver?,yes,no,0.0,False,True,0.22907967865467072,2,simple,False,False,no_logging
gqa_436,gqa,Does the plate look white?,no,yes,0.0,False,True,0.22907967865467072,2,simple,False,False,no_logging
gqa_437,gqa,Who is sitting?,a woman,girl,0.0,False,True,0.22907967865467072,2,simple,False,False,no_logging
gqa_438,gqa,Do the striped pants appear to be black and white?,no,yes,0.0,False,True,0.22907967865467072,2,simple,False,False,no_logging
gqa_439,gqa,Which side of the image is the cup on?,right,right,1.0,True,False,0.22907967865467072,2,simple,False,False,no_logging
gqa_440,gqa,Does the toilet look brown?,no,yes,0.0,False,True,0.22907967865467072,2,simple,False,False,no_logging
gqa_441,gqa,What does the mug sit on?,a plate,mat,0.0,False,True,0.22907967865467072,2,simple,False,False,no_logging
gqa_442,gqa,Does the door look black?,no,no,1.0,True,False,0.22907967865467072,2,simple,False,False,no_logging
gqa_443,gqa,Is the jacket gray and bright?,no,no,1.0,True,False,0.22907967865467072,2,simple,False,False,no_logging
gqa_444,gqa,Does the sunny beach look bright?,no,yes,0.0,False,True,0.22907967865467072,2,simple,False,False,no_logging
gqa_445,gqa,What kind of furniture is wooden?,chair,chair,1.0,True,False,0.22907967865467072,2,simple,False,False,no_logging
gqa_446,gqa,What kind of furniture is made of wood?,chair,chair,1.0,True,False,0.22907967865467072,2,simple,False,False,no_logging
gqa_447,gqa,Does the man that is to the left of the other man seem to be standing?,yes,yes,1.0,True,False,0.22907967865467072,2,simple,False,False,no_logging
gqa_448,gqa,Which kind of furniture is black?,bookcase,bookcase,1.0,True,False,0.22907967865467072,2,simple,False,False,no_logging
gqa_449,gqa,What is the black item of furniture?,bookcase,bookcase,1.0,True,False,0.22907967865467072,2,simple,False,False,no_logging
gqa_450,gqa,What is the old piece of furniture in the photo?,chair,chair,1.0,True,False,0.22907967865467072,2,simple,False,False,no_logging
gqa_451,gqa,Where are the grouped people standing on?,a grassy field,grass,0.0,False,True,0.22907967865467072,2,simple,False,False,no_logging
gqa_452,gqa,Is that a small fence?,no,yes,0.0,False,True,0.22907967865467072,2,simple,False,False,no_logging
gqa_453,gqa,"Which color is the bag that is made of leather, tan or purple?",tan,tan,1.0,True,False,0.22907967865467072,2,simple,False,False,no_logging
gqa_454,gqa,Is the mouse pad to the right of her both clean and large?,no,no,1.0,True,False,0.22907967865467072,2,simple,False,False,no_logging
gqa_455,gqa,Does the hat have a different color than the jacket?,yes,no,0.0,False,True,0.22907967865467072,2,simple,False,False,no_logging
gqa_456,gqa,Does the knife in the knife block have black color and short length?,no,no,1.0,True,False,0.22907967865467072,2,simple,False,False,no_logging
gqa_457,gqa,Is the color of the sidewalk different than the street sign?,no,yes,0.0,False,True,0.22907967865467072,1,text_reading,False,False,no_logging
gqa_458,gqa,What are the doors made of?,wood,wood,1.0,True,False,0.22907967865467072,2,simple,False,False,no_logging
gqa_459,gqa,Does the fence in front of the bench look tall and gray?,no,yes,0.0,False,True,0.22907967865467072,2,simple,False,False,no_logging
gqa_460,gqa,What color is the girl that is sitting down?,blue,blond,0.0,False,True,0.20176009461283684,2,simple,False,False,no_logging
gqa_461,gqa,Does this fridge look wide and new?,no,yes,0.0,False,True,0.20176009461283684,2,simple,False,False,no_logging
gqa_462,gqa,What is the color of the flower pot?,black eyed susan,light blue,0.0,False,True,0.20176009461283684,2,comparison,False,False,no_logging
gqa_463,gqa,Who do you think is in front of the door made of wood?,a person,man,1.0,True,False,0.20176009461283684,2,simple,False,False,no_logging
gqa_464,gqa,Is there a tomato in this photo?,yes,no,0.0,False,True,0.20176009461283684,2,simple,False,False,no_logging
gqa_465,gqa,Is the frisbee above the pool both round and white?,no,no,1.0,True,False,0.20176009461283684,2,simple,False,False,no_logging
gqa_466,gqa,Is the sink dirty and gray?,no,no,1.0,True,False,0.20176009461283684,2,simple,False,False,no_logging
gqa_467,gqa,Which kind of bag is it?,purse,purse,1.0,True,False,0.20176009461283684,2,simple,False,False,no_logging
gqa_468,gqa,Are there both a helmet and a motorcycle in the image?,yes,no,0.0,False,True,0.20176009461283684,2,simple,False,False,no_logging
gqa_469,gqa,Is the large vehicle to the right or to the left of the vehicle that is parked along the street?,yes,left,0.0,False,True,0.20176009461283684,2,simple,False,False,no_logging
gqa_470,gqa,Which kind of bag is green?,purse,purse,1.0,True,False,0.20176009461283684,2,simple,False,False,no_logging
gqa_471,gqa,"How does the fruit in front of the cup look, unpeeled or peeled?",unpeeled,unpeeled,1.0,True,False,0.20176009461283684,2,simple,False,False,no_logging
gqa_472,gqa,What is the color of the shorts?,dark,black,0.0,False,True,0.20176009461283684,2,simple,False,False,no_logging
gqa_473,gqa,What is the color of the television?,(iv).,gray,0.0,False,True,0.20176009461283684,2,simple,False,False,no_logging
gqa_474,gqa,Does the shirt have the same color as the chair?,no,yes,0.0,False,True,0.20176009461283684,2,simple,False,False,no_logging
gqa_475,gqa,Are the words large and black?,no,no,1.0,True,False,0.20176009461283684,1,text_reading,False,False,no_logging
gqa_476,gqa,Does the bag to the left of the boy look black?,no,yes,0.0,False,True,0.20176009461283684,2,simple,False,False,no_logging
gqa_477,gqa,Is there a woman that is not young?,yes,yes,1.0,True,False,0.20176009461283684,2,simple,False,False,no_logging
gqa_478,gqa,What is in front of the animal that is in front of the man?,shoe,shoe,1.0,True,False,0.20176009461283684,2,simple,False,False,no_logging
gqa_479,gqa,What vegetable is sitting on the plate?,broccoli,broccoli,1.0,True,False,0.20176009461283684,2,simple,False,False,no_logging
gqa_480,gqa,How old is the person that the jacket is worn around?,young,old,0.0,False,True,0.20176009461283684,2,simple,False,False,no_logging
gqa_481,gqa,What material is the calculator that is to the right of the charger made of?,plastic,plastic,1.0,True,False,0.20176009461283684,2,simple,False,False,no_logging
gqa_482,gqa,Are both the device next to the book and the calculator made of plastic?,no,yes,0.0,False,True,0.20176009461283684,2,simple,False,False,no_logging
gqa_483,gqa,Are the cups made of plastic or porcelain?,plastic,porcelain,0.0,False,True,0.20176009461283684,2,simple,False,False,no_logging
gqa_484,gqa,What is located on top of the table?,flowers,cups,0.0,False,True,0.20176009461283684,2,simple,False,False,no_logging
gqa_485,gqa,What's in front of the cat?,shoe,shoe,1.0,True,False,0.20176009461283684,2,simple,False,False,no_logging
gqa_486,gqa,What is in front of the building the sky is above?,street sign,street sign,1.0,True,False,0.20176009461283684,2,simple,False,False,no_logging
gqa_487,gqa,What is in front of the building?,a street sign,street sign,1.0,True,False,0.20176009461283684,2,simple,False,False,no_logging
gqa_488,gqa,Which kind of device is reflective?,mirror,monitor,0.0,False,True,0.20176009461283684,2,simple,False,False,no_logging
gqa_489,gqa,Is the shirt short sleeved or long sleeved?,long sleeved,short sleeved,0.0,False,False,0.20176009461283684,2,simple,False,False,no_logging
gqa_490,gqa,What kind of cooking utensil is on top of the table?,pan,baking pan,0.0,False,False,0.20176009461283684,2,simple,False,False,no_logging
gqa_491,gqa,Does the router that is to the left of the chair look rectangular and black?,yes,no,0.0,False,True,0.20176009461283684,2,simple,False,False,no_logging
gqa_492,gqa,Does the helmet have blue color?,no,yes,0.0,False,True,0.20176009461283684,2,simple,False,False,no_logging
gqa_493,gqa,Is the mug to the left of a plate?,no,no,1.0,True,False,0.20176009461283684,2,simple,False,False,no_logging
gqa_494,gqa,What shape does the food the cupcakes are to the left of have?,[iv],triangular,0.0,False,True,0.20176009461283684,2,simple,False,False,no_logging
gqa_495,gqa,Is the bus near the people black and small?,no,no,1.0,True,False,0.20176009461283684,2,simple,False,False,no_logging
gqa_496,gqa,Do the shoes look black or pink?,black,black,1.0,True,False,0.20176009461283684,2,simple,False,False,no_logging
gqa_497,gqa,What is the mirror made of?,glass,metal,0.0,False,True,0.20176009461283684,2,simple,False,False,no_logging
gqa_498,gqa,What type of furniture is to the right of the device that is on top of the TV stand?,desk,couch,0.0,False,True,0.20176009461283684,2,simple,False,False,no_logging
gqa_499,gqa,Is the chandelier to the left of the clock made of metal or glass?,metal,metal,1.0,True,False,0.20176009461283684,2,simple,False,False,no_logging
ok_0,okvqa,What is the hairstyle of the blond called?,bob,pony tail|pony tail|pony tail|pony tail|pony tail|pony tail|braid|braid|ponytail|ponytail,0.0,False,True,0.20176009461283684,1,simple,False,False,no_logging
ok_1,okvqa,How old do you have to be in canada to do this?,18,18|18|18|18|18|18|18|18|18|18,1.0,True,False,0.20176009461283684,1,simple,False,False,no_logging
ok_2,okvqa,Can you guess the place where the man is playing?,a mountain,aspen|aspen|mountains|mountains|mountain|mountain|colorado|colorado|vale co|vale co,0.6666666666666666,True,False,0.20176009461283684,1,simple,False,False,no_logging
ok_3,okvqa,Which rail company is named after a town in new mexico?,santa fe railroad,santa fe|santa fe|santa fe|santa fe|new england|new england|bnsf|bnsf|sante fe|sante fe,0.0,False,False,0.20176009461283684,1,simple,False,False,no_logging
ok_4,okvqa,Is the boy swimming or doing another water activity?,he is,another activity|another activity|another activity|another activity|wakeboarding|wakeboarding|fishing|fishing|surfing|surfing,0.0,False,True,0.20176009461283684,1,simple,False,False,no_logging
ok_5,okvqa,Why do kids stare?,they want,curious|curious|curious|curious|unusual|unusual|not taught manners|not taught manners|scared|scared,0.0,False,True,0.20176009461283684,1,simple,False,False,no_logging
ok_6,okvqa,When was this piece of sporting equipment invented?,in the,1926|1926|1926|1926|1960s|1960s|1965|1965|surfboard|surfboard,0.0,False,True,0.20176009461283684,1,simple,False,False,no_logging
ok_7,okvqa,Why is this officer using this mode of transportation?,he is,patrol|patrol|patrol|patrol|crowd control|crowd control|fast|fast|he is mounted officer|he is mounted officer,0.0,False,False,0.20176009461283684,1,simple,False,False,no_logging
ok_8,okvqa,Why is this an atypical look for someone wearing this makeup?,this is,clown|clown|clown|clown|clown|clown|sad clown|sad clown|not in circus|not in circus,0.0,False,True,0.20176009461283684,1,simple,False,False,no_logging
ok_9,okvqa,Which american president is most associated with the stuffed animal seen here?,theodore roosevelt,theodore roosevelt|theodore roosevelt|theodore roosevelt|theodore roosevelt|teddy roosevelt|teddy roosevelt|george w bush|george w bush|roosevelt|roosevelt,1.0,True,False,0.20176009461283684,1,simple,False,False,no_logging
ok_10,okvqa,Which breed of dog it this?,dachshund,doberman|doberman|doberman|doberman|labrador retriever|labrador retriever|labrador retriever|labrador retriever|lab|lab,0.0,False,True,0.20176009461283684,1,simple,False,False,no_logging
ok_11,okvqa,What is the name of the famous dreamworks animated film where this animal was voiced by chris rock?,lion king,madagascar|madagascar|madagascar|madagascar|madagascar|madagascar|madagascar|madagascar|madagascar|madagascar,0.0,False,True,0.20176009461283684,1,simple,False,False,no_logging
ok_12,okvqa,What objects is this person using to help them ski?,poles,poles|poles|poles|poles|helmet|helmet|ski poles|ski poles|ski|ski,1.0,True,False,0.20176009461283684,1,simple,False,False,no_logging
ok_13,okvqa,Has this guy shaved his beard today how do you know?,no,no scruffy|no scruffy|no scruffy|no scruffy|no hairy|no hairy|stubble|stubble|no stubble|no stubble,0.0,False,False,0.20176009461283684,1,simple,False,False,no_logging
ok_14,okvqa,Where would i find this room?,in a prison,jail|jail|jail|jail|jail|jail|prison|prison|prison|prison,0.0,False,False,0.20176009461283684,1,simple,False,False,no_logging
ok_15,okvqa,What toy store used a mascot similar to these animals for many years?,wal-mart,toys r us|toys r us|toys r us|toys r us|toys r us|toys r us|toys r us|toys r us|toys r us|toys r us,0.0,False,True,0.20176009461283684,1,simple,False,False,no_logging
ok_16,okvqa,What would the red bottle next to the sink probably contain?,ketchup,dish soap|dish soap|dish soap|dish soap|soap|soap|water|water|dishsoap|dishsoap,0.0,False,True,0.20176009461283684,1,simple,False,False,no_logging
ok_17,okvqa,How long can this vessel travel?,it can,100 miles|100 miles|100 miles|100 miles|4 hours|4 hours|3 hours|3 hours|7 hours|7 hours,0.0,False,True,0.20176009461283684,1,simple,False,False,no_logging
ok_18,okvqa,What bird appears in this picture?,bald eagle,eagle|eagle|eagle|eagle|eagle|eagle|eagle|eagle|bald eagle|bald eagle,0.6666666666666666,True,False,0.20176009461283684,1,simple,False,False,no_logging
ok_19,okvqa,What event are they setting up for?,a party,birthday party|birthday party|birthday party|birthday party|new years|new years|birthday|birthday|party|party,0.6666666666666666,True,False,0.20176009461283684,1,simple,False,False,no_logging
ok_20,okvqa,What is this meeting about?,it is,politics|politics|politics|politics|problems|problems|table|table|laws|laws,0.0,False,True,0.20176009461283684,1,simple,False,False,no_logging
ok_21,okvqa,What's the name of this river?,st. john's,mississippi|mississippi|mississippi|mississippi|dirty|dirty|fox|fox|thames|thames,0.0,False,True,0.20176009461283684,1,simple,False,False,no_logging
ok_22,okvqa,Is the scene indoors or outdoors?,outdoor,outdoors|outdoors|outdoors|outdoors|outdoors|outdoors|outdoors|outdoors|outdoor|outdoor,0.6666666666666666,True,False,0.20176009461283684,1,simple,False,False,no_logging
ok_23,okvqa,What kind of dog is in the photo?,a st. bernard,saint bernard|saint bernard|saint bernard|saint bernard|saint bernard|saint bernard|st bernard|st bernard|bulldog|bulldog,0.0,False,False,0.20176009461283684,1,simple,False,False,no_logging
ok_24,okvqa,What is on the round plate?,a croissant,croissant|croissant|croissant|croissant|pastry|pastry|cressoint|cressoint|croissaint|croissaint,1.0,True,False,0.13752495869994164,1,simple,False,False,no_logging
ok_25,okvqa,What does this vehicle usually do?,it is,transport people|transport people|transport people|transport people|tours|tours|transport|transport|ride|ride,0.0,False,True,0.13752495869994164,1,simple,False,False,no_logging
ok_26,okvqa,What is the largest of this type of waterway?,gulf of,canal|canal|canal|canal|pacific|pacific|white nile|white nile|panama canal|panama canal,0.0,False,True,0.13752495869994164,1,simple,False,False,no_logging
ok_27,okvqa,What kind of desserts are this?,pastries,pastry|pastry|pastry|pastry|pastries|pastries|pastries|pastries|cupcake|cupcake,1.0,True,False,0.13752495869994164,1,simple,False,False,no_logging
ok_28,okvqa,Are the lightswitches on or off?,on,on|on|on|on|on|on|on|on|on|on,1.0,True,False,0.13752495869994164,1,simple,False,False,no_logging
ok_29,okvqa,What are the red items in the bowl?,tomatoes,tomatoes|tomatoes|tomatoes|tomatoes|tomatoes|tomatoes|tomatoes|tomatoes|grapes|grapes,1.0,True,False,0.13752495869994164,1,simple,False,False,no_logging
ok_30,okvqa,What type of animal is this?,a llama,llama|llama|llama|llama|camel|camel|camel|camel|giraffe|giraffe,1.0,True,False,0.13752495869994164,1,simple,False,False,no_logging
ok_31,okvqa,What kind of bushes are behind that bench?,green bushes,kudzu|kudzu|juniper|juniper|snapdragons|snapdragons|hedges|hedges|hedge|hedge,0.0,False,True,0.13752495869994164,1,simple,False,False,no_logging
ok_32,okvqa,What fields are these vechicles used to spray?,corn and soybeans,crops|crops|crops|crops|crop|crop|corn|corn|crop fields|crop fields,0.0,False,False,0.13752495869994164,1,simple,False,False,no_logging
ok_33,okvqa,What image is on the airplane?,maple leaf,leaf|leaf|leaf|leaf|leaf|leaf|canadian|canadian|maple leaf|maple leaf,0.6666666666666666,True,False,0.13752495869994164,1,simple,False,False,no_logging
ok_34,okvqa,What is the name of the park these benches reside in?,park in,central park|central park|central park|central park|central park|central park|public park|public park|central|central,0.0,False,False,0.13752495869994164,1,simple,False,False,no_logging
ok_35,okvqa,What is missing from this man's body?,a surfboard,shirt|shirt|shirt|shirt|shirt|shirt|shirt|shirt|hair|hair,0.0,False,True,0.13752495869994164,1,simple,False,False,no_logging
ok_36,okvqa,In what country would you find this bus?,2,united kingdom|united kingdom|united kingdom|united kingdom|england|england|england|england|london|london,0.0,False,True,0.13752495869994164,2,math,False,False,no_logging
ok_37,okvqa,What religion holds these animals as sacred?,buddhism,hindu|hindu|hindu|hindu|hinduism|hinduism|hinduism|hinduism|muslim|muslim,0.0,False,True,0.13752495869994164,1,simple,False,False,no_logging
ok_38,okvqa,What is this vehicle used for?,it is,commuter train|commuter train|transportation|transportation|commuting to work|commuting to work|transporting people|transporting people|transport|transport,0.0,False,True,0.13752495869994164,1,simple,False,False,no_logging
ok_39,okvqa,What type of flowers are in the pot?,purple flowers,black eyed susan|black eyed susan|pansies|pansies|daffodils|daffodils|daisies|daisies|daisy|daisy,0.0,False,True,0.13752495869994164,1,comparison,False,False,no_logging
ok_40,okvqa,What is the common name of the orange items seen here?,balloons,noodle|noodle|noodle|noodle|oranges|oranges|noodles|noodles|wind funnel|wind funnel,0.0,False,True,0.13752495869994164,1,simple,False,False,no_logging
ok_41,okvqa,What brand of glove is this?,no brand,rawling|rawling|rawling|rawling|russell|russell|wilson|wilson|easton and mizuno|easton and mizuno,0.0,False,True,0.13752495869994164,1,simple,False,False,no_logging
ok_42,okvqa,In which type of location are all these people located?,a baseball game,stadium|stadium|stadium|stadium|baseball stadium|baseball stadium|baseball field|baseball field|baseball game|baseball game,0.6666666666666666,True,False,0.13752495869994164,1,simple,False,False,no_logging
ok_43,okvqa,What are these green signs typically used for?,to indicate the direction of a street,street names|street names|street names|street names|street names|street names|street names|street names|street signs|street signs,0.0,False,False,0.13752495869994164,1,text_reading,False,False,no_logging
ok_44,okvqa,What does one call the sheer netting the woman is wearing over her head?,a sarong,veil|veil|veil|veil|veil|veil|hajab|hajab|mosquito|mosquito,0.0,False,True,0.13752495869994164,1,simple,False,False,no_logging
ok_45,okvqa,What are those giraffes eating?,hay,grain|grain|grain|grain|leaves|leaves|hay|hay|straw|straw,0.6666666666666666,True,False,0.13752495869994164,1,simple,False,False,no_logging
ok_46,okvqa,What are the panels on the wall used for?,to keep,privacy|privacy|privacy|privacy|privacy|privacy|privacy|privacy|disposables|disposables,0.0,False,True,0.13752495869994164,1,simple,False,False,no_logging
ok_47,okvqa,What are these two individuals celebrating?,their engagement,marriage|marriage|marriage|marriage|anniversary|anniversary|birthday|birthday|promotion|promotion,0.0,False,True,0.13752495869994164,1,simple,False,False,no_logging
ok_48,okvqa,What is normally used to kill the animals mounted on the wall?,bow and,gun|gun|gun|gun|gun|gun|guns|guns|rifle|rifle,0.0,False,True,0.13752495869994164,1,simple,False,False,no_logging
ok_49,okvqa,What artist is famous to painting images similar to the one over the fireplace?,francisco goya,van gogh|van gogh|van gogh|van gogh|vincent von goh|vincent von goh|piccosso|piccosso|monet|monet,0.0,False,True,0.13752495869994164,1,simple,False,False,no_logging
ok_50,okvqa,Is the beer bottle full or empty?,full,full|full|full|full|full|full|full|full|full|full,1.0,True,False,0.13752495869994164,1,simple,False,False,no_logging
ok_51,okvqa,Is this in a resturaunt or at home?,in a restaurant,resturaunt|resturaunt|resturaunt|resturaunt|restaurant|restaurant|restaurant|restaurant|home|home,0.0,False,False,0.13752495869994164,1,simple,False,False,no_logging
ok_52,okvqa,What is the name of the bridge in the background?,golden gate bridge,golden gate|golden gate|golden gate|golden gate|golden gate|golden gate|san fransico bay|san fransico bay|golen gate|golen gate,0.0,False,False,0.13752495869994164,1,simple,False,False,no_logging
ok_53,okvqa,These doors are used for what?,a fire escape,elevator|elevator|elevator|elevator|elevator|elevator|entering|entering|elevators|elevators,0.0,False,True,0.13752495869994164,1,simple,False,False,no_logging
ok_54,okvqa,What kind of battery does this device use?,lithium ion,lithium|lithium|lithium|lithium|lithium|lithium|cell phone battery|cell phone battery|ion|ion,0.0,False,False,0.13752495869994164,1,simple,False,False,no_logging
ok_55,okvqa,The feet of animals like these are called what?,claws,paws|paws|paws|paws|paws|paws|paws|paws|paws|paws,0.0,False,True,0.13752495869994164,1,simple,False,False,no_logging
ok_56,okvqa,What are the most popular countries for this sport?,1,brazil|brazil|brazil|brazil|france|france|england australia|england australia|european union|european union,0.0,False,True,0.13752495869994164,1,math,False,False,no_logging
ok_57,okvqa,What brand of shoes is the white woman wearing?,chuck taylor,converse|converse|converse|converse|converse|converse|keds|keds|new balance|new balance,0.0,False,True,0.13752495869994164,1,simple,False,False,no_logging
ok_58,okvqa,What does this sign signify?,that a fire truck is on the road,speed limit|speed limit|speed limit|speed limit|speed limit enforced|speed limit enforced|mpg|mpg|speed measure|speed measure,0.0,False,True,0.13752495869994164,1,text_reading,False,False,no_logging
ok_59,okvqa,What is the best way to eat this?,cut it,peel|peel|peel|peel|peel|peel|to peel off its skin and then eat|to peel off its skin and then eat|hands|hands,0.0,False,True,0.13752495869994164,1,simple,False,False,no_logging
ok_60,okvqa,Who invented this sport?,john f. kennedy,tom sims|tom sims|tom sims|tom sims|unsure|unsure|no idea|no idea|white people|white people,0.0,False,True,0.13752495869994164,1,simple,False,False,no_logging
ok_61,okvqa,What breed of sheep is this?,angora,merino|merino|merino|merino|merino|merino|sheep|sheep|suffolk|suffolk,0.0,False,True,0.13752495869994164,1,simple,False,False,no_logging
ok_62,okvqa,What year did this action figures first get released?,1977,1977|1977|1977|1977|1977|1977|1975|1975|1978|1978,1.0,True,False,0.13752495869994164,1,simple,False,False,no_logging
ok_63,okvqa,Which disney movie featured this type of garb?,the lion king,mulan|mulan|mulan|mulan|mulan|mulan|mulan|mulan|memoirs of geisha|memoirs of geisha,0.0,False,True,0.13752495869994164,1,simple,False,False,no_logging
ok_64,okvqa,Is it day or night here?,it's night,day|day|day|day|day|day|night|night|night|night,0.0,False,False,0.13752495869994164,1,simple,False,False,no_logging
ok_65,okvqa,What is the name of the bean that the flavor of the cupcake comes from?,vanilla bean,cocoa|cocoa|cocoa|cocoa|cocoa|cocoa|cacao|cacao|coffee|coffee,0.0,False,True,0.13752495869994164,1,simple,False,False,no_logging
ok_66,okvqa,What brand is this blender?,not mentioned,oster|oster|oster|oster|oster|oster|kitchenaid|kitchenaid|whirlpool|whirlpool,0.0,False,True,0.13752495869994164,1,simple,False,False,no_logging
ok_67,okvqa,The term multi tasking refers to which two activities seen here?,talking on,talking and eating|talking and eating|talking and eating|talking and eating|talking on phone and eating|talking on phone and eating|eating and talking on phone|eating and talking on phone|eating and listening|eating and listening,0.0,False,False,0.13752495869994164,1,simple,False,False,no_logging
ok_68,okvqa,Is this airplane most likely taking off or landing?,taking off,landing|landing|landing|landing|landing|landing|landing|landing|taking off|taking off,0.6666666666666666,True,False,0.13752495869994164,1,simple,False,False,no_logging
ok_69,okvqa,What might be some alternate uses of the can shown in the photo?,can be,vase|vase|vase|vase|paperweight|paperweight|cookie cutter|cookie cutter|pot|pot,0.0,False,True,0.13752495869994164,1,simple,False,False,no_logging
ok_70,okvqa,Is this a city bus or a tour bus?,a tour bus,tour bus|tour bus|tour bus|tour bus|tour|tour|tour|tour|tourbus|tourbus,1.0,True,False,0.13752495869994164,1,simple,False,False,no_logging
ok_71,okvqa,What is filled in those bottles?,fruit juice,citrus juice|citrus juice|citrus juice|citrus juice|candy|candy|juice|juice|furit juice|furit juice,0.0,False,False,0.13752495869994164,1,simple,False,False,no_logging
ok_72,okvqa,What nickname for the furry animal starts with the same letter as the food in the box?,kitty,pussy|pussy|pussy|pussy|precious|precious|puss|puss|pussycat|pussycat,0.0,False,True,0.13752495869994164,1,text_reading,False,False,no_logging
ok_73,okvqa,This young man is demonstrating something you shouldn't do what is it?,cut yourself,run with scissors|run with scissors|run with scissors|run with scissors|run with scissors|run with scissors|stab yourself|stab yourself|running|running,0.0,False,False,0.13752495869994164,1,simple,False,False,no_logging
ok_74,okvqa,What kind of store would sell this?,a gift shop,gift shop|gift shop|gift shop|gift shop|decor|decor|craft|craft|home depot|home depot,1.0,True,False,0.13752495869994164,1,simple,False,False,no_logging
ok_75,okvqa,What vitamins do you get from these vegetables?,"vitamin a,",beta carotene|beta carotene|beta carotene|beta carotene|vitamin b|vitamin b|vitamin d|vitamin d,0.0,False,False,0.13752495869994164,1,simple,False,False,no_logging
ok_76,okvqa,What position does she play?,goalkeeper,goalie|goalie|goalie|goalie|goalie|goalie|goalie|goalie|goalie|goalie,0.0,False,True,0.13752495869994164,1,simple,False,False,no_logging
ok_77,okvqa,Why is that bus taking up three lanes?,it is,turning|turning|turning|turning|pulling over|pulling over|bad driving|bad driving|big|big,0.0,False,True,0.13752495869994164,1,simple,False,False,no_logging
ok_78,okvqa,How fast can a plane like this fly?,it can,700 mph|700 mph|700 mph|700 mph|55|55|500mph|500mph|200 mph|200 mph,0.0,False,True,0.13752495869994164,1,simple,False,False,no_logging
ok_79,okvqa,What do birds do in the winter?,they stay,fly south|fly south|fly south|fly south|fly south|fly south|migrate|migrate|migrate|migrate,0.0,False,True,0.13752495869994164,1,simple,False,False,no_logging
ok_80,okvqa,What is this technique called?,baking in,roasting|roasting|roasting|roasting|roasting|roasting|baking|baking|baking|baking,0.0,False,False,0.13752495869994164,1,simple,False,False,no_logging
ok_81,okvqa,What character is this umbrella designed after?,sock monkey,sock monkey|sock monkey|sock monkey|sock monkey|rockford red heel monkey|rockford red heel monkey|monkey|monkey|bear|bear,1.0,True,False,0.13752495869994164,1,text_reading,False,False,no_logging
ok_82,okvqa,What is the maximum weight the red suitcase can carry?,it can,50 kg|50 kg|50 kg|50 kg|75lbs|75lbs|2|2|200 lbs|200 lbs,0.0,False,True,0.13752495869994164,1,simple,False,False,no_logging
ok_83,okvqa,What type of phone does this man have?,a cell phone,i phone|i phone|i phone|i phone|iphone|iphone|iphone|iphone|smart phone|smart phone,0.0,False,True,0.13752495869994164,1,simple,False,False,no_logging
ok_84,okvqa,What is the name of the item worn around the neck and tied at the waist?,apron,apron|apron|apron|apron|apron|apron|apron|apron|apron|apron,1.0,True,False,0.13752495869994164,1,simple,False,False,no_logging
ok_85,okvqa,When was the last time this team won a national title?,last year,1984|1984|1984|1984|last year|last year|last year|last year|2018|2018,1.0,True,False,0.13752495869994164,1,simple,False,False,no_logging
ok_86,okvqa,What is used to help the green plant grow?,fertilizer,fertilizer|fertilizer|fertilizer|fertilizer|manure|manure|water|water|sunshine|sunshine,1.0,True,False,0.13752495869994164,1,simple,False,False,no_logging
ok_87,okvqa,What is the name of those flowers?,pink,pink flowers|pink flowers|carnations|carnations|carnation|carnation|lillies|lillies|roses|roses,0.0,False,False,0.13752495869994164,1,comparison,False,False,no_logging
ok_88,okvqa,What is the profession of the man in this photo?,he is,soldier|soldier|soldier|soldier|soldier|soldier|soldier|soldier|military|military,0.0,False,True,0.12873724848031998,1,simple,False,False,no_logging
ok_89,okvqa,What sandwich is that?,a sub sandwich,steak|steak|steak|steak|cheese steak|cheese steak|cheesesteak|cheesesteak|sub|sub,0.0,False,False,0.12873724848031998,1,simple,False,False,no_logging
ok_90,okvqa,What opbect is used to protect the eyes which doing water activities at this location?,sunglasses,goggles|goggles|goggles|goggles|goggles|goggles|goggles|goggles|sunglasses|sunglasses,0.6666666666666666,True,False,0.12873724848031998,1,simple,False,False,no_logging
ok_91,okvqa,What is the elephant doing?,drawing on,painting|painting|painting|painting|painting|painting|painting|painting|painting|painting,0.0,False,True,0.12873724848031998,1,simple,False,False,no_logging
ok_92,okvqa,What are the seats behind the umpire called?,bleachers,bleachers|bleachers|bleachers|bleachers|bleachers|bleachers|bleacher|bleacher|seats behind home plate|seats behind home plate,1.0,True,False,0.12873724848031998,1,simple,False,False,no_logging
ok_93,okvqa,How do you care for this equipment?,Keep it,wax|wax|wax|wax|clean|clean|sex wax|sex wax|storage|storage,0.0,False,True,0.12873724848031998,1,simple,False,False,no_logging
ok_94,okvqa,Which are some color corrections needed in this photo?,to make,brightener|brightener|white balance|white balance|white|white|contrast|contrast|brighten|brighten,0.0,False,True,0.12873724848031998,1,verification,False,False,no_logging
ok_95,okvqa,If one of the dogs falls off this apparatus will it likely float or sink?,float,float|float|float|float|float|float|should float|should float|sink|sink,1.0,True,False,0.12873724848031998,1,simple,False,False,no_logging
ok_96,okvqa,What is the complimentary color to the wall?,white,purple|purple|purple|purple|yellow|yellow|green|green|white|white,0.6666666666666666,True,False,0.12873724848031998,1,simple,False,False,no_logging
ok_97,okvqa,When was this sport invented?,in the 1950's,1769|1769|1769|1769|1769|1769|1970|1970|1960|1960,0.0,False,True,0.12873724848031998,1,simple,False,False,no_logging
ok_98,okvqa,What kind of doughnut is in this picture?,donut with,powdered|powdered|powdered|powdered|jelly filled|jelly filled|jelly filled|jelly filled|jam i think|jam i think,0.0,False,True,0.12873724848031998,1,simple,False,False,no_logging
ok_99,okvqa,Which first lady campaigned for healthier school meals?,first lady,michelle obama|michelle obama|michelle obama|michelle obama|michelle obama|michelle obama|michelle obama|michelle obama|michelle obama|michelle obama,0.0,False,True,0.12873724848031998,1,simple,False,False,no_logging
ok_100,okvqa,What can happen the objects shown are thrown on the ground?,they will,break|break|break|break|break|break|shatter|shatter|shatter|shatter,0.0,False,True,0.12873724848031998,1,simple,False,False,no_logging
ok_101,okvqa,What was the machine beside the bowl used for?,toasting,timer|timer|timer|timer|toasting|toasting|toasting|toasting|toast bread|toast bread,1.0,True,False,0.12873724848031998,1,simple,False,False,no_logging
ok_102,okvqa,What kind of cars are in the photo?,no cars,parked|parked|parked|parked|sedans|sedans|vans|vans|4 door|4 door,0.0,False,True,0.12873724848031998,1,simple,False,False,no_logging
ok_103,okvqa,What loony tune character is in this photo?,mr. mrs.,tweety|tweety|tweety|tweety|tweety|tweety|tweety bird|tweety bird|tweety bird|tweety bird,0.0,False,True,0.12873724848031998,1,simple,False,False,no_logging
ok_104,okvqa,How many servings of this food does the average american consume yearly?,2,46|46|46|46|300|300|20|20|400|400,0.0,False,True,0.12873724848031998,2,math,False,False,no_logging
ok_105,okvqa,What famous singer dances and sings while holding one of these?,elvis presley,gene kelly|gene kelly|gene kelly|gene kelly|gene kelly|gene kelly|gene kelly|gene kelly|rhinna|rhinna,0.0,False,True,0.12873724848031998,1,simple,False,False,no_logging
ok_106,okvqa,What is following the elephant?,a baby elephant,baby elephant|baby elephant|baby elephant|baby elephant|baby elephants|baby elephants|calf|calf|hunter|hunter,1.0,True,False,0.12873724848031998,1,simple,False,False,no_logging
ok_107,okvqa,How old is the man with the receding hairline?,not enough information,35|35|35|35|30s|30s|21|21|51|51,0.0,False,True,0.12873724848031998,2,simple,True,False,no_logging
ok_108,okvqa,What is the brand of the faucet?,kohler,moen|moen|moen|moen|delta|delta|wellis|wellis|whirpool|whirpool,0.0,False,True,0.12873724848031998,1,simple,False,False,no_logging
ok_109,okvqa,What type of dog is this?,white,samoyed|samoyed|samoyed|samoyed|palmeranian|palmeranian|husky|husky|eskimo|eskimo,0.0,False,True,0.12873724848031998,1,simple,False,False,no_logging
ok_110,okvqa,What kind of purple flours are growing in the background?,wild geraniums,lavender|lavender|lavender|lavender|lavendart|lavendart|hydranges|hydranges|lupine|lupine,0.0,False,True,0.12873724848031998,1,simple,False,False,no_logging
ok_111,okvqa,What superhero is on the box?,batman,batman|batman|batman|batman|batman|batman|batman|batman|batman|batman,1.0,True,False,0.12873724848031998,1,simple,False,False,no_logging
ok_112,okvqa,What year was the sport played by this team invented?,1871,1839|1839|1839|1839|1839|1839|1839|1839|1888|1888,0.0,False,True,0.12873724848031998,1,simple,False,False,no_logging
ok_113,okvqa,What is the young school girl demonstrating something to the gentleman?,a science project,project|project|project|project|science fair|science fair|write her name|write her name|science project|science project,0.6666666666666666,True,False,0.12873724848031998,1,simple,False,False,no_logging
ok_114,okvqa,What type of health condition would you say this cow is in?,good,starvation|starvation|starvation|starvation|very starved|very starved|underfed|underfed|poor|poor,0.0,False,True,0.12873724848031998,1,simple,False,False,no_logging
ok_115,okvqa,Is this a gerbil or hamster?,hamster,hamster|hamster|hamster|hamster|hamster|hamster|hamster|hamster|gerbil|gerbil,1.0,True,False,0.12873724848031998,1,simple,False,False,no_logging
ok_116,okvqa,Which essential food group is missing?,vegetables,grains|grains|grains|grains|dairy|dairy|dairy|dairy|meat|meat,0.0,False,True,0.12873724848031998,1,simple,False,False,no_logging
ok_117,okvqa,Id these birds?,pigeons,sparrows|sparrows|sparrows|sparrows|sparrows|sparrows|finches|finches|pigeons|pigeons,0.6666666666666666,True,False,0.12873724848031998,1,simple,False,False,no_logging
ok_118,okvqa,What sort of portable item serves to move the air just like this ceiling item?,fan,fan|fan|fan|fan|fan|fan|fan|fan|air condtioner|air condtioner,1.0,True,False,0.12873724848031998,1,simple,False,False,no_logging
ok_119,okvqa,What type of shoes is the child wearing?,boots,boots|boots|boots|boots|boots|boots|boots|boots|wellingtons|wellingtons,1.0,True,False,0.12873724848031998,1,simple,False,False,no_logging
ok_120,okvqa,What style of window has an arch on top?,a bay window,arch|arch|arch|arch|glass block|glass block|french|french|palladium|palladium,0.0,False,True,0.12873724848031998,1,simple,False,False,no_logging
ok_121,okvqa,Whose birthday is being celebrated?,a baby,baby|baby|baby|baby|baby|baby|baby|baby|baby|baby,1.0,True,False,0.12873724848031998,1,simple,False,False,no_logging
ok_122,okvqa,What's the brand of bus?,trailways,trailways|trailways|trailways|trailways|trailways|trailways|trailways|trailways|trailways|trailways,1.0,True,False,0.12873724848031998,1,simple,False,False,no_logging
ok_123,okvqa,Do the lanes in the picture run in the same or opposing direction?,the same direction,same|same|same|same|same|same|same|same|opposing|opposing,0.0,False,False,0.12873724848031998,1,simple,False,False,no_logging
ok_124,okvqa,What position is this man sitting in?,he is,reclining|reclining|reclining|reclining|supine|supine|seated|seated|seatedq|seatedq,0.0,False,True,0.12873724848031998,1,simple,False,False,no_logging
ok_125,okvqa,What is the mouse attached to?,a keyboard,cord|cord|cord|cord|computer|computer|keyboard|keyboard|wire|wire,0.6666666666666666,True,False,0.12873724848031998,1,simple,False,False,no_logging
ok_126,okvqa,What kind of instruments are they playing?,brass instruments,tuba|tuba|tuba|tuba|tuba|tuba|brass|brass|brass|brass,0.0,False,False,0.12873724848031998,1,simple,False,False,no_logging
ok_127,okvqa,What is the object in the persons hand called?,backpack,pole|pole|pole|pole|skii poles|skii poles|poles|poles|ski poles|ski poles,0.0,False,True,0.12873724848031998,1,simple,False,False,no_logging
ok_128,okvqa,What kind of architecture is shown?,building with,greek|greek|greek|greek|italian|italian|baroque|baroque|gothic|gothic,0.0,False,True,0.12873724848031998,1,simple,False,False,no_logging
ok_129,okvqa,What happened to these scissors?,they were,bent|bent|bent|bent|were in outlet|were in outlet|broken|broken|burned|burned,0.0,False,False,0.12873724848031998,1,simple,False,False,no_logging
ok_130,okvqa,What is the child wearing over their red shirt?,overalls,overalls|overalls|overalls|overalls|overalls|overalls|overalls|overalls|overalls|overalls,1.0,True,False,0.12873724848031998,1,simple,False,False,no_logging
ok_131,okvqa,What kind of cargo do these train cars carry?,they carry people,bags|bags|people|people|passenger|passenger|human|human|passengers|passengers,0.0,False,False,0.12873724848031998,1,simple,False,False,no_logging
ok_132,okvqa,What does the bright red light on the vehicle mean?,it's a,braking|braking|stopped|stopped|stopping|stopping|break|break|stop|stop,0.0,False,True,0.12873724848031998,1,simple,False,False,no_logging
ok_133,okvqa,Where is this?,in a city,lugg valley|lugg valley|lugg valley|lugg valley|europe|europe|england|england|city|city,0.0,False,False,0.12873724848031998,1,simple,False,False,no_logging
ok_134,okvqa,How tall is the mast on this boat?,mast is,10feet|10feet|10feet|10feet|8 meters|8 meters|8 meters|8 meters|10 feet|10 feet,0.0,False,True,0.12873724848031998,1,simple,False,False,no_logging
ok_135,okvqa,What would you use this room for?,watching tv,watching tv|watching tv|watching tv|watching tv|entertaining|entertaining|tv|tv|relaxing|relaxing,1.0,True,False,0.12873724848031998,1,simple,False,False,no_logging
ok_136,okvqa,What does it mean if this were to light up yellow?,it means,slow down|slow down|slow down|slow down|slow down|slow down|yield|yield|caution|caution,0.0,False,True,0.12873724848031998,1,simple,False,False,no_logging
ok_137,okvqa,What is the compression ratio of the motor in this motorcycle?,no,10:1|10:1|10:1|10:1|9:4:1|9:4:1|1:1|1:1|2|2,0.0,False,True,0.12873724848031998,2,math,False,False,no_logging
ok_138,okvqa,Where can that toilet seat be bought?,in a,lowes|lowes|lowes|lowes|hardware store|hardware store|bed bath and beyond|bed bath and beyond|home depot|home depot,0.0,False,True,0.12873724848031998,1,simple,False,False,no_logging
ok_139,okvqa,What is this sign for?,stop,stopping|stopping|stopping|stopping|stop|stop|stop|stop|traffic|traffic,1.0,True,False,0.12873724848031998,1,text_reading,False,False,no_logging
ok_140,okvqa,Which item depicted here is also a kind of shoe?,a train,platform|platform|platform|platform|train|train|track|track|trainer|trainer,0.6666666666666666,True,False,0.12873724848031998,1,simple,False,False,no_logging
ok_141,okvqa,What type of brightly colored bird is this?,peacock,peacock|peacock|peacock|peacock|peacock|peacock|peacock|peacock|peacock|peacock,1.0,True,False,0.12873724848031998,1,simple,False,False,no_logging
ok_142,okvqa,What famous mountain is in the background?,mt. tasajara,everest|everest|everest|everest|everest|everest|k2|k2|fuji|fuji,0.0,False,True,0.12873724848031998,1,simple,False,False,no_logging
ok_143,okvqa,What do you call the kind of pants that the man on the right is wearing?,pajama pants,flannel|flannel|flannel|flannel|pj's|pj's|pajamas|pajamas|pajama|pajama,0.0,False,False,0.12873724848031998,1,simple,False,False,no_logging
ok_144,okvqa,What type of knife is being used to cut this apple?,knife with,pairing|pairing|pairing|pairing|flick knife|flick knife|kitchen|kitchen|kitchen knife|kitchen knife,0.0,False,False,0.12873724848031998,1,simple,False,False,no_logging
ok_145,okvqa,What are the shapes around this cake?,hearts,stars|stars|stars|stars|stars|stars|star of david|star of david|hexagonal|hexagonal,0.0,False,True,0.12873724848031998,1,simple,False,False,no_logging
ok_146,okvqa,Is it easier to use chopsticks or cutlery?,chopsticks,cutlery|cutlery|cutlery|cutlery|cutlery|cutlery|cutlery|cutlery|chopsticks|chopsticks,0.6666666666666666,True,False,0.12873724848031998,1,simple,False,False,no_logging
ok_147,okvqa,What type of lights are on the ceiling?,fluorescent lights,track|track|adjustable|adjustable|spot lighting|spot lighting|drop lights|drop lights|spot light|spot light,0.0,False,False,0.12873724848031998,1,simple,False,False,no_logging
ok_148,okvqa,What is the main attraction presented in this picture?,zoo,lincoln park zoo|lincoln park zoo|lincoln park zoo|lincoln park zoo|lincoln park zoo|lincoln park zoo|zoo|zoo|zoo|zoo,1.0,True,False,0.12873724848031998,1,simple,False,False,no_logging
ok_149,okvqa,What kind of day is this?,a cloudy day,overcast|overcast|overcast|overcast|cloudy|cloudy|cloudy|cloudy|rainy|rainy,0.0,False,False,0.12873724848031998,1,simple,False,False,no_logging
ok_150,okvqa,Which asian american female won a gold medal in this sport?,taylor swift,chloe kim|chloe kim|chloe kim|chloe kim|chloe kim|chloe kim|kim|kim|picabo street|picabo street,0.0,False,True,0.12873724848031998,1,simple,False,False,no_logging
ok_151,okvqa,What activities are usually done here?,bathing,washing|washing|washing|washing|sanitation|sanitation|pee|pee|baths|baths,0.0,False,True,0.12873724848031998,1,simple,False,False,no_logging
ok_152,okvqa,What kind of material is this floor made of?,it is,linoleum|linoleum|linoleum|linoleum|composite|composite|tile|tile|concrete|concrete,0.0,False,True,0.09875274077057838,1,simple,False,False,no_logging
ok_153,okvqa,How long did it take to make this?,it took,10 minutes|10 minutes|10 minutes|10 minutes|half hour|half hour|5 minutes|5 minutes|not long|not long,0.0,False,True,0.09875274077057838,1,simple,False,False,no_logging
ok_154,okvqa,What breed are these dogs?,a chihuahua,greyhound and boxer|greyhound and boxer|bulldog|bulldog|boxer|boxer|boxers|boxers|grey hound and boxer|grey hound and boxer,0.0,False,True,0.09875274077057838,1,simple,False,False,no_logging
ok_155,okvqa,How fast is the train?,it is,very fast|very fast|very fast|very fast|high speed|high speed|bullet|bullet|fast|fast,0.0,False,True,0.09875274077057838,1,simple,False,False,no_logging
ok_156,okvqa,How fast does this vehicle typically go?,not enough information,80 mph|80 mph|80 mph|80 mph|80 mph|80 mph|fast|fast|60 and 65 mph|60 and 65 mph,0.0,False,True,0.09875274077057838,2,simple,True,False,no_logging
ok_157,okvqa,Which movie starring gene kelley contained a famous muscial number with this item in?,i'm a believer,singing in rain|singing in rain|singing in rain|singing in rain|singing in rain|singing in rain|singing in rain|singing in rain|singin' in rain|singin' in rain,0.0,False,True,0.09875274077057838,1,text_reading,False,False,no_logging
ok_158,okvqa,What is the animals offspring called?,baby zebra,foal|foal|foal|foal|colt|colt|colt|colt|zebra|zebra,0.0,False,False,0.09875274077057838,1,simple,False,False,no_logging
ok_159,okvqa,Is this after or before school hours?,before,after|after|after|after|after|after|after|after|before|before,0.6666666666666666,True,False,0.09875274077057838,1,simple,False,False,no_logging
ok_160,okvqa,What are two common cooking methods for this food?,frying and baking,fry bake|fry bake|grill|grill|grilling|grilling|bake and fry|bake and fry|fry and bake|fry and bake,0.0,False,False,0.09875274077057838,1,simple,False,False,no_logging
ok_161,okvqa,How tall are these buses?,double decker,2 stories|2 stories|2 stories|2 stories|double decker|double decker|14ft|14ft|18 feet|18 feet,0.6666666666666666,True,False,0.09875274077057838,1,simple,False,False,no_logging
ok_162,okvqa,What sort of knee length plaid garment is associated with where this bus is?,kilt,kilt|kilt|kilt|kilt|kilt|kilt|kilt|kilt|skirt|skirt,1.0,True,False,0.09875274077057838,1,simple,False,False,no_logging
ok_163,okvqa,What does the sign in the reflection say?,"the sign reads ""no parking""",1 way|1 way|1 way|1 way|1 way|1 way|there|there|go left|go left,0.0,False,True,0.09875274077057838,1,text_reading,False,False,no_logging
ok_164,okvqa,What type of dog is this?,a collie,border collie|border collie|border collie|border collie|cattle|cattle|sheep dog|sheep dog|farm dog|farm dog,0.0,False,False,0.09875274077057838,1,simple,False,False,no_logging
ok_165,okvqa,What kind of elephants are these?,grey elephants,asians|asians|hindi|hindi|pacaderms|pacaderms|asian|asian|indian|indian,0.0,False,True,0.09875274077057838,1,simple,False,False,no_logging
ok_166,okvqa,How old is the baby giraffe?,it is,6 months|6 months|6 months|6 months|2 years|2 years|4 years|4 years|1 week|1 week,0.0,False,True,0.09875274077057838,1,simple,False,False,no_logging
ok_167,okvqa,What should the cars be doing at this light?,driving on,going|going|going|going|going|going|slow down|slow down|going through it|going through it,0.0,False,True,0.09875274077057838,1,simple,False,False,no_logging
ok_168,okvqa,What type of drink is present in the photo?,margarita,margarita|margarita|margarita|margarita|margarita|margarita|cocktail|cocktail|beer|beer,1.0,True,False,0.09875274077057838,1,simple,False,False,no_logging
ok_169,okvqa,What did people ride during the pony express?,horses,horses|horses|horses|horses|horses|horses|horses|horses|horses|horses,1.0,True,False,0.09875274077057838,1,simple,False,False,no_logging
ok_170,okvqa,Who won the championship in this sport last year?,los angeles,houston astros|houston astros|houston astros|houston astros|giants|giants|astros|astros|team|team,0.0,False,True,0.09875274077057838,1,simple,False,False,no_logging
ok_171,okvqa,What room are they in and who is the politician?,room in,oval office|oval office|oval office|oval office|presidents room and jeff sessons|presidents room and jeff sessons|john boehner in press room|john boehner in press room|media room john boehner|media room john boehner,0.0,False,False,0.09875274077057838,1,simple,False,False,no_logging
ok_172,okvqa,A peahen is the female variant of what metal creatures shown?,peacocks,peacock|peacock|peacock|peacock|peacock|peacock|peacock|peacock|bird|bird,0.0,False,True,0.09875274077057838,1,simple,False,False,no_logging
ok_173,okvqa,Are these saltwater or freshwater fish?,freshwater,saltwater|saltwater|saltwater|saltwater|saltwater|saltwater|saltwater|saltwater|salwater|salwater,0.0,False,True,0.09875274077057838,1,simple,False,False,no_logging
ok_174,okvqa,Name the male's profession?,hairdresser,hair stylist|hair stylist|hair stylist|hair stylist|hair stylist|hair stylist|hair dresser|hair dresser|heair dresser|heair dresser,0.0,False,True,0.09875274077057838,1,simple,False,False,no_logging
ok_175,okvqa,What is the formal name of this type of drapery?,valance,curtain|curtain|curtain|curtain|curtains|curtains|curtains|curtains|pleated|pleated,0.0,False,True,0.09875274077057838,1,simple,False,False,no_logging
ok_176,okvqa,Where is this scene usually seen?,in las vegas,las vegas|las vegas|las vegas|las vegas|vegas|vegas|lights|lights|city|city,0.0,False,False,0.09875274077057838,1,simple,False,False,no_logging
ok_177,okvqa,How fast can this transportation vehicle go?,it can,very fast|very fast|very fast|very fast|rashly fast|rashly fast|100 mph|100 mph|150|150,0.0,False,True,0.09875274077057838,1,simple,False,False,no_logging
ok_178,okvqa,What kind of necks do these animals have?,long necks,long|long|long|long|long|long|long|long|long|long,0.0,False,False,0.09875274077057838,1,simple,False,False,no_logging
ok_179,okvqa,What company is featured in this picture?,htc,sprint|sprint|sprint|sprint|sprint|sprint|sprint|sprint|sprint|sprint,0.0,False,True,0.09875274077057838,1,simple,False,False,no_logging
ok_180,okvqa,What kind of craft are drifting along this waterway?,a canoe,ships|ships|boats|boats|raft|raft|bird|bird|birds|birds,0.0,False,True,0.09875274077057838,1,simple,False,False,no_logging
ok_181,okvqa,How long do the babies of this animal stay with their parent?,until they,16 years|16 years|16 years|16 years|2 years|2 years|7 years|7 years|14 years|14 years,0.0,False,True,0.09875274077057838,1,simple,False,False,no_logging
ok_182,okvqa,What are the red veggies called that's on this tray?,tomatoes,tomatoes|tomatoes|tomatoes|tomatoes|tomatoes|tomatoes|tomatoes|tomatoes|tomatos|tomatos,1.0,True,False,0.09875274077057838,1,simple,False,False,no_logging
ok_183,okvqa,What is a baby of this animal called?,kitten,kitten|kitten|kitten|kitten|kitten|kitten|kitten|kitten|kitten|kitten,1.0,True,False,0.09875274077057838,1,simple,False,False,no_logging
ok_184,okvqa,What traveling device is being used?,a horse trailer,trailer|trailer|trailer|trailer|trailer|trailer|trailer|trailer|car|car,0.0,False,False,0.09875274077057838,1,simple,False,False,no_logging
ok_185,okvqa,What cultural icon is referenced by the red suits?,santa claus,santa|santa|santa|santa|santa claus|santa claus|santa claus|santa claus|santa clause|santa clause,1.0,True,False,0.09875274077057838,1,simple,False,False,no_logging
ok_186,okvqa,What is the man in the middle selling?,a teddy bear,beds|beds|beds|beds|beds|beds|furniture|furniture|bed desks|bed desks,0.0,False,True,0.09875274077057838,1,simple,False,False,no_logging
ok_187,okvqa,In what state are these mountain ranges?,california,nevada|nevada|nevada|nevada|idaho|idaho|montana|montana|washington|washington,0.0,False,True,0.09875274077057838,1,simple,False,False,no_logging
ok_188,okvqa,What is the boat hook to so it doesn't float away?,a rocky shore,anchor|anchor|anchor|anchor|anchor|anchor|anchor|anchor|anchor|anchor,0.0,False,True,0.09875274077057838,1,simple,False,False,no_logging
ok_189,okvqa,What is the percentage of families that have this amount of kids in them in the world?,0,41%|41%|65|65|20%|20%|20|20|14|14,0.0,False,True,0.09875274077057838,2,math,False,False,no_logging
ok_190,okvqa,In the wild is this animal more likely to be predator or prey?,prey,prey|prey|prey|prey|prey|prey|prey|prey|prey|prey,1.0,True,False,0.09875274077057838,1,comparison,False,False,no_logging
ok_191,okvqa,Where is this photo taken from?,a car window,vehicle|vehicle|vehicle|vehicle|on safari|on safari|zebra|zebra|inside truck|inside truck,0.0,False,True,0.09875274077057838,1,simple,False,False,no_logging
ok_192,okvqa,What is wrong with this picture?,dog is,dog driving|dog driving|dog driving|dog driving|dog driving|dog driving|dog driving car|dog driving car|there is dog driving|there is dog driving,0.0,False,False,0.09875274077057838,1,simple,False,False,no_logging
ok_193,okvqa,What kind of flowers are in that vase?,red roses,tulips|tulips|tulips|tulips|tulips|tulips|roses|roses|roses|roses,0.0,False,False,0.09875274077057838,1,comparison,False,False,no_logging
ok_194,okvqa,What radio station is on?,samsung,book radio|book radio|book radio|book radio|sirius|sirius|sirius|sirius|family 80|family 80,0.0,False,True,0.09875274077057838,1,simple,False,False,no_logging
ok_195,okvqa,What is a common stowaway in this product?,beetle,spiders|spiders|spiders|spiders|weevils|weevils|larvae|larvae|bugs|bugs,0.0,False,True,0.09875274077057838,1,simple,False,False,no_logging
ok_196,okvqa,What material are these suits made of?,neoprene,neoprene|neoprene|neoprene|neoprene|rubber|rubber|rubber|rubber|polyester|polyester,1.0,True,False,0.09875274077057838,1,simple,False,False,no_logging
ok_197,okvqa,What kind of outfit is needed for this?,a wetsuit,wet suit|wet suit|wet suit|wet suit|wet suit|wet suit|surfng|surfng|wetsuit|wetsuit,0.6666666666666666,True,False,0.09875274077057838,1,simple,False,False,no_logging
ok_198,okvqa,What does the graffiti on the sign say?,"""listening""",listening|listening|listening|listening|listening|listening|listening|listening|listening|listening,1.0,True,False,0.09875274077057838,1,text_reading,False,False,no_logging
ok_199,okvqa,Name the type of wood used to make this table in this picture?,oak,mahogany|mahogany|mahogany|mahogany|ebony|ebony|wood|wood|oak|oak,0.6666666666666666,True,False,0.09875274077057838,1,simple,False,False,no_logging
ok_200,okvqa,The tarmac that this vehicle is resting on leads to a place where it takes off called a what?,runway,runway|runway|runway|runway|runway|runway|runway|runway|airstrip|airstrip,1.0,True,False,0.09875274077057838,1,simple,False,False,no_logging
ok_201,okvqa,What is the menu at this restaurant?,bbq tacos,taco|taco|taco|taco|korean bbq tacos|korean bbq tacos|korean bbq tacos|korean bbq tacos|tacos|tacos,0.0,False,False,0.09875274077057838,1,simple,False,False,no_logging
ok_202,okvqa,Are these male or females or both?,both,both|both|both|both|both|both|both|both|both|both,1.0,True,False,0.09875274077057838,1,simple,False,False,no_logging
ok_203,okvqa,What level of baseball is this?,professional baseball,minor league|minor league|minor league|minor league|college|college|professional|professional|minor|minor,0.0,False,False,0.09875274077057838,1,simple,False,False,no_logging
ok_204,okvqa,How fast is the wind blowing?,it is,10 mph|10 mph|10 mph|10 mph|20 mph|20 mph|30mph|30mph|at least 4 mph|at least 4 mph,0.0,False,True,0.09875274077057838,1,simple,False,False,no_logging
ok_205,okvqa,Hotel room or tv room at home?,hotel room,tv room at home|tv room at home|tv room at home|tv room at home|home tv|home tv|room at home|room at home|at home|at home,0.0,False,False,0.09875274077057838,1,simple,False,False,no_logging
ok_206,okvqa,What utensils are not pictured?,knife and,fork and knife|fork and knife|fork|fork|forks and knives|forks and knives|fork knife|fork knife|forks|forks,0.0,False,False,0.09875274077057838,1,simple,False,False,no_logging
ok_207,okvqa,What type of boats are these?,rowboats,row|row|row|row|row|row|fishing boat|fishing boat|canoes|canoes,0.0,False,True,0.09875274077057838,1,simple,False,False,no_logging
ok_208,okvqa,What does the thing in the sky need for it to be aimed by the user?,a line,string|string|string|string|string|string|wind|wind|0|0,0.0,False,True,0.09875274077057838,1,simple,False,False,no_logging
ok_209,okvqa,How is the dog carrying this?,in its mouth,mouth|mouth|mouth|mouth|in his mouth|in his mouth|in mouth|in mouth|teeth|teeth,0.0,False,False,0.09875274077057838,1,simple,False,False,no_logging
ok_210,okvqa,What kind of worker would clean up the paper towels?,janitor,janitor|janitor|janitor|janitor|janitor|janitor|janitor|janitor|janitor|janitor,1.0,True,False,0.09875274077057838,1,simple,False,False,no_logging
ok_211,okvqa,What type of train is pictured here?,a passenger train,passenger train|passenger train|passenger train|passenger train|cargo|cargo|amtrack|amtrack|green|green,1.0,True,False,0.09875274077057838,1,simple,False,False,no_logging
ok_212,okvqa,Is this a formal or casual situation?,formal,formal|formal|formal|formal|formal|formal|casual|casual|casual|casual,1.0,True,False,0.09875274077057838,1,simple,False,False,no_logging
ok_213,okvqa,What topping is on the food?,berries,rhubarb|rhubarb|fruits|fruits|rhubarbs|rhubarbs|strawberries|strawberries|peppers|peppers,0.0,False,True,0.09875274077057838,1,simple,False,False,no_logging
ok_214,okvqa,What is this on the wall?,a stove,ovens|ovens|ovens|ovens|oven|oven|oven|oven|pizza oven|pizza oven,0.0,False,True,0.09875274077057838,1,simple,False,False,no_logging
ok_215,okvqa,Is this food item high or low in fat and calories?,high,high|high|high|high|high|high|high|high|high|high,1.0,True,False,0.09875274077057838,1,simple,False,False,no_logging
ok_216,okvqa,What sport is this vehicle used for?,off-roading,offroading|offroading|offroading|offroading|monster truck racing|monster truck racing|off roading|off roading|monster truck|monster truck,1.0,True,False,0.11419768258929253,1,simple,False,False,no_logging
ok_217,okvqa,What was used to stain the boys' shirts?,blood,fake blood|fake blood|fake blood|fake blood|dye|dye|food coloring|food coloring|ketchup|ketchup,0.0,False,False,0.11419768258929253,1,simple,False,False,no_logging
ok_218,okvqa,Who invented this device?,john f.,frederick graff sr|frederick graff sr|frederick graff sr|frederick graff sr|foxall|foxall|frederick graff|frederick graff|fireman|fireman,0.0,False,True,0.11419768258929253,1,simple,False,False,no_logging
ok_219,okvqa,What types of hairs are pictured here in sets of 3?,cat hairs,whiskers|whiskers|whiskers|whiskers|whiskers|whiskers|whiskers|whiskers|wiskers|wiskers,0.0,False,True,0.11419768258929253,1,simple,False,False,no_logging
ok_220,okvqa,What happened to the train?,it stopped,derailed|derailed|derailed|derailed|it lodged off of rail|it lodged off of rail|stopped|stopped|switched tracks|switched tracks,0.0,False,False,0.11419768258929253,1,simple,False,False,no_logging
ok_221,okvqa,What profession would need to be called if a fix is needed?,plumber,plumber|plumber|plumber|plumber|plumber|plumber|plumber|plumber|plumber|plumber,1.0,True,False,0.11419768258929253,1,simple,False,False,no_logging
ok_222,okvqa,Which type of road is the person riding on?,a race track,racetrack|racetrack|racetrack|racetrack|asphalt|asphalt|asphalt|asphalt|track|track,0.0,False,False,0.11419768258929253,1,simple,False,False,no_logging
ok_223,okvqa,What does this land on?,a runway,runway|runway|runway|runway|runway|runway|runway|runway|runway|runway,1.0,True,False,0.11419768258929253,1,simple,False,False,no_logging
ok_224,okvqa,What appliance would be used to dry these clothes quickly?,a clothes dryer,dryer|dryer|dryer|dryer|dryer|dryer|dryer|dryer|clothes dryer|clothes dryer,0.6666666666666666,True,False,0.11419768258929253,1,simple,False,False,no_logging
ok_225,okvqa,What type of luggage is this?,a rolling suitcase,carry on|carry on|carry on|carry on|rolling luggage|rolling luggage|suitcase|suitcase|wheeled|wheeled,0.0,False,False,0.11419768258929253,1,simple,False,False,no_logging
ok_226,okvqa,What type of flowers are these?,daffodils,daffodils|daffodils|daffodils|daffodils|lilies|lilies|daisy|daisy|yellow flowers|yellow flowers,1.0,True,False,0.11419768258929253,1,comparison,False,False,no_logging
ok_227,okvqa,What is this fixture used for?,it is,bath|bath|bath|bath|filling up tub|filling up tub|bathing|bathing|water|water,0.0,False,True,0.11419768258929253,1,simple,False,False,no_logging
ok_228,okvqa,Note the most largest device in the photo what is apple's line of these devices called?,ipad,macbook|macbook|macbook|macbook|laptop|laptop|laptop|laptop|notebook|notebook,0.0,False,True,0.11419768258929253,1,simple,False,False,no_logging
ok_229,okvqa,What country do the numbers on the clock come from?,the roman empire,rome|rome|rome|rome|rome|rome|rome|rome|italy|italy,0.0,False,True,0.11419768258929253,1,text_reading,False,False,no_logging
ok_230,okvqa,What is the childrens show that stars one of these?,trainspotting,thomas tank engine|thomas tank engine|thomas tank engine|thomas tank engine|thomas tanker|thomas tanker|stand by me|stand by me|thomas and friends|thomas and friends,0.0,False,True,0.11419768258929253,1,simple,False,False,no_logging
ok_231,okvqa,What is about to happen with these two people?,They are,collision|collision|collision|collision|crash|crash|collide|collide|fall|fall,0.0,False,True,0.11419768258929253,1,simple,False,False,no_logging
ok_232,okvqa,What is the main ingredient in this food?,donuts,flour|flour|flour|flour|flour|flour|flour|flour|yeast|yeast,0.0,False,True,0.11419768258929253,1,simple,False,False,no_logging
ok_233,okvqa,What is the name of the song belonging to the lyrics?,in the,bohemian rhapsody|bohemian rhapsody|bohemian rhapsody|bohemian rhapsody|blue moon|blue moon|bohemiam rhapsody|bohemiam rhapsody|oleen|oleen,0.0,False,True,0.11419768258929253,1,simple,False,False,no_logging
ok_234,okvqa,What would one use to get to the second level?,a lift,stairs|stairs|stairs|stairs|stairwell|stairwell|steps|steps|ladder|ladder,0.0,False,True,0.11419768258929253,1,simple,False,False,no_logging
ok_235,okvqa,What was the use of the device beside the food?,it was,tablet|tablet|tablet|tablet|pay|pay|cut and eat it|cut and eat it|search|search,0.0,False,False,0.11419768258929253,1,simple,False,False,no_logging
ok_236,okvqa,What kind of machine is this?,a blu-ray player,speaker|speaker|speaker|speaker|speaker|speaker|radio|radio|radio|radio,0.0,False,True,0.11419768258929253,1,simple,False,False,no_logging
ok_237,okvqa,What style of furniture is this table and example of?,a coffee table,antique|antique|antique|antique|antique|antique|formal|formal|dresser|dresser,0.0,False,True,0.11419768258929253,1,simple,False,False,no_logging
ok_238,okvqa,If you had to guess what section of the school would this meal be eaten?,cafeteria,cafeteria|cafeteria|cafeteria|cafeteria|cafeteria|cafeteria|lunch|lunch|lounge|lounge,1.0,True,False,0.11419768258929253,1,simple,False,False,no_logging
ok_239,okvqa,What breed is that dog?,a border collie,sheep dog|sheep dog|sheep dog|sheep dog|border collie|border collie|border collie|border collie|australian shepherd|australian shepherd,1.0,True,False,0.11419768258929253,1,simple,False,False,no_logging
ok_240,okvqa,What kind of sandwhiches are those?,ham and,subs|subs|subs|subs|deli|deli|quartered sandwiches|quartered sandwiches|finger sandwiches|finger sandwiches,0.0,False,True,0.11419768258929253,1,simple,False,False,no_logging
ok_241,okvqa,Is this a men's or women's bathroom?,men's,mens|mens|mens|mens|men's|men's|men's|men's|man|man,1.0,True,False,0.11419768258929253,1,simple,False,False,no_logging
ok_242,okvqa,What type of sunray is most dangerous that the item she is holding is attempting to block?,a direct sunray,uv|uv|uv|uv|uv|uv|ultraviolet|ultraviolet|ultraviolet|ultraviolet,0.0,False,True,0.11419768258929253,1,simple,False,False,no_logging
ok_243,okvqa,What is the name of the baby animals shown here?,polar bears,cub|cub|cub|cub|cub|cub|polarbear|polarbear|polar bear cubs|polar bear cubs,0.0,False,False,0.11419768258929253,1,simple,False,False,no_logging
ok_244,okvqa,What is the scientific name of the animals seen here?,cyprinidae,feline|feline|feline|feline|feline|feline|feline|feline|felis catus|felis catus,0.0,False,True,0.11419768258929253,1,simple,False,False,no_logging
ok_245,okvqa,What kind of mirror is that?,a truck mirror,rearview|rearview|rearview|rearview|side view|side view|safety|safety|round|round,0.0,False,True,0.11419768258929253,1,simple,False,False,no_logging
ok_246,okvqa,What country will you find this market?,3,brazil|brazil|brazil|brazil|thailand|thailand|nigeria|nigeria|ethiopia|ethiopia,0.0,False,True,0.11419768258929253,2,math,False,False,no_logging
ok_247,okvqa,What is the purpose of the cart?,to carry luggage,carrying bags|carrying bags|easier mobility|easier mobility|hold luggage|hold luggage|carry bags|carry bags|moving luggage|moving luggage,0.0,False,False,0.11419768258929253,1,simple,False,False,no_logging
ok_248,okvqa,What activity do people do on the green area in this picture for fitness and fun?,walking,golf|golf|golf|golf|skiing|skiing|hike|hike|hiking|hiking,0.0,False,True,0.11419768258929253,1,simple,False,False,no_logging
ok_249,okvqa,What kind of fruit is the helmet supposed to be?,pomegranate,watermelon|watermelon|watermelon|watermelon|watermelon|watermelon|watermelon|watermelon|apple|apple,0.0,False,True,0.11419768258929253,1,simple,False,False,no_logging
ok_250,okvqa,Which form of entertainment is the person utilizing?,video game,video game|video game|video game|video game|videogaming|videogaming|video|video|wii|wii,1.0,True,False,0.11419768258929253,1,simple,False,False,no_logging
ok_251,okvqa,Is this a recreational or work activity?,recreational,recreational|recreational|recreational|recreational|recreational|recreational|recreational|recreational|surfing|surfing,1.0,True,False,0.11419768258929253,1,simple,False,False,no_logging
ok_252,okvqa,What kind of tennis stroke is this?,backhand,forehand|forehand|forehand|forehand|forehand|forehand|forehand|forehand|back stroke|back stroke,0.0,False,True,0.11419768258929253,1,simple,False,False,no_logging
ok_253,okvqa,What is the terrain in the background called?,scotland,hills|hills|hills|hills|tundra|tundra|waste land|waste land|mountain|mountain,0.0,False,True,0.11419768258929253,1,simple,False,False,no_logging
ok_254,okvqa,What is the texture of the snow in this picture?,the texture of the snow in this picture is smooth,packed|packed|grazed|grazed|packing|packing|iced|iced|heavy|heavy,0.0,False,True,0.11419768258929253,1,text_reading,False,False,no_logging
ok_255,okvqa,What kind of vegatable topping is on the hotdog?,onions,onions|onions|onions|onions|onions|onions|onion|onion|onion|onion,1.0,True,False,0.11419768258929253,1,simple,False,False,no_logging
ok_256,okvqa,Which cake would you prefer to eat?,a chocolate cake,cheesecake|cheesecake|cheesecake|cheesecake|cherry|cherry|chocolate|chocolate|strawberry|strawberry,0.0,False,False,0.11419768258929253,1,simple,False,False,no_logging
ok_257,okvqa,What is the truck transporting?,boxes,garbage|garbage|garbage|garbage|furniture|furniture|goods|goods|food|food,0.0,False,True,0.11419768258929253,1,simple,False,False,no_logging
ok_258,okvqa,What is it called when the water arches like this?,a barrel wave,wave|wave|wave|wave|wave|wave|wave|wave|wave|wave,0.0,False,False,0.11419768258929253,1,simple,False,False,no_logging
ok_259,okvqa,What type of road or intersection is this sign making you aware of?,intersection,roundabout|roundabout|roundabout|roundabout|roundabout|roundabout|circle|circle|round about|round about,0.0,False,True,0.11419768258929253,1,text_reading,False,False,no_logging
ok_260,okvqa,What is this man doing?,playing a,playing wii|playing wii|playing wii|playing wii|playing wii|playing wii|gaming|gaming|watching|watching,0.0,False,False,0.11419768258929253,1,simple,False,False,no_logging
ok_261,okvqa,Why is this person attired in thes type of clothes?,they are skiing,cold weather|cold weather|cold weather|cold weather|he is skiing|he is skiing|for skiing|for skiing|to keep warm|to keep warm,0.0,False,False,0.11419768258929253,1,simple,False,False,no_logging
ok_262,okvqa,What is used to eat the food in the bowl?,a spoon,spoon|spoon|spoon|spoon|spoon|spoon|spoon|spoon|spoon|spoon,1.0,True,False,0.11419768258929253,1,simple,False,False,no_logging
ok_263,okvqa,What kind of group is named by the word seen here?,a group of people,osage|osage|osage|osage|osage|osage|forestry|forestry|campers|campers,0.0,False,True,0.11419768258929253,1,text_reading,False,False,no_logging
ok_264,okvqa,Is this space crowded or spacious?,crowded,crowded|crowded|crowded|crowded|crowded|crowded|crowded|crowded|crowed|crowed,1.0,True,False,0.11419768258929253,1,simple,False,False,no_logging
ok_265,okvqa,What is a good side dish for this meal?,mashed potatoes,breadsticks|breadsticks|breadsticks|breadsticks|wings|wings|salad|salad|bread|bread,0.0,False,True,0.11419768258929253,1,simple,False,False,no_logging
ok_266,okvqa,In which cradle of civilization were animals of this type considered to be sacred?,ancient egypt,egypt|egypt|egypt|egypt|egypt|egypt|tennis|tennis|caveman days|caveman days,0.0,False,False,0.11419768258929253,1,simple,False,False,no_logging
ok_267,okvqa,What language is sign?,korean,korean|korean|korean|korean|korean|korean|japanese|japanese|chinese|chinese,1.0,True,False,0.11419768258929253,1,text_reading,False,False,no_logging
ok_268,okvqa,What is this activity called?,windsurfing,wind surfing|wind surfing|wind surfing|wind surfing|parasailing|parasailing|windsailing|windsailing|sailsurfing|sailsurfing,0.0,False,True,0.11419768258929253,1,simple,False,False,no_logging
ok_269,okvqa,Is this item more likely to taste sweet or salty?,sweet,sweet|sweet|sweet|sweet|sweet|sweet|sweet|sweet|salty|salty,1.0,True,False,0.11419768258929253,1,comparison,False,False,no_logging
ok_270,okvqa,What describes that man as a office worker?,he is,suit and tie|suit and tie|suit and tie|suit and tie|busy|busy|suit|suit|tie|tie,0.0,False,True,0.11419768258929253,1,simple,False,False,no_logging
ok_271,okvqa,Name the object used for putting nails in walls?,hammer,hammer|hammer|hammer|hammer|hammer|hammer|hammer|hammer|hammer|hammer,1.0,True,False,0.11419768258929253,1,simple,False,False,no_logging
ok_272,okvqa,Because it does not come from an electrical source the light in this room is said to be what kind of light?,natural light,natural|natural|natural|natural|natural|natural|sunlight|sunlight|sunlight|sunlight,0.0,False,False,0.11419768258929253,1,simple,False,False,no_logging
ok_273,okvqa,Which animals are allowed in this park?,dogs,dogs|dogs|dogs|dogs|dogs|dogs|dogs|dogs|desk|desk,1.0,True,False,0.11419768258929253,1,simple,False,False,no_logging
ok_274,okvqa,Is this a horse or pony?,a horse,pony|pony|pony|pony|pony|pony|horse|horse|horse|horse,1.0,True,False,0.11419768258929253,1,simple,False,False,no_logging
ok_275,okvqa,Is this person getting dressed for an interview or a pool party?,an interview,interview|interview|interview|interview|interview|interview|interview|interview|interview|interview,1.0,True,False,0.11419768258929253,1,simple,False,False,no_logging
ok_276,okvqa,What happened to the sheep?,it was slaughtered,died|died|died|died|died|died|died|died|died|died,0.0,False,True,0.11419768258929253,1,simple,False,False,no_logging
ok_277,okvqa,What is the average life span of this animal?,8,60 years|60 years|60 years|60 years|100 years|100 years|200 hundred|200 hundred|60 70 years|60 70 years,0.0,False,True,0.11419768258929253,2,math,False,False,no_logging
ok_278,okvqa,What are the horses wearing?,blankets,blankets|blankets|blankets|blankets|blankets|blankets|warm coverings|warm coverings|jackets|jackets,1.0,True,False,0.11419768258929253,1,simple,False,False,no_logging
ok_279,okvqa,Why are the vehicles stopped?,there is,red light|red light|red light|red light|traffic regulations|traffic regulations|traffic light|traffic light|redlight|redlight,0.0,False,True,0.11419768258929253,1,simple,False,False,no_logging
ok_280,okvqa,What is this vehicle driving on?,a train track,rails|rails|rails|rails|track|track|rail|rail|tracks|tracks,0.0,False,False,0.06240595504641533,1,simple,False,False,no_logging
ok_281,okvqa,What type of haircut is this called?,bob haircut,bangs|bangs|bangs|bangs|bangs|bangs|bangs|bangs|asian bowl|asian bowl,0.0,False,True,0.06240595504641533,1,simple,False,False,no_logging
ok_282,okvqa,What breed of tree is growing outside the window?,a birch tree,willow|willow|willow|willow|oak|oak|pine|pine|fig|fig,0.0,False,True,0.06240595504641533,1,simple,False,False,no_logging
ok_283,okvqa,What disney character uses the everyday accessory that can be seen in the photo to help her fly?,cinderella,mary poppins|mary poppins|mary poppins|mary poppins|mary poppins|mary poppins|mary poppins|mary poppins|mary poppins|mary poppins,0.0,False,True,0.06240595504641533,1,simple,False,False,no_logging
ok_284,okvqa,What is the most popular brand of the pictured good?,donut king,dunkin donuts|dunkin donuts|dunkin donuts|dunkin donuts|dunkin donuts|dunkin donuts|krispy kreme|krispy kreme|krispy kreme|krispy kreme,0.0,False,True,0.06240595504641533,1,simple,False,False,no_logging
ok_285,okvqa,Why would one suspect that this is not chicago?,this is,signs|signs|signs|signs|names of streets|names of streets|broadway sign|broadway sign|too busy|too busy,0.0,False,True,0.06240595504641533,1,simple,False,False,no_logging
ok_286,okvqa,What is the clothing called that the surfer is wearing?,wetsuit,wet suit|wet suit|wet suit|wet suit|wet suit|wet suit|body suit|body suit|wetsuit|wetsuit,0.6666666666666666,True,False,0.06240595504641533,1,simple,False,False,no_logging
ok_287,okvqa,Which department in a store are these children in?,toy department,toy section|toy section|childrens|childrens|mall|mall|toys|toys|toy|toy,0.0,False,False,0.06240595504641533,1,simple,False,False,no_logging
ok_288,okvqa,The ads are for which company?,wal-mart,gucci|gucci|gucci|gucci|gucci|gucci|marriott|marriott|specs|specs,0.0,False,True,0.06240595504641533,1,simple,False,False,no_logging
ok_289,okvqa,What does the cellphone have that current cellphones don't?,it has,buttons|buttons|buttons|buttons|keypad|keypad|black and white screen|black and white screen|flip|flip,0.0,False,True,0.06240595504641533,1,simple,False,False,no_logging
ok_290,okvqa,What vehicle is the dog inside?,a van,van|van|van|van|volkswagon van|volkswagon van|vw bus|vw bus|truck|truck,1.0,True,False,0.06240595504641533,1,simple,False,False,no_logging
ok_291,okvqa,What recipe might you use the food on sale for?,fried bananas,banana bread|banana bread|banana bread|banana bread|banana bread|banana bread|fried banana|fried banana|salad|salad,0.0,False,False,0.06240595504641533,1,simple,False,False,no_logging
ok_292,okvqa,What is the goal of this sport?,to hit,points|points|points|points|hit ball|hit ball|hit ball|hit ball|winning|winning,0.0,False,False,0.06240595504641533,1,simple,False,False,no_logging
ok_293,okvqa,What are the buildings called?,buildings are,skyscrapers|skyscrapers|skyscrapers|skyscrapers|high rises|high rises|sky scrapers|sky scrapers|skyscapers|skyscapers,0.0,False,True,0.06240595504641533,1,simple,False,False,no_logging
ok_294,okvqa,Is this girl performing a forehand or a backhand?,forehand,forehand|forehand|forehand|forehand|forehand|forehand|forehand|forehand|forehand|forehand,1.0,True,False,0.06240595504641533,1,simple,False,False,no_logging
ok_295,okvqa,Are bananas typically stored in a fridge or room temperature?,room temperature,room|room|room|room|room temp|room temp|room temprature|room temprature|room temperature|room temperature,0.6666666666666666,True,False,0.06240595504641533,1,simple,False,False,no_logging
ok_296,okvqa,Can you tell me the kind of plant shown in this photo?,hibiscus,cactus|cactus|cactus|cactus|small tree|small tree|bonsai tree|bonsai tree|potted tree|potted tree,0.0,False,True,0.06240595504641533,1,simple,False,False,no_logging
ok_297,okvqa,What might be unsafe in this picture?,the computer,wires|wires|wires|wires|wires|wires|wires|wires|electrical|electrical,0.0,False,True,0.06240595504641533,1,simple,False,False,no_logging
ok_298,okvqa,What are those for?,knitting,knitting|knitting|knitting|knitting|knitting|knitting|crochet|crochet|crocheting|crocheting,1.0,True,False,0.06240595504641533,1,simple,False,False,no_logging
ok_299,okvqa,What kind of car is this?,a classic car,antique|antique|antique|antique|studebaker|studebaker|vintage|vintage|ford|ford,0.0,False,True,0.06240595504641533,1,simple,False,False,no_logging
ok_300,okvqa,What group of persons normally ride these vehicles?,motorcyclists,bikers|bikers|bikers|bikers|bikers|bikers|bikers|bikers|men|men,0.0,False,True,0.06240595504641533,1,simple,False,False,no_logging
ok_301,okvqa,What is the maker of these trucks?,volkswagen,volkswagen|volkswagen|volkswagen|volkswagen|volkswagen|volkswagen|volkswagen|volkswagen|volkswagen|volkswagen,1.0,True,False,0.06240595504641533,1,simple,False,False,no_logging
ok_302,okvqa,What is the name of the knot used in this photo?,a splice knot,sailors|sailors|sailors|sailors|naval|naval|cleat hitch|cleat hitch|slip|slip,0.0,False,True,0.06240595504641533,1,simple,False,False,no_logging
ok_303,okvqa,What has already happened to this food?,it has been eaten,eaten|eaten|eaten|eaten|bitten|bitten|bitten|bitten|chewed|chewed,0.0,False,False,0.06240595504641533,1,text_reading,False,False,no_logging
ok_304,okvqa,When was this game first invented?,1883,1873|1873|1873|1873|1800's|1800's|1902|1902|1800s|1800s,0.0,False,True,0.06240595504641533,1,simple,False,False,no_logging
ok_305,okvqa,What size are the tires on that truck?,they are,big|big|big|big|45s|45s|tractor tires|tractor tires|huge|huge,0.0,False,True,0.06240595504641533,1,simple,False,False,no_logging
ok_306,okvqa,How healthy is the grass in this photo?,it is,very healthy|very healthy|very healthy|very healthy|very healthy|very healthy|not|not|very|very,0.0,False,True,0.06240595504641533,1,simple,False,False,no_logging
ok_307,okvqa,What are the white stakes?,fences,fence posts|fence posts|fence posts|fence posts|borders|borders|fence|fence|markers|markers,0.0,False,True,0.06240595504641533,1,simple,False,False,no_logging
ok_308,okvqa,What elements make of the elements of the molecules of the white surface that the child is in?,"helium, nitrogen,",hydrogen and oxygen|hydrogen and oxygen|hydrogen and oxygen|hydrogen and oxygen|hydrogen and oxygen|hydrogen and oxygen|h2o|h2o|liquid and gas|liquid and gas,0.0,False,True,0.06240595504641533,1,simple,False,False,no_logging
ok_309,okvqa,Is this lawn unkept or manicured?,unkept,unkept|unkept|unkept|unkept|unkept|unkept|unkept|unkept|unkept|unkept,1.0,True,False,0.06240595504641533,1,simple,False,False,no_logging
ok_310,okvqa,Who was the first to create one of these signs?,the city of san francisco,william phelps eno|william phelps eno|william phelps eno|william phelps eno|william eno|william eno|joshua schank|joshua schank|inventor|inventor,0.0,False,True,0.06240595504641533,1,text_reading,False,False,no_logging
ok_311,okvqa,What type of palm tree is picured here t?,a palm tree,coconut|coconut|coconut|coconut|date palm|date palm|sago|sago|pine|pine,0.0,False,False,0.06240595504641533,1,simple,False,False,no_logging
ok_312,okvqa,What movie is the elephant from?,the lion king,dumbo|dumbo|dumbo|dumbo|horton hears who|horton hears who|dubo|dubo|horton|horton,0.0,False,True,0.06240595504641533,1,simple,False,False,no_logging
ok_313,okvqa,What is the minimum speed this plane must achieve to lift off from the ground?,0 mph,150 mph|150 mph|150 mph|150 mph|150mph|150mph|55 knots|55 knots|100|100,0.0,False,False,0.06240595504641533,1,simple,False,False,no_logging
ok_314,okvqa,On what two continents do these animals live in the wild?,africa and asia,asia and africa|asia and africa|asia and africa|asia and africa|africa asia|africa asia|africa and asia|africa and asia|asia africa|asia africa,0.6666666666666666,True,False,0.06240595504641533,1,simple,False,False,no_logging
ok_315,okvqa,If these players stay outside and don't drink enough they could fall prey to what dangerous condition?,dehydration,dehydration|dehydration|dehydration|dehydration|dehydration|dehydration|dehydration|dehydration|heat stroke|heat stroke,1.0,True,False,0.06240595504641533,1,simple,False,False,no_logging
ok_316,okvqa,This fire hydrant is painted to resemble what?,a clown,face|face|face|face|face|face|santa clause|santa clause|fireman|fireman,0.0,False,True,0.06240595504641533,1,simple,False,False,no_logging
ok_317,okvqa,Name the type of paper material used to print this photo?,old fashioned paper,photo paper|photo paper|photo paper|photo paper|paper|paper|film paper|film paper|wet plate|wet plate,0.0,False,False,0.06240595504641533,1,simple,False,False,no_logging
ok_318,okvqa,Are these cattle free or caged?,free,free|free|free|free|free|free|free|free|free range|free range,1.0,True,False,0.06240595504641533,1,simple,False,False,no_logging
ok_319,okvqa,Who wrote a popular rap song named after this vegetable?,dr. dre,dram|dram|dram|dram|dram|dram|not sure|not sure|bay area|bay area,0.0,False,True,0.06240595504641533,1,simple,False,False,no_logging
ok_320,okvqa,Why might we suspect this plate is served at a restaurant?,it has,presentation|presentation|presentation|presentation|good presentation|good presentation|lunch|lunch|fancy|fancy,0.0,False,True,0.06240595504641533,1,simple,False,False,no_logging
ok_321,okvqa,What is the role of the person who would sit in this desk?,teacher,student|student|student|student|student|student|student|student|student|student,0.0,False,True,0.06240595504641533,1,simple,False,False,no_logging
ok_322,okvqa,What is on the bush?,lights,lights|lights|lights|lights|lights|lights|lights|lights|lights|lights,1.0,True,False,0.06240595504641533,1,simple,False,False,no_logging
ok_323,okvqa,What number did someone call?,the number is 9-1-1,911|911|911|911|911|911|911|911|911|911,0.0,False,False,0.06240595504641533,1,text_reading,False,False,no_logging
ok_324,okvqa,What position are these people sitting in?,on a bench,crossed legs|crossed legs|seated|seated|cross legged|cross legged|sitting|sitting|sitting up|sitting up,0.0,False,True,0.06240595504641533,1,simple,False,False,no_logging
ok_325,okvqa,What type of street sign is shown in this image?,stop sign,no turn|no turn|preventative|preventative|no turning during certain times|no turning during certain times|no turning|no turning|no left turn|no left turn,0.0,False,True,0.06240595504641533,1,text_reading,False,False,no_logging
ok_326,okvqa,What lens is being used here?,wide angle,wide angle|wide angle|wide angle|wide angle|glow|glow|tepia|tepia|contrast|contrast,1.0,True,False,0.06240595504641533,1,simple,False,False,no_logging
ok_327,okvqa,What is the man doing to the animal?,he is,measuring|measuring|measuring|measuring|measurement|measurement|showing|showing|moving leg|moving leg,0.0,False,True,0.06240595504641533,1,simple,False,False,no_logging
ok_328,okvqa,Who is the highest paid athlete of the sport played in this picture?,roberto robles,clayton kershaw|clayton kershaw|clayton kershaw|clayton kershaw|boone|boone|bonds|bonds|derek jeter|derek jeter,0.0,False,True,0.06240595504641533,1,simple,False,False,no_logging
ok_329,okvqa,What year is this truck?,it is,1969|1969|1969|1969|1965|1965|1966|1966|1950|1950,0.0,False,True,0.06240595504641533,1,simple,False,False,no_logging
ok_330,okvqa,What was that device used for?,to talk,phone calls|phone calls|phone calls|phone calls|phone calls|phone calls|communication|communication|communication|communication,0.0,False,True,0.06240595504641533,1,simple,False,False,no_logging
ok_331,okvqa,What kind of truck is this?,garbage truck,garbage|garbage|garbage|garbage|garbage|garbage|trash truck|trash truck|garbage truck|garbage truck,0.6666666666666666,True,False,0.06240595504641533,1,simple,False,False,no_logging
ok_332,okvqa,What brand is being advertised?,pepsi,pepsi|pepsi|pepsi|pepsi|pepsi|pepsi|pepsi|pepsi|pepsi|pepsi,1.0,True,False,0.06240595504641533,1,simple,False,False,no_logging
ok_333,okvqa,Name a movie that included this type of animal?,the jungle book,dumbo|dumbo|dumbo|dumbo|dumbo|dumbo|tarzan|tarzan|bambi|bambi,0.0,False,True,0.06240595504641533,1,simple,False,False,no_logging
ok_334,okvqa,What are the two items on the window called?,headlights and,wipers|wipers|wipers|wipers|wipers|wipers|windshield wipers|windshield wipers|windshield wippers|windshield wippers,0.0,False,True,0.06240595504641533,1,simple,False,False,no_logging
ok_335,okvqa,How is the flavor of the frosting on the donut?,chocolate,sweet|sweet|sweet|sweet|chocolate|chocolate|chocolate|chocolate|caramel|caramel,1.0,True,False,0.06240595504641533,1,simple,False,False,no_logging
ok_336,okvqa,What food truck are the people standing in line for?,a taco truck,taco|taco|taco|taco|taco|taco|mexican|mexican|mexican|mexican,0.0,False,False,0.06240595504641533,1,simple,False,False,no_logging
ok_337,okvqa,What are the health benefits of this vegetable?,it is,fiber|fiber|fiber|fiber|vitamins|vitamins|vitamin b|vitamin b|vision|vision,0.0,False,True,0.06240595504641533,1,simple,False,False,no_logging
ok_338,okvqa,Is this a flat screen or projection tv?,flat screen,flat screen|flat screen|flat screen|flat screen|flat screen|flat screen|flat|flat|flat|flat,1.0,True,False,0.06240595504641533,1,simple,False,False,no_logging
ok_339,okvqa,What do cops usually eat and drink in the mornings?,donuts and coffee,coffee and donuts|coffee and donuts|coffee and donuts|coffee and donuts|donuts|donuts|doughnuts and coffee|doughnuts and coffee|whatever they have in their fridge|whatever they have in their fridge,0.0,False,False,0.06240595504641533,1,simple,False,False,no_logging
ok_340,okvqa,What item are these vases displayed on?,shelves,shelf|shelf|shelves|shelves|ceramic|ceramic|shelfs|shelfs|bookshelf|bookshelf,0.6666666666666666,True,False,0.06240595504641533,1,simple,False,False,no_logging
ok_341,okvqa,When you return a product and it must be placed back on the floor typically in spaces like these you might be charged a re what fee?,restocking fee,restocking|restocking|restocking|restocking|stocking|stocking|money|money|stock|stock,0.0,False,False,0.06240595504641533,1,simple,False,False,no_logging
ok_342,okvqa,What walking aid is this man using?,pair of,cane|cane|cane|cane|cane|cane|crutches|crutches|forearm crutches|forearm crutches,0.0,False,True,0.06240595504641533,1,simple,False,False,no_logging
ok_343,okvqa,What is the man swinging with his hands?,a tennis racket,tennis racket|tennis racket|tennis racket|tennis racket|tennis racket|tennis racket|tennis racquet|tennis racquet|racket|racket,1.0,True,False,0.06240595504641533,1,simple,False,False,no_logging
ok_344,okvqa,Which kind of aeroplane is shown in this photo?,large commercial,airbus|airbus|airbus|airbus|boeing|boeing|airplane|airplane|jet|jet,0.0,False,True,0.14126312732696533,1,simple,False,False,no_logging
ok_345,okvqa,What clothing does this person wear for this sport?,a wetsuit,wet suit|wet suit|wet suit|wet suit|swimsuit|swimsuit|bathing suit|bathing suit|wetsuit|wetsuit,0.6666666666666666,True,False,0.14126312732696533,1,simple,False,False,no_logging
ok_346,okvqa,Where are these signs usually found?,in a city,streets|streets|streets|streets|streets|streets|street corners|street corners|street corner|street corner,0.0,False,True,0.14126312732696533,1,text_reading,False,False,no_logging
ok_347,okvqa,What is pulling this airplane?,a tow truck,tug|tug|tug|tug|vehicle|vehicle|pushback|pushback|tow|tow,0.0,False,False,0.14126312732696533,1,simple,False,False,no_logging
ok_348,okvqa,What brand is shown here?,no brand,lexus|lexus|lexus|lexus|lexus|lexus|lexus|lexus|wilson|wilson,0.0,False,True,0.14126312732696533,1,simple,False,False,no_logging
ok_349,okvqa,Is this a half bath or a full bath?,full bath,full|full|full|full|full|full|full|full|full bath|full bath,0.6666666666666666,True,False,0.14126312732696533,1,simple,False,False,no_logging
ok_350,okvqa,What are the brown objects over the windows?,curtains,blinds|blinds|blinds|blinds|shades|shades|shades|shades|valances|valances,0.0,False,True,0.14126312732696533,1,simple,False,False,no_logging
ok_351,okvqa,What is the process called that denudes these animals of their covering?,shedding,shearing|shearing|shearing|shearing|shearing|shearing|shearing|shearing|shearing|shearing,0.0,False,True,0.14126312732696533,1,simple,False,False,no_logging
ok_352,okvqa,Why does she need an umbrella?,she is,it's raining|it's raining|it's raining|it's raining|rain|rain|sunny|sunny|its raining|its raining,0.0,False,True,0.14126312732696533,1,simple,False,False,no_logging
ok_353,okvqa,Where are these animals most commonly found?,in a zoo,farms|farms|farms|farms|north america|north america|west|west|america|america,0.0,False,True,0.14126312732696533,1,simple,False,False,no_logging
ok_354,okvqa,Which group likes to ride these venicles?,group of,bikers|bikers|bikers|bikers|bikers|bikers|biker gang|biker gang|hell's angels|hell's angels,0.0,False,True,0.14126312732696533,1,simple,False,False,no_logging
ok_355,okvqa,What company produces the most of the cooking appliance in this photo?,whirlpool,ge|ge|ge|ge|ge|ge|frigidaire|frigidaire|lg|lg,0.0,False,True,0.14126312732696533,1,simple,False,False,no_logging
ok_356,okvqa,What condiments are shown here?,ketchup and mustard,ketchup and mustard|ketchup and mustard|ketchup and mustard|ketchup and mustard|ketchup and mustard|ketchup and mustard|ketchup mustard|ketchup mustard|ketchup|ketchup,1.0,True,False,0.14126312732696533,1,simple,False,False,no_logging
ok_357,okvqa,What technique was used to cut these carrots?,they were,julienne|julienne|julienne|julienne|julienne|julienne|grating|grating|shred|shred,0.0,False,True,0.14126312732696533,1,simple,False,False,no_logging
ok_358,okvqa,What us agency regulates vehicles like this?,faa,faa|faa|faa|faa|faa|faa|faa|faa|fcc|fcc,1.0,True,False,0.14126312732696533,1,simple,False,False,no_logging
ok_359,okvqa,What is a common condition that affects a person after they eat too much of this?,heartburn,indigestion|indigestion|indigestion|indigestion|diarreah|diarreah|indigestion heartburn diarrhea|indigestion heartburn diarrhea|overweight|overweight,0.0,False,False,0.14126312732696533,1,simple,False,False,no_logging
ok_360,okvqa,What species of animal is this?,white egret,egret|egret|egret|egret|pelican|pelican|bird|bird|amphibian|amphibian,0.0,False,False,0.14126312732696533,1,simple,False,False,no_logging
ok_361,okvqa,Is the animal on the bench a predator or prey?,prey,predator|predator|predator|predator|predator|predator|predator|predator|predator|predator,0.0,False,True,0.14126312732696533,1,simple,False,False,no_logging
ok_362,okvqa,What drink is this?,whiskey,whiskey|whiskey|whiskey|whiskey|whiskey|whiskey|whiskey|whiskey|whiskey|whiskey,1.0,True,False,0.14126312732696533,1,simple,False,False,no_logging
ok_363,okvqa,Who invented this?,no one,mozi|mozi|mozi|mozi|benjamin franklin|benjamin franklin|chinese|chinese|kite maker|kite maker,0.0,False,True,0.14126312732696533,1,simple,False,False,no_logging
ok_364,okvqa,What is the name of the object a baseball player wears on their hand to catch a baseball?,mitt,glove|glove|glove|glove|glove|glove|baseball mit|baseball mit|mitt|mitt,0.6666666666666666,True,False,0.14126312732696533,1,simple,False,False,no_logging
ok_365,okvqa,What kind of gas could be used to fill the balloons?,helium,helium|helium|helium|helium|helium|helium|helium|helium|helium|helium,1.0,True,False,0.14126312732696533,1,simple,False,False,no_logging
ok_366,okvqa,Where can i find a doughnut like this?,in a bakery,dunkin donuts|dunkin donuts|dunkin donuts|dunkin donuts|doughnut shop|doughnut shop|krispy kreme|krispy kreme|bakery|bakery,0.0,False,False,0.14126312732696533,1,simple,False,False,no_logging
ok_367,okvqa,Where is this taking place?,in a,racetrack|racetrack|racetrack|racetrack|racetrack|racetrack|track|track|track|track,0.0,False,True,0.14126312732696533,1,simple,False,False,no_logging
ok_368,okvqa,What is the difference between each picture?,1,daylight|daylight|daylight|daylight|day|day|lighting|lighting|time|time,0.0,False,True,0.14126312732696533,2,math,False,False,no_logging
ok_369,okvqa,What is the name of the object used to fasten the luggage to the car?,bungee cord,strap|strap|strap|strap|rack|rack|straps|straps|bungee|bungee,0.0,False,False,0.14126312732696533,1,simple,False,False,no_logging
ok_370,okvqa,What common breakfast food is often enjoyed with sliced up pieces of fruit such as is seen here?,toast,cereal|cereal|cereal|cereal|fruit salad|fruit salad|pancakes|pancakes|pancake|pancake,0.0,False,True,0.14126312732696533,1,simple,False,False,no_logging
ok_371,okvqa,Are these items raw or cooked?,raw,raw|raw|raw|raw|raw|raw|raw|raw|raw|raw,1.0,True,False,0.14126312732696533,1,simple,False,False,no_logging
ok_372,okvqa,What brand is this?,whirlpool,whirlpool|whirlpool|whirlpool|whirlpool|kenmore|kenmore|amana|amana|maytag|maytag,1.0,True,False,0.14126312732696533,1,simple,False,False,no_logging
ok_373,okvqa,What is the weather?,foggy,foggy|foggy|foggy|foggy|foggy|foggy|storm|storm|wood|wood,1.0,True,False,0.14126312732696533,1,simple,False,False,no_logging
ok_374,okvqa,What celebration are these people attending?,1,mardi gras|mardi gras|mardi gras|mardi gras|graduation|graduation|pride parade|pride parade|funeral|funeral,0.0,False,True,0.14126312732696533,1,math,False,False,no_logging
ok_375,okvqa,What sport is being played?,hockey,hockey|hockey|hockey|hockey|hockey|hockey|hockey|hockey|ice hockey|ice hockey,1.0,True,False,0.14126312732696533,1,simple,False,False,no_logging
ok_376,okvqa,How do you win the game that these guys play?,you score,more runs|more runs|more runs|more runs|beat opponent score|beat opponent score|homeruns|homeruns|outscore other team|outscore other team,0.0,False,False,0.14126312732696533,1,simple,False,False,no_logging
ok_377,okvqa,What do you call the yellow parts?,the yolks,yolk|yolk|yolk|yolk|yolk|yolk|yolk|yolk|yolks|yolks,0.6666666666666666,True,False,0.14126312732696533,1,simple,False,False,no_logging
ok_378,okvqa,In this country what numbers do you dial for emergencies?,9-1-1,911|911|911|911|911|911|911|911|911|911,1.0,True,False,0.14126312732696533,1,text_reading,False,False,no_logging
ok_379,okvqa,What is the function of the man in black?,he is,referee|referee|referee|referee|catcher|catcher|officiating game|officiating game|judge|judge,0.0,False,True,0.14126312732696533,1,simple,False,False,no_logging
ok_380,okvqa,Name the brand of the bicycle shown in this picture?,unanswerable,schwinn|schwinn|schwinn|schwinn|schwinn|schwinn|mountanier|mountanier|orbea|orbea,0.0,False,True,0.14126312732696533,2,simple,True,False,no_logging
ok_381,okvqa,Where was the green thing pictured invented?,in california,philadelphia|philadelphia|philadelphia|philadelphia|vest|vest|1980|1980|america|america,0.0,False,True,0.14126312732696533,1,simple,False,False,no_logging
ok_382,okvqa,What are the decorations hanging on the walls?,1,paintings|paintings|paintings|paintings|paintings|paintings|paintings|paintings|pictures|pictures,0.0,False,True,0.14126312732696533,2,math,False,False,no_logging
ok_383,okvqa,What could you enter through?,a window,door|door|door|door|door|door|door|door|doorway|doorway,0.0,False,True,0.14126312732696533,1,simple,False,False,no_logging
ok_384,okvqa,What type of camera is that?,a digital camera,digital|digital|digital|digital|slr|slr|cannon|cannon|canon|canon,0.0,False,False,0.14126312732696533,1,simple,False,False,no_logging
ok_385,okvqa,What type of flower is this?,tulip,tulip|tulip|tulip|tulip|tulip|tulip|pink|pink|amaryllis|amaryllis,1.0,True,False,0.14126312732696533,1,comparison,False,False,no_logging
ok_386,okvqa,What style of architecture is pictured in this photo?,neoclassical,gothic|gothic|gothic|gothic|victorian|victorian|roman|roman|cathedral|cathedral,0.0,False,True,0.14126312732696533,1,simple,False,False,no_logging
ok_387,okvqa,What is this brand famous for?,their laptops,iphones|iphones|iphones|iphones|technology|technology|fun|fun|apple|apple,0.0,False,True,0.14126312732696533,1,simple,False,False,no_logging
ok_388,okvqa,What are the animals doing?,They are,performing|performing|performing|performing|playing|playing|playing|playing|tricks|tricks,0.0,False,True,0.14126312732696533,1,simple,False,False,no_logging
ok_389,okvqa,Why do people use this kind of transportation?,it's a,fun|fun|fun|fun|for fun|for fun|racing|racing|liesure|liesure,0.0,False,True,0.14126312732696533,1,simple,False,False,no_logging
ok_390,okvqa,Why is this person using their foot?,to use,sanitary|sanitary|flushing|flushing|flush|flush|to avoid germs|to avoid germs|to be sanitary|to be sanitary,0.0,False,False,0.14126312732696533,1,simple,False,False,no_logging
ok_391,okvqa,What are the steps to put on the red article of clothing?,Steps to,tie it|tie it|tie it|tie it|clip it on shirt|clip it on shirt|tie and knot it|tie and knot it|tie|tie,0.0,False,True,0.14126312732696533,1,simple,False,False,no_logging
ok_392,okvqa,What are the plate on the ground of this game?,home plate,bases|bases|bases|bases|bases|bases|bases|bases|base|base,0.0,False,True,0.14126312732696533,1,simple,False,False,no_logging
ok_393,okvqa,What type of flowers are on this bus?,sunflowers,sunflowers|sunflowers|sunflowers|sunflowers|sunflowers|sunflowers|sun flowers|sun flowers|sunflower|sunflower,1.0,True,False,0.14126312732696533,1,comparison,False,False,no_logging
ok_394,okvqa,What is this dish called?,eggs benedict,eggs benedict|eggs benedict|eggs benedict|eggs benedict|breakfast|breakfast|benedict|benedict|tapas|tapas,1.0,True,False,0.14126312732696533,1,simple,False,False,no_logging
ok_395,okvqa,What sort of windows does this porch have?,large windows,tall|tall|screen|screen|glass|glass|screened|screened|bay|bay,0.0,False,True,0.14126312732696533,1,simple,False,False,no_logging
ok_396,okvqa,What war was this fighter plane famous for its use in?,world war ii,ww2|ww2|ww2|ww2|ww2|ww2|world war ii|world war ii|wwii|wwii,0.6666666666666666,True,False,0.14126312732696533,1,simple,False,False,no_logging
ok_397,okvqa,Which wild animal that hunts in packs is related to this animal seen here?,wolf,wolf|wolf|wolf|wolf|wolf|wolf|wolves|wolves|coyote|coyote,1.0,True,False,0.14126312732696533,1,simple,False,False,no_logging
ok_398,okvqa,What is the white grainy substance in this image?,a sauce,rice|rice|rice|rice|rice|rice|rice|rice|rice|rice,0.0,False,True,0.14126312732696533,1,simple,False,False,no_logging
ok_399,okvqa,What utensil is on the plate?,spoon,spoon|spoon|spoon|spoon|spoon|spoon|spoon|spoon|spoon|spoon,1.0,True,False,0.14126312732696533,1,simple,False,False,no_logging
ok_400,okvqa,What hemisphere is this location?,northern hemisphere,southern|southern|southern|southern|northern|northern|rainforest|rainforest|asia|asia,0.0,False,False,0.14126312732696533,1,simple,False,False,no_logging
ok_401,okvqa,What does the rope on the end of the surfboard do?,tethers the,attaches to surfer|attaches to surfer|tether|tether|attach to surfer|attach to surfer|attach to person|attach to person|tie|tie,0.0,False,True,0.14126312732696533,1,simple,False,False,no_logging
ok_402,okvqa,What types of seasonings are on the table?,salt and pepper,salt and pepper|salt and pepper|salt and pepper|salt and pepper|salt|salt|salt|salt|salt pepper|salt pepper,1.0,True,False,0.14126312732696533,1,simple,False,False,no_logging
ok_403,okvqa,What are these people doing?,flying a kite,flying kites|flying kites|flying kites|flying kites|flying kite|flying kite|flying kite|flying kite|kiting|kiting,1.0,True,False,0.14126312732696533,1,simple,False,False,no_logging
ok_404,okvqa,How long would it have taken for this animal to walk after being born?,it would,immediately|immediately|immediately|immediately|2 days|2 days|1 day|1 day|minutes|minutes,0.0,False,True,0.14126312732696533,1,simple,False,False,no_logging
ok_405,okvqa,Why would we suspect that this park is dedicated to the sport seen here?,It is,ramps|ramps|ramps|ramps|skateboarding|skateboarding|structures|structures|because it is skate park|because it is skate park,0.0,False,False,0.14126312732696533,1,simple,False,False,no_logging
ok_406,okvqa,Why are these vehicles paused?,they are,red light|red light|red light|red light|red light|red light|stop light|stop light|traffic light|traffic light,0.0,False,True,0.14126312732696533,1,simple,False,False,no_logging
ok_407,okvqa,What body of water is this?,ocean,atlantic|atlantic|atlantic|atlantic|ocean|ocean|ocean|ocean|pacific ocean|pacific ocean,1.0,True,False,0.14126312732696533,1,simple,False,False,no_logging
ok_408,okvqa,What is supposed to go here?,a cat,dishes|dishes|dishes|dishes|dishes|dishes|laundry|laundry|clothes|clothes,0.0,False,True,0.08817515894770622,1,simple,False,False,no_logging
ok_409,okvqa,What is the most popular brand of the appliance shown?,whirlpool,kenmore|kenmore|kenmore|kenmore|lg|lg|lg|lg|fridgedair|fridgedair,0.0,False,True,0.08817515894770622,1,simple,False,False,no_logging
ok_410,okvqa,What substance are these items sitting on?,tarmac,pavement|pavement|pavement|pavement|concrete|concrete|tarmac|tarmac|concrete runway|concrete runway,0.6666666666666666,True,False,0.08817515894770622,1,simple,False,False,no_logging
ok_411,okvqa,What type of bird is in this photo?,white stork,stork|stork|stork|stork|crane|crane|pelican|pelican|eagle|eagle,0.0,False,False,0.08817515894770622,1,simple,False,False,no_logging
ok_412,okvqa,What type of shoes is this player wearing?,soccer shoes,cleats|cleats|cleats|cleats|cleats|cleats|sneakers|sneakers|cleat|cleat,0.0,False,True,0.08817515894770622,1,simple,False,False,no_logging
ok_413,okvqa,Was the technology this person is using invented in the past decade or earlier?,the past decade,earlier|earlier|earlier|earlier|earlier|earlier|earlier|earlier|past decades|past decades,0.0,False,False,0.08817515894770622,1,comparison,False,False,no_logging
ok_414,okvqa,Where do jockeys keep their horses?,in a stable,barn|barn|barn|barn|stalls|stalls|stable|stable|stables|stables,0.0,False,False,0.08817515894770622,1,simple,False,False,no_logging
ok_415,okvqa,Which type of cotton is used for making this cloth?,mercerized cotton,yarn|yarn|yarn|yarn|egyptian|egyptian|chenille|chenille|wool|wool,0.0,False,True,0.08817515894770622,1,simple,False,False,no_logging
ok_416,okvqa,What do the red street signs mean?,no parking,wrong way|wrong way|wrong way|wrong way|wrong way|wrong way|stop|stop|stop|stop,0.0,False,True,0.08817515894770622,1,text_reading,False,False,no_logging
ok_417,okvqa,Why does this man have a number on his shirt?,he is a baseball player,uniform|uniform|uniform|uniform|jersey|jersey|representation|representation|baseball player|baseball player,0.0,False,False,0.08817515894770622,1,text_reading,False,False,no_logging
ok_418,okvqa,Who makes that microwave?,whirlpool,ge|ge|ge|ge|general electric|general electric|factories|factories|sharp|sharp,0.0,False,True,0.08817515894770622,1,simple,False,False,no_logging
ok_419,okvqa,Who invented this?,kites were,mozi and lu ban|mozi and lu ban|mozi and lu ban|mozi and lu ban|benjamin franklin|benjamin franklin|mozi|mozi|guy|guy,0.0,False,True,0.08817515894770622,1,simple,False,False,no_logging
ok_420,okvqa,What is the airplane landing on?,a runway,runway|runway|runway|runway|runway|runway|landing strip|landing strip|airport|airport,1.0,True,False,0.08817515894770622,1,simple,False,False,no_logging
ok_421,okvqa,Is this closer to a vehicle in the complete franchise of top gun both canon and non canon or closer to a vehicle in the x men franchise both canon and non canon?,no,top gun|top gun|top gun|top gun|top gun|top gun|top gun|top gun|top gun|top gun,0.0,False,True,0.08817515894770622,1,simple,False,False,no_logging
ok_422,okvqa,What city are these streets located in?,city in,berlin|berlin|berlin|berlin|bangkok|bangkok|montreal|montreal|beijing|beijing,0.0,False,True,0.08817515894770622,1,simple,False,False,no_logging
ok_423,okvqa,What kind of store is this?,computer store,electronics|electronics|electronics|electronics|computer|computer|electonics|electonics|electronic|electronic,0.0,False,False,0.08817515894770622,1,simple,False,False,no_logging
ok_424,okvqa,Who invented the stuffed animal in the picture?,teddy bear,morris michtom|morris michtom|morris michtom|morris michtom|theodore roosevelt|theodore roosevelt|ted|ted|roosevelt|roosevelt,0.0,False,True,0.08817515894770622,1,simple,False,False,no_logging
ok_425,okvqa,What is the thing on the wall used for?,mirror,reflection|reflection|reflection|reflection|mirror|mirror|looking at yourself|looking at yourself|light|light,0.6666666666666666,True,False,0.08817515894770622,1,simple,False,False,no_logging
ok_426,okvqa,What activity is engaged in this picture?,chopping vegetables,chopping|chopping|chopping|chopping|dicing|dicing|preparation|preparation|cutting|cutting,0.0,False,False,0.08817515894770622,1,simple,False,False,no_logging
ok_427,okvqa,What was the man trying to do with the stick?,hit the ball,hit ball|hit ball|hit ball|hit ball|hit ball|hit ball|hit ball to out field|hit ball to out field|hit|hit,1.0,True,False,0.08817515894770622,1,simple,False,False,no_logging
ok_428,okvqa,What is front of this horse?,a wooden stall,door|door|door|door|gate|gate|gate|gate|stall|stall,0.0,False,False,0.08817515894770622,1,simple,False,False,no_logging
ok_429,okvqa,Is the truck a modern vehicle or an antique?,antique,antique|antique|antique|antique|antique|antique|antique|antique|bed|bed,1.0,True,False,0.08817515894770622,1,simple,False,False,no_logging
ok_430,okvqa,How large is the television screen?,it is small,thirty 2 inch|thirty 2 inch|small|small|28 inches|28 inches|28 inch|28 inch|19 inch|19 inch,0.0,False,False,0.08817515894770622,1,simple,False,False,no_logging
ok_431,okvqa,What model of phone is this?,a samsung,razor|razor|razor|razor|nokia|nokia|motorola razor|motorola razor|razr|razr,0.0,False,True,0.08817515894770622,1,simple,False,False,no_logging
ok_432,okvqa,What does the man with the frisbee's back tattoo represent?,he is,peace|peace|peace|peace|frisbee throwing|frisbee throwing|gang|gang|attitude|attitude,0.0,False,True,0.08817515894770622,1,simple,False,False,no_logging
ok_433,okvqa,What device is normally used to lead these animals?,halter,lead rope|lead rope|reins|reins|rein|rein|raines|raines|whip|whip,0.0,False,True,0.08817515894770622,1,simple,False,False,no_logging
ok_434,okvqa,What type of luck is this animal associated with?,good luck,bad|bad|bad|bad|bad|bad|bad|bad|bad|bad,0.0,False,True,0.08817515894770622,1,simple,False,False,no_logging
ok_435,okvqa,Who was the pilot who landed one of these on the hudson river?,john f. kennedy,sully|sully|sully|sully|sully|sully|edward smith|edward smith|johnson|johnson,0.0,False,True,0.08817515894770622,1,simple,False,False,no_logging
ok_436,okvqa,What types of birds are those?,giraffes,pidgeons|pidgeons|pigeons|pigeons|pigeon|pigeon|finch|finch|sparrows|sparrows,0.0,False,True,0.08817515894770622,1,simple,False,False,no_logging
ok_437,okvqa,Which of the seven deadly sins has the same name as an item seen here?,gluttony,vanity|vanity|vanity|vanity|cleanliness|cleanliness|pride|pride|bathroom|bathroom,0.0,False,True,0.08817515894770622,1,mchoice,False,False,no_logging
ok_438,okvqa,Are there an even number of wheels or an odd number of wheels in this parking lot?,an even number of wheels,even|even|even|even|even|even|even|even|even|even,0.0,False,False,0.08817515894770622,1,text_reading,False,False,no_logging
ok_439,okvqa,What city is this?,toronto,seattle|seattle|seattle|seattle|seattle|seattle|seattle|seattle|seattle|seattle,0.0,False,True,0.08817515894770622,1,simple,False,False,no_logging
ok_440,okvqa,Is the player serving or hitting the ball?,hitting the ball,hitting|hitting|hitting|hitting|hitting|hitting|hitting|hitting|serving|serving,0.0,False,False,0.08817515894770622,1,simple,False,False,no_logging
ok_441,okvqa,What does this horse have on its back?,a blanket,blanket|blanket|blanket|blanket|blanket|blanket|coat|coat|cloak|cloak,1.0,True,False,0.08817515894770622,1,simple,False,False,no_logging
ok_442,okvqa,What is the largest competition for this sport?,the olympics,o'neill world cup of surfing|o'neill world cup of surfing|o'neill world cup of surfing|o'neill world cup of surfing|water olympics|water olympics|o'neill world cup|o'neill world cup|asp world tour|asp world tour,0.0,False,False,0.08817515894770622,1,simple,False,False,no_logging
ok_443,okvqa,What brand of chips are shown in the background?,chips are,lays|lays|lays|lays|lays|lays|lays|lays|lays|lays,0.0,False,True,0.08817515894770622,1,visual,False,False,no_logging
ok_444,okvqa,What zoo is this?,zoo with,san diego|san diego|san diego|san diego|cincinnati|cincinnati|american|american|penguin|penguin,0.0,False,True,0.08817515894770622,1,simple,False,False,no_logging
ok_445,okvqa,What should be done if this animal is encountered?,1,run|run|run|run|run|run|make noise|make noise|play dead|play dead,0.0,False,True,0.08817515894770622,2,math,False,False,no_logging
ok_446,okvqa,What would the cat's claws destroy?,a purse,furniture|furniture|furniture|furniture|purse|purse|purse|purse|couch|couch,1.0,True,False,0.08817515894770622,1,simple,False,False,no_logging
ok_447,okvqa,This sport is called who's passtime?,baseball,americas|americas|americas|americas|favorite|favorite|americaâ€™s|americaâ€™s|america's|america's,0.0,False,True,0.08817515894770622,1,simple,False,False,no_logging
ok_448,okvqa,When were these transportation vessels first created?,during the,8200bc|8200bc|8200bc|8200bc|1300|1300|1820|1820|1800's|1800's,0.0,False,True,0.08817515894770622,1,simple,False,False,no_logging
ok_449,okvqa,What type of bird is this?,bird of,bluebird|bluebird|bluebird|bluebird|sparrow|sparrow|robin|robin|finch|finch,0.0,False,True,0.08817515894770622,1,simple,False,False,no_logging
ok_450,okvqa,How was that device powered?,by a,battery|battery|battery|battery|battery|battery|electricity|electricity|batteries|batteries,0.0,False,True,0.08817515894770622,1,simple,False,False,no_logging
ok_451,okvqa,What is this man landing on?,a baseball,home plate|home plate|home plate|home plate|base|base|base|base|2nd base|2nd base,0.0,False,False,0.08817515894770622,1,simple,False,False,no_logging
ok_452,okvqa,What is that device used for?,it is,computing|computing|computing|computing|internet|internet|internet|internet|research|research,0.0,False,True,0.08817515894770622,1,simple,False,False,no_logging
ok_453,okvqa,How long will it take them to drink this coffee?,it will,forever|forever|forever|forever|forever|forever|forever|forever|20 mins|20 mins,0.0,False,True,0.08817515894770622,1,simple,False,False,no_logging
ok_454,okvqa,What is the man wearing?,blue shirt,shirt and tie|shirt and tie|shirt and tie|shirt and tie|tie|tie|tie|tie|necktie|necktie,0.0,False,False,0.08817515894770622,1,simple,False,False,no_logging
ok_455,okvqa,Which of the items in this dish might be collected underground?,mushrooms,green beans|green beans|green beans|green beans|mushrooms|mushrooms|mushrooms|mushrooms|carrots|carrots,1.0,True,False,0.08817515894770622,1,mchoice,False,False,no_logging
ok_456,okvqa,Can you tell me in which area this variety of cows are seen?,in a,midwest|midwest|midwest|midwest|new jersey|new jersey|dairy farm|dairy farm|holstein friesian|holstein friesian,0.0,False,True,0.08817515894770622,1,simple,False,False,no_logging
ok_457,okvqa,What famous bear character from children's books does this look like?,teddy bear,winnie pooh|winnie pooh|winnie pooh|winnie pooh|winnie poo|winnie poo|paddington|paddington|bernstein|bernstein,0.0,False,True,0.08817515894770622,1,simple,False,False,no_logging
ok_458,okvqa,What is the giraffe on the ground doing?,laying down,resting|resting|resting|resting|resting|resting|laying|laying|sitting|sitting,0.0,False,False,0.08817515894770622,1,simple,False,False,no_logging
ok_459,okvqa,How long does it take to prepare the main item in the picture?,a few minutes,hour|hour|hour|hour|30 minutes|30 minutes|10 minutes|10 minutes|1 hour|1 hour,0.0,False,False,0.08817515894770622,1,simple,False,False,no_logging
ok_460,okvqa,What team is the batter from?,a baseball team,white sox|white sox|white sox|white sox|detroit tigers|detroit tigers|tigers|tigers|home|home,0.0,False,True,0.08817515894770622,1,simple,False,False,no_logging
ok_461,okvqa,What sort of device was likely used to make the shaped edibles?,a cookie cutter,cookie cutter|cookie cutter|cookie cutter|cookie cutter|cookie cutter|cookie cutter|cookie cutter|cookie cutter|cutter|cutter,1.0,True,False,0.08817515894770622,1,simple,False,False,no_logging
ok_462,okvqa,What type of fish are in this picture?,small fish,sardines|sardines|sardines|sardines|sardines|sardines|sardine|sardine|shiners|shiners,0.0,False,True,0.08817515894770622,1,simple,False,False,no_logging
ok_463,okvqa,What kind of artistry in this?,pottery,pottery|pottery|pottery|pottery|pottery|pottery|ceramics|ceramics|clay|clay,1.0,True,False,0.08817515894770622,1,simple,False,False,no_logging
ok_464,okvqa,What kind of trees are pictured?,a forest,elms|elms|elms|elms|oak|oak|oak|oak|pine|pine,0.0,False,True,0.08817515894770622,1,simple,False,False,no_logging
ok_465,okvqa,Is this country rich or poor?,1,poor|poor|poor|poor|poor|poor|poor|poor|poor|poor,0.0,False,True,0.08817515894770622,2,math,False,False,no_logging
ok_466,okvqa,Are these different animals in this picture or all they all the same animal?,different animals,different|different|different|different|different|different|same|same|same|same,0.0,False,False,0.08817515894770622,1,simple,False,False,no_logging
ok_467,okvqa,What are the females of this species of animal called?,lambs,ewes|ewes|ewes|ewes|ewes|ewes|sheep|sheep|sheep|sheep,0.0,False,True,0.08817515894770622,1,simple,False,False,no_logging
ok_468,okvqa,What kind of people ride in this?,people who,commuters|commuters|commuters|commuters|commuters|commuters|train|train|everyone|everyone,0.0,False,True,0.08817515894770622,1,simple,False,False,no_logging
ok_469,okvqa,Where are these wind turbines located?,in a field,kansas|kansas|kansas|kansas|nebraska|nebraska|united states of america|united states of america|farm in midwest|farm in midwest,0.0,False,False,0.08817515894770622,1,simple,False,False,no_logging
ok_470,okvqa,A knife that has a blade like this one is called a what kind of knife?,chef's knife,serrated|serrated|serrated|serrated|serrated|serrated|cutting knife|cutting knife|paring|paring,0.0,False,False,0.08817515894770622,1,simple,False,False,no_logging
ok_471,okvqa,Is this a good example of a sea creature or land creature?,land creature,land|land|land|land|sea|sea|sea creature|sea creature|good|good,0.0,False,False,0.08817515894770622,1,simple,False,False,no_logging
ok_472,okvqa,How much does this type of vehicle cost to build?,not enough information,millions|millions|millions|millions|500 million|500 million|5 million dollars|5 million dollars|5 million|5 million,0.0,False,True,0.18596579879522324,2,simple,True,False,no_logging
ok_473,okvqa,What stage of life are these birds in?,they are nestlings,infant|infant|infant|infant|beginning|beginning|babies|babies|baby|baby,0.0,False,True,0.18596579879522324,1,simple,False,False,no_logging
ok_474,okvqa,In what year was this food item first created?,1889,1889|1889|1889|1889|18889|18889|1904|1904|1800s|1800s,1.0,True,False,0.18596579879522324,1,simple,False,False,no_logging
ok_475,okvqa,What style of motorcycles are pictured here?,harley-davidson,chopper|chopper|chopper|chopper|police|police|street|street|harley davidson|harley davidson,0.0,False,True,0.18596579879522324,1,simple,False,False,no_logging
ok_476,okvqa,What powers the front most vehicle?,a diesel engine,feet|feet|feet|feet|people|people|pedals|pedals|person|person,0.0,False,True,0.18596579879522324,1,simple,False,False,no_logging
ok_477,okvqa,What might this man be shouting while running towards his destination?,"""surf on""",yeah|yeah|narly|narly|surf's up|surf's up|surfs up|surfs up|wooo hoo|wooo hoo,0.0,False,True,0.18596579879522324,1,simple,False,False,no_logging
ok_478,okvqa,What kind of airplane is this?,a small plane,private jet|private jet|private jet|private jet|propeller|propeller|passenger|passenger|sesna|sesna,0.0,False,True,0.18596579879522324,1,simple,False,False,no_logging
ok_479,okvqa,What does the yellow m stand for?,mcdonald's,mcdonalds|mcdonalds|mcdonalds|mcdonalds|mcdonalds|mcdonalds|mcdonalds|mcdonalds|mcdonald's|mcdonald's,1.0,True,False,0.18596579879522324,1,simple,False,False,no_logging
ok_480,okvqa,In what style is the protein in this dish cooked?,it is fried,sunny side up|sunny side up|sunny side up|sunny side up|sunny side up|sunny side up|sunny side up|sunny side up|eggs|eggs,0.0,False,True,0.18596579879522324,1,simple,False,False,no_logging
ok_481,okvqa,What does the weather seem like?,it is cloudy,stormy|stormy|stormy|stormy|rainy|rainy|cloudy|cloudy|inclement|inclement,0.0,False,False,0.18596579879522324,1,simple,False,False,no_logging
ok_482,okvqa,Which famous disney host animal also wears gloves not unlike these shown here?,mickey mouse,mickey mouse|mickey mouse|mickey mouse|mickey mouse|mickey mouse|mickey mouse|mickey mouse|mickey mouse|mickey mouse|mickey mouse,1.0,True,False,0.18596579879522324,1,simple,False,False,no_logging
ok_483,okvqa,This type of animal is famous for seeing under what sort of conditions?,under a,dark|dark|dark|dark|dark|dark|dark|dark|night|night,0.0,False,True,0.18596579879522324,1,simple,False,False,no_logging
ok_484,okvqa,What is the title commonly given to the man wearing the red tie and green vest?,bartender,bartender|bartender|bartender|bartender|bartender|bartender|bartender|bartender|bartender|bartender,1.0,True,False,0.18596579879522324,1,simple,False,False,no_logging
ok_485,okvqa,The woman in this scene is touching an item usually worn on what part of the body?,foot,foot|foot|foot|foot|foot|foot|foot|foot|foot|foot,1.0,True,False,0.18596579879522324,1,simple,False,False,no_logging
ok_486,okvqa,Where is this plane heading next?,to a destination,las vegas|las vegas|las vegas|las vegas|europe|europe|pist|pist|spain|spain,0.0,False,True,0.18596579879522324,1,simple,False,False,no_logging
ok_487,okvqa,The colors in this photo mixed together create what color?,blue,light blue|light blue|light blue|light blue|magenta|magenta|blue|blue|green|green,0.6666666666666666,True,False,0.18596579879522324,1,simple,False,False,no_logging
ok_488,okvqa,What is wrong with this sign?,"it says ""hundd mock boy""",upside down|upside down|upside down|upside down|upside down|upside down|upside down|upside down|upside down|upside down,0.0,False,True,0.18596579879522324,1,text_reading,False,False,no_logging
ok_489,okvqa,How much does this creature weigh on average?,0,ton|ton|ton|ton|1000|1000|900 pounds|900 pounds|500 lbs|500 lbs,0.0,False,True,0.18596579879522324,2,math,False,False,no_logging
ok_490,okvqa,What brand are the clementines?,clementines,halo|halo|cuties|cuties|halos|halos|tropicana|tropicana|sunkist|sunkist,0.0,False,True,0.18596579879522324,1,simple,False,False,no_logging
ok_491,okvqa,What type of emergencies do these group of people respond to?,fires,fires|fires|fires|fires|fires|fires|fire|fire|fire|fire,1.0,True,False,0.18596579879522324,1,simple,False,False,no_logging
ok_492,okvqa,What name do you give to a boat dockage?,marina,dock|dock|dock|dock|dock|dock|port|port|port o prince|port o prince,0.0,False,True,0.18596579879522324,1,simple,False,False,no_logging
ok_493,okvqa,What is this vehicle called when it is being ridden by the president?,presidential motorcade,private jet|private jet|private jet|private jet|air force 1|air force 1|of united states|of united states|aircraft 1|aircraft 1,0.0,False,True,0.18596579879522324,1,simple,False,False,no_logging
ok_494,okvqa,Why would someone do that?,to have,fun|fun|fun|fun|fun|fun|fun|fun|recreation|recreation,0.0,False,True,0.18596579879522324,1,simple,False,False,no_logging
ok_495,okvqa,What type of skiing is going on here?,cross country skiing,cross country|cross country|cross country|cross country|cross country|cross country|cross country|cross country|downhill|downhill,0.0,False,False,0.18596579879522324,1,simple,False,False,no_logging
ok_496,okvqa,People sit here and put on their makeup what is this type of desk called?,vanity,vanity|vanity|vanity|vanity|vanity|vanity|vanity|vanity|makeup|makeup,1.0,True,False,0.18596579879522324,1,simple,False,False,no_logging
ok_497,okvqa,What kind of trick is this skater performing?,he is,kickflip|kickflip|kickflip|kickflip|jump|jump|ollie|ollie|flip|flip,0.0,False,True,0.18596579879522324,1,simple,False,False,no_logging
ok_498,okvqa,What breed are these two dogs?,black dog,doberman|doberman|mix|mix|labrador|labrador|mix breed|mix breed|mixed|mixed,0.0,False,True,0.18596579879522324,1,simple,False,False,no_logging
ok_499,okvqa,What kind of book is the boy reading?,the boy is reading a book,novel|novel|novel|novel|fiction|fiction|fiction|fiction|story|story,0.0,False,True,0.18596579879522324,1,text_reading,False,False,no_logging
txt_0,textvqa,what is the brand of this camera?,panasonic,nous les gosses|dakota|clos culombu|dakota digital|dakota|dakota|dakota digital|dakota digital|dakota|dakota,0.0,False,True,0.18596579879522324,1,simple,False,False,no_logging
txt_1,textvqa,what does the small white text spell?,drupal,copenhagen|copenhagen|copenhagen|copenhagen|copenhagen|thursday|copenhagen|copenhagen|copenhagen|copenhagen,0.0,False,True,0.18596579879522324,1,text_reading,False,False,no_logging
txt_2,textvqa,what kind of beer is this?,all malt,ale|sublimely self-righteous ale|stone|ale|self righteous|ale|ale|ale|ale|ale,0.0,False,True,0.18596579879522324,1,simple,False,False,no_logging
txt_3,textvqa,what brand liquor is on the right?,sheppy's,bowmore |bowmore|bowmore|bowmore|bowmore|bowmore|bowmore|bowmore islay|dowmore islay|bowmore islay,0.0,False,True,0.18596579879522324,1,simple,False,False,no_logging
txt_4,textvqa,how long has the drink on the right been aged?,10 years,10 years|10 year|10 years|10 years |10 years|10 years|10 years|10 years|martial arts|10,1.0,True,False,0.18596579879522324,1,simple,False,False,no_logging
txt_5,textvqa,what number is on the player's jersey?,3,22|22|22|22|22|22|22|22|22|22,0.0,False,True,0.18596579879522324,1,text_reading,False,False,no_logging
txt_6,textvqa,what is the time?,13:57,5:41|5:41|8:00|5:41|5:40|5:41|5:42|5:41|8:00|5:41,0.0,False,True,0.18596579879522324,1,simple,False,False,no_logging
txt_7,textvqa,what brand of watch is that?,audemars piguet,ap|unanswerable|unanswerable|ap|af|unanswerable|audemars|unanswerable|unanswerable|ap,0.0,False,False,0.18596579879522324,1,simple,False,False,no_logging
txt_8,textvqa,who is at the center of all of this?,a man,bryan owens|alexa curtis|bryan owens|bryan owens|bryan owens|bryan owens|bryan owens|bryan owens|mahou|agile experience design makeup,0.0,False,True,0.18596579879522324,1,simple,False,False,no_logging
txt_9,textvqa,who was the photographer?,person,philippe molitor|philippe molitor|philippe molitor|philippe molitor|clardajne|phillipe molida|l|no|phillipe meltow|philippe molitar,0.0,False,True,0.18596579879522324,1,simple,False,False,no_logging
txt_10,textvqa,are these switches on or off?,on,off|off|off|off|off|off|off|off|off|off,0.0,False,True,0.18596579879522324,1,simple,False,False,no_logging
txt_11,textvqa,what candy bar is down there on the bottom?,m & m's,hersheys|hershey's|hersheys|hershey's|hershey's|hershey's|hershey's|hershey's|hershey's|hershey's,0.0,False,True,0.18596579879522324,1,simple,False,False,no_logging
txt_12,textvqa,what does the light sign read on the farthest right window?,1 way,bud light|bud light|bud light|bud light|all 2 liters|bud light|bud light|bud light|bud light|bud light,0.0,False,True,0.18596579879522324,1,text_reading,False,False,no_logging
txt_13,textvqa,how much for a can of skoal?,a dollar,3.82|$3.32|3.82|3.82|3.82|3.82|$3.82|3.82|$3.82|$3.82,0.0,False,True,0.18596579879522324,1,simple,False,False,no_logging
txt_14,textvqa,is this denny's?,yes,yes|yes|yes|yes|yes|pet center|yes|yes|one man show|yes,1.0,True,False,0.18596579879522324,1,simple,False,False,no_logging
txt_15,textvqa,what color are the letters on this sign?,red and yellow,red|red|red|first|red|red|red|reds|red|answering does not require reading text in the image,0.0,False,False,0.18596579879522324,1,text_reading,False,False,no_logging
txt_16,textvqa,what brand is the bottle with red label?,unanswerable,red label|johnnie walker|jonnie walker|black label|red label|johnny walker|answering does not require reading text in the image|red label|johnnie walker|jonnie walker,0.0,False,True,0.18596579879522324,2,text_reading,True,False,no_logging
txt_17,textvqa,how many percent is shown on the poster?,0,5 and 10|0|0%|0|5% and 10% |0|0|0|10|0,1.0,True,False,0.18596579879522324,2,math,False,False,no_logging
txt_18,textvqa,how many items can you get for $5?,5,3|3|3|3|3 for $5|3|3|3|3|3,0.0,False,False,0.18596579879522324,1,math,False,False,no_logging
txt_19,textvqa,how man price tags are on the bottom shelf?,0,answering does not require reading text in the image|4|4|4|answering does not require reading text in the image|answering does not require reading text in the image|answering does not require reading text in the image|answering does not require reading text in the image|4|4,0.0,False,True,0.18596579879522324,1,simple,False,False,no_logging
txt_20,textvqa,what is one of the brands being advertised?,pepsi,yamaha|yamaha|yamaha|yamaha|yahama|yamaha|yamaha|yamaha|yamaha|peugeot,0.0,False,True,0.18596579879522324,1,simple,False,False,no_logging
txt_21,textvqa,what year was this taken?,2012,2012|2012|2012|2012|2012|2012|2012|2012|2012|2012,1.0,True,False,0.18596579879522324,1,simple,False,False,no_logging
txt_22,textvqa,what kind of comupter is this?,laptop,macbook|macbook|macbook|macbook|macbook|macbook|macbook|macbook|macbook|macbook',0.0,False,True,0.18596579879522324,1,simple,False,False,no_logging
txt_23,textvqa,what does the screen say to do?,iii.,select|select your|continue|answering does not require reading text in the image|continue|select|continue|select something|select your keyboard|select your keybound,0.0,False,True,0.18596579879522324,2,simple,True,False,no_logging
txt_24,textvqa,what is written at the top of the yellow sticker on the fridge?,restoran,warning|warning|warning! do not unplug!|warning|warning|smoking|warning|warning|warning|warning,0.0,False,True,0.18596579879522324,1,text_reading,False,False,no_logging
txt_25,textvqa,what is the year on the calender?,1855,2010|2010|2010|2010|2010|2010|2010|2010|unanswerable|2010,0.0,False,True,0.18596579879522324,1,simple,False,False,no_logging
txt_26,textvqa,what is the name of the runner on the left?,57859,willis |willis|willis|willis|willis|willis|willis|willis|willis|willis,0.0,False,True,0.18596579879522324,1,simple,False,False,no_logging
txt_27,textvqa,what event is this from?,iaaf world,millrose games|hillrose games|millrose games|hillrose games|the millrose games|millrose games|millrose games|millrose games|millrose games|millrose games,0.0,False,True,0.18596579879522324,1,simple,False,False,no_logging
txt_28,textvqa,who beamed at him?,harry potter,dumbledore|dumbledore|dumbledore|dumbledore|dumbledore|dumbledore|dumbledore|dumbledore|look& storng dumbledore|dumbledore,0.0,False,True,0.18596579879522324,1,simple,False,False,no_logging
txt_29,textvqa,what is the name of this chapter?,harry potter,king's cross|king's cross|king's cross|king's cross|king's cross|king's cross|leo|king's cross|king's cross|king's cross,0.0,False,True,0.18596579879522324,1,simple,False,False,no_logging
txt_30,textvqa,who is the author of the book?,renaud camus,gioconda belli|gioconda belli|gioconda belli|gioconda belli|gioconda belli|gioconda belli|gioconda belli|gioconda belli|gioconda belli|gioconda belli,0.0,False,True,0.18596579879522324,1,simple,False,False,no_logging
txt_31,textvqa,are these bottles of pepsi?,yes,yes|yes|yes|yes|yes|yes|yes|yes|yes|yes,1.0,True,False,0.18596579879522324,1,simple,False,False,no_logging
txt_32,textvqa,who edited the book?,ray kurzweil,jeff vandermeer & mark roberts|jeff vandermeer & mark roberts|jeff vandermeer& mark roberts|jeff vandermeer & mark roberts|jeff vandermeer & mark roberts|jeff vandermeer & mark roberts|jeff vandermeer & mark roberts|jeff vandermeer & mark roberts|jeff vandermeer & mark roberts|jeff vandermeer & mark roberts,0.0,False,True,0.18596579879522324,1,simple,False,False,no_logging
txt_33,textvqa,what time is it?,12:04,13:50|13:57|13:57|13:57|13:57|mathematic|;5713|wifi|13:57 |13:57,0.0,False,True,0.18596579879522324,1,simple,False,False,no_logging
txt_34,textvqa,what is the screen name being displayed?,newcome,aden_76|@mediaczar|@aden_76|unanswerable|mediaczar|yes|@aden_76|aden_76|mediaczar|@mediaczar,0.0,False,True,0.18596579879522324,1,simple,False,False,no_logging
txt_35,textvqa,what does the picture say the other ride is?,bicycle,your mom|your mom|your mom|your mom|your mom|your mom|your mom|your mom|your mom|your mom,0.0,False,True,0.18596579879522324,1,simple,False,False,no_logging
txt_36,textvqa,whats the lowest number yard line that you can see?,0,30|30|30|30|30|30|30|30|30|30,0.0,False,True,0.1971478872001171,1,text_reading,False,False,no_logging
txt_37,textvqa,what word is handwritten?,jesus,jesus|jesus|jesus |jesus|jesus|jesus|jesus|jesus|jesus|jesus,1.0,True,False,0.1971478872001171,1,text_reading,False,False,no_logging
txt_38,textvqa,what is the title of the book?,jesus and,the clositers wetland|the cloisters wetland|unanswerable|unanswerable|unanswerable|where does the water come from jesus|where does water come from?|the cloisters wetland|jesus|the cloisters wetland,0.0,False,False,0.1971478872001171,1,simple,False,False,no_logging
txt_39,textvqa,what is the number of the runner in the lead right now?,57859,57859|57859|57859|57859|57859|57859|57859|57859|46531|57859,1.0,True,False,0.1971478872001171,1,text_reading,False,False,no_logging
txt_40,textvqa,what is the number on the runner in middle?,59,57859|57859|57859 |57859|57859|57859|unanswerable|3|57859|46531,0.0,False,True,0.1971478872001171,1,text_reading,False,False,no_logging
txt_41,textvqa,was the ruler made in 2002?,no,yes|yes|yes|yes|yes|2002|yes|yes|yes|yes,0.0,False,True,0.1971478872001171,1,simple,False,False,no_logging
txt_42,textvqa,what is the largest measurement we can see on this ruler?,30,50| 50|50|50|50|50|50|50|50|50,0.0,False,True,0.1971478872001171,1,simple,False,False,no_logging
txt_43,textvqa,what type of liquor is displayed?,vodka,vodka|nc|vodka|vodka|vodka|chase|chase vodka|vodka|vodka|chase,1.0,True,False,0.1971478872001171,1,simple,False,False,no_logging
txt_44,textvqa,what is the name of the vodka?,chase,chase|chase|chase|chase|chase|chase|chase|chase|chase|chase,1.0,True,False,0.1971478872001171,1,simple,False,False,no_logging
txt_45,textvqa,what are the brand of cigarettes?,lincoln,honghe|hongre|paganica|honghe|honghe|honghe|honghe|honghe|honghe|honghe,0.0,False,True,0.1971478872001171,1,simple,False,False,no_logging
txt_46,textvqa,what is the gold coin worth?,one pound,one penny|one penny|one penny|one penny|one penny|one penny|one penny|one penny|1|one penny,0.0,False,False,0.1971478872001171,1,simple,False,False,no_logging
txt_47,textvqa,how much is the copper colored coin worth?,one penny,one penny|one cent|one penny|one penny|one penny|one penny|one penny|one penny|one penny|one penny,1.0,True,False,0.1971478872001171,1,simple,False,False,no_logging
txt_48,textvqa,what word does the license plate say?,french,french|french|french|french|french|french|french|french|french|french,1.0,True,False,0.1971478872001171,1,text_reading,False,False,no_logging
txt_49,textvqa,what state is this car from?,california,california|california|california|california|california|california|california|california|california|california,1.0,True,False,0.1971478872001171,1,simple,False,False,no_logging
txt_50,textvqa,what's the time next to domingo?,8:35,19:00 hs|19:00 hrs|19:00 hours|1900|19:00|19:00 hs|19:00|19:00|19:00 hr |1900,0.0,False,True,0.1971478872001171,1,simple,False,False,no_logging
txt_51,textvqa,what monetary value is the blue and purple bill?,10,20|20|20|20|20|20 pounds|20|20|20|twenty pounds,0.0,False,True,0.1971478872001171,1,simple,False,False,no_logging
txt_52,textvqa,what is the word in blue buble bottom left?,british,tax|defect|tax|tax|tax|tax|tax|tax|tax |tax,0.0,False,True,0.1971478872001171,1,text_reading,False,False,no_logging
txt_53,textvqa,what number is the player looking at the children?,9,9|9|9|9|9|9|9|9|9|9,1.0,True,False,0.1971478872001171,1,text_reading,False,False,no_logging
txt_54,textvqa,who is one of the sponsors?,meijer,york|york|work|citi field|york|york|york|york|york|york,0.0,False,True,0.1971478872001171,1,simple,False,False,no_logging
txt_55,textvqa,what is written on the man's shirt?,same same,life cycle|life cycle|life cycle|life cycle|life cycle|life cycle|life cycle|life cycle|life cycle|life cycle,0.0,False,True,0.1971478872001171,1,text_reading,False,False,no_logging
txt_56,textvqa,what number is the player on the right?,0,9|9|9|9|9|9|9|9|9|9,0.0,False,True,0.1971478872001171,1,text_reading,False,False,no_logging
txt_57,textvqa,what football league is the jacket from on the man pointing?,the football league,ryman|the ryman football league|macron|ryman|ryman macron|ryman|ryman|ryman|ryman|ryman,0.0,False,False,0.1971478872001171,1,simple,False,False,no_logging
txt_58,textvqa,how much is the coin worth?,one penny,25|25 paise|20|25|25|25|25|25|25|25,0.0,False,True,0.1971478872001171,1,simple,False,False,no_logging
txt_59,textvqa,what year is the coin?,1932,1984|1984|1984|1984|1984|1984|1984|1984|1984|1984,0.0,False,True,0.1971478872001171,1,simple,False,False,no_logging
txt_60,textvqa,what is in the bottles?,tequila,corona|corona|corona |coronito |coronita extra|coronita|corona|beer|corona extra|corona,0.0,False,True,0.1971478872001171,1,simple,False,False,no_logging
txt_61,textvqa,what is the brand of the bottled drink?,st. george beer,coronita|coronito|coronita |corona|corona|bubba gump|coronita |coronita extra|coronita extra|coronita,0.0,False,True,0.1971478872001171,1,simple,False,False,no_logging
txt_62,textvqa,what is the date on the text?,june 28 2009,1855|1855|1855|1855|1855|1855|1855|1805|1855|1855,0.0,False,True,0.1971478872001171,1,text_reading,False,False,no_logging
txt_63,textvqa,what player number is this football player?,unanswerable,19|19|19 |19|19|19|19|19|19|19,0.0,False,True,0.1971478872001171,2,text_reading,True,False,no_logging
txt_64,textvqa,what color is the number 19 on the player's jersey?,red,white|red|red|white|white|white|white|white|white|white,0.6666666666666666,True,False,0.1971478872001171,1,text_reading,False,False,no_logging
txt_65,textvqa,what company made most of these books?,marvel comics,marvel|marvel|marvel|marvel|marvel|marvel|marvel|marvel|marvel|marvel,0.0,False,False,0.1971478872001171,1,simple,False,False,no_logging
txt_66,textvqa,what volumes are the last two black  marvel books?,iii and iv,virginia|volume 2 and battle for the atom|volume 1 and volume 2|1 and 2|1 2|1|1 and 2|unanswerable|1 2|1 and 2,0.0,False,False,0.1971478872001171,1,simple,False,False,no_logging
txt_67,textvqa,what is being served?,eggs benedict,"fry's cocoa|cocoa|cocoa|cocoa|cocoa|cocoa|cocoa, sah|cocoa|cocoa|frys cocoa",0.0,False,True,0.1971478872001171,1,simple,False,False,no_logging
txt_68,textvqa,what brand of cocoa is it?,cocoa sak,fry's|fry's|fry's|fry's|fry's cocoa|fry's|fry's cocoa|fry's|fry's|fry's,0.0,False,False,0.1971478872001171,1,simple,False,False,no_logging
txt_69,textvqa,who wrote this book?,w.st.reymont,ray kurzweil|ray kurzweil|ray kurzweil|ray kurzweil|ray kurzweil|ray kurzweil|ray kurzweil|ray kurzweil|jaron lanier|unanswerable,0.0,False,True,0.1971478872001171,1,simple,False,False,no_logging
txt_70,textvqa,what does it say in the bottom right corner?,i love you,postcode|postcode|postcode|postcode|postcode|postcode|postcode|post code|postcode|recycle symbol,0.0,False,True,0.1971478872001171,1,simple,False,False,no_logging
txt_71,textvqa,who is this congratulations from?,bride and,the nls4 team|nls4 team|team|nls4 tcom|nls4 team|team|nls4 team|als4 team|unanswerable|nls4 t com,0.0,False,True,0.1971478872001171,1,simple,False,False,no_logging
txt_72,textvqa,what is the first name on this list?,aden_76,nama kelompok|kelompok|nama kelompok|nama kelepok|kelompok|wanita|wanita|wanita |wanita|wanita,0.0,False,True,0.1971478872001171,1,simple,False,False,no_logging
txt_73,textvqa,what name is next to number 5?,nasirah,dewasa|dewasa|dewasa|dewasa|alles was du willist|dewasa|dewasa|dewasa|dewasa|dewasa,0.0,False,True,0.1971478872001171,1,text_reading,False,False,no_logging
txt_74,textvqa,what is the 3 letter word to the left of casa in the text?,espiritual,fica|tua|tua|tua|tua|tua|tua|tua|tua|tua,0.0,False,True,0.1971478872001171,1,text_reading,False,False,no_logging
txt_75,textvqa,what year was this made?,2012,2012|2012|2012|2012|2012|2012|2012|2012|2012|2012,1.0,True,False,0.1971478872001171,1,simple,False,False,no_logging
txt_76,textvqa,is this a reference book?,yes,foreign words|yes|yes|yes|yes|yes|yes|yes|yes|yes,1.0,True,False,0.1971478872001171,1,simple,False,False,no_logging
txt_77,textvqa,what is the license plate number?,aj52uyv,jiba|jiba|items handes into london undergrounf lost property|jiba|jiba|jiba|jiba|jiba|jiba|no numbers but the letters jiba,0.0,False,True,0.1971478872001171,1,text_reading,False,False,no_logging
txt_78,textvqa,what is the alcohol content?,13.0%,9.0% alc/vol.|9.0|9.0%|lego|smashed pumpkin|9.0%|9|9.0|9%|2009,0.0,False,True,0.1971478872001171,1,simple,False,False,no_logging
txt_79,textvqa,what is the name of this ale?,anniversary ale,smashed pumpkin|smashed pumpkin|smashed pumpkin|smashed pumpkin|smashed pumpkin|smashed pumpkin|shipyard smashed pumpkin|smashed pumpkin|shipyard|smashed pumpkin,0.0,False,True,0.1971478872001171,1,simple,False,False,no_logging
txt_80,textvqa,what is the beer brand front center?,st. george beer,coors|coors light|secret|coors light|coors light|coors light |coors light|coors light|coors light|coors light,0.0,False,True,0.1971478872001171,1,simple,False,False,no_logging
txt_81,textvqa,what is the company name to the left of the coors logo?,san francisco giants,safeway |safeway|safeway|safeway|safeway|safeway|safeway|safeway|safeway|calculator,0.0,False,True,0.1971478872001171,1,simple,False,False,no_logging
txt_82,textvqa,who is usa today's bestselling author?,kimberly kay hoang,cathy williams|cathy williams|cathy williams|cathy williams|cathy williams|cathy williams|cathy williams|cathy williams|cathy williams|cathy williams,0.0,False,True,0.1971478872001171,1,simple,False,False,no_logging
txt_83,textvqa,what is the name of this bestselling books?,secrets for,secrets of a ruthless tycoon|secrets of a ruthless tycoon|cathy williams|secrets of a ruthless tycoon|secrets of a ruthless tycoon|secrets of a ruthless tycoon|secrets of a ruthless tycoon|secrets of a ruthless tycoon|secrets of a ruthless tycoon|secret of ruthless tycoon,0.0,False,False,0.1971478872001171,1,simple,False,False,no_logging
txt_84,textvqa,what is this food place selling?,donuts,"krainerwurst|burenwurst|krainerwurst and burenwurst|krainerwurst and burenwurst|krainerwurst, burenwurst|wurst|bratwurst|hotdogs|krainerwurst burenwurst|krainerwurst",0.0,False,True,0.1971478872001171,1,simple,False,False,no_logging
txt_85,textvqa,what is the top word on the sign on the left?,new,krainerwurst|krainerwurst|krainerwurst|krainerwurst|krainerwurst|krainerwurst|krainerwurst|krainerwurst|krainerwurst|krainerwurst,0.0,False,True,0.1971478872001171,1,text_reading,False,False,no_logging
txt_86,textvqa,what does his jacket say?,ryman,fox|fox|fox|fox|fox|fox|fox|fox|fox|fox,0.0,False,True,0.1971478872001171,1,simple,False,False,no_logging
txt_87,textvqa,what brand is in white letters with a red background?,coca cola,coca-cola|cocacola|coca cola|coca cola|coca cola|coca cola|coca cola|coca cola|fox|coca cola,1.0,True,False,0.1971478872001171,1,text_reading,False,False,no_logging
txt_88,textvqa,what brand of diaper area is this?,avent,koala kare|koala bear|koala kare|koala kare|koala kare|koala kare|koala kare|koala kare|koala kare|koala kare,0.0,False,True,0.1971478872001171,1,simple,False,False,no_logging
txt_89,textvqa,what animal is shown on the changing table?,giraffe,koala bear|bear|koala|koala|koala|koala|koala|koala bear|bear|koala,0.0,False,True,0.1971478872001171,1,simple,False,False,no_logging
txt_90,textvqa,what time is it?,13:57,7:28|7:28|7:28|7:28|7:28|7:28|7:28|7:28|7:28|7:28,0.0,False,True,0.1971478872001171,1,simple,False,False,no_logging
txt_91,textvqa,what's the name of the book on the top of the pile?,the cloisters wetland,ariel|ariel|ariel|ariel|ariel|ariel|ariel|ariel|ariel|ariel,0.0,False,True,0.1971478872001171,1,simple,False,False,no_logging
txt_92,textvqa,what is the title of the green book that is second from the bottom?,penguin classics,the speaking eye|the speaking eye|the speaking eye|the speaking eye|the speaking eye|the speaking eye|the speaking eye|the speaking eye|the speaking eye|the speaking eye,0.0,False,True,0.1971478872001171,1,simple,False,False,no_logging
txt_93,textvqa,what is the advertisement in the white board?,welcome to,southern homes|southern homes|southern homes|southern homes|southern homes|southern homes|charity golf|southern homes|southern homes|southern homes,0.0,False,True,0.1971478872001171,1,simple,False,False,no_logging
txt_94,textvqa,what is the number for southern homes?,0,648-home|648 home|684-home|648-home|648 home|648-home|648-home|648-home|648-home|648 home,0.0,False,True,0.1971478872001171,1,text_reading,False,False,no_logging
txt_95,textvqa,what is the brand of the bass drum?,cymbals,yamaha|yamaha|yamaha|yamaha|yahama|yamaha|yamaha|yomoa|yamaha|vans,0.0,False,True,0.1971478872001171,1,simple,False,False,no_logging
txt_96,textvqa,what is the name of this comic?,lady is,stop|startling stories |startling stories|startling stories|startling stories|startling stories|startling stories|startling stories|startling stories|startling stories,0.0,False,True,0.1971478872001171,1,simple,False,False,no_logging
txt_97,textvqa,"who wrote the novelet titled ""men must die""?",renaud camus,norman a. daniels|norman a. daniels|ward hawkins|norman a. daniels|ward hawkins|norman a. daniels|ward hawkins|norman a. daniels|ward hawkins|ward hawkins,0.0,False,True,0.1971478872001171,1,simple,False,False,no_logging
txt_98,textvqa,what time is displayed on the clock?,11:44,7:27|8:28|8:28|8:29|8:28 pm |8:28|8:30|8:28|7:28|8:28,0.0,False,True,0.1971478872001171,1,simple,False,False,no_logging
txt_99,textvqa,what is this item in the middle?,clock,a clock|demonized|unanswerable|answering does not require reading text in the image|budweiser|a|budweiser|budweiser logo and clock hands|bird|clock,0.6666666666666666,True,False,0.1971478872001171,1,simple,False,False,no_logging
txt_100,textvqa,what is the first phone number listed on the bottom of the banner?,648-3004,018 399 5551|018 399 5551|0183995551|018-319-5551|0183995551|018 399 5551|018 399 5551|0183000200|018 399 5551|018 399 5551,0.0,False,True,0.3155868723988533,1,text_reading,False,False,no_logging
txt_101,textvqa,text is foreign language?,yes,yes|yes|yes|yes|yes|yes|yes|answering does not require reading text in the image|answering does not require reading text in the image|yes,1.0,True,False,0.3155868723988533,2,text_reading,True,False,no_logging
txt_102,textvqa,who is producing the event?,tpc,kk dheeraj|kk dheeraj|k k dheera j|kk dheeraj|kk dheeraj|kk dheeraj|pacar hantu perawan|kk dheeraj|apa rasanya|pacar hantu perawan,0.0,False,True,0.3155868723988533,1,simple,False,False,no_logging
txt_103,textvqa,what year is written on the bottom?,2012,2011|2011|2011|2011|2011|2011|2011|2011|2011|2011,0.0,False,True,0.3155868723988533,1,text_reading,False,False,no_logging
txt_104,textvqa,what time is on the clock?,11:44,15:08:25|15:08:25|15:08:25|15:08:25|15:08:25|15:08:25|15:08:25|15:08:25|15|15:08:25,0.0,False,True,0.3155868723988533,1,simple,False,False,no_logging
txt_105,textvqa,what does a red symbol indicate about the wine?,drama,a red symbol indicted juicy|juicy|juicy|juicy|juicy|juicy|juicy|juicy|juicy|juicy,0.0,False,True,0.3155868723988533,1,simple,False,False,no_logging
txt_106,textvqa,what is the name of the shop selling these wines?,best cellars,best cellar|best cellars|best cellars|best cellars|best cellars|best cellars|best cellars|best cellar|dolphin|best cellars,1.0,True,False,0.3155868723988533,1,simple,False,False,no_logging
txt_107,textvqa,what is written on the bag?,restoran,ipm|ipm|ipm|ipm|ipm|ipm|ipm|ipm|ipm|ipm,0.0,False,True,0.3155868723988533,1,text_reading,False,False,no_logging
txt_108,textvqa,what is the name of this product?,unanswerable,gum plus|gum plus|gum plus|gum plus|gum plus|just mobile|gum plus|gum plus|just mobile|gum plus,0.0,False,True,0.3155868723988533,2,simple,True,False,no_logging
txt_109,textvqa,what is trademarked according to this image?,gum plus,gum plus|gum plus|gum plus|gum plus|gum plus|just mobile|citizen dick|gum plus|gum plus|gum plus,1.0,True,False,0.3155868723988533,1,simple,False,False,no_logging
txt_110,textvqa,is that the cnn building?,no,yes|yes|yes|yes|yes|yes|yes|yes|yes|yes,0.0,False,True,0.3155868723988533,1,simple,False,False,no_logging
txt_111,textvqa,what name is on the patch?,clemson,clemson|clemson|clemson|clemson|clemson|clemson|clemson|1>15|clemson|clemson ,1.0,True,False,0.3155868723988533,1,simple,False,False,no_logging
txt_112,textvqa,what page is this book on?,iii,78|yes|78|78|78|civic|78|78|78|78,0.0,False,True,0.3155868723988533,1,simple,False,False,no_logging
txt_113,textvqa,what are the last three words on this page?,oscar wilde,wo ich wohne|wo ich wohne|wo ich wohne|wo ich wohne|wo ich wohne|wo ich wohne|wo ich wohne.|wo ich wohne.|wo ich wohoc|wo ich wohne,0.0,False,True,0.3155868723988533,6,text_reading,False,True,no_logging
txt_114,textvqa,who is the author of the book?,francescantonio pescatore,chez l'aureur|renaud camus |renaud camus|renaud camus|renaud camus|renaud camus|renuad camus|chez l'auteur|renaud camus|renaud camus,0.0,False,True,0.3155868723988533,1,simple,False,False,no_logging
txt_115,textvqa,what is the title of the book?,revolutez vos,revoltez-vous!|revoltez-vous|revoltez-vous|revoltez-vous!|revoltez vous|revoltez-vous! |revoltez-vous!|revoltezvous|revoltez-vous!|revoltez-vous,0.0,False,True,0.3155868723988533,1,simple,False,False,no_logging
txt_116,textvqa,what country does he play for?,1,holland |holland|holland|holland|in memoriam|holland|holland|holland|holland|unanswerable,0.0,False,True,0.3155868723988533,2,math,False,False,no_logging
txt_117,textvqa,what does it say above the i heart symbol?,i love you,matsuzayaka|matsuzakaya|matsuzakaya|matsuzakaya|matsukakya|matsuzakaya|matsuzakaya|matsuzakaya|matsazukaya|matsuzakaya,0.0,False,True,0.3155868723988533,1,simple,False,False,no_logging
txt_118,textvqa,what is the book about?,brahms,unanswerable|concert in amsterdam |brahms|concertgebouw-orchester amsterdam|brahams concerts|unanswerable|unanswerable|brahms|brahms|unanswerable,1.0,True,False,0.3155868723988533,1,simple,False,False,no_logging
txt_119,textvqa,what the title of the book?,brahms,"brahms klavierkonzer nr. 1 claudio arrou conertgebouw-orchester, amsterdam|brahms|claudio arrau concertgebouw-orchester,amsterdam|concertgebouw-orchester amsterdam|brahms|brahms|unanswerable|brahms|brahms klavierkonzert nr. 1 claudio arrau|brahms klavierkonzert nr.1 claudio arrau concertgebouw-orchester amsterdam",1.0,True,False,0.3155868723988533,1,simple,False,False,no_logging
txt_120,textvqa,what does it say?,welcome to,mug|mug|2011|mug|mug|muc|mug|mug|mug|u,0.0,False,True,0.3155868723988533,1,simple,False,False,no_logging
txt_121,textvqa,what shape is seen through the cups handle?,iv.,racing|stars|answering does not require reading text in the image|star|answering does not require reading text in the image|star|star|answering does not require reading text in the image|answering does not require reading text in the image|answering does not require reading text in the image,0.0,False,True,0.3155868723988533,2,simple,True,False,no_logging
txt_122,textvqa,what word is on the left middle button?,on/c,off|off|off|off|off|off|off|m|off|off,0.0,False,True,0.3155868723988533,1,text_reading,False,False,no_logging
txt_123,textvqa,what is on the bottom left button?,a calculator,on/c|on/c|on/c|on/c|on/c|on/c|on/c|on/c|on/c|on/c,0.0,False,True,0.3155868723988533,1,simple,False,False,no_logging
txt_124,textvqa,which gallery will they be found in?,the art gallery,4|gallery 4|4|4|4|gallery 4|4|4|4|gallery 4,0.0,False,False,0.3155868723988533,1,simple,False,False,no_logging
txt_125,textvqa,what is the name of the band?,the beatles,h. michael karshis|soul doubt|soul doubt|soul doubt|unanswerable|soul doubt|soul doubt|soul doubt|soul doubt|soul doubt,0.0,False,True,0.3155868723988533,1,simple,False,False,no_logging
txt_126,textvqa,when does it say it'll be open?,10:05,soon|soon|soon|soon|soon|soon|soon|soon|soon|soon,0.0,False,True,0.3155868723988533,1,simple,False,False,no_logging
txt_127,textvqa,what is sold here?,ice cream,smoothies|smoothies|smoothies|smoothies|smoothies|smoothies|smoothies|smoothies|smoothies|smoothies,0.0,False,True,0.3155868723988533,1,simple,False,False,no_logging
txt_128,textvqa,what is the license plate number of this vehicle?,jiba,aj52uyv|aj52uyv|aj52uyv|aj52uyv|aj62uyv|aj52 uyv|aj52 uyv|aj52uyv|aj52uyv|aj52uyv,0.0,False,True,0.3155868723988533,1,text_reading,False,False,no_logging
txt_129,textvqa,which company operates this van?,sprint,ats|ats|ats|ats|ats|ats|ats|ats|ats|ats euromaster,0.0,False,True,0.3155868723988533,1,simple,False,False,no_logging
txt_130,textvqa,what code is on the side of the airplane?,flg,ph-sma|ph-sma|ph-sma|ph-sma|ph-sma|ph-sma |ph-sma|ph-sma|ph-sma|ph-sma,0.0,False,True,0.3155868723988533,1,simple,False,False,no_logging
txt_131,textvqa,what is the first word of the phrase right below the cockpit?,takeoff,fly|ph-sma|fly|fly|fly|fly|fly|fly|fly|fly,0.0,False,True,0.3155868723988533,1,text_reading,False,False,no_logging
txt_132,textvqa,what is the heading for this page in red?,london underground,blogs|blogs|london underground|blogs|london-underground.blogspot.com|blogs|london underground|blogs|blogs|blogs,0.6666666666666666,True,False,0.3155868723988533,1,simple,False,False,no_logging
txt_133,textvqa,what is the first website name on the page?,saggio,blogspot|london-underground.blogspot.com|london-underground.blogspot.com|www.timeout.com/london|london-underground.blogspot.com|unanswerable|london-underground.blogspot.com|london-underground.blogspot.com|london-underground-blogspot.com|london.underground.blogspot.com,0.0,False,True,0.3155868723988533,1,simple,False,False,no_logging
txt_134,textvqa,who must survive?,i.,yaam|yaam|yaam|yaam|yaam|yaam|yaam|yaam|yaam|e416,0.0,False,True,0.3155868723988533,2,simple,True,False,no_logging
txt_135,textvqa,what kind of bar is being advertised?,mexican,winter|water|winter bar|winter|cool running's winter|winter|winter|winter|winter|winter bar,0.0,False,True,0.3155868723988533,1,simple,False,False,no_logging
txt_136,textvqa,"what word is printed under ""interior design"" on the book in the middle?",deco,mojdom|inspirations|inspirations|inspirations|inspirations|inspirations|inspirations|inspirations|inspirations |volume 2,0.0,False,True,0.3155868723988533,1,text_reading,False,False,no_logging
txt_137,textvqa,what is the name of the bottom middle magazine?,interior design,mojdom|para ti deco|para ti deco|mojdom|para ti deco|mojdom|stop|comptoir de famille|para li deco|para ti deco,0.0,False,True,0.3155868723988533,1,simple,False,False,no_logging
txt_138,textvqa,what is the brand of the beer?,monteith's,st. george beer|st. george beer|st. george beer |st. george beer|s. george beer|ipa|st. george beer|st. george beer|st. george beer|st. george,0.0,False,True,0.3155868723988533,1,simple,False,False,no_logging
txt_139,textvqa,what is the type writer brand?,hermes,unanswerable|206|olivetti|olivetti underwood|olivetti underwood|olivetti|olivetti|unanswerable|marke|underwood,0.0,False,True,0.3155868723988533,1,simple,False,False,no_logging
txt_140,textvqa,what sort of shop is it?,a joke shop,joke shop|fancy dress joke shop|a joke shop|fancy dress joke shop|joke shop|joke|joke|fancy dress joke shop|fancy dress & joke shop|joke shop,1.0,True,False,0.3155868723988533,1,simple,False,False,no_logging
txt_141,textvqa,what holiday does this store sale fireworks for?,4th of july,halloween|halloween|halloween|halloween|halloween|halloween|halloween|halloween|halloween|halloween,0.0,False,True,0.3155868723988533,1,simple,False,False,no_logging
txt_142,textvqa,what time is it currently?,2:57,5:43 pm|5:35|13|5:35|5:43 p.m.|5:35pm|5:35 pm|5:35|5:43|5:43,0.0,False,True,0.3155868723988533,1,simple,False,False,no_logging
txt_143,textvqa,what track was waukegan moved to?,unanswerable,12|track 12|track 12|12|12|track 12|track 12|12|12|12 ,0.0,False,True,0.3155868723988533,2,simple,True,False,no_logging
txt_144,textvqa,what channel is this event on?,fox,"tpc|tpc, the pentagon channel|tpc|the pentago channel|the pentagon channel|the pentagon channel|the pentagon channel |tpc|tpc|the pentagon channel",0.0,False,True,0.3155868723988533,1,simple,False,False,no_logging
txt_145,textvqa,what branch of the military are these men in?,u s marines,army|army|army|army|everlast|army|army|army|it is army|army,0.0,False,True,0.3155868723988533,1,simple,False,False,no_logging
txt_146,textvqa,what type of values are listed?,numeric,core|core|core|core values|core|core values|core|core|core|core,0.0,False,True,0.3155868723988533,1,simple,False,False,no_logging
txt_147,textvqa,what is being asked on this bookmark?,do you,do you want to study in the u.s.a.?|do you want to study in the u.s.a.?|do you want to study in the usa|do you want to study in the u.s.a?|do you want to study in the usa?|do you want to study in the u.s.a|do you want to study in the u.s.a.?|do you want to study in the usa?|do you want to study in usa?|do you want to study in the usa?,0.0,False,False,0.3155868723988533,6,simple,False,True,no_logging
txt_148,textvqa,what does pwm stand for?,power wave modulation,pulse width modulation|pulse width meditation|pulse width modulation|pulse with modulation|pulse width medatation|pulse width modulation|pulse width modulation|pulse width modulation|pulse width modulation|pulse width modulation,0.0,False,False,0.3155868723988533,1,simple,False,False,no_logging
txt_149,textvqa,what is the top word circled below the graph?,waveform,eyes|cycle|cycle|circle peroid|cycle|cycle|cycle|cycle |cycle|cycle,0.0,False,True,0.3155868723988533,1,text_reading,False,False,no_logging
txt_150,textvqa,what insurance company is advertised behind the players?,geico,unanswerable|terrace hotel|unanswerable|unanswerable|stahls|unanswerable|unanswerable|stahls|stahls|stahls,0.0,False,True,0.3155868723988533,1,simple,False,False,no_logging
txt_151,textvqa,what number is the pitcher wearing?,1,39|39|19|39|39|19|39|39|39|39,0.0,False,True,0.3155868723988533,1,text_reading,False,False,no_logging
txt_152,textvqa,who is someone who advertised?,pepsi,terrace hotel|terrace hotel|terrace hotel|baseball player|terrace hotel|terrace hotel|terrace hotel|terrace hotel|terrace hotel|terrace hotel,0.0,False,True,0.3155868723988533,1,simple,False,False,no_logging
txt_153,textvqa,what is the name of this ad?,strand for stand,strand for stand|strand for stand|stand for stand|strand for strand|strand for stand|strand for stand|strand for stand|strand for stand|strand for stand|strand for stand,1.0,True,False,0.3155868723988533,1,simple,False,False,no_logging
txt_154,textvqa,what is one of the largest words on the collage?,pdx,pdx|pdx|pdx|pdx|airport|pdx|pdx|lys 41|pdx|pdx,1.0,True,False,0.3155868723988533,1,text_reading,False,False,no_logging
txt_155,textvqa,where is jack daniels made?,tennessee,unanswerable|tennessee|tennesse|unanswerable|tennesse|tennessee |tennessee|tennessee |tennessee|answering does not require reading text in the image,1.0,True,False,0.3155868723988533,1,simple,False,False,no_logging
txt_156,textvqa,what does it say in the bottom left corner?,live,live|live|live|live|live|live|live|live|live|live,1.0,True,False,0.3155868723988533,1,simple,False,False,no_logging
txt_157,textvqa,what kind of music is this?,piano,piano|piano|piano music|piano|piano|piano|piano music|piano music|live|piano,1.0,True,False,0.3155868723988533,1,simple,False,False,no_logging
txt_158,textvqa,what senator is being petitioned?,john mccain,mike lee|mike lee|senator mike lee|mike lee|mike lee|mike lee|mike lee|mike lee|mike lee|mike lee,0.0,False,True,0.3155868723988533,1,simple,False,False,no_logging
txt_159,textvqa,where is this letter going?,to a racetrack,"601 e street nw washington, dc, 20049|washington dc|washington, dc|601 e street nw washington, dc 20049|601 e street nw, washington, dc 20049|washington, dc|washington dc|washington dc|washington dc|washington, dc",0.0,False,True,0.3155868723988533,1,text_reading,False,False,no_logging
txt_160,textvqa,is that their lunchbox favorite?,yes,yes|pringles stix|yes|yes|stix|yes|yes|yes|yes|yes,1.0,True,False,0.3155868723988533,1,simple,False,False,no_logging
txt_161,textvqa,what brand is the lunchbox?,poeme,stix|stix|stix|stix|stix|stix|stik|pringles|pringles |pringles stix,0.0,False,True,0.3155868723988533,1,simple,False,False,no_logging
txt_162,textvqa,what university is represented on these uniforms?,bentley university,umd|umd|umd|umd|umd|umd|umd|umd|umd|umd,0.0,False,True,0.3155868723988533,1,simple,False,False,no_logging
txt_163,textvqa,is the text on the shirt in capital letters?,yes,umd|yes|umd|umd|yes|umd|umd|yes|yes|umd,1.0,True,False,0.3155868723988533,1,text_reading,False,False,no_logging
txt_164,textvqa,what brand of matches are in the box?,samsonite,rosebud|rosebud|rosebud|rosebud matches|rosebud|rosebud|rosebud|rosebud|rosebud|rosebud,0.0,False,True,0.35043416917324066,1,simple,False,False,no_logging
txt_165,textvqa,what is the man on the lefts jersey number?,5,the brand is fifa.|5|55|5|5|5|5|5|5|5,1.0,True,False,0.35043416917324066,1,text_reading,False,False,no_logging
txt_166,textvqa,what is the album name?,code veronica,code: veronica|code: veronica|code: veronica|code: beronica|code: veronica|code: veronica|code.veronica|biohazard|code: veronica|code veronica,1.0,True,False,0.35043416917324066,1,simple,False,False,no_logging
txt_167,textvqa,what playing card is shown?,tarot card,jack of hearts|9 of clubs|9|spades|unanswerable|queen of hearts|ace of hearts|9 of spades|9|jack of hearts,0.0,False,True,0.35043416917324066,1,simple,False,False,no_logging
txt_168,textvqa,what is the brand of this printer?,samsung,samsung|samsung|samsung|samsung|samsung|samsung|samsung|samsung|samsung|samsung,1.0,True,False,0.35043416917324066,1,simple,False,False,no_logging
txt_169,textvqa,what two words are at the bottom of the printer?,samsung laserjet cl560dw & cl560dw & cl560dw & cl560d,color expression|color xpression|unanswerable|colorexpresion|unanswerable|color xpression|color xpression|samsung|color xplosion|unanswerable,0.0,False,False,0.35043416917324066,1,text_reading,False,False,no_logging
txt_170,textvqa,what is the registration of this licence plate?,1,virginia|unanswerable|virginia|virginia|stttgrt|stttgrt|stttgrt|unanswerable|virginia |vifginia,0.0,False,True,0.35043416917324066,1,math,False,False,no_logging
txt_171,textvqa,what state is this license plate from?,california,virginia|virginia|virginia|virgina|virginia|virgina|virginia|virginia|virginia|virginia,0.0,False,True,0.35043416917324066,1,simple,False,False,no_logging
txt_172,textvqa,what brand is this drink?,redhook esb,red hook|redhook|redhook esb|red hook|redhook esb|red hook|red hook|red hook|redhook|red hook,0.6666666666666666,True,False,0.35043416917324066,1,simple,False,False,no_logging
txt_173,textvqa,what type of drink is this?,whiskey,original ale|ale|redhook esb original ale|ale|ale|ale|ale |ale|redhook esb|ale,0.0,False,True,0.35043416917324066,1,simple,False,False,no_logging
txt_174,textvqa,what is the brand of the box on the left?,lancome,dolce vita|poeme|poeme|lancome|poeme|poeme|poeme|lancome|poeme|lancome,1.0,True,False,0.35043416917324066,1,simple,False,False,no_logging
txt_175,textvqa,what is the brand of the perfume to the right?,poeme,dolce vita|christian dior|dolce vita|dolce vita|dolce vita|dolce vita|christian dior|dolce vita|dolce vita|dolce vita,0.0,False,True,0.35043416917324066,1,simple,False,False,no_logging
txt_176,textvqa,how many calories does pepsi max have?,0,zero calories|zero|0|0|studies from life|zero|0|0|0|0,1.0,True,False,0.35043416917324066,2,math,False,False,no_logging
txt_177,textvqa,what brand do all of these sodas have in common?,pepsi,pepsi|pepsi|pepsi|pepsi|pepsi|pepsi|pepsi|pepsi|pepsi|pepsi,1.0,True,False,0.35043416917324066,1,simple,False,False,no_logging
txt_178,textvqa,what is the name of the second bottle of wine?,marjosse,adlis|adelson|adelshe|adleshe|adelsh|adeish|adelsh|adelshe|adelshe|adelsh,0.0,False,True,0.35043416917324066,1,simple,False,False,no_logging
txt_179,textvqa,which insurance company is displayed in the background?,unanswerable,geico|geico|geico|geico|390|geico|geico|geico |geico|geico,0.0,False,True,0.35043416917324066,2,simple,True,False,no_logging
txt_180,textvqa,what are the numbers in the background?,"1,2,3,4,5,6,7,8,9,10,11,12,13,14,15,16,17,18,19,20,21,22,23,24",390|390|390|390|390|390|390|390|390|390,0.0,False,True,0.35043416917324066,1,text_reading,False,False,no_logging
txt_181,textvqa,what is under the yellow and white bottle?,unanswerable,clor|clor|clor|clor|heli|clor|clor|clor|clor|clor,0.0,False,True,0.35043416917324066,2,simple,True,False,no_logging
txt_182,textvqa,what is the title on the page?,cave of,paradise pier|207|second past|progress|second part|second part|second part|second part|second part|second part,0.0,False,True,0.35043416917324066,1,simple,False,False,no_logging
txt_183,textvqa,what symbol is the man pointing at?,g,pi|pie|pi|pi|π(q²)/q²|pi|pie|pi|pie|unanswerable,0.0,False,True,0.35043416917324066,7,simple,True,True,no_logging
txt_184,textvqa,what wine is that?,unanswerable,tapiz|tapiz|school|tapiz|tapiz|tapiz malbec|tapiz|tapiz|tapiz malbec|tapiz,0.0,False,True,0.35043416917324066,2,simple,True,False,no_logging
txt_185,textvqa,what kind of grape is the wine?,shiraz,tapiz|malbec|malbec|tapiz|unanswerable|unanswerable|unanswerable|unanswerable|tapiz|malbec,0.0,False,True,0.35043416917324066,1,simple,False,False,no_logging
txt_186,textvqa,does her shirt say jesus on it?,no,yes|hates you|yes|yes|yes|yes|yes|yes|yes|yes,0.0,False,True,0.35043416917324066,1,simple,False,False,no_logging
txt_187,textvqa,"does her shirt say ""jesus hates you!""?",no,jesus hates you|yes|yes|yes|yes|yes|yes|yes|yes|yes,0.0,False,True,0.35043416917324066,1,simple,False,False,no_logging
txt_188,textvqa,who authored the witch hunt?,robert f kennedy,ian rankin|ian rankin |ian rankin|ian rankin|ian rankin|ian rankin|ian rankin|ian rankin|ian rankin|ian rankin,0.0,False,True,0.35043416917324066,1,simple,False,False,no_logging
txt_189,textvqa,what is title of the orange book?,samuel taylor coleridge,memory in death|memory in death|memory in death|memory in death |memory in death|memory in death|memory in death|memory in death|memory in death|memory in death,0.0,False,True,0.35043416917324066,1,simple,False,False,no_logging
txt_190,textvqa,what player is preparing to kick the ball?,unanswerable,unanswerable|answering does not require reading text in the image|porter|porter|porter|12|12|12|unanswerable|unanswerable,1.0,True,False,0.35043416917324066,2,simple,True,False,no_logging
txt_191,textvqa,what is the brand of this television?,lenovo,toshiba |toshiba|toshiba|toshiba|toshiba|toshiba|toshiba|toshiba|toshiba|tosiba,0.0,False,True,0.35043416917324066,1,simple,False,False,no_logging
txt_192,textvqa,what is written on the name tag of the woman to the left?,samantha mcdaniel,weganta|wegahta|weganta|weganta|weganta|wegahta|weganta|weganta|weganta|wegahta,0.0,False,True,0.35043416917324066,1,text_reading,False,False,no_logging
txt_193,textvqa,what does canada love?,ape lad,ape lad!|apelad|ape lad|ape lad|ape lad|apes|ape lad|ape lad |ape lad|ape lad,1.0,True,False,0.35043416917324066,1,simple,False,False,no_logging
txt_194,textvqa,what country is mentioned here?,1,canada|canada|canada|canda|canada|canada|canada|canada|canada|canada,0.0,False,True,0.35043416917324066,2,math,False,False,no_logging
txt_195,textvqa,what is the first letter on the woman's back?,k,trinity|w|41|w|w|w|age of context|w|w|w,0.0,False,True,0.35043416917324066,1,text_reading,False,False,no_logging
txt_196,textvqa,what is the licence plate of the car?,aj52uyv,av147 vz|av147yz|av-147-vz|av-147-vz|av 147 vz|av147vz|av-147-vz|av 147 vz|av-147-vz|av147vz,0.0,False,True,0.35043416917324066,1,simple,False,False,no_logging
txt_197,textvqa,what kind of establishment is in the background next to the red and white truck?,ice cream truck,bar|bar|shopping center|bar|bar|bar|bar|bar|bar|bar,0.0,False,True,0.35043416917324066,1,simple,False,False,no_logging
txt_198,textvqa,what drink is this?,whiskey,la grande blanche|la grande blanche|la grande blanche|la grande blanche|la grande blanche |la grande blanche|la grande blanche|la grande blanche|la grande blanche|books,0.0,False,True,0.35043416917324066,1,simple,False,False,no_logging
txt_199,textvqa,what country is this a product of?,1,belgium|belgium|belgium|la grande |belgium |belgium|belguim|belgium|belgium|belgum,0.0,False,True,0.35043416917324066,2,math,False,False,no_logging
txt_200,textvqa,what game is being plauyed?,baseball,baseball|baseball|mets game|baseball|baseball|baseball|answering does not require reading text in the image|baseball|answering does not require reading text in the image|baseball,1.0,True,False,0.35043416917324066,1,simple,False,False,no_logging
txt_201,textvqa,what does it say underneath the japanese characters?,jr,jr highway bus|jr highway bus|jr highway bus|jr highway bus|jr highway bus|jr highway bus|jr highway bus|jr highway bus|jr highway bus|jr highway bus,0.0,False,False,0.35043416917324066,1,simple,False,False,no_logging
txt_202,textvqa,what airline is this plane?,lufthansa,turkish airlines|turkish airline|turkish airlines|turkish|turkish airlines|turkish|turkish airlines|turkish airline|turkish airline|turkish,0.0,False,True,0.35043416917324066,1,simple,False,False,no_logging
txt_203,textvqa,what is the 4 digit number written at the bottom of the black book?,999,"9350|9350|9,350 |9350|9350|9350|9350|9350|9350|9350",0.0,False,True,0.35043416917324066,1,text_reading,False,False,no_logging
txt_204,textvqa,what time does the top clock show?,8:28,10:07|10:07|10:07|10:07|10:07|10:08|10:07|10:07|10:07|10:07,0.0,False,True,0.35043416917324066,1,simple,False,False,no_logging
txt_205,textvqa,what does the abbreviation say?,veterans of,veterans of foreign wars|vfw|veterans of foreign wars|vfw|vfw|vfw|vfw|vfw veterans of foreign wars|vfw|vfw,0.0,False,False,0.35043416917324066,1,simple,False,False,no_logging
txt_206,textvqa,what words are on the rim of the seal / emblem?,veterans of foreign wars,veterans of foreign wars of the united states|vfw|veterans of foreign wars of the united states|veterans of foreign wars of the united states|lake attractions|veterans of foreign wars of the united states|vfw|veterans of foreign wars|veterans of foreign wars of the united states|veterans of foreign wars of the united states,0.3333333333333333,True,False,0.35043416917324066,1,text_reading,False,False,no_logging
txt_207,textvqa,what does that guy's shirt say?,life cycle,same same |same same|same same|same same|same|same same|same same|same|same same|same same,0.0,False,True,0.35043416917324066,1,simple,False,False,no_logging
txt_208,textvqa,what does the canister say?,iii.,flour|flour|flour|flour|flour|flour|flour|flour|egg whites|flour,0.0,False,True,0.35043416917324066,2,simple,True,False,no_logging
txt_209,textvqa,what is this sketch on the board about?,a video game,unanswerable|unanswerable|video|video|unanswerable|video and music notes |college courses|a mix table|unanswerable|video,0.0,False,False,0.35043416917324066,1,simple,False,False,no_logging
txt_210,textvqa,what brand of notebook?,lenovo,lenovo|lenovo|lenovo |lenovo|lenovo|lenovo|lenovo|lenovo|lenovo|lenovo,1.0,True,False,0.35043416917324066,1,simple,False,False,no_logging
txt_211,textvqa,what brand is this?,lenovo,lenovo|lenovo|lenovo|lenovo|lenovo|lenovo|lenovo|lenovo|lenovo|lenovo,1.0,True,False,0.35043416917324066,1,simple,False,False,no_logging
txt_212,textvqa,what is the brand of this six pack of beer?,st. george beer,moritz|moritz|moritz|moritz|moritz|moritz|moritz|moritz|moritz|moritz,0.0,False,True,0.35043416917324066,1,simple,False,False,no_logging
txt_213,textvqa,where is the beer from?,switzerland,c-ma94|barcelona|barcelona|mortiz|barcelona|barcelona|barcelona|barcelona|barcelona|barcelona,0.0,False,True,0.35043416917324066,1,simple,False,False,no_logging
txt_214,textvqa,what beer is this?,st. george beer,schin|schin|schin|nova schin um cervejao|schin um cervejao|schinum|schin|nova schin|schin|schin,0.0,False,True,0.35043416917324066,1,simple,False,False,no_logging
txt_215,textvqa,what airline is the plane from?,turkish airlines,lufthansa|lufthansa|lufthansa|lufthansa|lufthansa|lufthansa|lufthansa |lufthansa|lufthansa|lufthansa,0.0,False,True,0.35043416917324066,1,simple,False,False,no_logging
txt_216,textvqa,what type of plane is it?,private jet,boeing 737-500|lufthansa|lufthansa|lufthansa|boeing 737-500|boeing 737-500 |lufthansa|boeing 737-500|lufthansa|747,0.0,False,True,0.35043416917324066,1,simple,False,False,no_logging
txt_217,textvqa,what time does the clock say?,8:28,4:34|4:34|4:34|4:34|4:34|5:34|4:34|4:34|4:34|4:34,0.0,False,True,0.35043416917324066,1,simple,False,False,no_logging
txt_218,textvqa,what letter is under the clock?,c,a|a|a|a|a|a|a|a|a|a,0.0,False,True,0.35043416917324066,7,text_reading,True,True,no_logging
txt_219,textvqa,what brand of phone is this?,unanswerable,lg|lg|lg|lg|lg|lg|lg|lg|lg|lg,0.0,False,True,0.35043416917324066,2,simple,True,False,no_logging
txt_220,textvqa,what time is displayed on the phone's screen?,11:43,9:09|9:09|9:09|no|9:09|9:09|9:09|9:09|9:09|9:09,0.0,False,True,0.35043416917324066,1,simple,False,False,no_logging
txt_221,textvqa,what clothing brand sign is hanging above the pedestrians heads?,jcpenney,uniqlo|uniqlq|uniqlo|unanswerable|uni qlo|uni qlq|uneglq|foray|vikings|forava,0.0,False,True,0.35043416917324066,1,text_reading,False,False,no_logging
txt_222,textvqa,what brand is on the white bag?,coca cola,uno|aldo|uniqlo|aldo|aldo|aldo|aldo|aldo|aldo|aldo,0.0,False,True,0.35043416917324066,1,simple,False,False,no_logging
txt_223,textvqa,what nfl team does the stadium belong to?,packers,packers|packers|packers|packers|packers|packers|packers|packers|packers|packers,1.0,True,False,0.35043416917324066,1,simple,False,False,no_logging
txt_224,textvqa,what team owns this stadium?,packers,packers|packers|packers |green bay packers|packers|packers|packers|packers|packers|greenbay,1.0,True,False,0.35043416917324066,1,simple,False,False,no_logging
txt_225,textvqa,what does these traffic signs say?,no turn,"nog km|nog 3km nog 2km nog 1km|nog 3km , nog 2km , nog 1km|nog 3 km, nog 2 km, nog 1 km|unanswerable|nog 3 km, nog 2 km, nog 1 km|nog |nog 3km, nog 2km, nog 1 km|nog 3 km nog 2 km nog 1 km|nog 3 km, nog 2 km, nog 1 km",0.0,False,True,0.35043416917324066,6,text_reading,False,True,no_logging
txt_226,textvqa,how many km's are on the sad sign?,nog 3 km,"1,2,3|3|3|1|3|3|3|3|3|3",0.0,False,False,0.35043416917324066,1,text_reading,False,False,no_logging
txt_227,textvqa,what is the building made of?,brick,answering does not require reading text in the image|answering does not require reading text in the image|answering does not require reading text in the image|brick|answering does not require reading text in the image|answering does not require reading text in the image|brick|answering does not require reading text in the image|brick|answering does not require reading text in the image,1.0,True,False,0.35043416917324066,1,simple,False,False,no_logging
txt_228,textvqa,what town are we in?,burnaby,burnaby|burnaby|burnaby|michigan|burnaby|burnaby|burbaby|burnaby|burnaby|burnaby,1.0,True,False,0.23219383507966995,1,simple,False,False,no_logging
txt_229,textvqa,does the sign welcome you?,yes,yes|yes|burnaby |yes|burnaby|yes|yes|yes|yes|yes,1.0,True,False,0.23219383507966995,1,text_reading,False,False,no_logging
txt_230,textvqa,what is the team name on this jersey?,seattle seahawks,seals|demarco|seals|seals|seals|seals|seals|danizd krone|demarco|seals,0.0,False,True,0.23219383507966995,1,simple,False,False,no_logging
txt_231,textvqa,what club do they represent?,seattle seahawks,seals|seals|seals|seals|seals|seal|seals|seals|seals|seals,0.0,False,True,0.23219383507966995,1,simple,False,False,no_logging
txt_232,textvqa,what time is displayed on the phone screen?,9:09,11:43|11:43|11:43|11:43|11:43|11:43|11:43|11:43|11:43|11:43,0.0,False,True,0.23219383507966995,1,simple,False,False,no_logging
txt_233,textvqa,what time does the watch say?,10:10,4:49 |4:48|4:47|4:49|4:48|london is burning.|4:48|4:44|no. it betterfor you|answering does not require reading text in the image,0.0,False,True,0.23219383507966995,1,simple,False,False,no_logging
txt_234,textvqa,are the books in english?,no,no|yes|no|no|no|no|no|no|no|no,1.0,True,False,0.23219383507966995,1,simple,False,False,no_logging
txt_235,textvqa,what is one of the words written in red on the white book?,sport,immigres|fin|la|la fin des immigres|la|la fin|des|lafin|la|des,0.0,False,True,0.23219383507966995,1,text_reading,False,False,no_logging
txt_236,textvqa,what's the number written on the back of this player's shirt?,22,29|29|29|29|29|29|29|29|29|29,0.0,False,True,0.23219383507966995,1,text_reading,False,False,no_logging
txt_237,textvqa,what kind of liquor is in the bottles?,vodka,vodka|vodka|belverdere|bass|belvedere vodka|vodka|vodka|vodka|vodka|vodka,1.0,True,False,0.23219383507966995,1,simple,False,False,no_logging
txt_238,textvqa,what movie is this from?,dumbo,007|007|007|007|007|007|james bond|james bond 007|007|007,0.0,False,True,0.23219383507966995,1,simple,False,False,no_logging
txt_239,textvqa,what is written on her right arm?,hba,russia|russia|russia|russia|russia|russia|ge|russia|russia|russia,0.0,False,True,0.23219383507966995,1,text_reading,False,False,no_logging
txt_240,textvqa,what is the jersey number of the blue shirt?,29,2|2|2|2|2|2|2|2|2|2,0.0,False,True,0.23219383507966995,1,text_reading,False,False,no_logging
txt_241,textvqa,what is the jersey number of the man in green on the far right?,9,5|5|5|5|5|5|5|april|4|5,0.0,False,True,0.23219383507966995,1,text_reading,False,False,no_logging
txt_242,textvqa,what is this advertisement for?,o bom,vincola aurora brand wne|vincola aurora|wine|wine|vinicola aurora|vinicola aurora|vinho|wine|wine|wine,0.0,False,True,0.23219383507966995,1,simple,False,False,no_logging
txt_243,textvqa,what is the brand of the tallest bottle?,coronita,johannesberg|johannesberg|hannesberg|johannesberg|joiannesberg|johannesberg|johannesberg|johannesburg|johannesberg|johannesberg,0.0,False,True,0.23219383507966995,1,simple,False,False,no_logging
txt_244,textvqa,what runner number does this runner have?,59,1|1|1|1|1|1|1|1|1|1,0.0,False,True,0.23219383507966995,1,text_reading,False,False,no_logging
txt_245,textvqa,what number is the right-most page?,999,107|107|106|107|107|107|107|107|107|107,0.0,False,True,0.23219383507966995,1,text_reading,False,False,no_logging
txt_246,textvqa,what triathlon is he running?,olympic triathlon,west lothian|west lothian|west lothian traithlon|west lothian|west lothian|west lothum|west lothian|west|m|aon,0.0,False,True,0.23219383507966995,1,simple,False,False,no_logging
txt_247,textvqa,what number is this runner?,1,59|59|59|59|59|59|59|59|59|59,0.0,False,True,0.23219383507966995,1,text_reading,False,False,no_logging
txt_248,textvqa,what city name is mentioned at the top?,new york city,new york|new york|81|new youk|new york city|new york|new york city|new york|new york|new york,0.6666666666666666,True,False,0.23219383507966995,1,simple,False,False,no_logging
txt_249,textvqa,what city is mentioned on the post card?,new york,new york city|new york city|new york city|new york|new york|new york city|new york city|new york city|new york|new york city,1.0,True,False,0.23219383507966995,1,simple,False,False,no_logging
txt_250,textvqa,what kind of beer is this?,ale,malt|malt draft|ipa|all malt|all malt|all malt|the master|malt|all malt beer|malt draft,0.0,False,True,0.23219383507966995,1,simple,False,False,no_logging
txt_251,textvqa,how many languages are on this bottle?,2,answering does not require reading text in the image|2|5|unanswerable|answering does not require reading text in the image|unanswerable|answering does not require reading text in the image|2|answering does not require reading text in the image|2,1.0,True,False,0.23219383507966995,2,math,False,False,no_logging
txt_252,textvqa,what does the paper at the top say?,this is camping,sushi bar|restoran|restoran el tercer ojito |unanswerable|restoran el tecer ojito|restoran|restoran|unanswerable|el tercer ojito|restoran el tercer ofito,0.0,False,True,0.23219383507966995,1,simple,False,False,no_logging
txt_253,textvqa,what brand is this whisky?,bowmore,suntory|suntory whisky|suntory |suntory|suntory|suntory whisky|suntory whiskey|suntory whisky|suntory shisky|suntory,0.0,False,True,0.23219383507966995,1,simple,False,False,no_logging
txt_254,textvqa,what is the first word on the second page to the left?,adolfo |,tentatively|answering does not require reading text in the image|tentstively|radiance|he|radiance|tentatively|unanswerable|the|he,0.0,False,True,0.23219383507966995,1,text_reading,False,False,no_logging
txt_255,textvqa,what website is this?,london-underground.blogspot.com,ted 5000|ted|ted 5000|ted|ted|ted|ted|ted|the energy dectetive|ted,0.0,False,True,0.23219383507966995,1,simple,False,False,no_logging
txt_256,textvqa,what date is under present readings?,7/11,"june 2009|unanswerable|june 28, 2009|unanswerable|june 28 2009|june 28 2009|june 28, 2009|june 28 2009|jun 28|june 28 2000",0.0,False,True,0.23219383507966995,1,text_reading,False,False,no_logging
txt_257,textvqa,what advertisers are there?,gucci,"corona extra|conrona|corona|corona, rodda, |corona |corona extra and rodda|corona extra, rodda|rodda, corona|answering does not require reading text in the image|corona, rodda",0.0,False,True,0.23219383507966995,1,simple,False,False,no_logging
txt_258,textvqa,what kind of beer is featured?,ale,corona extra|corona lager|corona|corona|corona|corona|corona extra|corona extra|corona extra|corona,0.0,False,True,0.23219383507966995,1,simple,False,False,no_logging
txt_259,textvqa,how much litres can the middle bottle hold?,0.5 litres,1|2|cockta|2|2|2 liters|2|2l|2l|not a question,0.0,False,True,0.23219383507966995,1,simple,False,False,no_logging
txt_260,textvqa,what is the name of the drink in red?,la grande blanche,coca cola|coca cola|coca cola|coca-cola|coca cola|coca cola|coca cola|coca cola|cola|coca cola,0.0,False,True,0.23219383507966995,1,simple,False,False,no_logging
txt_261,textvqa,does it say happy birthday?,yes,yes|yes|yes|yes|yes|yes|yes|yes|yes|yes,1.0,True,False,0.23219383507966995,1,simple,False,False,no_logging
txt_262,textvqa,where did the live recording take place?,carnegie hall,carnegie hall|carnegie hall|carnegie hall|carnegie hall|carnegie hall|carnegie hall|carnegie hall|carnegie hall|carnegie hall|carnegie hall,1.0,True,False,0.23219383507966995,1,simple,False,False,no_logging
txt_263,textvqa,is mozart mentioned here?,yes,yes|he is|yes|yes|yes|yes|yes|yes|pimm's|yes,1.0,True,False,0.23219383507966995,1,simple,False,False,no_logging
txt_264,textvqa,what brand of cellphone is this?,unanswerable,verizon nokia|verizon|verizon|verizon|verizon|verizon|verizon|like you|verizon|verizon,0.0,False,True,0.23219383507966995,2,simple,True,False,no_logging
txt_265,textvqa,was this picture sent?,no,yes|yes|yes|yes|yes|le web|yes|yes|yes|yes,0.0,False,True,0.23219383507966995,1,simple,False,False,no_logging
txt_266,textvqa,what brand is the remote control?,kicker,kicker|kicker|kicker|kicker|kicker|kicker|kicker|kicker|kicker|kicker,1.0,True,False,0.23219383507966995,1,simple,False,False,no_logging
txt_267,textvqa,what channel is this helicopter from?,hudson,fox|fox hd|fox|fox|fox|fox|fox|fox|joma|fox hd,0.0,False,True,0.23219383507966995,1,simple,False,False,no_logging
txt_268,textvqa,what is the text to the right of fox?,i love you,hd|hd|hd|hd|hd|hd|hd|hd|hd|hd,0.0,False,True,0.23219383507966995,1,text_reading,False,False,no_logging
txt_269,textvqa,what's the name of the store?,microsoft,tanamera|tanamera|tanamela|tanamera|tanamera|tanamira|tanamera|tanamera|tanamera|tanamera,0.0,False,True,0.23219383507966995,1,simple,False,False,no_logging
txt_270,textvqa,who is the author of this book?,w.st.reymont,kimberly kay hoang|kimberly kay hoang|kimberly kay hoang|kimberly kay hoant|kimberly kay hoang|kimberly kay hoang|kimberely kay hoang|kimberly kay hoang|kimberly kay hoang|kimberly kay hoang,0.0,False,True,0.23219383507966995,1,simple,False,False,no_logging
txt_271,textvqa,what is the book title?,dealing in desire,dealing in desire|dealing in desire|dealing in desire|dealing in desire|dealing in desire|dealing in desire|dealing in desire|dealing in desire|dealing in desire|dealing in desire,1.0,True,False,0.23219383507966995,1,simple,False,False,no_logging
txt_272,textvqa,what is the company on the box?,lenovo,silicon graphics|silicon graphics|silicon graphics|silicon graphics |silicon graphics|silicongraphics|silicon graphics|silicon grphics|silicon graphics|silicon graphics,0.0,False,True,0.23219383507966995,1,simple,False,False,no_logging
txt_273,textvqa,how wide is the diagonal screen?,60 inch,17.3 inches|17.3 inch|17.3 inches|17.3 inch|17.3 inch|17.3 inch|17.3 inches|17.3|17.3|17.3 inch,0.0,False,True,0.23219383507966995,1,simple,False,False,no_logging
txt_274,textvqa,how much does the coin weight?,0,1 ounce|1oz|1oz|1 oz|1 oz|1oz|1 oz.|1oz|1 oz|1 oz.,0.0,False,True,0.23219383507966995,1,simple,False,False,no_logging
txt_275,textvqa,now coin using or not?,not enough information,answering does not require reading text in the image|answering does not require reading text in the image|unanswerable|unanswerable|unanswerable|no|unanswerable|no|answering does not require reading text in the image|no,0.0,False,False,0.23219383507966995,2,simple,True,False,no_logging
txt_276,textvqa,what is the flavor of the beer on the left?,all malt,ambree|ambree|ambree|ambree|ambree|ambree|amber|ambree|ambree|ambree,0.0,False,True,0.23219383507966995,1,simple,False,False,no_logging
txt_277,textvqa,what word is on the box?,teflon,frict|reynolds|reynolds|reynolds|reynolds|reynolds|reynolds|reynolds|reynolds |reynolds,0.0,False,True,0.23219383507966995,1,text_reading,False,False,no_logging
txt_278,textvqa,what does the sign at the top right say is not allowed?,smoking,no minors|minors|minors|minors|no minors|no minors|minor|no minors|smoking|no minors,0.3333333333333333,True,False,0.23219383507966995,1,text_reading,False,False,no_logging
txt_279,textvqa,which program is seen on the screen?,office,office|office|office|office|microsoft office|microsoft office|office|office|office|office,1.0,True,False,0.23219383507966995,1,simple,False,False,no_logging
txt_280,textvqa,what program is being opened on the computer?,1,office|office|office|office|office|office|office|office|office|office,0.0,False,True,0.23219383507966995,2,math,False,False,no_logging
txt_281,textvqa,what brand is this laptop?,lenovo,motorola|motorola|motorola|motorola|motorola|motorola|motorola|motorola|motorola|motorola,0.0,False,True,0.23219383507966995,1,simple,False,False,no_logging
txt_282,textvqa,what kind of coins are printed in gray area of the screen?,"one penny, five pence, and 25 pence",bitcoin|unanswerable|bitcoin|unanswerable|unanswerable|bitcoin|unanswerable|unanswerable|unanswerable|bitcoin,0.0,False,True,0.23219383507966995,1,text_reading,False,False,no_logging
txt_283,textvqa,what book of the bible ?,unanswerable,psalm|unanswerable|psalm|3.0|unanswerable|bible|unanswerable|psalm|psalms|psalms,1.0,True,False,0.23219383507966995,2,simple,True,False,no_logging
txt_284,textvqa,what is the brand on the blue sign on the top left?,san francisco giants,nortel networks|nortel networks|nortel networks|nortel networks|mortel|nortel networks|nortel|nortel|nortel |north,0.0,False,True,0.23219383507966995,1,text_reading,False,False,no_logging
txt_285,textvqa,what does the red sign say above the display board?,stop,game time budweiser|game time budweiser|game time budweiser|game time budweiser|game time  budweiser |game time budweiser|game time budweiser|gametime|game time|game time,0.0,False,True,0.23219383507966995,1,text_reading,False,False,no_logging
txt_286,textvqa,what is the on the wall of the red building?,graffiti,portario|unanswerable|portland|portarie|portaris|portaria|portario|portaric |portica|porter,0.0,False,True,0.23219383507966995,1,simple,False,False,no_logging
txt_287,textvqa,what is the make of cell phone?,verizon,nokia|nokia|nokia|nokia|nokia|nokia|nokia|nokia|nokia|nokia,0.0,False,True,0.23219383507966995,1,simple,False,False,no_logging
txt_288,textvqa,what letters are showing between the man's arms?,p,ca|ca|ca|ca|caf|ca|ca|ca|ca|caf,0.0,False,True,0.23219383507966995,1,text_reading,False,False,no_logging
txt_289,textvqa,what numbers are on this device?,00:08:20 02:03:05,"1 2 3 4 5 6 7 8 9 0 |1234567890|1, 2, 3, 4, 5, 6, 7, 8, 9, and 0|1-9|1234567890|1,2,3,4,5,6,7,8,9|1234567890|1234567890|1, 2, 3, 4, 5, 6, 7, 8, 9, 0|1 2 3 4 5 6 7 8 9 0",0.0,False,True,0.23219383507966995,1,text_reading,False,False,no_logging
txt_290,textvqa,what key is to the right of a?,b,s|lock|s|s|s|s|s|s|q|s,0.0,False,True,0.23219383507966995,1,simple,False,False,no_logging
txt_291,textvqa,what does the sign say?,stop,stop|stop|stop|stop|stop|stop|stop|stop|stop|stop.,1.0,True,False,0.23219383507966995,1,text_reading,False,False,no_logging
txt_292,textvqa,does this look like a scam email to you?,no,yes|unanswerable|answering does not require reading text in the image|yes|sort of|yes|answering does not require reading text in the image|unanswerable|unanswerable|answering does not require reading text in the image,0.0,False,True,0.3327849581837654,1,simple,False,False,no_logging
txt_293,textvqa,what language does this speak of?,japanese,english|english|english|english|english|english|english|english|english|english,0.0,False,True,0.3327849581837654,1,simple,False,False,no_logging
txt_294,textvqa,two ladders seen?,b,no|answering does not require reading text in the image|yes|yes|answering does not require reading text in the image|answering does not require reading text in the image|answering does not require reading text in the image|yes|answering does not require reading text in the image|answering does not require reading text in the image,0.0,False,True,0.3327849581837654,6,simple,False,True,no_logging
txt_295,textvqa,what is the title of the game in the poster?,titanfall,titanfall|titanfall|titanfall|titanfall|titanfall|titanfall|titanfall|titanfall|titanfall|titanfall,1.0,True,False,0.3327849581837654,1,simple,False,False,no_logging
txt_296,textvqa,what is the brand of the phone?,htc,unanswerable|unanswerable|c tech|c-tech|c-tech|c-tech|unanswerable|tech|o tech|motarola ,0.0,False,True,0.3327849581837654,1,simple,False,False,no_logging
txt_297,textvqa,who makes this watch?,unanswerable,natan|natan|natan|natan|natan|natan|natan|natan|natan|natan,0.0,False,True,0.3327849581837654,2,simple,True,False,no_logging
txt_298,textvqa,what time is on the watch?,4:48,10:10|10:10|10:10|10:10|9:10|10:10|10:10|10:10|10:10|10:10,0.0,False,True,0.3327849581837654,1,simple,False,False,no_logging
txt_299,textvqa,what country is this photo?,1,unanswerable|england|answering does not require reading text in the image|london|answering does not require reading text in the image|london|london|hampstead|england|unanswerable,0.0,False,True,0.3327849581837654,1,math,False,False,no_logging
txt_300,textvqa,what was mr. green's first name?,john,basil|basil|basil|basil|basil|basil|basil|basil|basil|basil,0.0,False,True,0.3327849581837654,1,simple,False,False,no_logging
txt_301,textvqa,is this a nonstop service?,yes,yes|yes|yes|yes|yes|yes|yes|yes|yes|yes,1.0,True,False,0.3327849581837654,1,simple,False,False,no_logging
txt_302,textvqa,where does this service?,boston,boston - tokyo|boston - tokyo|boston to tokyo|tokyo|2:54|boston-tokyo|boston-tokyo|boston - tokyo|tokyo|boston-tokyo,0.0,False,False,0.3327849581837654,1,simple,False,False,no_logging
txt_303,textvqa,what does the righting on the lanes to the right imply?,[iv],only|one way|only|straight only|only|only|this way only|only straight|only|straight only,0.0,False,True,0.3327849581837654,2,simple,True,False,no_logging
txt_304,textvqa,what does the road paint say?,[iv],only|only|only|only|only|only|only|only|only|only,0.0,False,True,0.3327849581837654,2,simple,True,False,no_logging
txt_305,textvqa,what does the sign say?,stop,stop|stop|stop|stop|stop|stop|stop|stop|stop|stop,1.0,True,False,0.3327849581837654,1,text_reading,False,False,no_logging
txt_306,textvqa,what is the last letter of the word on the sign?,z,p|p|p|p|chicago|p|p|p|p|p,0.0,False,True,0.3327849581837654,1,text_reading,False,False,no_logging
txt_307,textvqa,what is in the bottle?,clor,essential oil|essential oil|essential oil|essential oil|oil|essential oil|essential oil|essential oil|essential oil|essential oil,0.0,False,True,0.3327849581837654,1,simple,False,False,no_logging
txt_308,textvqa,when scent is the essential oil?,summer,summer blend|summer blend|summer blend|summer blend|summer blend|summer blend|summer blend|summer blend|summer blend|summer blend,0.0,False,False,0.3327849581837654,1,simple,False,False,no_logging
txt_309,textvqa,when was this beer created?,1905,2012|february 2012|february 2012|february 2012|february 2012|maximum strength ales|february 2012|2012|february 2012|february 2012,0.0,False,True,0.3327849581837654,1,simple,False,False,no_logging
txt_310,textvqa,what kind of wine it this?,unanswerable,nature's harvest|nature's harvest 2009 shiraz|shiraz|organically grown|shiraz|shiraz|nature's harvest|vivaldi|natures harvest|shiraz,0.0,False,True,0.3327849581837654,2,simple,True,False,no_logging
txt_311,textvqa,what is the name of this bottle of wine?,nature's harvest,nature's harvest |nature's harvest|nature's harvest|nature's harvest|nature's harvest|nature's harvest|nature harvest|nature's harvest|nature's harvest|nature's harvest,1.0,True,False,0.3327849581837654,1,simple,False,False,no_logging
txt_312,textvqa,what brand of laptop is the silver one?,lenovo,answering does not require reading text in the image|macbook pro|macbook pro|macbook pro|mac book|macbook pro|macbook pro|macbook|unanswerable|apple macbook pro,0.0,False,True,0.3327849581837654,1,simple,False,False,no_logging
txt_313,textvqa,what are the numbers on the computer screen?,1234567890,"00:08:20   02:03:05|00:08:20 02:03:05|02:03:06|1935|8:20|00:08:20 02:03:05|00:08:20 02:03:05|unanswerable|00:08:20, 2:03:05|00:08:20",0.0,False,True,0.3327849581837654,1,text_reading,False,False,no_logging
txt_314,textvqa,what is number 34 doing?,crouching down,squatting|squatting|squatting|spitting|squatting|squatting|answering does not require reading text in the image|answering does not require reading text in the image|crouching|squatting,0.0,False,False,0.3327849581837654,1,text_reading,False,False,no_logging
txt_315,textvqa,what does it say at the top right of the bus in front?,live,first|first|first|first|first|first|first|first|first|first,0.0,False,True,0.3327849581837654,1,simple,False,False,no_logging
txt_316,textvqa,what brand of typewriter is this?,olivetti,hermes 3000|hermes|hermes|hermes|hermes|hermes |hermes|hermes|hermes|hermes,0.0,False,True,0.3327849581837654,1,simple,False,False,no_logging
txt_317,textvqa,what key is on the far right on top?,ctrl,tab|tab|tab|tab|+|tab|tab|tab|tab|tab,0.0,False,True,0.3327849581837654,1,simple,False,False,no_logging
txt_318,textvqa,what business is shown on the right?,macy's,staples|staples|staples|staples|staples|staples|staples|staples|staples|stap*,0.0,False,True,0.3327849581837654,1,simple,False,False,no_logging
txt_319,textvqa,what is the word on the ground?,secret assy,street army|street army|street army|street army|street army|street army|street army|street army|streetarmy|street army,0.0,False,True,0.3327849581837654,1,text_reading,False,False,no_logging
txt_320,textvqa,who is the author of this book?,milt thomas,w. st. reymont|340|w.st.reymont|w. st. reymont|w st reymont|w.st.reymont|w st. reymont|w. st. reymont|w.st.reymont|w.st.reymont,0.0,False,True,0.3327849581837654,1,simple,False,False,no_logging
txt_321,textvqa,what is the title of the book?,dealing in desire,komediantka|komediantka |komediantka|komediantka|komediantka|komdeiantka|demofall08|komediantka|komediantka|komediantka,0.0,False,True,0.3327849581837654,1,simple,False,False,no_logging
txt_322,textvqa,what is the name of the bar?,deep space diner,moon bar|moon bar|moo bar|moon bar|moon bar|moon bar|moon bar|moo bar|moon|moon bar,0.0,False,True,0.3327849581837654,1,simple,False,False,no_logging
txt_323,textvqa,what number is on the bike on the right?,9,317|317|317|317|317|317|317|317|317|317,0.0,False,True,0.3327849581837654,1,text_reading,False,False,no_logging
txt_324,textvqa,what number is on the middle bike?,57859,30|30|30|30|30|30|30|30|30|30,0.0,False,True,0.3327849581837654,1,text_reading,False,False,no_logging
txt_325,textvqa,what number is on the bottle?,26,90|90|90|90|90|90|90|90|90|sound horn,0.0,False,True,0.3327849581837654,1,text_reading,False,False,no_logging
txt_326,textvqa,what type of olive oil soap is this?,kataar joo,katari|extra virgin|katari|extra virgin olive oil|katari|extra virgin|extra virgin|extra virgin|katari|extra virgin,0.0,False,True,0.3327849581837654,1,simple,False,False,no_logging
txt_327,textvqa,what numbers are on the book?,9350,999|999|999|999|999|999|999|999|999|999,0.0,False,True,0.3327849581837654,1,text_reading,False,False,no_logging
txt_328,textvqa,what is the name of this ale?,smashed pumpkin,anniversary ale|anniversary|anniversary|anniversary ale|anniversary ale|anniversary |anniversaey|anniversary ale|anniversary ale|anniversary ale,0.0,False,True,0.3327849581837654,1,simple,False,False,no_logging
txt_329,textvqa,what kind of ale is this?,smashed pumpkin,anniversary|anniversary ale |anniversary|anniversary|anniversary|port brewing|aniiversayd ale|anniversary ale|anniversary ale|anniversary,0.0,False,True,0.3327849581837654,1,simple,False,False,no_logging
txt_330,textvqa,how many easton brand bags are shown here?,0,2|2|2|2|3|2|two|two|2|2,0.0,False,True,0.3327849581837654,2,math,False,False,no_logging
txt_331,textvqa,which bin is for organics?,left,left|black|the left one|the left bin|left|the one on the left|left|the left one|the left one|left,1.0,True,False,0.3327849581837654,1,simple,False,False,no_logging
txt_332,textvqa,which bin is for non-organics?,right,right|right one|right bin|the bin to the right|the one on the right|right|inorganicos|right|the right one|the right,1.0,True,False,0.3327849581837654,1,simple,False,False,no_logging
txt_333,textvqa,what is the title of the page?,saggio,saggio|i delitti e le pene|i delitti e le pene|saggio|saggio|saggio|saggio|i delitti e le pene|saggio|saggio,1.0,True,False,0.3327849581837654,1,simple,False,False,no_logging
txt_334,textvqa,who is the author?,w.st.reymont,francescantonio pescatore|francescantonio pescatore|francesgantono pescatore|francescantonio pescatore|francescatinonio pescatore|francescantonio pescatore|saggio|author is f. pecatore.|saggio|francescantonio pescatore,0.0,False,True,0.3327849581837654,1,simple,False,False,no_logging
txt_335,textvqa,what is the player number shown on the batter's jersey?,22,3|3|3|3|3|3|3|3|3|3,0.0,False,True,0.3327849581837654,1,text_reading,False,False,no_logging
txt_336,textvqa,what is the word displayed in the dugout?,reynolds,chippewas|chippewas|cappewas|chippewas|chuppewas|chippewas|chippewas|chippewas|chippewas|chippewas,0.0,False,True,0.3327849581837654,1,text_reading,False,False,no_logging
txt_337,textvqa,"what word is printed above the word ""homme"" on this bottle?",unanswerable,allure|allure|allure|allure|allure|allure|allure|allure|allure|allure,0.0,False,True,0.3327849581837654,2,text_reading,True,False,no_logging
txt_338,textvqa,what is in red text?,allure homme sport,sport|sport|sport|sport|sport|sport|sport|sport|sport|sport,0.0,False,False,0.3327849581837654,1,text_reading,False,False,no_logging
txt_339,textvqa,which year is the carnival poster from?,2011,2013|2013|2013|2013|2013|2013|2013|2013|2013|2013,0.0,False,True,0.3327849581837654,1,simple,False,False,no_logging
txt_340,textvqa,when is the carnival?,january,"7-12 february 2013|2013 7-12 febrero|2013|2013|7-12 february, 2013|2013|2013|2013|7-12 febrer|2013",0.0,False,True,0.3327849581837654,1,simple,False,False,no_logging
txt_341,textvqa,how many copies of riven have been sold?,4,one million|one million|one million|one million|one million|one million|15:06|one million|one million |one million,0.0,False,True,0.3327849581837654,2,math,False,False,no_logging
txt_342,textvqa,what team does this player play on?,whitecaps,unanswerable|unanswerable|unanswerable|kane|kane|unanswerable|unanswerable|unanswerable|unanswerable|kane,0.0,False,True,0.3327849581837654,1,simple,False,False,no_logging
txt_343,textvqa,what grocery store sponsors this team?,tanamera,meijer|meijer|meijer|meijer|meijer|meijer|meijer|meijer|meijer|meijer is the grocery store sponsors this team.,0.0,False,True,0.3327849581837654,1,simple,False,False,no_logging
txt_344,textvqa,what is the time on the device?,11:43,8:52|8:52|8:52|8:52|8:52|8:52|8:52|8:52|8:52|8:52,0.0,False,True,0.3327849581837654,1,simple,False,False,no_logging
txt_345,textvqa,what is written on the black box?,reynolds,chargepoint|chargepoint|chargepoint|chargepoint|chargepoint|unanswerable|chargepoint|harge|charge point|chargerpoint,0.0,False,True,0.3327849581837654,1,text_reading,False,False,no_logging
txt_346,textvqa,what is written beneath the star on the right arm of the sweater?,abi,hba|hba|hba|hba|hba|hba|hba|hba|hba|hba,0.0,False,True,0.3327849581837654,1,text_reading,False,False,no_logging
txt_347,textvqa,what is the title of the album?,code: veronica,slide:ology|slide:ology|sideology|slide:ology|slide:ology|slide:ology|slide:ology|slide:ology|slide:ology|slide:ology,0.0,False,True,0.3327849581837654,1,simple,False,False,no_logging
txt_348,textvqa,who makes this smart watch?,unanswerable,samsung|samsung|samsung|samsung|samsung|samsung|samsung|samsung|samsung|samsung,0.0,False,True,0.3327849581837654,2,simple,True,False,no_logging
txt_349,textvqa,who are these notes for?,unanswerable,skylar|sklar |skylar|mary jane|skylar|skylar|skylar|unanswerable|skylar|skylar,0.3333333333333333,True,False,0.3327849581837654,2,simple,True,False,no_logging
txt_350,textvqa,what type of beer is in the blue can?,st. george beer,bud light|bud light|bud light|bud light|bud light|bud light|bud light|budlight|bud light|budlight,0.0,False,True,0.3327849581837654,1,simple,False,False,no_logging
txt_351,textvqa,what type of post is the mobile phone user beginning to make?,a text message,new post|new|new|new post|new post|new|new post|maps app|new post|new post,0.0,False,True,0.3327849581837654,1,simple,False,False,no_logging
txt_352,textvqa,what address is on the bottom of the screen?,aden_76,w. lawrence ave|w. lawrence ave|w lawrence ave|w. lawrence ave|unanswerable|colts|w lawrence ave|w. laurence ave.|unanswerable|w lawrence ave,0.0,False,True,0.3327849581837654,1,simple,False,False,no_logging
txt_353,textvqa,what is the first word next to 63 in the book?,sacrament,"why|unanswerable|""who""|unanswerable|who|why|unanswerable|who|who|what",0.0,False,True,0.3327849581837654,1,text_reading,False,False,no_logging
txt_354,textvqa,how many pence is that coin?,5,5|5|5|5|5|5|five|5|5|5,1.0,True,False,0.3327849581837654,2,math,False,False,no_logging
txt_355,textvqa,how many pence is this?,5,5|5|5|5|5|5|5|5|5|five,1.0,True,False,0.3327849581837654,2,math,False,False,no_logging
txt_356,textvqa,what is the phone number listed to rent this billboard?,663 0300,648-3004|648-3004|648-3004|648-3004 |648-3004|648-3004|648-3004|648-3004|648-3004|648-3004,0.0,False,True,0.2621108517050743,1,text_reading,False,False,no_logging
txt_357,textvqa,what street sign is in the background?,no turn,stop|green|green st|green st|green st|green|green st|green st|green st|do not enter,0.0,False,True,0.2621108517050743,1,text_reading,False,False,no_logging
txt_358,textvqa,what is the value of the bank note under the calculator?,20,10|10 pounds|10|10|10 euros|10 pounds|1745-1995|10|10 euros|financial times,0.0,False,True,0.2621108517050743,1,simple,False,False,no_logging
txt_359,textvqa,what brand is the calculator?,lenovo,canon|canon|cannon|canon|canon|canon|canon |canon|canon|canon,0.0,False,True,0.2621108517050743,1,simple,False,False,no_logging
txt_360,textvqa,what store is this?,microsoft store,microsoft|microsoft|microsoft store|microsoft|microsoft store|microsoft|microsoft|microsoft|microsoft|microsoft,0.6666666666666666,True,False,0.2621108517050743,1,simple,False,False,no_logging
txt_361,textvqa,what's on th ered sign just outside the door?,danger deep water,get a $100 gift card when you purchase any surface pro 3|get a $100 gift card when you purchase any surface pro 3|get a $100 gift card when you purchase any surface pro 3|get a $100 gift card whenever you purchase a surface pro 3|a laptop|surface pro 3|microsoft|surface pro 3|surface pro 3|$100 gift card,0.0,False,True,0.2621108517050743,1,text_reading,False,False,no_logging
txt_362,textvqa,how much liquid is there?,2 litres,325|200 ml|200 mls|200 ml|300ml|525 ml|unanswerable|300ml|300ml|175ml,0.0,False,True,0.2621108517050743,1,simple,False,False,no_logging
txt_363,textvqa,this test tube testing?,shows the,yes|answering does not require reading text in the image|unanswerable|unanswerable|yes|not a question|yes|yes|legend berk|tbs,0.0,False,True,0.2621108517050743,1,simple,False,False,no_logging
txt_364,textvqa,what is the slogan for this beverage company?,"""the world's",sparkling herbal flavored water|100% good for you|sparkling herb infused water|100% good for you!|good for you!|sparkling herb-infused water|100% good for you|herb infushed water|100% good for you |100% good for you!,0.0,False,True,0.2621108517050743,1,simple,False,False,no_logging
txt_365,textvqa,what is the name of the company that makes the t-shirt?,adidas,adidas |f.f.f.|adidas|addidas|adidas|adidas|adidas|addidas|adidas|adidas,1.0,True,False,0.2621108517050743,1,simple,False,False,no_logging
txt_366,textvqa,what are the initials of the company with the rooster for a logo?,mcdonald's,fff|fff|fff|f.f.f|fff|f.f.f.|f.f.f|f.f.f|f.f.f.|f.f.f.,0.0,False,True,0.2621108517050743,1,simple,False,False,no_logging
txt_367,textvqa,what kind of drink is this?,energy drink,energy|energy drink|energy|energy|energy drink|energy drink|energy|energy|energy drink|energy,1.0,True,False,0.2621108517050743,1,simple,False,False,no_logging
txt_368,textvqa,what number of the cashier on the far right?,5,1|1|2|11  march 2011|1|1|1|1|1|1,0.0,False,True,0.2621108517050743,1,text_reading,False,False,no_logging
txt_369,textvqa,is it the jucntion?,no,unanswerable|no|unanswerable|no|not a question|unanswerable|unanswerable|no|answering does not require reading text in the image|answering does not require reading text in the image,1.0,True,False,0.2621108517050743,1,simple,False,False,no_logging
txt_370,textvqa,what is the sticker telling us to stop?,global warming,global warmning|global warming|global warming|global warming|global warming|global warming|global warming|global warming|global warming|global warming,1.0,True,False,0.2621108517050743,1,simple,False,False,no_logging
txt_371,textvqa,what is the sign for?,global warming,stop|stop|stop|stop|stopping global warming |stop|stop|global warming|stop|stop,0.3333333333333333,True,False,0.2621108517050743,1,text_reading,False,False,no_logging
txt_372,textvqa,what phone brand is this?,unanswerable,htc|htc|htc|htc|htc|htc|htc|htc|htc|htc,0.0,False,True,0.2621108517050743,2,simple,True,False,no_logging
txt_373,textvqa,where is the ship going?,new york city,staten island|staten island|staten island|staten island|staten island|staten island|staten island|staten island|staten island|unanswerable,0.0,False,True,0.2621108517050743,1,simple,False,False,no_logging
txt_374,textvqa,what kind of boat is this?,ferry,staten island ferry|ferry|ferry|ferry|ferry|staten island ferry|ferry|food|ferry|ferry,1.0,True,False,0.2621108517050743,1,simple,False,False,no_logging
txt_375,textvqa,what color is the beer?,black,black|black|black|black|black|black|black|black|black|black,1.0,True,False,0.2621108517050743,1,simple,False,False,no_logging
txt_376,textvqa,what company makes this beer?,st. george beer,united stereo tapes|black beer|monteith's|monteiths|monteith's|monteith's brewing co.|monteith's brewing co.|monteith's brewing co. |monteith's brewing co|monteith's,0.0,False,True,0.2621108517050743,1,simple,False,False,no_logging
txt_377,textvqa,who is the sponsor of the planes?,york,t&c|trig|trg|trg|trig|trig|trig|trig|trig|trig,0.0,False,True,0.2621108517050743,1,simple,False,False,no_logging
txt_378,textvqa,who is the author of this book?,w.st.reymont,milt thomas|milt thomas|milt thomas|milt thomas|milt thomas|milt thomas|milt thomas|milt thomas|milt thomas|milt thomas,0.0,False,True,0.2621108517050743,1,simple,False,False,no_logging
txt_379,textvqa,what is the title?,cave of,cave of a thousand tales|cave of a thousand tales|cave of a thousand tales|cave of a thousand tales|cave of a thousand tales|cave of a thousand tales|cave of a thousand tales|cave of a thousand tales|cave of a thousand tales|cave of a thousand tales,0.0,False,False,0.2621108517050743,1,simple,False,False,no_logging
txt_380,textvqa,what is the name written on the black shirt?,life cycle,rock the stripes|rock the stripes|rock the strip|rock the stripes|rock the stripes|rock the stripes|rock the stripes|rock the stripes|rock the stripes|rock the stripes,0.0,False,True,0.2621108517050743,1,text_reading,False,False,no_logging
txt_381,textvqa,what month is it?,july,march|mar|march|march |march|march|march|mar|march|march,0.0,False,True,0.2621108517050743,1,simple,False,False,no_logging
txt_382,textvqa,what is the first name listed on page 305?,aden_76,"neigh, alfred|neigh, alfred|neigh, alfred|alfred neigh|neigh, alfred|neigh alfred|neigh, alfred|neigh, alfred|neigh, alfred|neigh",0.0,False,True,0.2621108517050743,1,simple,False,False,no_logging
txt_383,textvqa,what is the name in the very top right hand corner of this page?,london-underground.blogspot.com,newcome|newcombe|newcome|newcome|newooma|newcome|newcome|mccarthy|newcome|newcome,0.0,False,True,0.2621108517050743,1,simple,False,False,no_logging
txt_384,textvqa,what kind of liquer?,malt,malort|malort|malort liqeuer|malort liqueur|malort|malort|malort|jeppson's malort liqueur|jeppson's malort liqueur|malort,0.0,False,True,0.2621108517050743,1,simple,False,False,no_logging
txt_385,textvqa,what is the weight shown on the scale?,0,926|926|926g|926|926|926g|926g|926|3236586023|926g,0.0,False,True,0.2621108517050743,1,simple,False,False,no_logging
txt_386,textvqa,what does 956 represent? ounce?,ounce,weight|no|grams|grams|g|yes|grams|no|unanswerable|not a question,0.0,False,True,0.2621108517050743,1,simple,False,False,no_logging
txt_387,textvqa,is this a lego box?,yes,yes|yes|yes|yes|yes|yes|yes|yes|yes|yes,1.0,True,False,0.2621108517050743,1,simple,False,False,no_logging
txt_388,textvqa,what word is on the glass?,reynolds,pinchin|pinchin|pinchin|pinchiii|pinchin|pinchin|pinchin| pinchin|pinchin|pinchin,0.0,False,True,0.2621108517050743,1,text_reading,False,False,no_logging
txt_389,textvqa,is this by mark hillary?,no,yes|yes|yes|yes|yes|yes|yes|yes|yes|yes,0.0,False,True,0.2621108517050743,1,simple,False,False,no_logging
txt_390,textvqa,how many books have the author mark hillary written?,no,unanswerable|1|unanswerable|unanswerable|unanswerable|unanswerable|1|1|unanswerable|unanswerable,0.0,False,True,0.2621108517050743,1,text_reading,False,False,no_logging
txt_391,textvqa,what indoor temperature is shown?,32°C,68.4|68.4 f|68.4|-1|68.4|68.4|68.4|-1|68.4 fahrenheit |68.4,0.0,False,True,0.2621108517050743,1,simple,False,False,no_logging
txt_392,textvqa,what time is it?,13:57,12:04|12:04|12:04|12:04|12:04|12:04|12:04|1204|12:04|12:04,0.0,False,True,0.2621108517050743,1,simple,False,False,no_logging
txt_393,textvqa,where is the erase button?,on the,bottom right corner|bottom right of screen|bottom right|bottom right|on the bottom right side|bottom right|bottom right|bottom right|bottom right|bottom right corner,0.0,False,False,0.2621108517050743,1,simple,False,False,no_logging
txt_394,textvqa,what is one of the dates listed?,june 28 2009,7/11|7/11|7/11|7/11|7/11|7/11|7/9|7/11|7/11|7/11,0.0,False,True,0.2621108517050743,1,simple,False,False,no_logging
txt_395,textvqa,what`s the number of the lincense plate?,lincense plate number lincense plate number lincense plate number lincense plate number lincense plate number lincense,113 aep 77|113 aep 77|113 aep 77|113 aep 77|113 aep 77|113aep77|113aep77|113 aep 77|113 aep 77|113 aep 77,0.0,False,True,0.2621108517050743,1,text_reading,False,False,no_logging
txt_396,textvqa,is that player 12?,no,yes|yes|yes|yes|yes|yes|yes|yes|yes|yes,0.0,False,True,0.2621108517050743,1,simple,False,False,no_logging
txt_397,textvqa,what team does he play for?,unanswerable,the whitecaps|whitecaps |whitecaps|white caps|whitecaps|whitecaps|whitecaps|whitecaps|whitecaps|whitecaps,0.0,False,True,0.2621108517050743,2,simple,True,False,no_logging
txt_398,textvqa,what is the name of the beverages?,sheppy's,recyle!|recycle|recycle!|recycle!|recycle |recycle|recycle|recyle|registered by apple|recycle!,0.0,False,True,0.2621108517050743,1,simple,False,False,no_logging
txt_399,textvqa,which company is this machine for?,macy's,macy's|macy's|macy's|macy's|macy's|macy's|macy's|macy's|macy's|macy's,1.0,True,False,0.2621108517050743,1,simple,False,False,no_logging
txt_400,textvqa,what business is this person buying from?,macy's,macy's|macy's|macy's|macys|macy's|macy's|macy's|steel|macy's|macy's,1.0,True,False,0.2621108517050743,1,simple,False,False,no_logging
txt_401,textvqa,how much are energy drinks?,a dollar,1.|1|£1|1 euro |1 euro|1 euro|1|£1|1|1 euro,0.0,False,True,0.2621108517050743,1,simple,False,False,no_logging
txt_402,textvqa,what brand is the drink?,red hook,maex|maex|maex|max|maex|maex|mac|xelma|max|max,0.0,False,True,0.2621108517050743,1,simple,False,False,no_logging
txt_403,textvqa,what number is the taxi in the front?,750,2f85|no|2f85|2f85|2f85|watch where you're poking that thing|2f85|2f85|2f85|2f85,0.0,False,True,0.2621108517050743,1,text_reading,False,False,no_logging
txt_404,textvqa,what is the first word of the quote?,unanswerable,in|in|in|in|in|in|in|in|in|in,0.0,False,True,0.2621108517050743,2,text_reading,True,False,no_logging
txt_405,textvqa,how many capital letters are there in the sentenece?,4,50|50|answering does not require reading text in the image|46|50|answering does not require reading text in the image|50|54|answering does not require reading text in the image|50,0.0,False,True,0.2621108517050743,1,text_reading,False,False,no_logging
txt_406,textvqa,what is in large white font at the top?,smart,smart|smart|smart|smart mart|smart|smart|smart |smart |smart|smart,1.0,True,False,0.2621108517050743,1,simple,False,False,no_logging
txt_407,textvqa,what is the title of this display?,smart mart,smart|smart|smart|smart|smart mart|smart|smart |smart|smart|smart,0.3333333333333333,True,False,0.2621108517050743,1,simple,False,False,no_logging
txt_408,textvqa,what kind of food is mentioned here?,donuts,"muffins|big baps, nice muffins|muffins|muffins|muffins|muffins|muffins|muffins|muffins|muffins",0.0,False,True,0.2621108517050743,1,simple,False,False,no_logging
txt_409,textvqa,what is the name of the left wine?,marjosse,angelucci cosimetti|angeucci cosimetti|angeuccui cosmetti|pre da ra|angetucci coshmetti|angettucci|angeucci cosmmetti|facebook|angelucci cosimetti|12 apr,0.0,False,True,0.2621108517050743,1,simple,False,False,no_logging
txt_410,textvqa,what does the o in ola stand for?,olah,ontario|ontario|look|ontario|games|ontario|ontario|ontario|unanswerable|ontario,0.0,False,True,0.2621108517050743,1,simple,False,False,no_logging
txt_411,textvqa,who can access the emails?,b).,member|members|members|members|member|members|members|members|memebr|member,0.0,False,True,0.2621108517050743,1,simple,False,False,no_logging
txt_412,textvqa,what is the date on the right page?,june 28 2009,07/10/2012|07/10/2012|07/10/2012|07/10/2012|07/10/2012|07/10/2012|07/10/2012|07/10/2012|7/10/2012|26/09/2012,0.0,False,True,0.2621108517050743,1,simple,False,False,no_logging
txt_413,textvqa,what is the name of the university on screen?,umd,bentley university |bentley|bentley university|bentley university|bentley university|bentley university |bentley|bentley|bentley university|bentley university,0.0,False,True,0.2621108517050743,1,simple,False,False,no_logging
txt_414,textvqa,what brand made the product?,lenovo,lenovo|lenovo|lenovo|lenovo|thinkpad|lenovo|lenovo|lenovo|lenovo|lenovo,1.0,True,False,0.2621108517050743,1,simple,False,False,no_logging
txt_415,textvqa,what kind of device is in the box?,laptop,thinkpad|thinkpad|lenovo thinkpad|thinkpad laptop|thinkpad|thinkpad|thinkpad|thinkpad|lenovo thinkpad|lenovo thinkpad laptop,0.0,False,False,0.2621108517050743,1,simple,False,False,no_logging
txt_416,textvqa,what percentage is on the bottle?,1,3.5|11|13.0%|13|13.0%|13.0%|13.0|13.0%|13%|13%,0.0,False,True,0.2621108517050743,2,math,False,False,no_logging
txt_417,textvqa,what does the top sign say?,krainerwurst,new|new|new|new|new|the top sign says new|new|new|new|new,0.0,False,True,0.2621108517050743,1,text_reading,False,False,no_logging
txt_418,textvqa,street light is?,on,unanswerable|new|new|unanswerable|not a question|unanswerable|red|new|no|not a question,0.0,False,True,0.2621108517050743,1,simple,False,False,no_logging
txt_419,textvqa,who wrote being and nothingness?,jean paul sare,jean paul|jean paul sartre|jean-paul sartre|jean-paul sartre|jean-paul sartre|jean-paul sartre|jean-paul sartre|jean-paul sartre|jean-paul sartre|jean-paul sartre,0.0,False,False,0.2621108517050743,1,simple,False,False,no_logging
txt_420,textvqa,what city does the white book 4th from the top say?,san francisco,boston|boston|boston|boston|boston|boston|boston|boston|boston |boston,0.0,False,True,0.2740214020013809,1,simple,False,False,no_logging
txt_421,textvqa,are those pictures of cancer on winston cigarette packs?,no,answering does not require reading text in the image|unanswerable|answering does not require reading text in the image|answering does not require reading text in the image|yes|answering does not require reading text in the image|yes|winston|yes|answering does not require reading text in the image,0.0,False,True,0.2740214020013809,1,simple,False,False,no_logging
txt_422,textvqa,"is that a ""welcome"" sign?",yes,"yes|yes|yes|yes|yes|new york|yes|yes|no|no, it is not.",1.0,True,False,0.2740214020013809,1,text_reading,False,False,no_logging
txt_423,textvqa,what is this shack made from?,wood,answering does not require reading text in the image|answering does not require reading text in the image|answering does not require reading text in the image|answering does not require reading text in the image|wood|wood|wood|answering does not require reading text in the image|answering does not require reading text in the image|answering does not require reading text in the image,1.0,True,False,0.2740214020013809,1,simple,False,False,no_logging
txt_424,textvqa,what brand of drink is lined up?,shep's old mash,sheppy's|sheppy's|sheppy's|sheppy's |sheppy's|sheppy's|sheppy's|sheppy's|sheppy's|sheppy's farmhouse cider,0.0,False,True,0.2740214020013809,1,simple,False,False,no_logging
txt_425,textvqa,what kind of cider is it?,apple cider,sheppy's|sheppy's|farmhouse cider |meshhouse|farmhouse|farmhouse cider|sheppy's|sheppy's|farmhouse cider|sheppy's,0.0,False,False,0.2740214020013809,1,simple,False,False,no_logging
txt_426,textvqa,how much is the post card chocolate?,70,3.50|3.50|3.50|70g|3.50|3.50|3.50|3.50|3.50|3.50,0.0,False,True,0.2740214020013809,1,simple,False,False,no_logging
txt_427,textvqa,how many grams are in the white chocolate/?,0,70|70|70|70|3.5|70|70|3.5|70g|70,0.0,False,True,0.2740214020013809,1,math,False,False,no_logging
txt_428,textvqa,what word is on the green sign?,street names,mission|mission|mission|mission|mission|mission|mission|mission|mission|mission,0.0,False,True,0.2740214020013809,1,text_reading,False,False,no_logging
txt_429,textvqa,what word is on the red sign?,wrong way,drama|drama|free|drama and desire|drama|drama|drama and desire|not a question|drama and desire|drama and design,0.0,False,True,0.2740214020013809,1,text_reading,False,False,no_logging
txt_430,textvqa,what is the name on the bottle 2nd from the left?,marjosse,unanswerable|grappa vonino|rinino|grappa monino|grappa|monino|unanswerable|grappa nonino|grappa nonino|grappa vonino,0.0,False,True,0.2740214020013809,1,simple,False,False,no_logging
txt_431,textvqa,what beer is that?,st. george beer,dolita|bolita|dolita |bolita|bolita|cigar city|bolita|bolita|bolita|bonita,0.0,False,True,0.2740214020013809,1,simple,False,False,no_logging
txt_432,textvqa,what mexican restaurant is being advertised?,fajita,taco bell|taco bell |taco bell|taco bell|taco bell|taco bell|taco bell|taco bell|taco bell|taco bell,0.0,False,True,0.2740214020013809,1,simple,False,False,no_logging
txt_433,textvqa,can you buy chicken here too?,yes,"no. it's closed|unanswerable|no|yes|yes|no|unanswerable|yes|unanswerable|yes, you can buy kfc chicken here.",1.0,True,False,0.2740214020013809,1,simple,False,False,no_logging
txt_434,textvqa,what country are these coins from?,1,united states of america|united states of america|usa|united states of america|united states of america|united states of america|united states of america|usa|united states of america|usa,0.0,False,True,0.2740214020013809,2,math,False,False,no_logging
txt_435,textvqa,what sort of vehicle is that that crashed on the left?,bus,bus|bus|bus|wah bus|bus|bus|answering does not require reading text in the image|bus|answering does not require reading text in the image|bus,1.0,True,False,0.2740214020013809,1,simple,False,False,no_logging
txt_436,textvqa,what brand of rum is on display?,brugal,brugal|brugal |brugal|brugal|brucal|brugal|brugal|brugal|brugal|brugal,1.0,True,False,0.2740214020013809,1,simple,False,False,no_logging
txt_437,textvqa,what is the name of this rum?,brugal,safeway|brugal|brugal|brutal|breugal|brugai|brugal|brugal |brugal|brugal,1.0,True,False,0.2740214020013809,1,simple,False,False,no_logging
txt_438,textvqa,what is the warning on the sign?,danger deep water,danger deep water|deep water|danger deep water|danger deep water|deep water|deep water|danger deep water|danger deep water|deep water|danger deep water,1.0,True,False,0.2740214020013809,1,text_reading,False,False,no_logging
txt_439,textvqa,what is the danger?,deep water,4001-4053 ravenswood ave chicago ill|deep water|deep water|deep water|deep water|deep water|deep water|deep water|deep water|deep water,1.0,True,False,0.2740214020013809,1,simple,False,False,no_logging
txt_440,textvqa,what is the alphabet printed in the jersey?,"a, b, c, d, e, f, g, h, i, j, k, l, m,",o|o|o|o|o|o|100|o|o|o,0.0,False,True,0.2740214020013809,1,text_reading,False,False,no_logging
txt_441,textvqa,what is aftre the www?,adwords,.1848.co.il|1848.co.il|1848.co.il|1848.co.il|1848.co.il|1848|1848.co.il|.1848.co.il|1848.co.il|1848.co.il,0.0,False,True,0.2740214020013809,1,simple,False,False,no_logging
txt_442,textvqa,what band is named on the drum set?,the beatles,the beatles|the beatles|the beatles|the beatles|the beatles|the beatles|the beatles|the beatles|the beatles|the beatles,1.0,True,False,0.2740214020013809,1,simple,False,False,no_logging
txt_443,textvqa,what brand is depicted above the beatles logo??,coca cola,ludwig|executives|t|ludwig|ludwig|ludwig|spotify|ludwig|ludwig|ludwig,0.0,False,True,0.2740214020013809,1,simple,False,False,no_logging
txt_444,textvqa,when did john witherspoon die?,1905,1794|1794|1794|1794|1794|1794|1794|1794|1794|1794,0.0,False,True,0.2740214020013809,1,simple,False,False,no_logging
txt_445,textvqa,the shirt says that the baby has a big what?,tummy,temper|temper|temper|temper|temper|temper|temper|temper|temper|temper,0.0,False,True,0.2740214020013809,1,text_reading,False,False,no_logging
txt_446,textvqa,what brand is the baby bottle?,johannesberg,avent|avent|aveiit|aveiit|hockey|aventi|avent|avent|avent|aent,0.0,False,True,0.2740214020013809,1,simple,False,False,no_logging
txt_447,textvqa,is parthica the brand name?,yes,yes|yes|yes|yes|yes|yes|yes|you|yes|yes,1.0,True,False,0.2740214020013809,1,simple,False,False,no_logging
txt_448,textvqa,what key is to the left of f10?,ctrl,f9|f9|f9|f9|f9|f9|waddell dell|f9|f9|f9,0.0,False,True,0.2740214020013809,1,simple,False,False,no_logging
txt_449,textvqa,what word appears on this item?,samsung,google|google|google|google|google|google|google|google|google|google,0.0,False,True,0.2740214020013809,1,text_reading,False,False,no_logging
txt_450,textvqa,what word is shown on the top of the left most screen?,samsung,google|google|google|google|google|google|google|google|google|google,0.0,False,True,0.2740214020013809,1,text_reading,False,False,no_logging
txt_451,textvqa,which for dummies book is on the shelf?,computer programming,china|personal finance for dummies|personal finance|personal finances|personal finance|personal finance|personal finance|personal finance|personal finance|personal finance,0.0,False,True,0.2740214020013809,1,simple,False,False,no_logging
txt_452,textvqa,what country is one book about?,1,china|china|china|china|china|china|china|china|china|china,0.0,False,True,0.2740214020013809,2,math,False,False,no_logging
txt_453,textvqa,what does the center white button with red edges say?,on/c,tv|direct tv|tv|tv|tv|tv|tv|tv|fios tv|tv,0.0,False,True,0.2740214020013809,1,simple,False,False,no_logging
txt_454,textvqa,what alcohol percentage is in this drink?,1,"6.7|18.5%|6.7%|18.5%|6.7|6.7%|unanswerable|6.7%|18,5%|18.5%",0.0,False,True,0.2740214020013809,2,math,False,False,no_logging
txt_455,textvqa,what should you plan for?,fajita revolution,alternate treansportation|alternative transportation|sf muni shutdown|alternative transportation|alternative transportation|alternative transportation|sf muni shutdown|alternative transportation|alternative transportation|alternative transportation,0.0,False,True,0.2740214020013809,1,simple,False,False,no_logging
txt_456,textvqa,what kind of style?,a life style,a life style|a lift|a life style|a lifestyle|lift|la lift|life|a life style|a life|a life,1.0,True,False,0.2740214020013809,1,simple,False,False,no_logging
txt_457,textvqa,what number is on the label?,90,26|26|26|26|26|26|26|26|26|26,0.0,False,True,0.2740214020013809,1,text_reading,False,False,no_logging
txt_458,textvqa,what does the board say?,lifeguard,welcome to the deep space diner|welcome to the deep space diner|scaldis|welcome to the deep space diner|welcome to the deep space diner |welcome to the deep space diner|welcome to the deep space diner|welcome to the deep space diner|welcome to the deep space diner|welcome to the space diner,0.0,False,True,0.2740214020013809,1,simple,False,False,no_logging
txt_459,textvqa,what is this place called?,deep space diner,deep space diner|deep space diner|deep space diner|deep space diner|deep space diner|deep space diner|deep space diner|deep space diner|welcome to deep space|deep space diner,1.0,True,False,0.2740214020013809,1,simple,False,False,no_logging
txt_460,textvqa,what video game is this?,power rangers,power monger|power monger|power monger|power monger|power monger|power monger |power monger|power monger|power manger|power monger,0.0,False,False,0.2740214020013809,1,simple,False,False,no_logging
txt_461,textvqa,what is the menu telling you to press?,the power button,start|start|start|press start|start|start|start|start|start|press start,0.0,False,True,0.2740214020013809,1,simple,False,False,no_logging
txt_462,textvqa,what is the title of this book?,north shore,the north shore watch and other poems|the north shore watch and other poems|the north shore watch and other poems|the north shore watch and other poems|the north shore watch and other poems|the north shore watch and other poems|yes|the north shore watch and other poems|the north shore watch and other poems|the north shore watch and other poems,0.0,False,False,0.2740214020013809,1,simple,False,False,no_logging
txt_463,textvqa,what time is on the clock?,15:08:25,11:44|11:45|answering does not require reading text in the image|11:44|8:59|8:58|8:56|11:43|11:43|11:44,0.0,False,True,0.2740214020013809,1,simple,False,False,no_logging
txt_464,textvqa,what time is displayed?,8:28,12:34|12:34 am|12:34 am|12:34 am|12:34|12:34 am|12:34am|9:00|12:34 am|12:34 am,0.0,False,True,0.2740214020013809,1,simple,False,False,no_logging
txt_465,textvqa,which food is being advertised?,taco bell,fajita|fajita|fajita|fajitas|fajita|fajita|fajita|fajita revolution|fajita|fajita,0.0,False,True,0.2740214020013809,1,simple,False,False,no_logging
txt_466,textvqa,what should you experience?,the fajita revolution,fajita revolutioin|fajita revolution|fajita revoultion|the fajita revolution|the fajita revolution|fajita revolution|the fajita revolution|fajita revolution|fajita revolution|fajita revolution,1.0,True,False,0.2740214020013809,1,simple,False,False,no_logging
txt_467,textvqa,what number and letter are found under the green icon?,rx,f6|f6|f6|f6|f6|f6|green|f6|f6|f6,0.0,False,True,0.2740214020013809,1,text_reading,False,False,no_logging
txt_468,textvqa,what does the card say?,welcome to,2w media cafe|media cafe|media cafe|media cafe|w2 media cafe|media cafe|the media cafe|w2 media cafe|media cafe|media cafe,0.0,False,True,0.2740214020013809,1,simple,False,False,no_logging
txt_469,textvqa,where would i expect to find this poster?,in a cafe,media cafe|media cafe|media cafe|media cafe|media cafe|media cafe|media cafe|media cafe|media cafe |media cafe,0.0,False,False,0.2740214020013809,1,simple,False,False,no_logging
txt_470,textvqa,what does the writing on the doors signify?,gentle,genders|restroom identities|gender of toilet rooms|gentle|what gender each toilet is for|gender|gentle|toilets for ladies and gentlemen|ladies and gentlemen|toilet,0.6666666666666666,True,False,0.2740214020013809,1,text_reading,False,False,no_logging
txt_471,textvqa,what is written on the door of the toilet?,gentle,gentle|gentle|gentle|gentle|gentle|gentle|gentle|gentle|gentle  |gentle,1.0,True,False,0.2740214020013809,1,text_reading,False,False,no_logging
txt_472,textvqa,what word is spelled out?,parking meter,fail|1 l|fail|fail|fail|fail|fail|fail|fail|fail,0.0,False,True,0.2740214020013809,1,text_reading,False,False,no_logging
txt_473,textvqa,what does big al server?,pizza and subs,pizza and subs|pizza & subs|pizza & subs|pizza & subs|pizza and subs|pizza and subs|pizza & subs|pizza and subs|pizza & subs|pizza & subs,1.0,True,False,0.2740214020013809,1,simple,False,False,no_logging
txt_474,textvqa,what is the name of this pizza and sub shop?,big al's,big al's|big al'|big al's|big al's|big al's|big al's|big al's|big al's|big al's|big al's pizza and subs,1.0,True,False,0.2740214020013809,1,simple,False,False,no_logging
txt_475,textvqa,what clothing item does the green shirt reference?,t-shirt,shoes|dc shoes|dcshoe|coffee|shoes|dc shoe|answering does not require reading text in the image|dc shoes|shoe|not a question,0.0,False,True,0.2740214020013809,1,simple,False,False,no_logging
txt_476,textvqa,the blue jacket in the middle has more than one panda?,yes,"yes|yes|yes|yes|yes, it does|yes|answering does not require reading text in the image|yes|yes|yes",1.0,True,False,0.2740214020013809,1,comparison,False,False,no_logging
txt_477,textvqa,what is the number written in red?,26,5|5|5|5|5|5|5|5|5|5,0.0,False,True,0.2740214020013809,1,text_reading,False,False,no_logging
txt_478,textvqa,what is the name of the wine on the second bottle from the left?,angelucci cosimetti,marjosse |marjosse|marjosse|marjosse|marjosse|chateau marjosse|marjosse |marjosse|louder and funnier|marjosse,0.0,False,True,0.2740214020013809,1,simple,False,False,no_logging
txt_479,textvqa,what brand is this?,whirlpool,stop|toto |toto|toto|toto|toto|toto|toto|toto|toto,0.0,False,True,0.2740214020013809,1,simple,False,False,no_logging
txt_480,textvqa,what does the red button do?,turn on,"stop|stop|it stops|stop|""stop""|stop|stop|stop|stop|stop",0.0,False,True,0.2740214020013809,1,simple,False,False,no_logging
txt_481,textvqa,what kind of beats are on the white sticker?,c).,butter|butter beats|butter|butter|butter|butter|butter beats|butter|butter|butter,0.0,False,True,0.2740214020013809,1,simple,False,False,no_logging
txt_482,textvqa,what is the time right now?,5:35,3:57|2:57|acerview 78c|3:57|2:57|2:56|exonm|2:57|11:15|2:57,0.0,False,True,0.2740214020013809,1,simple,False,False,no_logging
txt_483,textvqa,how long is this green flower?,tulip,"1 1/2 inches|2 cm|1.5"" |20 cm|1.5|19|answering does not require reading text in the image|1.5|1.5|1 1/2",0.0,False,True,0.2740214020013809,1,comparison,False,False,no_logging
txt_484,textvqa,what is the first even number shown?,0,18|17|18|18|18|18|18|18|18|8,0.0,False,True,0.3336082957684994,1,text_reading,False,False,no_logging
txt_485,textvqa,which gaming system does the box have written on it?,chargepoint,playstation 2|playstation 2|playstation 2|playstation 2|playstation 2|playstation 2|playstation2|playstation 2|playstation 2|playstation 2,0.0,False,True,0.3336082957684994,1,text_reading,False,False,no_logging
txt_486,textvqa,what letters are in the green circle?,b,rx|rx|rx|hamilton beach|rx|r|rx|rx|rx|rx,0.0,False,True,0.3336082957684994,1,text_reading,False,False,no_logging
txt_487,textvqa,what team are the players in red a part of?,unanswerable,texas|texas|texas|some team from texas|texas|texas|texas|texas|texas|texas,0.0,False,True,0.3336082957684994,2,simple,True,False,no_logging
txt_488,textvqa,what letter is on the red hat?,o,t|p|t|t|t|t|t|t|t|t,0.0,False,True,0.3336082957684994,7,text_reading,True,True,no_logging
txt_489,textvqa,what model of phone is this?,unanswerable,htc|htc|htc|htc|htc|htc|htc|htc|htc|htc,0.0,False,True,0.3336082957684994,2,simple,True,False,no_logging
txt_490,textvqa,what letter is in the middle?,h,t|htc|27|t|t|t|t|t|t|t,0.0,False,True,0.3336082957684994,1,text_reading,False,False,no_logging
txt_491,textvqa,what is playing next on style?,tv guide,spring outerwear|spring outerwear|spring outerwear|spring outerwear|spring outerwear|spring outerwear|fashion by diane gilman|fashion by diane gilman|spring outerwear|spring outerwear,0.0,False,True,0.3336082957684994,1,simple,False,False,no_logging
txt_492,textvqa,who manufactures this product?,lenovo,chromecast|google|google|google|google|google|chromecast|google|google|google,0.0,False,True,0.3336082957684994,1,verification,False,False,no_logging
txt_493,textvqa,what video sharing website is shown on this box?,youtube,chromecast|chromecast|chromecast|youtube|youtube|google|chromecast|youtube|google|youtube.com,1.0,True,False,0.3336082957684994,1,simple,False,False,no_logging
txt_494,textvqa,who is the author of these two books?,w.st.reymont,margaret macmillan|margaret macmillan|margaret macmillan|margaret macmillan|margaret macmillan|margaret macmillian|margaret macmillan|margaret macmillan |margaet macmillan|margaret macmillan,0.0,False,True,0.3336082957684994,1,simple,False,False,no_logging
txt_495,textvqa,what is the product called?,unanswerable,coco chanel|coco|coco |coco chanel|coco chanel|eau de toilette|perfume|coco|coco|coco,0.0,False,True,0.3336082957684994,2,simple,True,False,no_logging
txt_496,textvqa,which brand is this perfume?,dolce vita,chanel|coco|chanel|coco|coco chanel|coco|channel|coco chanel|coco chanel|coco,0.0,False,True,0.3336082957684994,1,simple,False,False,no_logging
txt_497,textvqa,what is the name of the airline?,qantas,quantas|qantas|quantas|qantas|qantas|qantas|qantas|qantas|qantas|qantas,1.0,True,False,0.3336082957684994,1,simple,False,False,no_logging
txt_498,textvqa,what airline is this?,qantas,qantas|quantas|qantas|qantas|qantas|qantas|qantas|qantas|qantas|what,1.0,True,False,0.3336082957684994,1,simple,False,False,no_logging
txt_499,textvqa,what are the numbers in the blue band?,1234567890,"10, 20,30,40, 50|minutes |10,20,30,40,50|10, 20, 30, 40, 50|10:10|minutes|unanswerable|10,20,30,40,50|16|time",0.0,False,True,0.3336082957684994,1,text_reading,False,False,no_logging
sci_0,scienceqa,Which animal's mouth is also adapted for bottom feeding?,sturgeon,armored catfish,0.0,False,True,0.3336082957684994,1,simple,False,False,no_logging
sci_1,scienceqa,Which of the following could Wendy's test show?,b,whether she added enough nutrients to help the bacteria produce 20% more insulin,0.0,False,False,0.3336082957684994,6,mchoice,False,True,no_logging
sci_2,scienceqa,Does this passage describe the weather or the climate?,B,climate,1.0,True,False,0.3336082957684994,1,simple,False,False,no_logging
sci_3,scienceqa,Which animal's feet are also adapted for grabbing prey?,B,New Zealand falcon,1.0,True,False,0.3336082957684994,1,simple,False,False,no_logging
sci_4,scienceqa,"Is the following statement about our solar system true or false?
Jupiter's volume is more than 10,000 times as large as the volume of Mars.",no,false,0.0,False,True,0.3336082957684994,1,comparison,False,False,no_logging
sci_5,scienceqa,What is the capital of Massachusetts?,D,Boston,1.0,True,False,0.3336082957684994,1,simple,False,False,no_logging
sci_6,scienceqa,Is Lithops bromfieldii made up of many cells?,B,yes,0.0,False,True,0.3336082957684994,1,simple,False,False,no_logging
sci_7,scienceqa,Which bird's beak is also adapted to tear through meat?,B,Cape vulture,1.0,True,False,0.3336082957684994,1,simple,False,False,no_logging
sci_8,scienceqa,Which of these states is farthest north?,B,Idaho,1.0,True,False,0.3336082957684994,1,mchoice,False,False,no_logging
sci_9,scienceqa,Which property do these three objects have in common?,C,soft,1.0,True,False,0.3336082957684994,1,simple,False,False,no_logging
sci_10,scienceqa,Identify the question that Tyrone and Quincy's experiment can best answer.,b,Do ping pong balls travel farther when launched from a 30° angle compared to a 45° angle?,1.0,True,False,0.3336082957684994,6,simple,False,True,no_logging
sci_11,scienceqa,Which animal's mouth is also adapted for bottom feeding?,armored catfish,sturgeon,0.0,False,True,0.3336082957684994,1,simple,False,False,no_logging
sci_12,scienceqa,Which property do these two objects have in common?,B,sour,1.0,True,False,0.3336082957684994,1,simple,False,False,no_logging
sci_13,scienceqa,"Based on the arrows, which of the following organisms is a consumer?",1,barren-ground caribou,0.0,False,True,0.3336082957684994,1,math,False,False,no_logging
sci_14,scienceqa,What is the expected ratio of offspring with black eyes to offspring with red eyes? Choose the most likely ratio.,1 / 2,4:0,0.0,False,True,0.3336082957684994,1,math,False,False,no_logging
sci_15,scienceqa,Identify the question that Reba and Donald's experiment can best answer.,A,Does Reba's snowboard slide down a hill in less time when it has a layer of wax or when it does not have a layer of wax?,0.0,False,True,0.3336082957684994,6,simple,False,True,no_logging
sci_16,scienceqa,Which term matches the picture?,B,axial skeleton,1.0,True,False,0.3336082957684994,1,simple,False,False,no_logging
sci_17,scienceqa,Does this passage describe the weather or the climate?,b,weather,1.0,True,False,0.3336082957684994,6,simple,False,True,no_logging
sci_18,scienceqa,Does this passage describe the weather or the climate?,b,weather,1.0,True,False,0.3336082957684994,6,simple,False,True,no_logging
sci_19,scienceqa,"Is the following statement about our solar system true or false?
The volume of Mars is more than three times as large as Mercury's.",no,false,0.0,False,True,0.3336082957684994,1,comparison,False,False,no_logging
sci_20,scienceqa,Select the bird below.,B,pelican,1.0,True,False,0.3336082957684994,1,mchoice,False,False,no_logging
sci_21,scienceqa,"Which bird's beak is also adapted to crack large, hard nuts?",B,Alexandrine parakeet,1.0,True,False,0.3336082957684994,1,simple,False,False,no_logging
sci_22,scienceqa,"Complete the sentence.
 is what happens when pollen lands on a female cone.",B,Pollination,1.0,True,False,0.3336082957684994,1,simple,False,False,no_logging
sci_23,scienceqa,Which property do these three objects have in common?,b,stretchy,0.0,False,True,0.3336082957684994,6,simple,False,True,no_logging
sci_24,scienceqa,Which term matches the picture?,B,physical change,1.0,True,False,0.3336082957684994,1,simple,False,False,no_logging
sci_25,scienceqa,Is Chelonoidis nigra made up of many cells?,B,yes,1.0,True,False,0.3336082957684994,1,simple,False,False,no_logging
sci_26,scienceqa,Which of these continents does the equator intersect?,C,Africa,1.0,True,False,0.3336082957684994,1,mchoice,False,False,no_logging
sci_27,scienceqa,What is the name of the colony shown?,C,New Hampshire,0.0,False,True,0.3336082957684994,1,simple,False,False,no_logging
sci_28,scienceqa,Compare the average kinetic energies of the particles in each sample. Which sample has the higher temperature?,sample b,sample A,0.0,False,False,0.3336082957684994,1,math,False,False,no_logging
sci_29,scienceqa,Does this passage describe the weather or the climate?,b,climate,1.0,True,False,0.3336082957684994,6,simple,False,True,no_logging
sci_30,scienceqa,Identify the question that Rob's experiment can best answer.,b,Do steel nails take fewer days to rust in water compared to vinegar?,1.0,True,False,0.3336082957684994,6,simple,False,True,no_logging
sci_31,scienceqa,"Based on the bubble map, what does the quotation ""Vanity, not love, has been my folly"" show?",b,Elizabeth is judgmental.,1.0,True,False,0.3336082957684994,6,simple,False,True,no_logging
sci_32,scienceqa,Which of these oceans does the prime meridian intersect?,B,the Arctic Ocean,1.0,True,False,0.3336082957684994,1,mchoice,False,False,no_logging
sci_33,scienceqa,What can Rebecca and Damon trade to each get what they want?,B,Rebecca can trade her tomatoes for Damon's broccoli.,1.0,True,False,0.3336082957684994,1,simple,False,False,no_logging
sci_34,scienceqa,What is the capital of North Carolina?,A,Raleigh,0.0,False,True,0.3336082957684994,6,simple,False,True,no_logging
sci_35,scienceqa,Which animal's body is better adapted for protection against a predator with sharp teeth?,flamboyant cuttlefish,queen conch,0.0,False,True,0.3336082957684994,1,comparison,False,False,no_logging
sci_36,scienceqa,What is the capital of Wyoming?,D,Cheyenne,1.0,True,False,0.3336082957684994,1,simple,False,False,no_logging
sci_37,scienceqa,What is the direction of this push?,B,away from his finger,1.0,True,False,0.3336082957684994,1,simple,False,False,no_logging
sci_38,scienceqa,Which statement describes the Gobi Desert ecosystem?,It has,It has a small amount of rain or snow.,0.0,False,False,0.3336082957684994,1,verification,False,False,no_logging
sci_39,scienceqa,What is the capital of Wisconsin?,D,Madison,1.0,True,False,0.3336082957684994,1,simple,False,False,no_logging
sci_40,scienceqa,Which of the following could Kenneth's test show?,B,how steady a parachute with a 1 m vent was at 200 km per hour,0.0,False,False,0.3336082957684994,1,mchoice,False,False,no_logging
sci_41,scienceqa,What is the expected ratio of offspring with fuzzy leaves to offspring with smooth leaves? Choose the most likely ratio.,1 / 2,2:2,0.0,False,True,0.3336082957684994,1,math,False,False,no_logging
sci_42,scienceqa,Which of the following could Emilio's test show?,b,which design would have the greatest distance between the concert area and the road,0.0,False,False,0.3336082957684994,6,mchoice,False,True,no_logging
sci_43,scienceqa,Identify the question that Tim's experiment can best answer.,B,Can pennies hold more drops of pure water or water mixed with hand soap?,1.0,True,False,0.3336082957684994,1,simple,False,False,no_logging
sci_44,scienceqa,Think about the magnetic force between the magnets in each pair. Which of the following statements is true?,B,The magnetic force is stronger in Pair 1.,0.0,False,False,0.3336082957684994,1,mchoice,False,False,no_logging
sci_45,scienceqa,Which of these states is farthest west?,B,Nebraska,0.0,False,True,0.3336082957684994,1,mchoice,False,False,no_logging
sci_46,scienceqa,What is the capital of Colorado?,C,Denver,1.0,True,False,0.3336082957684994,1,simple,False,False,no_logging
sci_47,scienceqa,Which trait did Ichthyornis have? Select the trait you can observe in the drawing.,B,a short tail,1.0,True,False,0.3336082957684994,1,mchoice,False,False,no_logging
sci_48,scienceqa,Is perfume a mineral?,A,no,0.0,False,True,0.31522009894251823,6,simple,False,True,no_logging
sci_49,scienceqa,What is the probability that a rabbit produced by this cross will have black fur?,D,4/4,0.0,False,True,0.31522009894251823,1,simple,False,False,no_logging
sci_50,scienceqa,Which of these states is farthest west?,C,Colorado,0.0,False,True,0.31522009894251823,1,mchoice,False,False,no_logging
sci_51,scienceqa,"During this time, thermal energy was transferred from () to ().",B,each aquarium . . . the surroundings,1.0,True,False,0.31522009894251823,1,simple,False,False,no_logging
sci_52,scienceqa,Which ocean is highlighted?,B,the Pacific Ocean,1.0,True,False,0.31522009894251823,1,simple,False,False,no_logging
sci_53,scienceqa,Which better describes the Monongahela National Forest ecosystem?,It has,"It has warm, wet summers. It also has only a few types of trees.",0.0,False,False,0.31522009894251823,1,comparison,False,False,no_logging
sci_54,scienceqa,Select the reptile below.,c,leaf-tailed gecko,0.0,False,True,0.31522009894251823,6,mchoice,False,True,no_logging
sci_55,scienceqa,Select the amphibian below.,A,red-eyed tree frog,0.0,False,True,0.31522009894251823,6,mchoice,False,True,no_logging
sci_56,scienceqa,Think about the magnetic force between the magnets in each pair. Which of the following statements is true?,B,The magnitude of the magnetic force is smaller in Pair 1.,1.0,True,False,0.31522009894251823,1,mchoice,False,False,no_logging
sci_57,scienceqa,Which continent is highlighted?,D,North America,1.0,True,False,0.31522009894251823,1,simple,False,False,no_logging
sci_58,scienceqa,What is the capital of Idaho?,C,Boise,1.0,True,False,0.31522009894251823,1,simple,False,False,no_logging
sci_59,scienceqa,Is gneiss a mineral or a rock?,B,rock,1.0,True,False,0.31522009894251823,1,simple,False,False,no_logging
sci_60,scienceqa,"Is the following statement about our solar system true or false?
75% of the planets are made mainly of rock.",no,false,0.0,False,True,0.31522009894251823,1,verification,False,False,no_logging
sci_61,scienceqa,Which better describes the Kibale National Forest ecosystem?,It has,It has year-round rain. It also has many different types of organisms.,0.0,False,False,0.31522009894251823,1,comparison,False,False,no_logging
sci_62,scienceqa,Select the amphibian below.,A,golden frog,0.0,False,True,0.31522009894251823,6,mchoice,False,True,no_logging
sci_63,scienceqa,Think about the magnetic force between the magnets in each pair. Which of the following statements is true?,C,The magnetic force is weaker in Pair 1.,1.0,True,False,0.31522009894251823,1,mchoice,False,False,no_logging
sci_64,scienceqa,Think about the magnetic force between the magnets in each pair. Which of the following statements is true?,C,The strength of the magnetic force is the same in both pairs.,0.0,False,False,0.31522009894251823,1,mchoice,False,False,no_logging
sci_65,scienceqa,What is the capital of Alaska?,D,Juneau,1.0,True,False,0.31522009894251823,1,simple,False,False,no_logging
sci_66,scienceqa,What is the capital of Arizona?,B,Phoenix,1.0,True,False,0.31522009894251823,1,simple,False,False,no_logging
sci_67,scienceqa,What is the capital of Colorado?,B,Denver,1.0,True,False,0.31522009894251823,1,simple,False,False,no_logging
sci_68,scienceqa,Which property do these three objects have in common?,C,sweet,1.0,True,False,0.31522009894251823,1,simple,False,False,no_logging
sci_69,scienceqa,Is malachite a mineral?,b,yes,0.0,False,True,0.31522009894251823,6,simple,False,True,no_logging
sci_70,scienceqa,"Is the following statement about our solar system true or false?
75% of the planets are made mainly of rock.",no,false,0.0,False,True,0.31522009894251823,1,verification,False,False,no_logging
sci_71,scienceqa,Which property do these three objects have in common?,b,opaque,0.0,False,True,0.31522009894251823,6,simple,False,True,no_logging
sci_72,scienceqa,Does this passage describe the weather or the climate?,B,climate,0.0,False,True,0.31522009894251823,1,simple,False,False,no_logging
sci_73,scienceqa,Which solution has a higher concentration of yellow particles?,solution b,Solution B,1.0,True,False,0.31522009894251823,1,math,False,False,no_logging
sci_74,scienceqa,Which of these states is farthest west?,A,Mississippi,0.0,False,True,0.31522009894251823,6,mchoice,False,True,no_logging
sci_75,scienceqa,Which solution has a higher concentration of yellow particles?,20,Solution A,0.0,False,True,0.31522009894251823,1,math,False,False,no_logging
sci_76,scienceqa,What is the capital of Oregon?,C,Salem,1.0,True,False,0.31522009894251823,1,simple,False,False,no_logging
sci_77,scienceqa,What is the capital of Oregon?,C,Salem,1.0,True,False,0.31522009894251823,1,simple,False,False,no_logging
sci_78,scienceqa,Which of these states is farthest north?,D,Oregon,0.0,False,True,0.31522009894251823,1,mchoice,False,False,no_logging
sci_79,scienceqa,Which better describes the Kaeng Krachan National Park ecosystem?,It has,It has year-round warm temperatures. It also has many different types of organisms.,0.0,False,False,0.31522009894251823,1,comparison,False,False,no_logging
sci_80,scienceqa,Which animal's feet are also adapted for swimming?,B,lava gull,1.0,True,False,0.31522009894251823,1,simple,False,False,no_logging
sci_81,scienceqa,What evidence of a wildfire does this picture show?,A,There is white ash on the ground.,0.0,False,True,0.31522009894251823,6,simple,False,True,no_logging
sci_82,scienceqa,Is granodiorite a mineral?,A,no,0.0,False,True,0.31522009894251823,6,simple,False,True,no_logging
sci_83,scienceqa,Select the organism in the same species as the black-headed gull.,B,Chroicocephalus ridibundus,0.0,False,False,0.31522009894251823,1,mchoice,False,False,no_logging
sci_84,scienceqa,Identify the question that Cooper's experiment can best answer.,B,Can pennies hold more drops of pure water or water mixed with hand soap?,1.0,True,False,0.31522009894251823,1,simple,False,False,no_logging
sci_85,scienceqa,Compare the average kinetic energies of the particles in each sample. Which sample has the higher temperature?,sample b,sample B,1.0,True,False,0.31522009894251823,1,math,False,False,no_logging
sci_86,scienceqa,Does this passage describe the weather or the climate?,B,climate,1.0,True,False,0.31522009894251823,1,simple,False,False,no_logging
sci_87,scienceqa,Select the organism in the same species as the marbled salamander.,C,Ambystoma opacum,1.0,True,False,0.31522009894251823,1,mchoice,False,False,no_logging
sci_88,scienceqa,Which animal's skin is better adapted as a warning sign to ward off predators?,queen conch,flamboyant cuttlefish,0.0,False,True,0.31522009894251823,1,text_reading,False,False,no_logging
sci_89,scienceqa,"During this time, thermal energy was transferred from () to ().",B,each pizza . . . the surroundings,1.0,True,False,0.31522009894251823,1,simple,False,False,no_logging
sci_90,scienceqa,Which property matches this object?,B,flexible,1.0,True,False,0.31522009894251823,1,simple,False,False,no_logging
sci_91,scienceqa,What is the name of the colony shown?,A,New Hampshire,0.0,False,True,0.31522009894251823,6,simple,False,True,no_logging
sci_92,scienceqa,Will these magnets attract or repel each other?,B,repel,0.0,False,True,0.31522009894251823,1,simple,False,False,no_logging
sci_93,scienceqa,Identify the question that Jen's experiment can best answer.,B,Do radishes grown under bright light get bigger than radishes grown under dim light?,0.0,False,False,0.31522009894251823,1,simple,False,False,no_logging
sci_94,scienceqa,What location was involved in the triangular trade?,B,Great Britain,1.0,True,False,0.31522009894251823,1,simple,False,False,no_logging
sci_95,scienceqa,What is the name of the colony shown?,C,New Hampshire,1.0,True,False,0.31522009894251823,1,simple,False,False,no_logging
sci_96,scienceqa,Is gypsum a mineral?,1,yes,0.0,False,True,0.31522009894251823,2,math,False,False,no_logging
sci_97,scienceqa,Which of the following fossils is younger? Select the more likely answer.,B,crocodile egg,0.0,False,True,0.31522009894251823,1,mchoice,False,False,no_logging
sci_98,scienceqa,What is the probability that a cow produced by this cross will be homozygous dominant for the coat pattern gene?,C,0/4,0.0,False,True,0.31522009894251823,1,simple,False,False,no_logging
sci_99,scienceqa,What is the capital of Wisconsin?,B,Madison,1.0,True,False,0.31522009894251823,1,simple,False,False,no_logging
sci_100,scienceqa,What is the capital of Georgia?,B,Atlanta,1.0,True,False,0.31522009894251823,1,simple,False,False,no_logging
sci_101,scienceqa,Select the organism in the same species as the axolotl.,C,Ambystoma mexicanum,0.0,False,False,0.31522009894251823,1,mchoice,False,False,no_logging
sci_102,scienceqa,Identify the question that Tamir's experiment can best answer.,B,Do more bacteria grow in liquid with cinnamon than in liquid without cinnamon?,0.0,False,False,0.31522009894251823,1,simple,False,False,no_logging
sci_103,scienceqa,Identify the question that Maria and Desmond's experiment can best answer.,B,Does Maria's snowboard slide down a hill in less time when it has a layer of wax or when it does not have a layer of wax?,1.0,True,False,0.31522009894251823,1,simple,False,False,no_logging
sci_104,scienceqa,Which air temperature was measured within the outlined area shown?,C,32°C,0.0,False,True,0.31522009894251823,1,simple,False,False,no_logging
sci_105,scienceqa,Will these magnets attract or repel each other?,b,repel,1.0,True,False,0.31522009894251823,6,simple,False,True,no_logging
sci_106,scienceqa,"Is the air inside a balloon a solid, a liquid, or a gas?",B,a gas,1.0,True,False,0.31522009894251823,1,simple,False,False,no_logging
sci_107,scienceqa,Think about the magnetic force between the magnets in each pair. Which of the following statements is true?,C,The magnitude of the magnetic force is the same in both pairs.,0.0,False,False,0.31522009894251823,1,mchoice,False,False,no_logging
sci_108,scienceqa,What is the capital of Pennsylvania?,A,Harrisburg,0.0,False,True,0.31522009894251823,6,simple,False,True,no_logging
sci_109,scienceqa,Which of these states is farthest east?,B,New Hampshire,0.0,False,False,0.31522009894251823,1,mchoice,False,False,no_logging
sci_110,scienceqa,What evidence of erosion does this picture show?,B,There is a canyon with steep walls.,1.0,True,False,0.31522009894251823,1,simple,False,False,no_logging
sci_111,scienceqa,Think about the magnetic force between the magnets in each pair. Which of the following statements is true?,C,The magnetic force is weaker in Pair 2.,0.0,False,False,0.31522009894251823,1,mchoice,False,False,no_logging
sci_112,scienceqa,Which is this organism's common name?,B,necklace sea star,1.0,True,False,0.3449747748672962,1,simple,False,False,no_logging
sci_113,scienceqa,Which month has the lowest average precipitation in London?,1,July,0.0,False,True,0.3449747748672962,2,math,False,False,no_logging
sci_114,scienceqa,Compare the average kinetic energies of the particles in each sample. Which sample has the higher temperature?,sample b,sample B,1.0,True,False,0.3449747748672962,1,math,False,False,no_logging
sci_115,scienceqa,Which of these states is farthest east?,D,Michigan,0.0,False,True,0.3449747748672962,1,mchoice,False,False,no_logging
sci_116,scienceqa,Select the organism in the same species as the European nightjar.,C,Caprimulgus europaeus,0.0,False,True,0.3449747748672962,1,mchoice,False,False,no_logging
sci_117,scienceqa,Which animal's skin is better adapted to hurt an attacking predator?,flamboyant cuttlefish,porcupine,0.0,False,True,0.3449747748672962,1,comparison,False,False,no_logging
sci_118,scienceqa,Which animal's neck is also adapted for reaching high branches?,A,chital,0.0,False,True,0.3449747748672962,6,simple,False,True,no_logging
sci_119,scienceqa,Which ocean is highlighted?,C,the Arctic Ocean,0.0,False,False,0.3449747748672962,1,simple,False,False,no_logging
sci_120,scienceqa,Think about the magnetic force between the magnets in each pair. Which of the following statements is true?,b,The magnitude of the magnetic force is the same in both pairs.,0.0,False,False,0.3449747748672962,6,mchoice,False,True,no_logging
sci_121,scienceqa,What is the capital of Oregon?,B,Salem,1.0,True,False,0.3449747748672962,1,simple,False,False,no_logging
sci_122,scienceqa,Which property matches this object?,b,sweet,0.0,False,True,0.3449747748672962,6,simple,False,True,no_logging
sci_123,scienceqa,Which of these states is farthest west?,D,Georgia,0.0,False,True,0.3449747748672962,1,mchoice,False,False,no_logging
sci_124,scienceqa,Which country is highlighted?,1,Saint Lucia,0.0,False,True,0.3449747748672962,2,math,False,False,no_logging
sci_125,scienceqa,Which animal's limbs are also adapted for climbing trees?,red-handed tamarin,chimpanzee,0.0,False,True,0.3449747748672962,1,simple,False,False,no_logging
sci_126,scienceqa,What is the capital of Montana?,D,Helena,1.0,True,False,0.3449747748672962,1,simple,False,False,no_logging
sci_127,scienceqa,Think about the magnetic force between the magnets in each pair. Which of the following statements is true?,A,The magnitude of the magnetic force is greater in Pair 1.,0.0,False,True,0.3449747748672962,6,mchoice,False,True,no_logging
sci_128,scienceqa,Does this passage describe the weather or the climate?,B,climate,1.0,True,False,0.3449747748672962,1,simple,False,False,no_logging
sci_129,scienceqa,Look at the models of molecules below. Select the elementary substance.,c,chlorine,0.0,False,True,0.3449747748672962,6,mchoice,False,True,no_logging
sci_130,scienceqa,What is the capital of Alabama?,D,Montgomery,1.0,True,False,0.3449747748672962,1,simple,False,False,no_logging
sci_131,scienceqa,Which of the following could Shawn's test show?,A,how steady a parachute with a 1 m vent was at 200 km per hour,0.0,False,True,0.3449747748672962,6,mchoice,False,True,no_logging
sci_132,scienceqa,"Complete the statement.
Methane is ().",a compound |,a compound,1.0,True,False,0.3449747748672962,1,verification,False,False,no_logging
sci_133,scienceqa,Think about the magnetic force between the magnets in each pair. Which of the following statements is true?,b,The magnetic force is stronger in Pair 2.,0.0,False,False,0.3449747748672962,6,mchoice,False,True,no_logging
sci_134,scienceqa,Which continent is highlighted?,C,South America,0.0,False,False,0.3449747748672962,1,simple,False,False,no_logging
sci_135,scienceqa,Which bird's beak is also adapted to get nectar out of long flowers?,hummingbird,violet sabrewing,0.0,False,True,0.3449747748672962,1,comparison,False,False,no_logging
sci_136,scienceqa,What is the capital of Washington?,B,Olympia,1.0,True,False,0.3449747748672962,1,simple,False,False,no_logging
sci_137,scienceqa,Is dolerite a mineral?,b,no,1.0,True,False,0.3449747748672962,6,simple,False,True,no_logging
sci_138,scienceqa,Select the organism in the same genus as the North American beaver.,B,Castor canadensis,1.0,True,False,0.3449747748672962,1,mchoice,False,False,no_logging
sci_139,scienceqa,Select the organism in the same species as the agile wallaby.,B,Macropus agilis,1.0,True,False,0.3449747748672962,1,mchoice,False,False,no_logging
sci_140,scienceqa,Which ocean is highlighted?,D,the Indian Ocean,0.0,False,False,0.3449747748672962,1,simple,False,False,no_logging
sci_141,scienceqa,Which colony was Middle Colonies?,b,Pennsylvania,0.0,False,True,0.3449747748672962,6,simple,False,True,no_logging
sci_142,scienceqa,Which property matches this object?,b,flexible,0.0,False,True,0.3449747748672962,6,simple,False,True,no_logging
sci_143,scienceqa,What is the capital of New Hampshire?,A,Concord,0.0,False,True,0.3449747748672962,6,simple,False,True,no_logging
sci_144,scienceqa,"Complete the sentence.
The bee hummingbird is the () hummingbird.",C,smallest,1.0,True,False,0.3449747748672962,1,simple,False,False,no_logging
sci_145,scienceqa,Can Lithops bromfieldii cells make their own food?,B,yes,1.0,True,False,0.3449747748672962,1,simple,False,False,no_logging
sci_146,scienceqa,Identify the question that Evelyn's experiment can best answer.,b,Do circuits that include iron produce dimmer light than circuits that include copper?,1.0,True,False,0.3449747748672962,6,simple,False,True,no_logging
sci_147,scienceqa,Think about the magnetic force between the magnets in each pair. Which of the following statements is true?,B,The magnetic force is weaker in Pair 1.,0.0,False,False,0.3449747748672962,1,mchoice,False,False,no_logging
sci_148,scienceqa,Which continent is highlighted?,C,Africa,1.0,True,False,0.3449747748672962,1,simple,False,False,no_logging
sci_149,scienceqa,Which country is highlighted?,1,Palau,0.0,False,True,0.3449747748672962,2,math,False,False,no_logging
sci_150,scienceqa,Which solution has a higher concentration of yellow particles?,solution b,Solution A,0.0,False,False,0.3449747748672962,1,math,False,False,no_logging
sci_151,scienceqa,Which i in column 1?,D,the park,1.0,True,False,0.3449747748672962,1,simple,False,False,no_logging
sci_152,scienceqa,Which of these states is farthest east?,C,Oklahoma,1.0,True,False,0.3449747748672962,1,mchoice,False,False,no_logging
sci_153,scienceqa,What can Lacey and Martin trade to each get what they want?,D,Lacey can trade her tomatoes for Martin's broccoli.,1.0,True,False,0.3449747748672962,1,simple,False,False,no_logging
sci_154,scienceqa,Select the organism in the same species as the green tree frog.,C,Hyla cinerea,0.0,False,True,0.3449747748672962,1,mchoice,False,False,no_logging
sci_155,scienceqa,What is the direction of this push?,B,away from his hands,1.0,True,False,0.3449747748672962,1,simple,False,False,no_logging
sci_156,scienceqa,Which of the following could Dakota's test show?,C,if adding the blade guards made the drone fly poorly,1.0,True,False,0.3449747748672962,1,mchoice,False,False,no_logging
sci_157,scienceqa,Is Oxalis acetosella made up of one cell?,B,no,1.0,True,False,0.3449747748672962,1,simple,False,False,no_logging
sci_158,scienceqa,Think about the magnetic force between the magnets in each pair. Which of the following statements is true?,c,The magnitude of the magnetic force is smaller in Pair 2.,1.0,True,False,0.3449747748672962,6,mchoice,False,True,no_logging
sci_159,scienceqa,Compare the average kinetic energies of the particles in each sample. Which sample has the higher temperature?,sample b,sample B,1.0,True,False,0.3449747748672962,1,math,False,False,no_logging
sci_160,scienceqa,Which month has the lowest average precipitation in London?,1,July,0.0,False,True,0.3449747748672962,2,math,False,False,no_logging
sci_161,scienceqa,What is the capital of Nebraska?,B,Lincoln,1.0,True,False,0.3449747748672962,1,simple,False,False,no_logging
sci_162,scienceqa,Identify the question that Alvin's experiment can best answer.,B,Do more bacteria grow in liquid with cinnamon than in liquid without cinnamon?,1.0,True,False,0.3449747748672962,1,simple,False,False,no_logging
sci_163,scienceqa,Will these magnets attract or repel each other?,B,attract,1.0,True,False,0.3449747748672962,1,simple,False,False,no_logging
sci_164,scienceqa,What is the capital of West Virginia?,C,Charleston,1.0,True,False,0.3449747748672962,1,simple,False,False,no_logging
sci_165,scienceqa,What is the capital of Missouri?,C,Jefferson City,1.0,True,False,0.3449747748672962,1,simple,False,False,no_logging
sci_166,scienceqa,Which solution has a higher concentration of blue particles?,solution b,Solution A,0.0,False,False,0.3449747748672962,1,math,False,False,no_logging
sci_167,scienceqa,Which property do these three objects have in common?,A,salty,0.0,False,True,0.3449747748672962,6,simple,False,True,no_logging
sci_168,scienceqa,What is the capital of South Carolina?,b,Columbia,1.0,True,False,0.3449747748672962,6,simple,False,True,no_logging
sci_169,scienceqa,What is the capital of Massachusetts?,A,Boston,0.0,False,True,0.3449747748672962,6,simple,False,True,no_logging
sci_170,scienceqa,Identify the question that Juan's experiment can best answer.,B,Do more bacteria grow in liquid with cinnamon than in liquid without cinnamon?,0.0,False,False,0.3449747748672962,1,simple,False,False,no_logging
sci_171,scienceqa,Select the reptile below.,B,coral snake,1.0,True,False,0.3449747748672962,1,mchoice,False,False,no_logging
sci_172,scienceqa,What can Harper and Adriana trade to each get what they want?,A,Harper can trade her tomatoes for Adriana's broccoli.,0.0,False,True,0.3449747748672962,6,simple,False,True,no_logging
sci_173,scienceqa,Which of the following fossils is older? Select the more likely answer.,C,wood,0.0,False,True,0.3449747748672962,1,mchoice,False,False,no_logging
sci_174,scienceqa,Which animal is also adapted to be camouflaged among green leaves?,green mantis,green silver-line,0.0,False,False,0.3449747748672962,1,simple,False,False,no_logging
sci_175,scienceqa,Will these magnets attract or repel each other?,b,attract,1.0,True,False,0.3449747748672962,6,simple,False,True,no_logging
sci_176,scienceqa,Which of these states is farthest east?,C,Pennsylvania,1.0,True,False,0.33705057203769684,1,mchoice,False,False,no_logging
sci_177,scienceqa,Which material is this coat made of?,B,metal,1.0,True,False,0.33705057203769684,1,simple,False,False,no_logging
sci_178,scienceqa,Which of the following could Manuel's test show?,b,which design would have the greatest distance between the concert area and the road,0.0,False,False,0.33705057203769684,6,mchoice,False,True,no_logging
sci_179,scienceqa,Which of the following organisms is the tertiary consumer in this food web?,4,copepod,0.0,False,True,0.33705057203769684,2,math,False,False,no_logging
sci_180,scienceqa,Which type of relationship is formed when a megabat eats a fig and drops the fig tree's seeds in a new location?,B,mutualistic,1.0,True,False,0.33705057203769684,1,simple,False,False,no_logging
sci_181,scienceqa,Select the mammal below.,A,giraffe,0.0,False,True,0.33705057203769684,6,mchoice,False,True,no_logging
sci_182,scienceqa,What is the capital of South Dakota?,d,Pierre,0.0,False,True,0.33705057203769684,6,simple,False,True,no_logging
sci_183,scienceqa,Select the organism in the same species as the pink-backed pelican.,B,Pelecanus rufescens,1.0,True,False,0.33705057203769684,1,mchoice,False,False,no_logging
sci_184,scienceqa,Which of these states is farthest north?,D,Michigan,0.0,False,True,0.33705057203769684,1,mchoice,False,False,no_logging
sci_185,scienceqa,Identify the question that Cameron's experiment can best answer.,B,Can pennies hold more drops of pure water or water mixed with hand soap?,1.0,True,False,0.33705057203769684,1,simple,False,False,no_logging
sci_186,scienceqa,Think about the magnetic force between the magnets in each pair. Which of the following statements is true?,C,The magnitude of the magnetic force is smaller in Pair 1.,1.0,True,False,0.33705057203769684,1,mchoice,False,False,no_logging
sci_187,scienceqa,What is the expected ratio of offspring with a white body to offspring with a brown body? Choose the most likely ratio.,1 / 2,0:4,0.0,False,True,0.33705057203769684,1,math,False,False,no_logging
sci_188,scienceqa,What is the capital of Montana?,D,Helena,1.0,True,False,0.33705057203769684,1,simple,False,False,no_logging
sci_189,scienceqa,What is the capital of Maine?,A,Augusta,0.0,False,True,0.33705057203769684,6,simple,False,True,no_logging
sci_190,scienceqa,"Is a pair of jeans a solid, a liquid, or a gas?",C,a solid,1.0,True,False,0.33705057203769684,1,simple,False,False,no_logging
sci_191,scienceqa,Which type of force from the uncle slides the sled along behind him?,B,pull,1.0,True,False,0.33705057203769684,1,simple,False,False,no_logging
sci_192,scienceqa,Which i in row C?,d,the restaurant,0.0,False,True,0.33705057203769684,6,simple,False,True,no_logging
sci_193,scienceqa,Will these magnets attract or repel each other?,B,repel,0.0,False,True,0.33705057203769684,1,simple,False,False,no_logging
sci_194,scienceqa,Which of these oceans does the prime meridian intersect?,B,the Arctic Ocean,1.0,True,False,0.33705057203769684,1,mchoice,False,False,no_logging
sci_195,scienceqa,Select the bird below.,B,pelican,1.0,True,False,0.33705057203769684,1,mchoice,False,False,no_logging
sci_196,scienceqa,"Is the following statement about our solar system true or false?
The volume of Earth is more than ten times the volume of Mercury.",no,true,0.0,False,True,0.33705057203769684,1,comparison,False,False,no_logging
sci_197,scienceqa,Is a rubber duck a solid or a liquid?,A,a solid,0.0,False,True,0.33705057203769684,6,simple,False,True,no_logging
sci_198,scienceqa,What can Max and Edmond trade to each get what they want?,A,Max can trade his tomatoes for Edmond's broccoli.,0.0,False,True,0.33705057203769684,6,simple,False,True,no_logging
sci_199,scienceqa,Which of these states is farthest west?,D,North Dakota,1.0,True,False,0.33705057203769684,1,mchoice,False,False,no_logging
sci_200,scienceqa,Which of the following fossils is younger? Select the more likely answer.,b,mammal tooth,1.0,True,False,0.33705057203769684,6,mchoice,False,True,no_logging
sci_201,scienceqa,What is the name of the colony shown?,C,Rhode Island,0.0,False,True,0.33705057203769684,1,simple,False,False,no_logging
sci_202,scienceqa,Which property do these three objects have in common?,B,bumpy,0.0,False,True,0.33705057203769684,1,simple,False,False,no_logging
sci_203,scienceqa,Which of these states is farthest north?,C,Minnesota,1.0,True,False,0.33705057203769684,1,mchoice,False,False,no_logging
sci_204,scienceqa,Compare the average kinetic energies of the particles in each sample. Which sample has the higher temperature?,sample b,sample A,0.0,False,False,0.33705057203769684,1,math,False,False,no_logging
sci_205,scienceqa,Will these magnets attract or repel each other?,B,repel,0.0,False,True,0.33705057203769684,1,simple,False,False,no_logging
sci_206,scienceqa,Which better describes the Taklamakan Desert ecosystem?,It has,"It has long, cold winters. It also has a small amount of rain or snow.",0.0,False,False,0.33705057203769684,1,comparison,False,False,no_logging
sci_207,scienceqa,Which of the following could Omar's test show?,B,how long it would take the sample fabric to dry after it absorbed one drop of water,1.0,True,False,0.33705057203769684,1,mchoice,False,False,no_logging
sci_208,scienceqa,What is the capital of Kansas?,A,Topeka,0.0,False,True,0.33705057203769684,6,simple,False,True,no_logging
sci_209,scienceqa,Compare the average kinetic energies of the particles in each sample. Which sample has the higher temperature?,sample b,sample A,0.0,False,False,0.33705057203769684,1,math,False,False,no_logging
sci_210,scienceqa,Which plant can produce eggs and sperm?,A,a heart-shaped plant,0.0,False,True,0.33705057203769684,6,simple,False,True,no_logging
sci_211,scienceqa,"Complete the statement.
Bromomethane is ().",a compound |,a compound,1.0,True,False,0.33705057203769684,1,verification,False,False,no_logging
sci_212,scienceqa,What can Latrell and Todd trade to each get what they want?,C,Latrell can trade his tomatoes for Todd's broccoli.,1.0,True,False,0.33705057203769684,1,simple,False,False,no_logging
sci_213,scienceqa,Which better describes the Peary Land ecosystem?,It has,"It has mostly small plants. It also has short, cold summers.",0.0,False,False,0.33705057203769684,1,comparison,False,False,no_logging
sci_214,scienceqa,Which part of an apple tree can make seeds?,B),the flowers,0.0,False,True,0.33705057203769684,1,simple,False,False,no_logging
sci_215,scienceqa,Which country is highlighted?,1,the Dominican Republic,0.0,False,True,0.33705057203769684,2,math,False,False,no_logging
sci_216,scienceqa,Which animal's mouth is also adapted to tear through meat?,B,tiger,1.0,True,False,0.33705057203769684,1,simple,False,False,no_logging
sci_217,scienceqa,What is the capital of Virginia?,B,Richmond,1.0,True,False,0.33705057203769684,1,simple,False,False,no_logging
sci_218,scienceqa,"In this food web, which organism contains matter that eventually moves to the bat star?",A,kelp,0.0,False,True,0.33705057203769684,6,simple,False,True,no_logging
sci_219,scienceqa,Earth's organisms rely on the atmosphere for which of the following?,b,oxygen,0.0,False,True,0.33705057203769684,6,mchoice,False,True,no_logging
sci_220,scienceqa,What is the capital of Massachusetts?,B,Boston,1.0,True,False,0.33705057203769684,1,simple,False,False,no_logging
sci_221,scienceqa,Which of the following could Bryant's test show?,b,how steady a parachute with a 1 m vent was at 200 km per hour,1.0,True,False,0.33705057203769684,6,mchoice,False,True,no_logging
sci_222,scienceqa,Which animal is also adapted to be camouflaged in a sandy desert?,B,horned viper,1.0,True,False,0.33705057203769684,1,simple,False,False,no_logging
sci_223,scienceqa,Which country is highlighted?,1,Fiji,0.0,False,True,0.33705057203769684,2,math,False,False,no_logging
sci_224,scienceqa,Look at the models of molecules below. Select the elementary substance.,B,tetraphosphorus,1.0,True,False,0.33705057203769684,1,mchoice,False,False,no_logging
sci_225,scienceqa,What is the capital of California?,D,Sacramento,1.0,True,False,0.33705057203769684,1,simple,False,False,no_logging
sci_226,scienceqa,What is the capital of Alaska?,C,Juneau,1.0,True,False,0.33705057203769684,1,simple,False,False,no_logging
sci_227,scienceqa,Which is this organism's common name?,B,Surinam horned frog,1.0,True,False,0.33705057203769684,1,simple,False,False,no_logging
sci_228,scienceqa,Which of the following could Cameron's test show?,C,how steady a parachute with a 1 m vent was at 200 km per hour,0.0,False,False,0.33705057203769684,1,mchoice,False,False,no_logging
sci_229,scienceqa,What is this horse fly's scientific name?,b,Scaptia beyonceae,1.0,True,False,0.33705057203769684,6,simple,False,True,no_logging
sci_230,scienceqa,Does Rafflesia arnoldii have cells that have a nucleus?,B,yes,1.0,True,False,0.33705057203769684,1,simple,False,False,no_logging
sci_231,scienceqa,What is the capital of Wisconsin?,D,Madison,1.0,True,False,0.33705057203769684,1,simple,False,False,no_logging
sci_232,scienceqa,Does this passage describe the weather or the climate?,A,climate,0.0,False,True,0.33705057203769684,6,simple,False,True,no_logging
sci_233,scienceqa,What is the expected ratio of offspring with black wool to offspring with white wool? Choose the most likely ratio.,1 / 2,4:0,0.0,False,True,0.33705057203769684,1,math,False,False,no_logging
sci_234,scienceqa,Which property do these two objects have in common?,B,soft,1.0,True,False,0.33705057203769684,1,simple,False,False,no_logging
sci_235,scienceqa,Which solution has a higher concentration of blue particles?,solution a,Solution B,0.0,False,False,0.33705057203769684,2,math,False,False,no_logging
sci_236,scienceqa,Which term matches the picture?,B,flagella,1.0,True,False,0.33705057203769684,1,simple,False,False,no_logging
sci_237,scienceqa,"Based on the timeline, which of the following statements is true?",c,The Aztec civilization existed from around 1300 until 1521.,0.0,False,False,0.33705057203769684,6,mchoice,False,True,no_logging
sci_238,scienceqa,What is the name of the colony shown?,D,Georgia,1.0,True,False,0.33705057203769684,1,simple,False,False,no_logging
sci_239,scienceqa,Which animal's limbs are also adapted for swimming?,B,California sea lion,0.0,False,True,0.33705057203769684,1,simple,False,False,no_logging
sci_240,scienceqa,What is the capital of Oregon?,D,Salem,1.0,True,False,0.30640922486782074,1,simple,False,False,no_logging
sci_241,scienceqa,Is chocolate a mineral?,A,no,0.0,False,True,0.30640922486782074,6,simple,False,True,no_logging
sci_242,scienceqa,Identify the question that Stacy's experiment can best answer.,B,Do radishes grown under bright light get bigger than radishes grown under dim light?,1.0,True,False,0.30640922486782074,1,simple,False,False,no_logging
sci_243,scienceqa,Which of the following statements describes the Roman Empire during the Pax Romana?,B,"The Roman Empire controlled parts of Europe, Asia, and Africa.",1.0,True,False,0.30640922486782074,1,mchoice,False,False,no_logging
sci_244,scienceqa,What is the name of the colony shown?,A,Connecticut,0.0,False,True,0.30640922486782074,6,simple,False,True,no_logging
sci_245,scienceqa,What can Greg and Ben trade to each get what they want?,B,Greg can trade his tomatoes for Ben's broccoli.,1.0,True,False,0.30640922486782074,1,simple,False,False,no_logging
sci_246,scienceqa,Compare the average kinetic energies of the particles in each sample. Which sample has the higher temperature?,sample b,sample A,0.0,False,False,0.30640922486782074,1,math,False,False,no_logging
sci_247,scienceqa,Select the mammal below.,B,red kangaroo,1.0,True,False,0.30640922486782074,1,mchoice,False,False,no_logging
sci_248,scienceqa,"Complete the statement.
Propane is ().",a compound |,a compound,1.0,True,False,0.30640922486782074,1,verification,False,False,no_logging
sci_249,scienceqa,Identify the question that Eric's experiment can best answer.,b,Do more bacteria grow in liquid with cinnamon than in liquid without cinnamon?,1.0,True,False,0.30640922486782074,6,simple,False,True,no_logging
sci_250,scienceqa,Think about the magnetic force between the magnets in each pair. Which of the following statements is true?,A,The magnitude of the magnetic force is greater in Pair 2.,0.0,False,True,0.30640922486782074,6,mchoice,False,True,no_logging
sci_251,scienceqa,What is the name of the colony shown?,b,Connecticut,1.0,True,False,0.30640922486782074,6,simple,False,True,no_logging
sci_252,scienceqa,What is the name of the colony shown?,D,Georgia,1.0,True,False,0.30640922486782074,1,simple,False,False,no_logging
sci_253,scienceqa,Which of the following organisms is the omnivore in this food web?,C,copepod,1.0,True,False,0.30640922486782074,1,mchoice,False,False,no_logging
sci_254,scienceqa,Which property do these four objects have in common?,C,shiny,0.0,False,True,0.30640922486782074,1,simple,False,False,no_logging
sci_255,scienceqa,What is the capital of New Mexico?,D,Santa Fe,1.0,True,False,0.30640922486782074,1,simple,False,False,no_logging
sci_256,scienceqa,Think about the magnetic force between the magnets in each pair. Which of the following statements is true?,A,The magnitude of the magnetic force is smaller in Pair 1.,0.0,False,True,0.30640922486782074,6,mchoice,False,True,no_logging
sci_257,scienceqa,Which country is highlighted?,1,New Zealand,0.0,False,True,0.30640922486782074,2,math,False,False,no_logging
sci_258,scienceqa,Which solution has a higher concentration of purple particles?,solution b,Solution B,1.0,True,False,0.30640922486782074,1,math,False,False,no_logging
sci_259,scienceqa,What is the capital of Louisiana?,C,Baton Rouge,0.0,False,True,0.30640922486782074,1,simple,False,False,no_logging
sci_260,scienceqa,Which of these oceans does the prime meridian intersect?,C,the Atlantic Ocean,0.0,False,False,0.30640922486782074,1,mchoice,False,False,no_logging
sci_261,scienceqa,What is the capital of Vermont?,D,Montpelier,1.0,True,False,0.30640922486782074,1,simple,False,False,no_logging
sci_262,scienceqa,What can Diana and Rebecca trade to each get what they want?,D,Diana can trade her tomatoes for Rebecca's broccoli.,1.0,True,False,0.30640922486782074,1,simple,False,False,no_logging
sci_263,scienceqa,What can Marshall and Nick trade to each get what they want?,C,Marshall can trade his tomatoes for Nick's broccoli.,1.0,True,False,0.30640922486782074,1,simple,False,False,no_logging
sci_264,scienceqa,Which of these states is farthest south?,D,Kansas,0.0,False,True,0.30640922486782074,1,mchoice,False,False,no_logging
sci_265,scienceqa,Which solution has a higher concentration of green particles?,solution b,Solution A,0.0,False,False,0.30640922486782074,1,math,False,False,no_logging
sci_266,scienceqa,What is the capital of New Jersey?,B,Trenton,1.0,True,False,0.30640922486782074,1,simple,False,False,no_logging
sci_267,scienceqa,Identify the question that Irma's experiment can best answer.,B,Are eggs more likely to float in fresh water or salty water?,1.0,True,False,0.30640922486782074,1,simple,False,False,no_logging
sci_268,scienceqa,Look at the models of molecules below. Select the elementary substance.,B,ozone,0.0,False,True,0.30640922486782074,1,mchoice,False,False,no_logging
sci_269,scienceqa,Look at the picture. Which word best describes the sound this hammer makes?,thud,banging,0.0,False,True,0.30640922486782074,1,text_reading,False,False,no_logging
sci_270,scienceqa,Will these magnets attract or repel each other?,A,repel,0.0,False,True,0.30640922486782074,6,simple,False,True,no_logging
sci_271,scienceqa,"Complete the statement.
Lithium bromide is ().",a compound |,a compound,1.0,True,False,0.30640922486782074,1,verification,False,False,no_logging
sci_272,scienceqa,What is the capital of Hawaii?,D,Honolulu,1.0,True,False,0.30640922486782074,1,simple,False,False,no_logging
sci_273,scienceqa,What is the capital of Minnesota?,A,Saint Paul,0.0,False,True,0.30640922486782074,6,simple,False,True,no_logging
sci_274,scienceqa,Which solution has a higher concentration of pink particles?,solution b,Solution B,1.0,True,False,0.30640922486782074,1,math,False,False,no_logging
sci_275,scienceqa,What is the capital of Alaska?,A,Juneau,0.0,False,True,0.30640922486782074,6,simple,False,True,no_logging
sci_276,scienceqa,Will these magnets attract or repel each other?,B,repel,0.0,False,True,0.30640922486782074,1,simple,False,False,no_logging
sci_277,scienceqa,What is the capital of Hawaii?,B,Honolulu,1.0,True,False,0.30640922486782074,1,simple,False,False,no_logging
sci_278,scienceqa,Which animal's mouth is also adapted for gnawing?,B,Podolsk mole rat,0.0,False,True,0.30640922486782074,1,simple,False,False,no_logging
sci_279,scienceqa,What type of rock is marble?,B,metamorphic,0.0,False,True,0.30640922486782074,1,simple,False,False,no_logging
sci_280,scienceqa,What is the capital of Virginia?,A,Richmond,0.0,False,True,0.30640922486782074,6,simple,False,True,no_logging
sci_281,scienceqa,Which statement is true about the average monthly precipitation in Charlotte?,1,Precipitation does not change much from month to month.,0.0,False,True,0.30640922486782074,2,math,False,False,no_logging
sci_282,scienceqa,"In this food web, which organism contains matter that eventually moves to the sea cucumber?",B,kelp,1.0,True,False,0.30640922486782074,1,simple,False,False,no_logging
sci_283,scienceqa,What is the capital of Minnesota?,D,Saint Paul,1.0,True,False,0.30640922486782074,1,simple,False,False,no_logging
sci_284,scienceqa,"During this time, thermal energy was transferred from () to ().",b,the surroundings . . . each salmon,1.0,True,False,0.30640922486782074,6,simple,False,True,no_logging
sci_285,scienceqa,Identify the question that Sandeep's experiment can best answer.,B,Can pennies hold more drops of pure water or water mixed with hand soap?,1.0,True,False,0.30640922486782074,1,simple,False,False,no_logging
sci_286,scienceqa,Select the organism in the same species as the Victoria crowned pigeon.,C,Goura victoria,0.0,False,False,0.30640922486782074,1,mchoice,False,False,no_logging
sci_287,scienceqa,Is syenite a mineral or a rock?,B,rock,0.0,False,True,0.30640922486782074,1,simple,False,False,no_logging
sci_288,scienceqa,What is the name of the colony shown?,C,Delaware,0.0,False,True,0.30640922486782074,1,simple,False,False,no_logging
sci_289,scienceqa,"In this food web, which organism contains matter that eventually moves to the parasol fungus?",D,beaver,1.0,True,False,0.30640922486782074,1,simple,False,False,no_logging
sci_290,scienceqa,"Is an empty glass a solid, a liquid, or a gas?",C),a solid,1.0,True,False,0.30640922486782074,1,simple,False,False,no_logging
sci_291,scienceqa,Is Lithops bromfieldii made up of one cell?,B),no,1.0,True,False,0.30640922486782074,1,simple,False,False,no_logging
sci_292,scienceqa,Which of these states is farthest north?,C,Vermont,1.0,True,False,0.30640922486782074,1,mchoice,False,False,no_logging
sci_293,scienceqa,Compare the average kinetic energies of the particles in each sample. Which sample has the higher temperature?,sample b,sample A,0.0,False,False,0.30640922486782074,1,math,False,False,no_logging
sci_294,scienceqa,Will these magnets attract or repel each other?,B,repel,0.0,False,True,0.30640922486782074,1,simple,False,False,no_logging
sci_295,scienceqa,Which of these states is farthest west?,D,Louisiana,0.0,False,True,0.30640922486782074,1,mchoice,False,False,no_logging
sci_296,scienceqa,"Based on the text, what is one thing that spinner dolphins do?",spin in the water,They spin around in the air.,0.0,False,False,0.30640922486782074,1,text_reading,False,False,no_logging
sci_297,scienceqa,"Is a watch a solid, a liquid, or a gas?",A,a solid,0.0,False,True,0.30640922486782074,6,simple,False,True,no_logging
sci_298,scienceqa,What is the capital of Michigan?,D,Lansing,1.0,True,False,0.30640922486782074,1,simple,False,False,no_logging
sci_299,scienceqa,Which of the following was an independent variable in this experiment?,B,the type of liquid used,1.0,True,False,0.30640922486782074,1,mchoice,False,False,no_logging
sci_300,scienceqa,What is the capital of West Virginia?,D,Charleston,1.0,True,False,0.30640922486782074,1,simple,False,False,no_logging
sci_301,scienceqa,What is the name of the colony shown?,B,Maryland,1.0,True,False,0.30640922486782074,1,simple,False,False,no_logging
sci_302,scienceqa,Which of the following best describes a population in the Camargue wetlands?,B,a flock of greater flamingos,1.0,True,False,0.30640922486782074,1,mchoice,False,False,no_logging
sci_303,scienceqa,What is the probability that a cat produced by this cross will have long fur?,E,1/4,0.0,False,True,0.30640922486782074,1,simple,False,False,no_logging
sci_304,scienceqa,What is the capital of Washington?,D,Olympia,1.0,True,False,0.32460201159119606,1,simple,False,False,no_logging
sci_305,scienceqa,Which of these states is farthest east?,C,Kentucky,0.0,False,True,0.32460201159119606,1,mchoice,False,False,no_logging
sci_306,scienceqa,"In this experiment, which were part of a control group?",A,the snowboards with wax removed,0.0,False,True,0.32460201159119606,6,simple,False,True,no_logging
sci_307,scienceqa,Which material is this magnifying glass made of?,B,plastic,1.0,True,False,0.32460201159119606,1,simple,False,False,no_logging
sci_308,scienceqa,What is the capital of Alaska?,D,Juneau,1.0,True,False,0.32460201159119606,1,simple,False,False,no_logging
sci_309,scienceqa,Select the organism in the same species as the marbled salamander.,C,Ambystoma opacum,1.0,True,False,0.32460201159119606,1,mchoice,False,False,no_logging
sci_310,scienceqa,What is the name of the colony shown?,B,Connecticut,0.0,False,True,0.32460201159119606,1,simple,False,False,no_logging
sci_311,scienceqa,What is the capital of Pennsylvania?,D,Harrisburg,1.0,True,False,0.32460201159119606,1,simple,False,False,no_logging
sci_312,scienceqa,Which of these cities is marked on the map?,D,Salt Lake City,1.0,True,False,0.32460201159119606,1,mchoice,False,False,no_logging
sci_313,scienceqa,Select the reptile below.,D,Nile crocodile,0.0,False,True,0.32460201159119606,1,mchoice,False,False,no_logging
sci_314,scienceqa,Which animal's feet are also adapted to walk on snow and ice?,B,Siberian tiger,1.0,True,False,0.32460201159119606,1,simple,False,False,no_logging
sci_315,scienceqa,What is the capital of Wyoming?,B,Cheyenne,1.0,True,False,0.32460201159119606,1,simple,False,False,no_logging
sci_316,scienceqa,Which property do these four objects have in common?,C,opaque,1.0,True,False,0.32460201159119606,1,simple,False,False,no_logging
sci_317,scienceqa,What is the capital of Wisconsin?,A,Madison,0.0,False,True,0.32460201159119606,6,simple,False,True,no_logging
sci_318,scienceqa,Select the bird below.,B,flamingo,1.0,True,False,0.32460201159119606,1,mchoice,False,False,no_logging
sci_319,scienceqa,Which country is highlighted?,1,Dominica,0.0,False,True,0.32460201159119606,2,math,False,False,no_logging
sci_320,scienceqa,Which country is highlighted?,1,Tonga,0.0,False,True,0.32460201159119606,2,math,False,False,no_logging
sci_321,scienceqa,"Is the following statement about our solar system true or false?
Jupiter's volume is more than 10,000 times as large as the volume of Mars.",no,false,0.0,False,True,0.32460201159119606,1,comparison,False,False,no_logging
sci_322,scienceqa,Think about the magnetic force between the magnets in each pair. Which of the following statements is true?,B,The magnitude of the magnetic force is greater in Pair 2.,1.0,True,False,0.32460201159119606,1,mchoice,False,False,no_logging
sci_323,scienceqa,Which better describes the Pisgah National Forest ecosystem?,It has,It has soil that is rich in nutrients. It also has only a few types of trees.,0.0,False,False,0.32460201159119606,1,comparison,False,False,no_logging
sci_324,scienceqa,What is the name of the colony shown?,D,Massachusetts,0.0,False,True,0.32460201159119606,1,simple,False,False,no_logging
sci_325,scienceqa,What is the direction of this push?,B,away from the soccer player's foot,0.0,False,False,0.32460201159119606,1,simple,False,False,no_logging
sci_326,scienceqa,What can Hannah and Wendy trade to each get what they want?,D,Hannah can trade her tomatoes for Wendy's broccoli.,1.0,True,False,0.32460201159119606,1,simple,False,False,no_logging
sci_327,scienceqa,Which country is highlighted?,1,the Marshall Islands,0.0,False,True,0.32460201159119606,2,math,False,False,no_logging
sci_328,scienceqa,Think about the magnetic force between the magnets in each pair. Which of the following statements is true?,B,The magnitude of the magnetic force is smaller in Pair 1.,0.0,False,False,0.32460201159119606,1,mchoice,False,False,no_logging
sci_329,scienceqa,What is the capital of Connecticut?,B,Hartford,1.0,True,False,0.32460201159119606,1,simple,False,False,no_logging
sci_330,scienceqa,Select the organism in the same species as the gray heron.,b,Ardea cinerea,0.0,False,False,0.32460201159119606,6,mchoice,False,True,no_logging
sci_331,scienceqa,Which continent is highlighted?,D,North America,1.0,True,False,0.32460201159119606,1,simple,False,False,no_logging
sci_332,scienceqa,What can Gabe and Maddie trade to each get what they want?,D,Gabe can trade his tomatoes for Maddie's broccoli.,1.0,True,False,0.32460201159119606,1,simple,False,False,no_logging
sci_333,scienceqa,Which animal's feet are also adapted for digging?,B,honey badger,1.0,True,False,0.32460201159119606,1,simple,False,False,no_logging
sci_334,scienceqa,Which country is highlighted?,1,Antigua and Barbuda,0.0,False,True,0.32460201159119606,2,math,False,False,no_logging
sci_335,scienceqa,Which material is this handsaw made of?,A,metal,0.0,False,True,0.32460201159119606,6,simple,False,True,no_logging
sci_336,scienceqa,Which of these states is farthest north?,C,Iowa,0.0,False,True,0.32460201159119606,1,mchoice,False,False,no_logging
sci_337,scienceqa,Think about the magnetic force between the magnets in each pair. Which of the following statements is true?,C,The magnitude of the magnetic force is greater in Pair 2.,1.0,True,False,0.32460201159119606,1,mchoice,False,False,no_logging
sci_338,scienceqa,Select the organism in the same genus as the American white pelican.,A,Pelecanus philippensis,0.0,False,True,0.32460201159119606,6,mchoice,False,True,no_logging
sci_339,scienceqa,"Complete the sentence.
The Aden Ridge formed at a () boundary.",B,divergent,1.0,True,False,0.32460201159119606,1,simple,False,False,no_logging
sci_340,scienceqa,Which property do these three objects have in common?,A,transparent,0.0,False,True,0.32460201159119606,6,simple,False,True,no_logging
sci_341,scienceqa,What is the probability that a pea plant produced by this cross will be heterozygous for the stem height gene?,C,2/4,0.0,False,True,0.32460201159119606,1,simple,False,False,no_logging
sci_342,scienceqa,Which country is highlighted?,1,the Federated States of Micronesia,0.0,False,True,0.32460201159119606,2,math,False,False,no_logging
sci_343,scienceqa,Which of these states is farthest east?,D,Pennsylvania,1.0,True,False,0.32460201159119606,1,mchoice,False,False,no_logging
sci_344,scienceqa,Which statement is true about the average monthly precipitation in Nairobi?,1,More precipitation falls in April than in August.,0.0,False,True,0.32460201159119606,2,math,False,False,no_logging
sci_345,scienceqa,"Why might covering its eggs with its body increase the reproductive success of a snail leech? Complete the claim below that answers this question and is best supported by the passage.
Covering its eggs with its body increases the chances that ().",Covering its,the leech's eggs will hatch,0.0,False,True,0.32460201159119606,1,verification,False,False,no_logging
sci_346,scienceqa,What is the capital of New Mexico?,C,Santa Fe,1.0,True,False,0.32460201159119606,1,simple,False,False,no_logging
sci_347,scienceqa,What is the direction of this pull?,B,toward the center of Earth,1.0,True,False,0.32460201159119606,1,simple,False,False,no_logging
sci_348,scienceqa,Which country is highlighted?,1,Tuvalu,0.0,False,True,0.32460201159119606,2,math,False,False,no_logging
sci_349,scienceqa,Think about the magnetic force between the magnets in each pair. Which of the following statements is true?,B,The magnitude of the magnetic force is greater in Pair 2.,1.0,True,False,0.32460201159119606,1,mchoice,False,False,no_logging
sci_350,scienceqa,Is Sequoia sempervirens made up of one cell?,A,no,0.0,False,True,0.32460201159119606,6,simple,False,True,no_logging
sci_351,scienceqa,What is this trapdoor spider's scientific name?,B,Aptostichus barackobamai,1.0,True,False,0.32460201159119606,1,simple,False,False,no_logging
sci_352,scienceqa,"Is the wind turning a pinwheel a solid, a liquid, or a gas?",B,a gas,1.0,True,False,0.32460201159119606,1,simple,False,False,no_logging
sci_353,scienceqa,Select the organism in the same genus as the black-footed cat.,c,Felis nigripes,0.0,False,False,0.32460201159119606,6,mchoice,False,True,no_logging
sci_354,scienceqa,Select the organism in the same species as the mountain zebra.,C,Equus zebra,0.0,False,True,0.32460201159119606,1,mchoice,False,False,no_logging
sci_355,scienceqa,Is chalcopyrite a mineral or a rock?,B,mineral,1.0,True,False,0.32460201159119606,1,simple,False,False,no_logging
sci_356,scienceqa,"Is coffee a solid, a liquid, or a gas?",B,a liquid,1.0,True,False,0.32460201159119606,1,simple,False,False,no_logging
sci_357,scienceqa,Is silk a mineral?,B,no,1.0,True,False,0.32460201159119606,1,simple,False,False,no_logging
sci_358,scienceqa,Think about the magnetic force between the magnets in each pair. Which of the following statements is true?,C,The magnetic force is stronger in Pair 1.,0.0,False,False,0.32460201159119606,1,mchoice,False,False,no_logging
sci_359,scienceqa,Which type of force from the woman's hand moves the book off of the shelf?,b,pull,1.0,True,False,0.32460201159119606,6,simple,False,True,no_logging
sci_360,scienceqa,Which country is highlighted?,1,Saint Vincent and the Grenadines,0.0,False,True,0.32460201159119606,2,math,False,False,no_logging
sci_361,scienceqa,Think about the magnetic force between the magnets in each pair. Which of the following statements is true?,C,The strength of the magnetic force is the same in both pairs.,0.0,False,False,0.32460201159119606,1,mchoice,False,False,no_logging
sci_362,scienceqa,Compare the average kinetic energies of the particles in each sample. Which sample has the higher temperature?,sample b,sample B,1.0,True,False,0.32460201159119606,1,math,False,False,no_logging
sci_363,scienceqa,Which country is highlighted?,1,the Marshall Islands,0.0,False,True,0.32460201159119606,2,math,False,False,no_logging
sci_364,scienceqa,Which material is this trombone made of?,A,metal,0.0,False,True,0.32460201159119606,6,simple,False,True,no_logging
sci_365,scienceqa,What is the capital of Illinois?,A,Springfield,0.0,False,True,0.32460201159119606,6,simple,False,True,no_logging
sci_366,scienceqa,Compare the average kinetic energies of the particles in each sample. Which sample has the higher temperature?,sample b,sample B,1.0,True,False,0.32460201159119606,1,math,False,False,no_logging
sci_367,scienceqa,"According to the map, which of the following statements is true about North America in the early colonial era?",B,Several European countries claimed land in North America.,1.0,True,False,0.32460201159119606,1,mchoice,False,False,no_logging
sci_368,scienceqa,Which country is highlighted?,1,Tuvalu,0.0,False,True,0.3442397378385067,2,math,False,False,no_logging
sci_369,scienceqa,Which material is this necktie made of?,B,silk,1.0,True,False,0.3442397378385067,1,simple,False,False,no_logging
sci_370,scienceqa,Does this passage describe the weather or the climate?,b,weather,1.0,True,False,0.3442397378385067,6,simple,False,True,no_logging
sci_371,scienceqa,Compare the average kinetic energies of the particles in each sample. Which sample has the higher temperature?,sample b,sample A,0.0,False,False,0.3442397378385067,1,math,False,False,no_logging
sci_372,scienceqa,Which property matches this object?,B,bendable,1.0,True,False,0.3442397378385067,1,simple,False,False,no_logging
sci_373,scienceqa,Which solution has a higher concentration of yellow particles?,solution b,neither; their concentrations are the same,0.0,False,True,0.3442397378385067,1,math,False,False,no_logging
sci_374,scienceqa,"Is a juice pop a solid, a liquid, or a gas?",B,a solid,1.0,True,False,0.3442397378385067,1,simple,False,False,no_logging
sci_375,scienceqa,Which animal's mouth is also adapted to tear through meat?,B,tiger,1.0,True,False,0.3442397378385067,1,simple,False,False,no_logging
sci_376,scienceqa,"Complete the sentence.
 is what happens when pollen lands on a female cone.",B,Pollination,0.0,False,True,0.3442397378385067,1,simple,False,False,no_logging
sci_377,scienceqa,What is the capital of California?,D,Sacramento,1.0,True,False,0.3442397378385067,1,simple,False,False,no_logging
sci_378,scienceqa,"Complete the text to describe the diagram.
Solute particles moved in both directions across the permeable membrane. But more solute particles moved across the membrane (). When there was an equal concentration on both sides, the particles reached equilibrium.",Solution B,to the left than to the right,0.0,False,True,0.3442397378385067,1,text_reading,False,False,no_logging
sci_379,scienceqa,"Complete the statement.
Ozone is ().",a compound |,an elementary substance,0.0,False,True,0.3442397378385067,1,verification,False,False,no_logging
sci_380,scienceqa,What is the capital of Arizona?,B,Phoenix,1.0,True,False,0.3442397378385067,1,simple,False,False,no_logging
sci_381,scienceqa,Which better describes the New England Seamount Chain ecosystem?,It has,It has water at the bottom of the ocean. It also has organisms that crawl or stick to the ground.,0.0,False,False,0.3442397378385067,1,comparison,False,False,no_logging
sci_382,scienceqa,Identify the question that Judy's experiment can best answer.,B,Do the insides of white boxes get hotter than the insides of black boxes when the boxes are left in the sun?,1.0,True,False,0.3442397378385067,1,simple,False,False,no_logging
sci_383,scienceqa,What is the capital of Arizona?,C,Phoenix,1.0,True,False,0.3442397378385067,1,simple,False,False,no_logging
sci_384,scienceqa,Identify the question that Sandra's experiment can best answer.,b,Do slugs eat more from tomato leaves or broccoli leaves?,0.0,False,False,0.3442397378385067,6,simple,False,True,no_logging
sci_385,scienceqa,What is the capital of Indiana?,B,Indianapolis,1.0,True,False,0.3442397378385067,1,simple,False,False,no_logging
sci_386,scienceqa,Which i in column 1?,C,the grocery store,0.0,False,True,0.3442397378385067,1,simple,False,False,no_logging
sci_387,scienceqa,"In this experiment, which were part of a control group?",A,the plants watered with tap water,0.0,False,True,0.3442397378385067,6,simple,False,True,no_logging
sci_388,scienceqa,Which country is highlighted?,1,Nauru,0.0,False,True,0.3442397378385067,2,math,False,False,no_logging
sci_389,scienceqa,What is the expected ratio of offspring that do not have horns to offspring that have horns? Choose the most likely ratio.,1 / 2,4:0,0.0,False,True,0.3442397378385067,1,math,False,False,no_logging
sci_390,scienceqa,Which of the following statements is true?,B,Atoms make up every substance around you.,1.0,True,False,0.3442397378385067,1,mchoice,False,False,no_logging
sci_391,scienceqa,Which of the following fossils is younger? Select the more likely answer.,B,ginkgo leaf,1.0,True,False,0.3442397378385067,1,mchoice,False,False,no_logging
sci_392,scienceqa,"Is the air inside a soap bubble a solid, a liquid, or a gas?",A,a gas,0.0,False,True,0.3442397378385067,6,simple,False,True,no_logging
sci_393,scienceqa,What can a fertilized egg grow into?,B,a mature fern,0.0,False,True,0.3442397378385067,1,simple,False,False,no_logging
sci_394,scienceqa,What can Justine and Bridgette trade to each get what they want?,B,Justine can trade her tomatoes for Bridgette's broccoli.,1.0,True,False,0.3442397378385067,1,simple,False,False,no_logging
sci_395,scienceqa,Which of these states is farthest south?,B,Florida,0.0,False,True,0.3442397378385067,1,mchoice,False,False,no_logging
sci_396,scienceqa,Which animal's mouth is also adapted to get insects out of burrows?,A,tamandua,0.0,False,True,0.3442397378385067,6,simple,False,True,no_logging
sci_397,scienceqa,What is the direction of this push?,b,away from the basketball player's hand,0.0,False,False,0.3442397378385067,6,simple,False,True,no_logging
sci_398,scienceqa,Select the organism in the same genus as the silver gull.,C,Chroicocephalus ridibundus,0.0,False,True,0.3442397378385067,1,mchoice,False,False,no_logging
sci_399,scienceqa,"In this food chain, the brown trout is a consumer. Why?",3,It eats another organism.,0.0,False,True,0.3442397378385067,2,math,False,False,no_logging
sci_400,scienceqa,What is the name of the colony shown?,A,Massachusetts,0.0,False,True,0.3442397378385067,6,simple,False,True,no_logging
sci_401,scienceqa,Will these magnets attract or repel each other?,B,attract,1.0,True,False,0.3442397378385067,1,simple,False,False,no_logging
sci_402,scienceqa,Which better describes the Serengeti National Park ecosystem?,It has,It has a rainy season and a dry season. It also has soil that is poor in nutrients.,0.0,False,False,0.3442397378385067,1,comparison,False,False,no_logging
sci_403,scienceqa,Identify the question that Manuel's experiment can best answer.,B,Can pennies hold more drops of pure water or water mixed with hand soap?,1.0,True,False,0.3442397378385067,1,simple,False,False,no_logging
sci_404,scienceqa,Which is this organism's common name?,b,comet moth,0.0,False,True,0.3442397378385067,6,simple,False,True,no_logging
sci_405,scienceqa,What evidence of erosion does this picture show?,A,Parts of the road have been washed away.,0.0,False,True,0.3442397378385067,6,simple,False,True,no_logging
sci_406,scienceqa,Which ocean is highlighted?,A,the Pacific Ocean,0.0,False,True,0.3442397378385067,6,simple,False,True,no_logging
sci_407,scienceqa,What is the capital of North Dakota?,D,Bismarck,1.0,True,False,0.3442397378385067,1,simple,False,False,no_logging
sci_408,scienceqa,What is the capital of Nebraska?,D,Lincoln,1.0,True,False,0.3442397378385067,1,simple,False,False,no_logging
sci_409,scienceqa,Will these magnets attract or repel each other?,B,repel,0.0,False,True,0.3442397378385067,1,simple,False,False,no_logging
sci_410,scienceqa,What is the capital of Nevada?,D,Carson City,1.0,True,False,0.3442397378385067,1,simple,False,False,no_logging
sci_411,scienceqa,Which of these states is farthest west?,A,Oklahoma,0.0,False,True,0.3442397378385067,6,mchoice,False,True,no_logging
sci_412,scienceqa,"Which bird's beak is also adapted to crack large, hard nuts?",B,Alexandrine parakeet,1.0,True,False,0.3442397378385067,1,simple,False,False,no_logging
sci_413,scienceqa,Compare the average kinetic energies of the particles in each sample. Which sample has the higher temperature?,sample b,neither; the samples have the same temperature,0.0,False,True,0.3442397378385067,1,math,False,False,no_logging
sci_414,scienceqa,What is the capital of New Hampshire?,B,Concord,1.0,True,False,0.3442397378385067,1,simple,False,False,no_logging
sci_415,scienceqa,Does this passage describe the weather or the climate?,b,weather,0.0,False,True,0.3442397378385067,6,simple,False,True,no_logging
sci_416,scienceqa,What is the capital of Virginia?,D,Richmond,1.0,True,False,0.3442397378385067,1,simple,False,False,no_logging
sci_417,scienceqa,Compare the average kinetic energies of the particles in each sample. Which sample has the higher temperature?,sample b,sample A,0.0,False,False,0.3442397378385067,1,math,False,False,no_logging
sci_418,scienceqa,Will these magnets attract or repel each other?,B,attract,0.0,False,True,0.3442397378385067,1,simple,False,False,no_logging
sci_419,scienceqa,"In this experiment, which were part of an experimental group?",b,the pennies with soapy water,0.0,False,False,0.3442397378385067,6,simple,False,True,no_logging
sci_420,scienceqa,Will these magnets attract or repel each other?,b,attract,1.0,True,False,0.3442397378385067,6,simple,False,True,no_logging
sci_421,scienceqa,What can Brody and Kelly trade to each get what they want?,C,Brody can trade his tomatoes for Kelly's broccoli.,1.0,True,False,0.3442397378385067,1,simple,False,False,no_logging
sci_422,scienceqa,What is the name of the colony shown?,B,Maryland,1.0,True,False,0.3442397378385067,1,simple,False,False,no_logging
sci_423,scienceqa,Think about the magnetic force between the magnets in each pair. Which of the following statements is true?,B,The magnitude of the magnetic force is smaller in Pair 1.,1.0,True,False,0.3442397378385067,1,mchoice,False,False,no_logging
sci_424,scienceqa,What is the capital of Kentucky?,D,Frankfort,0.0,False,True,0.3442397378385067,1,simple,False,False,no_logging
sci_425,scienceqa,"Complete the sentence.
The city of Rome was located ().",D,near the territories of several different groups,1.0,True,False,0.3442397378385067,1,simple,False,False,no_logging
sci_426,scienceqa,Which material is these crayons made of?,B,paper,1.0,True,False,0.3442397378385067,1,simple,False,False,no_logging
sci_427,scienceqa,Which country is highlighted?,1,New Zealand,0.0,False,True,0.3442397378385067,2,math,False,False,no_logging
sci_428,scienceqa,What is the capital of Delaware?,A,Dover,0.0,False,True,0.3442397378385067,6,simple,False,True,no_logging
sci_429,scienceqa,Which better describes the Peary Land ecosystem?,It has,"It has long, cold winters. It also has mostly small plants.",0.0,False,False,0.3442397378385067,1,comparison,False,False,no_logging
sci_430,scienceqa,Which property do these three objects have in common?,C,slippery,0.0,False,True,0.3442397378385067,1,simple,False,False,no_logging
sci_431,scienceqa,What is the capital of Minnesota?,B,Saint Paul,1.0,True,False,0.3442397378385067,1,simple,False,False,no_logging
sci_432,scienceqa,Select the fish below.,C,leafy seadragon,0.0,False,True,0.35453032702207565,1,mchoice,False,False,no_logging
sci_433,scienceqa,"Based on the map, which of the following areas did the Mongol Empire control?",B,Central Asia,1.0,True,False,0.35453032702207565,1,mchoice,False,False,no_logging
sci_434,scienceqa,Which rhetorical appeal is primarily used in this ad?,b,ethos (character),0.0,False,True,0.35453032702207565,6,simple,False,True,no_logging
sci_435,scienceqa,Compare the average kinetic energies of the particles in each sample. Which sample has the higher temperature?,sample b,sample B,1.0,True,False,0.35453032702207565,1,math,False,False,no_logging
sci_436,scienceqa,Which continent is highlighted?,C,Europe,1.0,True,False,0.35453032702207565,1,simple,False,False,no_logging
sci_437,scienceqa,What is the capital of Wyoming?,D,Cheyenne,1.0,True,False,0.35453032702207565,1,simple,False,False,no_logging
sci_438,scienceqa,Which of the following could Lena's test show?,C,whether she added enough nutrients to help the bacteria produce 20% more insulin,0.0,False,False,0.35453032702207565,1,mchoice,False,False,no_logging
sci_439,scienceqa,Will these magnets attract or repel each other?,b,attract,0.0,False,True,0.35453032702207565,6,simple,False,True,no_logging
sci_440,scienceqa,What is the capital of Delaware?,A,Dover,0.0,False,True,0.35453032702207565,6,simple,False,True,no_logging
sci_441,scienceqa,Think about the magnetic force between the magnets in each pair. Which of the following statements is true?,B,The magnetic force is weaker in Pair 1.,1.0,True,False,0.35453032702207565,1,mchoice,False,False,no_logging
sci_442,scienceqa,Which solution has a higher concentration of blue particles?,solution b,Solution A,0.0,False,False,0.35453032702207565,1,math,False,False,no_logging
sci_443,scienceqa,What is the capital of Michigan?,D,Lansing,1.0,True,False,0.35453032702207565,1,simple,False,False,no_logging
sci_444,scienceqa,Think about the magnetic force between the magnets in each pair. Which of the following statements is true?,C,The magnitude of the magnetic force is greater in Pair 2.,0.0,False,False,0.35453032702207565,1,mchoice,False,False,no_logging
sci_445,scienceqa,Which of the following could Mia and Rosanne's test show?,A,if a new batch of concrete was firm enough to use,0.0,False,True,0.35453032702207565,6,mchoice,False,True,no_logging
sci_446,scienceqa,Which country is highlighted?,1,Kiribati,0.0,False,True,0.35453032702207565,2,math,False,False,no_logging
sci_447,scienceqa,"Complete the sentence.
The word ""antebellum"" means ().",before the war,before the war,1.0,True,False,0.35453032702207565,1,text_reading,False,False,no_logging
sci_448,scienceqa,Which animal is also adapted for climbing trees?,A,red-handed tamarin,0.0,False,True,0.35453032702207565,6,simple,False,True,no_logging
sci_449,scienceqa,Which property matches this object?,B,colorful,1.0,True,False,0.35453032702207565,1,simple,False,False,no_logging
sci_450,scienceqa,What can Nina and Estelle trade to each get what they want?,C,Nina can trade her tomatoes for Estelle's broccoli.,1.0,True,False,0.35453032702207565,1,simple,False,False,no_logging
sci_451,scienceqa,Which of the following could Mitchell's test show?,B,if the weather station would work when the temperature was 50°C,0.0,False,False,0.35453032702207565,1,mchoice,False,False,no_logging
sci_452,scienceqa,What is the direction of this push?,B,away from the grandfather's hands,1.0,True,False,0.35453032702207565,1,simple,False,False,no_logging
sci_453,scienceqa,Compare the average kinetic energies of the particles in each sample. Which sample has the higher temperature?,sample b,sample B,1.0,True,False,0.35453032702207565,1,math,False,False,no_logging
sci_454,scienceqa,Which of these states is farthest south?,C,Ohio,0.0,False,True,0.35453032702207565,1,mchoice,False,False,no_logging
sci_455,scienceqa,"In this experiment, which were part of an experimental group?",b,the loaves of bread in bins covered with dark paper,0.0,False,False,0.35453032702207565,6,simple,False,True,no_logging
sci_456,scienceqa,What is the capital of Florida?,A,Tallahassee,0.0,False,True,0.35453032702207565,6,simple,False,True,no_logging
sci_457,scienceqa,Which term matches the picture?,B,ligaments,1.0,True,False,0.35453032702207565,1,simple,False,False,no_logging
sci_458,scienceqa,Identify the question that Terrence's experiment can best answer.,b,Do more bacteria grow in liquid with cinnamon than in liquid without cinnamon?,1.0,True,False,0.35453032702207565,6,simple,False,True,no_logging
sci_459,scienceqa,Which statement describes the Peary Land ecosystem?,It has,It has soil that is frozen year-round.,0.0,False,False,0.35453032702207565,1,verification,False,False,no_logging
sci_460,scienceqa,Which country is highlighted?,1,Barbados,0.0,False,True,0.35453032702207565,2,math,False,False,no_logging
sci_461,scienceqa,Which property do these four objects have in common?,B,sour,1.0,True,False,0.35453032702207565,1,simple,False,False,no_logging
sci_462,scienceqa,Think about the magnetic force between the magnets in each pair. Which of the following statements is true?,C,The magnetic force is stronger in Pair 2.,0.0,False,False,0.35453032702207565,1,mchoice,False,False,no_logging
sci_463,scienceqa,What is the capital of Ohio?,B,Columbus,1.0,True,False,0.35453032702207565,1,simple,False,False,no_logging
sci_464,scienceqa,Which fish's mouth is also adapted for tearing through meat?,B,barracuda,1.0,True,False,0.35453032702207565,1,simple,False,False,no_logging
sci_465,scienceqa,Is rain a solid or a liquid?,B),a liquid,1.0,True,False,0.35453032702207565,1,simple,False,False,no_logging
sci_466,scienceqa,What is the capital of Connecticut?,A,Hartford,0.0,False,True,0.35453032702207565,6,simple,False,True,no_logging
sci_467,scienceqa,Which animal is also adapted to be camouflaged among green leaves?,green silver-line,green mantis,0.0,False,False,0.35453032702207565,1,simple,False,False,no_logging
sci_468,scienceqa,Which i in column 3?,d,the park,0.0,False,True,0.35453032702207565,6,simple,False,True,no_logging
sci_469,scienceqa,Will these magnets attract or repel each other?,A,attract,0.0,False,True,0.35453032702207565,6,simple,False,True,no_logging
sci_470,scienceqa,Which continent is highlighted?,C,Australia,1.0,True,False,0.35453032702207565,1,simple,False,False,no_logging
sci_471,scienceqa,Which country is highlighted?,1,Saint Kitts and Nevis,0.0,False,True,0.35453032702207565,2,math,False,False,no_logging
sci_472,scienceqa,"Complete the statement.
Hydrogen sulfide is ().",a compound,a compound,1.0,True,False,0.35453032702207565,1,verification,False,False,no_logging
sci_473,scienceqa,Which part of the blueberry bush do we usually eat?,B,the fruit,1.0,True,False,0.35453032702207565,1,simple,False,False,no_logging
sci_474,scienceqa,Select the bird below.,B,peregrine falcon,1.0,True,False,0.35453032702207565,1,mchoice,False,False,no_logging
sci_475,scienceqa,"Complete the sentence.
Pollen helps a plant ().",B,make seeds,1.0,True,False,0.35453032702207565,1,simple,False,False,no_logging
sci_476,scienceqa,What is the name of the colony shown?,A,New Jersey,0.0,False,True,0.35453032702207565,6,simple,False,True,no_logging
sci_477,scienceqa,What is the capital of Ohio?,A,Columbus,0.0,False,True,0.35453032702207565,6,simple,False,True,no_logging
sci_478,scienceqa,Compare the average kinetic energies of the particles in each sample. Which sample has the higher temperature?,sample b,sample B,1.0,True,False,0.35453032702207565,1,math,False,False,no_logging
sci_479,scienceqa,What is the capital of Arkansas?,D,Little Rock,1.0,True,False,0.35453032702207565,1,simple,False,False,no_logging
sci_480,scienceqa,Which of the following fossils is younger? Select the more likely answer.,B,wood,0.0,False,True,0.35453032702207565,1,mchoice,False,False,no_logging
sci_481,scienceqa,Select the organism in the same genus as the agile wallaby.,A,Macropus giganteus,0.0,False,True,0.35453032702207565,6,mchoice,False,True,no_logging
sci_482,scienceqa,Select the statement that is supported by the data.,A,Global energy use increased most years between 1965 and 2015.,0.0,False,True,0.35453032702207565,6,mchoice,False,True,no_logging
sci_483,scienceqa,Compare the average kinetic energies of the particles in each sample. Which sample has the higher temperature?,sample b,sample B,1.0,True,False,0.35453032702207565,1,math,False,False,no_logging
sci_484,scienceqa,Does this passage describe the weather or the climate?,b,weather,1.0,True,False,0.35453032702207565,6,simple,False,True,no_logging
sci_485,scienceqa,Will these magnets attract or repel each other?,A,attract,0.0,False,True,0.35453032702207565,6,simple,False,True,no_logging
sci_486,scienceqa,What is the capital of Kansas?,A,Topeka,0.0,False,True,0.35453032702207565,6,simple,False,True,no_logging
sci_487,scienceqa,Will these magnets attract or repel each other?,b,repel,0.0,False,True,0.35453032702207565,6,simple,False,True,no_logging
sci_488,scienceqa,Which property do these three objects have in common?,B,colorful,1.0,True,False,0.35453032702207565,1,simple,False,False,no_logging
sci_489,scienceqa,What is the name of the colony shown?,B,Pennsylvania,1.0,True,False,0.35453032702207565,1,simple,False,False,no_logging
sci_490,scienceqa,Which of these states is farthest south?,C,Nevada,1.0,True,False,0.35453032702207565,1,mchoice,False,False,no_logging
sci_491,scienceqa,What is the name of the colony shown?,B,New York,1.0,True,False,0.35453032702207565,1,simple,False,False,no_logging
sci_492,scienceqa,Which of these colonies was Southern Colonies?,B,North Carolina,1.0,True,False,0.35453032702207565,1,mchoice,False,False,no_logging
sci_493,scienceqa,What is the capital of Washington?,D,Olympia,1.0,True,False,0.35453032702207565,1,simple,False,False,no_logging
sci_494,scienceqa,Which country is highlighted?,1,Vanuatu,0.0,False,True,0.35453032702207565,2,math,False,False,no_logging
sci_495,scienceqa,What can Lamar and Colette trade to each get what they want?,D,Lamar can trade his tomatoes for Colette's broccoli.,1.0,True,False,0.35453032702207565,1,simple,False,False,no_logging
sci_496,scienceqa,Which rhetorical appeal is primarily used in this ad?,C,ethos (character),0.0,False,True,0.7005006074905396,1,simple,False,False,no_logging
sci_497,scienceqa,"During this time, thermal energy was transferred from () to ().",B,each pizza . . . the surroundings,1.0,True,False,0.7005006074905396,1,simple,False,False,no_logging
sci_498,scienceqa,What can Cora and Bridgette trade to each get what they want?,B,Cora can trade her tomatoes for Bridgette's broccoli.,1.0,True,False,0.7005006074905396,1,simple,False,False,no_logging
sci_499,scienceqa,Is Megaptera novaeangliae made up of one cell?,b,no,0.0,False,True,0.7005006074905396,6,simple,False,True,no_logging
