sample_id,condition,question,answer,ground_truth,is_correct,vqa_accuracy_score,confidence,consistency,hallucination_flag,selected_pass,pass1_answer,pass2_answer,pass3_answer,latency_total_s,latency_pass1_s,latency_pass2_s,latency_pass3_s,gpu_util_avg_pct,peak_gpu_mem_gb,num_model_calls,modality
synth_self_consistency_00000,self_consistency,What color is the small circle?,green,lime | lime | yellow-green,False,0.0,1.0,1.0,True,1,green,green,green,0.6179,0.287,0.0,0.0,0.0,9.049,3,image+text
synth_self_consistency_00001,self_consistency,What is the dominant color in this image?,a red color is dominant in this image,red | red | red,True,1.0,1.0,1.0,False,1,a red color is dominant in this image,red is the dominant color in this image,red is the dominant color in this image,1.4526,0.5129,0.0,0.0,38.5,9.049,3,image+text
synth_self_consistency_00002,self_consistency,What is the dominant color in this image?,the dominant color in this image is brown,brown | brown | brown,True,1.0,1.0,1.0,False,1,the dominant color in this image is brown,brown is the dominant color in this image,a brown background,1.2352,0.4658,0.0,0.0,42.0,9.049,3,image+text
synth_self_consistency_00003,self_consistency,What color is the large rectangle?,a pink sphere,pink | pink | pink,True,1.0,1.0,1.0,False,1,a pink sphere,the big rectangle is pink,it is pink,0.9247,0.332,0.0,0.0,46.5,9.049,3,image+text
synth_self_consistency_00004,self_consistency,Is the background color light or dark?,dark dark dark,dark | dark | dark,True,1.0,0.6667,0.6667,False,1,the background color is light,dark dark dark,dark dark dark dark dark dark dark dark dark dark dark dark dark dark dark dark dark dark dark dark dark dark dark dark dark dark dark dark dark dark dark dark dark dark dark dark dark dark dark dark dark dark dark dark dark dark dark dark dark dark dark dark dark dark dark dark dark dark dark dark dark dark dark dark,3.448,0.3389,0.0,0.0,43.0,9.049,3,image+text
synth_self_consistency_00005,self_consistency,Is the background color light or dark?,light,light | light | light,True,1.0,0.6667,0.6667,False,1,light,a light background,dark,0.628,0.1773,0.0,0.0,37.0,9.049,3,image+text
synth_self_consistency_00006,self_consistency,Is the background color light or dark?,dark dark background,dark | dark | medium,True,0.6667,0.6667,0.6667,False,1,dark dark background,dark or light,dark brown color,0.7432,0.245,0.0,0.0,46.5,9.049,3,image+text
synth_self_consistency_00007,self_consistency,What is the dominant color in this image?,the dominant color in this image is yellow,yellow | yellow | yellow,True,1.0,0.6667,0.6667,False,1,the dominant color in this image is yellow,yellow is the dominant color,a yellowish - brownish tone,1.308,0.4672,0.0,0.0,39.5,9.049,3,image+text
synth_self_consistency_00008,self_consistency,What color is the circle in this image?,a yellow circle,yellow | yellow | yellow,True,1.0,0.6667,0.6667,False,1,the white circle in the image is a circle with a black background,a yellow circle,yellow,1.2298,0.7706,0.0,0.0,37.5,9.049,3,image+text
synth_self_consistency_00009,self_consistency,What color is the large rectangle?,the large rectangle is blue,yellow | yellow | yellow,False,0.0,0.3333,0.3333,False,1,the large rectangle is blue,it is a black square,the color is white,1.0202,0.339,0.0,0.0,42.5,9.049,3,image+text
synth_self_consistency_00010,self_consistency,What color is the large rectangle?,white,white | white | white,True,1.0,0.6667,0.6667,False,1,white,a large square,white,0.6376,0.1848,0.0,0.0,41.5,9.049,3,image+text
synth_self_consistency_00011,self_consistency,Is there a purple shape in this image?,yes,no | no | no,False,0.0,0.6667,0.6667,True,1,yes,a square purple shape,yes,0.6527,0.1581,0.0,0.0,47.0,9.049,3,image+text
synth_self_consistency_00012,self_consistency,What color is the circle in this image?,yellow,yellow | yellow | yellow,True,1.0,0.6667,0.6667,False,1,yellow,yellow,white,0.4833,0.1602,0.0,0.0,46.5,9.049,3,image+text
synth_self_consistency_00013,self_consistency,Is the background color light or dark?,dark blue dark blue dark blue dark blue dark blue dark blue dark blue dark blue dark blue dark blue dark blue dark blue dark blue dark blue dark blue dark blue dark blue dark blue dark blue dark blue dark blue dark blue dark blue dark blue dark blue dark blue dark blue dark blue dark blue dark blue dark blue dark blue,dark | dark | dark,False,0.0,0.6667,0.6667,True,1,dark,dark blue dark blue dark blue dark blue dark blue dark blue dark blue dark blue dark blue dark blue dark blue dark blue dark blue dark blue dark blue dark blue dark blue dark blue dark blue dark blue dark blue dark blue dark blue dark blue dark blue dark blue dark blue dark blue dark blue dark blue dark blue dark blue,blue or light,3.3305,0.1612,0.0,0.0,48.5,9.049,3,image+text
synth_self_consistency_00014,self_consistency,What is the dominant color in this image?,the dominant color in this image is purple,purple | purple | purple,True,1.0,1.0,1.0,False,1,the dominant color in this image is purple,a reddish purple color,the dominant color in this image is purple,1.383,0.4817,0.0,0.0,42.0,9.049,3,image+text
synth_self_consistency_00015,self_consistency,Is the background color light or dark?,light or dark,light | light | light,True,1.0,0.6667,0.6667,False,1,light or dark,light,white,0.5741,0.2498,0.0,0.0,41.0,9.049,3,image+text
synth_self_consistency_00016,self_consistency,Is the circle on the left or right side?,the left side,left | left | left,True,1.0,0.6667,0.6667,False,1,the left side,i don't know,i's on the left side,1.1948,0.2561,0.0,0.0,49.0,9.049,3,image+text
synth_self_consistency_00017,self_consistency,Is the circle on the left or right side?,yes,left | left | left,False,0.0,0.6667,0.6667,True,1,yes,is the circle on the left or right side,yes,0.8328,0.1602,0.0,0.0,37.0,9.049,3,image+text
synth_self_consistency_00018,self_consistency,What is the dominant color in this image?,yellow is the dominant color in this image,yellow | yellow | yellow,True,1.0,1.0,1.0,False,1,yellow is the dominant color in this image,yellow is the dominant color in this image,a bright yellow colour dominates the image,1.4486,0.4644,0.0,0.0,40.5,9.049,3,image+text
synth_self_consistency_00019,self_consistency,What is the dominant color in this image?,purple color is dominant in this image,purple | purple | purple,True,1.0,0.6667,0.6667,False,1,purple color is dominant in this image,purple is the dominant color in this image,a lilac background,1.3259,0.4242,0.0,0.0,40.5,9.049,3,image+text
synth_self_consistency_00020,self_consistency,Is the circle on the left or right side?,is the circle on the left or right side,left | left | left,True,1.0,1.0,1.0,False,1,is the circle on the left or right side,left or right side,a circle is on the left side,1.3606,0.509,0.0,0.0,38.0,9.049,3,image+text
synth_self_consistency_00021,self_consistency,What is the dominant color in this image?,purple irroration - color of the rainbow,purple | purple | purple,True,1.0,0.6667,0.6667,False,1,purple irroration - color of the rainbow,a purple background with a white border,a purple-blue color scheme,1.6774,0.6877,0.0,0.0,40.0,9.049,3,image+text
synth_self_consistency_00022,self_consistency,Is the circle on the left or right side?,is the circle on the left or right side,right | right | right,False,0.0,0.3333,0.3333,False,1,is the circle on the left or right side,yes,"i'm a circle in the middle of the triangle, i'm on the right side",1.872,0.6182,0.0,0.0,35.5,9.049,3,image+text
synth_self_consistency_00023,self_consistency,Is there a red shape in this image?,no,no | no | no,True,1.0,0.6667,0.6667,False,1,no,no,a red square is in the middle of the image,0.927,0.1614,0.0,0.0,37.5,9.049,3,image+text
synth_self_consistency_00024,self_consistency,What color is the small circle?,the small circle is green,olive | olive | green,True,0.3333,0.6667,0.6667,False,1,a black circle,the small circle is green,it is green,0.8843,0.2926,0.0,0.0,40.5,9.049,3,image+text
synth_self_consistency_00025,self_consistency,What is the dominant color in this image?,the dominant color in this image is orange,orange | orange | orange,True,1.0,1.0,1.0,False,1,the dominant color in this image is orange,orange is the dominant color in this image,orange,1.0897,0.4647,0.0,0.0,38.0,9.049,3,image+text
synth_self_consistency_00026,self_consistency,Is the background color light or dark?,dark background,dark | dark | dark,True,1.0,0.6667,0.6667,False,1,dark background,dark background,black background,0.617,0.2023,0.0,0.0,47.0,9.049,3,image+text
synth_self_consistency_00027,self_consistency,What is the dominant color in this image?,The dominant color in this image is blue,teal | teal | cyan | blue-green,False,0.0,0.6667,0.6667,True,1,The dominant color in this image is blue,the dominant color in this image is blue,a dominant color in the image,1.365,0.4694,0.0,0.0,42.5,9.049,3,image+text
synth_self_consistency_00028,self_consistency,What color is the large rectangle?,a white rectangle,white | white | white,True,1.0,0.6667,0.6667,False,1,a large square,a white rectangle,white,0.7708,0.2926,0.0,0.0,42.0,9.049,3,image+text
synth_self_consistency_00029,self_consistency,What color is the large rectangle?,a large rectangle,green | green | green,False,0.0,0.3333,0.3333,False,1,a large rectangle,the large rectangle is green,"a square shape, blue color",1.0604,0.2937,0.0,0.0,44.5,9.049,3,image+text
synth_self_consistency_00030,self_consistency,What color is the background?,white,cream | white | beige,True,0.3333,0.6667,0.6667,False,1,white,a neutral brownish color,white,0.7039,0.1635,0.0,0.0,37.0,9.049,3,image+text
synth_self_consistency_00031,self_consistency,What color is the circle in this image?,blue,blue | blue | blue,True,1.0,1.0,1.0,False,1,blue,blue,blue,0.4819,0.16,0.0,0.0,47.0,9.049,3,image+text
synth_self_consistency_00032,self_consistency,Is there a purple shape in this image?,yes,yes | yes | yes,True,1.0,1.0,1.0,False,1,yes,yes,yes,0.4862,0.1588,0.0,0.0,50.0,9.049,3,image+text
synth_self_consistency_00033,self_consistency,What color is the background?,a white background,cream | white | beige,True,0.3333,0.3333,0.3333,False,1,a white background,cream bb,beige,0.7938,0.2927,0.0,0.0,45.5,9.049,3,image+text
synth_self_consistency_00034,self_consistency,What color is the circle?,it is pink,pink | pink | pink,True,1.0,1.0,1.0,False,1,it is pink,pink,pink,0.5772,0.2515,0.0,0.0,41.5,9.049,3,image+text
synth_self_consistency_00035,self_consistency,What is the dominant color in this image?,navy blue,navy | navy | blue | dark blue,True,0.6667,1.0,1.0,False,1,navy blue,blue,navy blue,0.5727,0.2046,0.0,0.0,47.5,9.049,3,image+text
synth_self_consistency_00036,self_consistency,Is there a green shape in this image?,no,no | no | no,True,1.0,0.6667,0.6667,False,1,no,no,yes,0.4834,0.1605,0.0,0.0,48.5,9.049,3,image+text
synth_self_consistency_00037,self_consistency,What color is the circle in this image?,blue,blue | blue | blue,True,1.0,1.0,1.0,False,1,blue,blue,blue,0.4811,0.1592,0.0,0.0,48.5,9.049,3,image+text
synth_self_consistency_00038,self_consistency,Is there a red shape in this image?,yes,yes | yes | yes,True,1.0,1.0,1.0,False,1,yes,yes,yes,0.491,0.1634,0.0,0.0,50.0,9.049,3,image+text
synth_self_consistency_00039,self_consistency,Is there a red shape in this image?,no,no | no | no,True,1.0,0.6667,0.6667,False,1,no,no,yes,0.4877,0.1618,0.0,0.0,47.5,9.049,3,image+text
synth_self_consistency_00040,self_consistency,What is the dominant color in this image?,orange is the dominant color in this image,orange | orange | orange,True,1.0,0.6667,0.6667,False,1,orange is the dominant color in this image,the dominant color in this image is orange,it is the dominant color in this image,1.4122,0.4687,0.0,0.0,42.5,9.049,3,image+text
synth_self_consistency_00041,self_consistency,What is the dominant color in this image?,yellow is the dominant color,yellow | yellow | yellow,True,1.0,0.6667,0.6667,False,1,yellow is the dominant color,a yellow background with black and white words on it,a yellowish color,1.2771,0.3378,0.0,0.0,41.5,9.049,3,image+text
synth_self_consistency_00042,self_consistency,What is the dominant color in this image?,white is the dominant color,olive | olive | green | dark green,False,0.0,0.6667,0.6667,True,1,white is the dominant color,a color with a blue background,a white splatter is a large white streak in the middle of a black image,1.8313,0.3368,0.0,0.0,45.0,9.049,3,image+text
synth_self_consistency_00043,self_consistency,What is the dominant color in this image?,the apx saturating color of the image,purple | purple | purple,False,0.0,0.3333,0.3333,False,1,the apx saturating color of the image,the dominant color is blue,a purple color,1.3195,0.6797,0.0,0.0,37.0,9.049,3,image+text
synth_self_consistency_00044,self_consistency,What color is the circle in this image?,yellow,yellow | yellow | yellow,True,1.0,1.0,1.0,False,1,yellow,yellow,yellow,0.4943,0.1634,0.0,0.0,44.0,9.049,3,image+text
synth_self_consistency_00045,self_consistency,Is the circle on the left or right side?,yes,left | left | left,False,0.0,0.3333,0.3333,False,1,yes,a blue circle,no,0.6293,0.1644,0.0,0.0,47.5,9.049,3,image+text
synth_self_consistency_00046,self_consistency,What color is the background?,navy blue,navy | dark blue | blue,True,0.6667,1.0,1.0,False,1,navy blue,navy blue,navy blue,0.6228,0.2077,0.0,0.0,46.0,9.049,3,image+text
synth_self_consistency_00047,self_consistency,What color is the large rectangle?,red is the color of the large rectangle,red | red | red,True,1.0,1.0,1.0,False,1,red is the color of the large rectangle,a red square,the color red is a color of a large rectangle,1.4268,0.4685,0.0,0.0,41.5,9.049,3,image+text
synth_self_consistency_00048,self_consistency,What color is the circle?,blue,cyan | cyan | teal | teal,False,0.0,0.6667,0.6667,True,1,blue,green,blue,0.51,0.186,0.0,0.0,39.0,9.049,3,image+text
synth_self_consistency_00049,self_consistency,What is the dominant color in this image?,a green background,green | green | green,True,1.0,1.0,1.0,False,1,a green background,a saturated green background,a dominant color in this image is green,1.2776,0.2915,0.0,0.0,46.5,9.049,3,image+text
synth_self_consistency_00050,self_consistency,Is the background color light or dark?,light,light | light | light,True,1.0,0.6667,0.6667,False,1,light,light,dark,0.4992,0.1629,0.0,0.0,41.5,9.049,3,image+text
synth_self_consistency_00051,self_consistency,What color is the background?,white,white | white | white,True,1.0,1.0,1.0,False,1,white,white,white,0.4957,0.1661,0.0,0.0,46.5,9.049,3,image+text
synth_self_consistency_00052,self_consistency,Is the background color light or dark?,dark blue,dark | dark | dark,False,0.0,0.6667,0.6667,True,1,dark blue,dark,a dark blue background,0.7126,0.2071,0.0,0.0,49.0,9.049,3,image+text
synth_self_consistency_00053,self_consistency,What color is the circle?,the color is a light green,cyan | cyan | teal | teal,False,0.0,0.6667,0.6667,True,1,the color is a light green,the ring,a green circle,0.9803,0.43,0.0,0.0,45.5,9.049,3,image+text
synth_self_consistency_00054,self_consistency,Is the background color light or dark?,dark,dark | dark | dark,True,1.0,0.6667,0.6667,False,1,dark grey,dark,dark,0.5301,0.2052,0.0,0.0,43.5,9.049,3,image+text
synth_self_consistency_00055,self_consistency,Is the circle on the left or right side?,a blue circle on the left side,right | right | right,False,0.0,0.3333,0.3333,False,1,a blue circle on the left side,a circle is on the right side,if the circle is on the left side,1.4574,0.482,0.0,0.0,44.0,9.049,3,image+text
synth_self_consistency_00056,self_consistency,What color is the large rectangle?,sahara green,olive | olive | dark yellow,False,0.0,1.0,1.0,True,1,sahara green,green,olive green,0.7079,0.3384,0.0,0.0,40.5,9.049,3,image+text
synth_self_consistency_00057,self_consistency,What is the dominant color in this image?,yellow is the dominant color,yellow | yellow | yellow,True,1.0,1.0,1.0,False,1,yellow is the dominant color,a yellow background with black letters,a yellow background with black text,1.1826,0.3351,0.0,0.0,47.0,9.049,3,image+text
synth_self_consistency_00058,self_consistency,What color is the background?,white,white | white | white,True,1.0,0.6667,0.6667,False,1,the color of the background,white,white background,0.7054,0.3338,0.0,0.0,46.5,9.049,3,image+text
synth_self_consistency_00059,self_consistency,Is there a red shape in this image?,yes,yes | yes | yes,True,1.0,1.0,1.0,False,1,yes,yes,yes,0.488,0.1616,0.0,0.0,46.5,9.049,3,image+text
synth_self_consistency_00060,self_consistency,Is the background color light or dark?,dark or light,dark | dark | dark,True,1.0,0.6667,0.6667,False,1,dark or light,dark blue black grey,a dark background,0.8543,0.2494,0.0,0.0,47.5,9.049,3,image+text
synth_self_consistency_00061,self_consistency,Is there a purple shape in this image?,yes,no | no | no,False,0.0,0.6667,0.6667,True,1,no,yes,yes,0.4957,0.1619,0.0,0.0,45.5,9.049,3,image+text
synth_self_consistency_00062,self_consistency,What color is the large rectangle?,blue,blue | blue | blue,True,1.0,1.0,1.0,False,1,blue,the large rectangle is blue,blue,0.6772,0.1616,0.0,0.0,45.5,9.049,3,image+text
synth_self_consistency_00063,self_consistency,What color is the large rectangle?,a white rectangle,white | white | white,True,1.0,0.6667,0.6667,False,1,a white rectangle,he is white,a large rectangle,0.8982,0.2966,0.0,0.0,46.0,9.049,3,image+text
synth_self_consistency_00064,self_consistency,What color is the large rectangle?,blue,blue | blue | blue,True,1.0,1.0,1.0,False,1,blue,the large rectangle is blue,the blue square is the color of the large rectangle,1.077,0.1625,0.0,0.0,42.5,9.049,3,image+text
synth_self_consistency_00065,self_consistency,What color is the small circle?,the small circle is green,lime | lime | yellow-green,False,0.0,0.6667,0.6667,True,1,the small circle is green,green,the small circle,0.7548,0.339,0.0,0.0,41.5,9.049,3,image+text
synth_self_consistency_00066,self_consistency,What color is the large rectangle?,green color,green | green | green,True,1.0,0.6667,0.6667,False,1,The color of the square.,green color,the color of the large rectangle is green,1.0723,0.3803,0.0,0.0,47.0,9.049,3,image+text
synth_self_consistency_00067,self_consistency,What color is the background?,white,cream | white | beige,True,0.3333,0.6667,0.6667,False,1,white,white,a light cream background,0.6682,0.1648,0.0,0.0,45.5,9.049,3,image+text
synth_self_consistency_00068,self_consistency,What is the dominant color in this image?,i love the green and black background,green | green | green,True,1.0,0.3333,0.3333,False,1,i love the green and black background,color palettes,a lone white background,1.1713,0.4925,0.0,0.0,41.5,9.049,3,image+text
synth_self_consistency_00069,self_consistency,What color is the large rectangle?,green color,green | green | green,True,1.0,1.0,1.0,False,1,green color,a large rectangle with a light green background,the large rectangle is green,1.1069,0.2053,0.0,0.0,41.0,9.049,3,image+text
synth_self_consistency_00070,self_consistency,Is the background color light or dark?,light,light | light | light,True,1.0,1.0,1.0,False,1,light,light or dark,a light background,0.7077,0.163,0.0,0.0,41.5,9.049,3,image+text
synth_self_consistency_00071,self_consistency,What color is the background?,gray,gray | gray | grey,True,0.6667,0.6667,0.6667,False,1,white,gray,gray background,0.5335,0.1622,0.0,0.0,45.0,9.049,3,image+text
synth_self_consistency_00072,self_consistency,Is the circle on the left or right side?,a circle on the left side,right | right | right,False,0.0,0.6667,0.6667,True,1,a circle on the left side,no,the left side,0.8364,0.4242,0.0,0.0,42.0,9.049,3,image+text
synth_self_consistency_00073,self_consistency,What is the dominant color in this image?,purple,purple | purple | purple,True,1.0,0.6667,0.6667,False,1,blue,purple,purple,0.4868,0.1619,0.0,0.0,46.0,9.049,3,image+text
synth_self_consistency_00074,self_consistency,What color is the large rectangle?,The color is orange,orange | orange | orange,True,1.0,0.6667,0.6667,False,1,The color is orange,the big rectangle,the large rectangle is orange,0.9083,0.3127,0.0,0.0,46.5,9.049,3,image+text
synth_self_consistency_00075,self_consistency,What color is the large rectangle?,a yellow square with a white background,yellow | yellow | yellow,True,1.0,0.6667,0.6667,False,1,the color of the background,a yellow square with a white background,the large rectangle is yellow,1.1804,0.3385,0.0,0.0,39.5,9.049,3,image+text
synth_self_consistency_00076,self_consistency,What is the dominant color in this image?,the dominant color in this image is green,green | green | green,True,1.0,1.0,1.0,False,1,the dominant color in this image is green,The dominant color in this image is green,a dominant color is green,1.3518,0.4838,0.0,0.0,40.5,9.049,3,image+text
synth_self_consistency_00077,self_consistency,Is there a blue shape in this image?,yes,yes | yes | yes,True,1.0,1.0,1.0,False,1,yes,yes,yes,0.4786,0.1586,0.0,0.0,40.5,9.049,3,image+text
synth_self_consistency_00078,self_consistency,Is the circle on the left or right side?,is the circle on the left or right side,left | left | left,True,1.0,0.6667,0.6667,False,1,is the circle on the left or right side,ye,is the circle on the left or right side,1.2723,0.5104,0.0,0.0,44.0,9.049,3,image+text
synth_self_consistency_00079,self_consistency,Is there a red shape in this image?,yes,yes | yes | yes,True,1.0,1.0,1.0,False,1,yes,yes,yes,0.4853,0.1612,0.0,0.0,37.5,9.049,3,image+text
synth_self_consistency_00080,self_consistency,What is the dominant color in this image?,the dominant color in this image is blue,blue | blue | blue,True,1.0,1.0,1.0,False,1,the dominant color in this image is blue,blue,blue is the dominant color in this image,1.129,0.4912,0.0,0.0,42.5,9.049,3,image+text
synth_self_consistency_00081,self_consistency,Is the background color light or dark?,a dark background,dark | dark | dark,True,1.0,0.6667,0.6667,False,1,a dark background,i have dark background,dark blue,0.8354,0.2884,0.0,0.0,40.0,9.049,3,image+text
synth_self_consistency_00082,self_consistency,What color is the circle in this image?,red,red | red | red,True,1.0,1.0,1.0,False,1,red,red,red,0.489,0.1627,0.0,0.0,42.0,9.049,3,image+text
synth_self_consistency_00083,self_consistency,What is the dominant color in this image?,a yellow background,yellow | yellow | yellow,True,1.0,1.0,1.0,False,1,a yellow background,yellow,a dominant color in this image is yellow,0.9743,0.2939,0.0,0.0,49.5,9.049,3,image+text
synth_self_consistency_00084,self_consistency,What is the dominant color in this image?,purple is the dominant color in this image,purple | purple | purple,True,1.0,1.0,1.0,False,1,purple is the dominant color in this image,"a dark shade of purple, purple purple, purple, purple, purple, purple, purple, purple, purple, purple, purple, purple, purple, purple, purple, purple, purple, purple, purple, purple, purple, purple, purple, purple, purple, purple, purple, purple, purple,",purple color is the most dominant color in the image,3.9307,0.466,0.0,0.0,38.0,9.049,3,image+text
synth_self_consistency_00085,self_consistency,What is the dominant color in this image?,the dominant color in this image is brown,brown | brown | brown,True,1.0,1.0,1.0,False,1,the dominant color in this image is brown,the dominant color in this image is brown,a dark brown color,1.2979,0.4832,0.0,0.0,36.0,9.049,3,image+text
synth_self_consistency_00086,self_consistency,Is the circle on the left or right side?,- a circle on the left or right side,left | left | left,True,1.0,0.6667,0.6667,False,1,,- a circle on the left or right side,a circle is on the left or right side,1.5472,0.3838,0.0,0.0,44.0,9.049,3,image+text
synth_self_consistency_00087,self_consistency,Is there a red shape in this image?,yes,yes | yes | yes,True,1.0,1.0,1.0,False,1,yes,yes,yes,0.4823,0.1603,0.0,0.0,44.0,9.049,3,image+text
synth_self_consistency_00088,self_consistency,Is the circle on the left or right side?,it's on the left side,left | left | left,True,1.0,0.6667,0.6667,False,1,it is on the right side,it's on the left side,a circle on the left side,1.227,0.3783,0.0,0.0,45.5,9.049,3,image+text
synth_self_consistency_00089,self_consistency,What color is the circle in this image?,red,red | red | red,True,1.0,1.0,1.0,False,1,red,red,red,0.4869,0.1608,0.0,0.0,40.5,9.049,3,image+text
synth_self_consistency_00090,self_consistency,What color is the background?,white,white | white | white,True,1.0,1.0,1.0,False,1,white,white,white,0.4887,0.1626,0.0,0.0,51.0,9.049,3,image+text
synth_self_consistency_00091,self_consistency,What color is the circle in this image?,blue,blue | blue | blue,True,1.0,1.0,1.0,False,1,blue,blue,blue,0.4892,0.161,0.0,0.0,48.0,9.049,3,image+text
synth_self_consistency_00092,self_consistency,What color is the large rectangle?,the square is red,red | red | red,True,1.0,1.0,1.0,False,1,the square is red,red,red,0.6178,0.2951,0.0,0.0,48.0,9.049,3,image+text
synth_self_consistency_00093,self_consistency,What color is the large rectangle?,i love the green color,green | green | green,True,1.0,0.6667,0.6667,False,1,a square with a large white rectangle in the middle,i love the green color,green,1.1803,0.6387,0.0,0.0,44.5,9.049,3,image+text
synth_self_consistency_00094,self_consistency,What color is the background?,a light grey,cream | white | beige,False,0.0,0.3333,0.3333,False,1,a light grey,a light blue background,white,0.8024,0.3003,0.0,0.0,43.5,9.049,3,image+text
synth_self_consistency_00095,self_consistency,Is the circle on the left or right side?,left or right side,left | left | left,True,1.0,0.3333,0.3333,False,1,left or right side,,yes,0.7627,0.2945,0.0,0.0,45.5,9.049,3,image+text
synth_self_consistency_00096,self_consistency,What is the dominant color in this image?,blue is the dominant color,blue | blue | blue,True,1.0,1.0,1.0,False,1,blue is the dominant color,blue,the dominant color is blue,0.8517,0.3424,0.0,0.0,46.0,9.049,3,image+text
synth_self_consistency_00097,self_consistency,What color is the large rectangle?,yellow,yellow | yellow | yellow,True,1.0,1.0,1.0,False,1,yellow,the color is yellow,a yellow square,0.7518,0.1618,0.0,0.0,40.0,9.049,3,image+text
synth_self_consistency_00098,self_consistency,What color is the large rectangle?,green,lime | lime | green,True,0.3333,1.0,1.0,False,1,green,green,the big square is the color lime green,0.7954,0.1608,0.0,0.0,42.0,9.049,3,image+text
synth_self_consistency_00099,self_consistency,What color is the background?,grey,gray | gray | grey,True,0.3333,0.6667,0.6667,False,1,the background is gray,grey,the background is grey,0.7593,0.2996,0.0,0.0,45.5,9.049,3,image+text
synth_self_consistency_00100,self_consistency,What color is the large rectangle?,cyan,yellow | yellow | yellow,False,0.0,0.3333,0.3333,False,1,cyan,it is the color of the rainbow,yellow,0.7969,0.2063,0.0,0.0,43.5,9.049,3,image+text
synth_self_consistency_00101,self_consistency,What color is the large rectangle?,purple,purple | purple | purple,True,1.0,1.0,1.0,False,1,purple,the purple color of the sky,purple,0.7235,0.1608,0.0,0.0,42.5,9.049,3,image+text
synth_self_consistency_00102,self_consistency,What color is the large rectangle?,green,green | green | green,True,1.0,0.6667,0.6667,False,1,green,blue,the color is green,0.6134,0.1609,0.0,0.0,41.0,9.049,3,image+text
synth_self_consistency_00103,self_consistency,What color is the circle in this image?,red,red | red | red,True,1.0,1.0,1.0,False,1,red,red,red,0.4837,0.1595,0.0,0.0,47.0,9.049,3,image+text
synth_self_consistency_00104,self_consistency,What color is the background?,blue,blue | blue | blue,True,1.0,1.0,1.0,False,1,blue,blue,blue,0.4871,0.1619,0.0,0.0,48.5,9.049,3,image+text
synth_self_consistency_00105,self_consistency,What color is the large rectangle?,white,white | white | white,True,1.0,0.6667,0.6667,False,1,the color of the lg lg lg lg,white,white,1.1575,0.8348,0.0,0.0,43.0,9.049,3,image+text
synth_self_consistency_00106,self_consistency,Is there a red shape in this image?,yes,no | no | no,False,0.0,0.6667,0.6667,True,1,yes,yes,no,0.481,0.159,0.0,0.0,47.0,9.049,3,image+text
synth_self_consistency_00107,self_consistency,What is the dominant color in this image?,the blue color dominates the image,navy | navy | blue | dark blue,True,0.6667,1.0,1.0,False,1,the blue color dominates the image,blue is the dominant color,the color of the main object is blue,1.2126,0.417,0.0,0.0,45.5,9.049,3,image+text
synth_self_consistency_00108,self_consistency,Is the background color light or dark?,dark,light | light | light,False,0.0,0.3333,0.3333,False,1,dark,a light gray color,a light background,0.8047,0.1585,0.0,0.0,39.5,9.049,3,image+text
synth_self_consistency_00109,self_consistency,What color is the circle in this image?,blue,yellow | yellow | yellow,False,0.0,0.3333,0.3333,False,1,blue,orange,a yellow circle,0.6193,0.1616,0.0,0.0,41.5,9.049,3,image+text
synth_self_consistency_00110,self_consistency,What color is the small circle?,green,lime | lime | yellow-green,False,0.0,1.0,1.0,True,1,green,green,green,0.4911,0.1653,0.0,0.0,44.5,9.049,3,image+text
synth_self_consistency_00111,self_consistency,What is the dominant color in this image?,a black and white background with the words  orange,orange | orange | orange,False,0.0,0.3333,0.3333,False,1,a black and white background with the words  orange,a dominant color in this image,a shade of orange,1.4066,0.6429,0.0,0.0,43.5,9.049,3,image+text
synth_self_consistency_00112,self_consistency,What color is the large rectangle?,red,maroon | maroon | dark red,True,0.3333,1.0,1.0,False,1,red,red,a red rectangle,0.615,0.1607,0.0,0.0,44.5,9.049,3,image+text
synth_self_consistency_00113,self_consistency,Is the background color light or dark?,light,light | light | light,True,1.0,0.6667,0.6667,False,1,light,a light blue background,the background color is light or dark,0.9192,0.1597,0.0,0.0,47.5,9.049,3,image+text
synth_self_consistency_00114,self_consistency,What color is the circle?,green,olive | olive | brown,False,0.0,0.6667,0.6667,True,1,green,sand,the green circle,0.6656,0.162,0.0,0.0,41.0,9.049,3,image+text
synth_self_consistency_00115,self_consistency,Is the background color light or dark?,dark blue,dark | dark | dark,False,0.0,0.6667,0.6667,True,1,no,dark blue,dark blue,0.5675,0.1615,0.0,0.0,46.0,9.049,3,image+text
synth_self_consistency_00116,self_consistency,Is there a red shape in this image?,yes,yes | yes | yes,True,1.0,1.0,1.0,False,1,yes,yes,yes,0.4808,0.1589,0.0,0.0,47.5,9.049,3,image+text
synth_self_consistency_00117,self_consistency,What color is the large rectangle?,the color of the large rectangle is white,white | white | white,True,1.0,0.3333,0.3333,False,1,the color of the large rectangle is white,the large rectangle,i like this color,1.0626,0.4719,0.0,0.0,44.5,9.049,3,image+text
synth_self_consistency_00118,self_consistency,Is the background color light or dark?,dark or light,dark | dark | dark,True,1.0,0.6667,0.6667,False,1,dark or light,a black background,dark dark dark dark dark dark dark dark dark dark dark dark dark dark dark dark dark dark dark dark dark dark dark dark dark dark dark dark dark dark dark dark dark dark dark dark dark dark dark dark dark dark dark dark dark dark dark dark dark dark dark dark dark dark dark dark dark dark dark dark dark dark dark dark,3.4417,0.2492,0.0,0.0,46.0,9.049,3,image+text
synth_self_consistency_00119,self_consistency,Is the background color light or dark?,dark,dark | dark | dark,True,1.0,1.0,1.0,False,1,dark,dark,dark,0.4841,0.1606,0.0,0.0,37.0,9.049,3,image+text
synth_self_consistency_00120,self_consistency,Is there a red shape in this image?,yes,yes | yes | yes,True,1.0,1.0,1.0,False,1,yes,yes,yes,0.4861,0.162,0.0,0.0,50.0,9.049,3,image+text
synth_self_consistency_00121,self_consistency,Is the background color light or dark?,dark,dark | dark | dark,True,1.0,1.0,1.0,False,1,dark,dark is dark,dark,0.5718,0.1604,0.0,0.0,47.5,9.049,3,image+text
synth_self_consistency_00122,self_consistency,Is the circle on the left or right side?,a circle on the left side,left | left | left,True,1.0,0.6667,0.6667,False,1,a circle on the left side,"if the sphere is on the left side, then the circle is on the right side",a blue circle is on the left side,1.8673,0.4178,0.0,0.0,44.5,9.049,3,image+text
synth_self_consistency_00123,self_consistency,What color is the small circle?,green,olive | olive | green,True,0.3333,0.6667,0.6667,False,1,the small circle is black,green,green,0.6774,0.3511,0.0,0.0,41.5,9.049,3,image+text
synth_self_consistency_00124,self_consistency,Is the circle on the left or right side?,ea a blue circle on the left side,right | right | right,False,0.0,1.0,1.0,True,1,ea a blue circle on the left side,the left side,a circle on the left side,1.2896,0.6201,0.0,0.0,43.0,9.049,3,image+text
synth_self_consistency_00125,self_consistency,What color is the circle in this image?,yellow,yellow | yellow | yellow,True,1.0,0.6667,0.6667,False,1,a white circle,yellow,yellow,0.6402,0.3148,0.0,0.0,44.5,9.049,3,image+text
synth_self_consistency_00126,self_consistency,What is the dominant color in this image?,a red color dominates the image,purple | purple | purple,False,0.0,0.3333,0.3333,False,1,a red color dominates the image,the dominant color in this image is blue,purple,1.1181,0.4714,0.0,0.0,40.0,9.049,3,image+text
synth_self_consistency_00127,self_consistency,What color is the background?,blue,blue | blue | blue,True,1.0,1.0,1.0,False,1,blue,blue,a blue background,0.6173,0.1611,0.0,0.0,43.0,9.049,3,image+text
synth_self_consistency_00128,self_consistency,Is there a green shape in this image?,no,no | no | no,True,1.0,1.0,1.0,False,1,no,no,no,0.4845,0.1605,0.0,0.0,44.5,9.049,3,image+text
synth_self_consistency_00129,self_consistency,What color is the circle in this image?,red,red | red | red,True,1.0,1.0,1.0,False,1,red,red,a red circle,0.6437,0.1607,0.0,0.0,51.0,9.049,3,image+text
synth_self_consistency_00130,self_consistency,What color is the large rectangle?,white,white | white | white,True,1.0,0.6667,0.6667,False,1,white,white,a large square,0.6167,0.1614,0.0,0.0,43.0,9.049,3,image+text
synth_self_consistency_00131,self_consistency,What color is the large rectangle?,green color,green | green | green,True,1.0,0.3333,0.3333,False,1,green color,the color of the large rectangle,a large square,0.8788,0.2045,0.0,0.0,45.0,9.049,3,image+text
synth_self_consistency_00132,self_consistency,What color is the large rectangle?,red is the color of the large rectangle,red | red | red,True,1.0,1.0,1.0,False,1,red is the color of the large rectangle,the large rectangle is red,the large rectangle is red,1.1316,0.4634,0.0,0.0,45.5,9.049,3,image+text
synth_self_consistency_00133,self_consistency,What color is the circle?,pink,pink | pink | pink,True,1.0,1.0,1.0,False,1,pink,a circle of pink color,pink,0.7116,0.1625,0.0,0.0,44.0,9.049,3,image+text
synth_self_consistency_00134,self_consistency,Is the background color light or dark?,dark background,dark | dark | dark,True,1.0,0.3333,0.3333,False,1,dark background,"the background color is light, so it is a light background",dark brown or dark gray,1.2283,0.2046,0.0,0.0,46.5,9.049,3,image+text
synth_self_consistency_00135,self_consistency,Is the circle on the left or right side?,the right side,left | left | left,False,0.0,0.6667,0.6667,True,1,the right side,the right side,is the circle on the left or right side,1.0125,0.2506,0.0,0.0,44.5,9.049,3,image+text
synth_self_consistency_00136,self_consistency,What color is the circle in this image?,blue,blue | blue | blue,True,1.0,1.0,1.0,False,1,blue,blue,blue,0.4874,0.162,0.0,0.0,37.0,9.049,3,image+text
synth_self_consistency_00137,self_consistency,What color is the circle in this image?,red,red | red | red,True,1.0,1.0,1.0,False,1,red,red,red,0.4852,0.1608,0.0,0.0,48.0,9.049,3,image+text
synth_self_consistency_00138,self_consistency,Is the background color light or dark?,blue,light | light | medium,False,0.0,0.6667,0.6667,True,1,blue,a white background,blue,0.617,0.1613,0.0,0.0,49.5,9.049,3,image+text
synth_self_consistency_00139,self_consistency,Is there a red shape in this image?,yes,no | no | no,False,0.0,0.6667,0.6667,True,1,yes,no,yes,0.5025,0.169,0.0,0.0,45.5,9.049,3,image+text
synth_self_consistency_00140,self_consistency,What color is the background?,blue,blue | blue | blue,True,1.0,0.6667,0.6667,False,1,a white background,blue,blue,0.6203,0.295,0.0,0.0,47.0,9.049,3,image+text
synth_self_consistency_00141,self_consistency,What color is the background?,blue,blue | blue | blue,True,1.0,1.0,1.0,False,1,blue,blue,a blue background,0.6205,0.1611,0.0,0.0,46.5,9.049,3,image+text
synth_self_consistency_00142,self_consistency,What is the dominant color in this image?,a dominant color in this image is green,green | green | green,True,1.0,1.0,1.0,False,1,a dominant color in this image is green,a green color dominates the image,the dominant color is green,1.325,0.5195,0.0,0.0,42.5,9.049,3,image+text
synth_self_consistency_00143,self_consistency,What is the dominant color in this image?,the dominant color in this image is purple,purple | purple | purple,True,1.0,0.6667,0.6667,False,1,the dominant color in this image is purple,the dominant color in this image is purple,a black and white image with a black and white background,1.6248,0.4621,0.0,0.0,46.0,9.049,3,image+text
synth_self_consistency_00144,self_consistency,What is the dominant color in this image?,a purple background,purple | purple | purple,True,1.0,0.3333,0.3333,False,1,a purple background,a color that is dominant in an image,a blue square with a white background,1.3162,0.2933,0.0,0.0,41.0,9.049,3,image+text
synth_self_consistency_00145,self_consistency,What is the dominant color in this image?,red is the dominant color,red | red | red,True,1.0,0.6667,0.6667,False,1,red is the dominant color,a red-colored sky,red,0.8812,0.3358,0.0,0.0,41.0,9.049,3,image+text
synth_self_consistency_00146,self_consistency,What is the dominant color in this image?,"iridescence - a color combination of red, orange, yellow and blue",orange | orange | orange,False,0.0,0.3333,0.3333,False,1,"iridescence - a color combination of red, orange, yellow and blue",orange,a yellow background,1.3599,0.9093,0.0,0.0,37.5,9.049,3,image+text
synth_self_consistency_00147,self_consistency,What color is the circle?,a red circle,brown | brown | maroon,False,0.0,1.0,1.0,True,1,a red circle,the color is red,a red circle,0.8736,0.291,0.0,0.0,45.0,9.049,3,image+text
synth_self_consistency_00148,self_consistency,What color is the circle in this image?,blue,blue | blue | blue,True,1.0,1.0,1.0,False,1,blue,blue,blue,0.4883,0.159,0.0,0.0,42.0,9.049,3,image+text
synth_self_consistency_00149,self_consistency,What color is the background?,white,white | white | white,True,1.0,1.0,1.0,False,1,white,white,white,0.4794,0.1589,0.0,0.0,46.0,9.049,3,image+text
synth_self_consistency_00150,self_consistency,What is the dominant color in this image?,a tee red,red | red | red,True,1.0,1.0,1.0,False,1,a tee red,red is the dominant color in this image,red color,1.0802,0.4154,0.0,0.0,47.5,9.049,3,image+text
synth_self_consistency_00151,self_consistency,Is there a purple shape in this image?,yes,no | no | no,False,0.0,1.0,1.0,True,1,yes,yes,yes,0.4904,0.1584,0.0,0.0,47.0,9.049,3,image+text
synth_self_consistency_00152,self_consistency,What color is the large rectangle?,the large rectangle is white,white | white | white,True,1.0,1.0,1.0,False,1,the large rectangle is white,white,a white color,0.7825,0.3318,0.0,0.0,46.0,9.049,3,image+text
synth_self_consistency_00153,self_consistency,What color is the large rectangle?,a blue - blue color,blue | blue | blue,True,1.0,1.0,1.0,False,1,a blue - blue color,blue,blue,0.75,0.4254,0.0,0.0,45.0,9.049,3,image+text
synth_self_consistency_00154,self_consistency,What is the dominant color in this image?,blue is the dominant color,blue | blue | blue,True,1.0,1.0,1.0,False,1,blue is the dominant color,blue is dominant,blue is the dominant color in this image,1.0633,0.3456,0.0,0.0,49.5,9.049,3,image+text
synth_self_consistency_00155,self_consistency,Is the background color light or dark?,is the background light or dark,light | light | medium,True,0.6667,0.6667,0.6667,False,1,is the background light or dark,a light blue background,light background,0.9271,0.3906,0.0,0.0,40.0,9.049,3,image+text
synth_self_consistency_00156,self_consistency,Is the background color light or dark?,a dark background,dark | dark | dark,True,1.0,0.6667,0.6667,False,1,a dark background,dark black,dark,0.6615,0.2923,0.0,0.0,47.0,9.049,3,image+text
synth_self_consistency_00157,self_consistency,What is the dominant color in this image?,blue,blue | blue | blue,True,1.0,1.0,1.0,False,1,blue,blue is the dominant color,blue,0.6625,0.1607,0.0,0.0,47.0,9.049,3,image+text
synth_self_consistency_00158,self_consistency,What color is the background?,a light blue background,blue | blue | blue,True,1.0,1.0,1.0,False,1,a light blue background,blue,blue,0.6614,0.3397,0.0,0.0,42.5,9.049,3,image+text
synth_self_consistency_00159,self_consistency,Is the circle on the left or right side?,a circle on the left side,right | right | right,False,0.0,0.3333,0.3333,False,1,a circle on the left side,l on the right side,yes,0.9713,0.4324,0.0,0.0,38.0,9.049,3,image+text
synth_self_consistency_00160,self_consistency,What color is the large rectangle?,yellow,yellow | yellow | yellow,True,1.0,0.6667,0.6667,False,1,a large rectangle,yellow,it is yellow,0.7023,0.2899,0.0,0.0,47.0,9.049,3,image+text
synth_self_consistency_00161,self_consistency,What color is the circle in this image?,white,yellow | yellow | yellow,False,0.0,0.3333,0.3333,False,1,white,blue,yellow,0.4857,0.1605,0.0,0.0,45.5,9.049,3,image+text
synth_self_consistency_00162,self_consistency,What color is the large rectangle?,blue,blue | blue | blue,True,1.0,1.0,1.0,False,1,blue,a large rectangle is blue,blue,0.7058,0.1601,0.0,0.0,48.0,9.049,3,image+text
synth_self_consistency_00163,self_consistency,What color is the large rectangle?,a light yellow color,yellow | yellow | yellow,True,1.0,1.0,1.0,False,1,a light yellow color,the color is yellow,the large rectangle is yellow,0.9765,0.3391,0.0,0.0,41.0,9.049,3,image+text
synth_self_consistency_00164,self_consistency,What color is the circle in this image?,blue,blue | blue | blue,True,1.0,1.0,1.0,False,1,blue,blue,a blue circle,0.6127,0.1597,0.0,0.0,43.0,9.049,3,image+text
synth_self_consistency_00165,self_consistency,What color is the large rectangle?,yellow,yellow | yellow | yellow,True,1.0,0.6667,0.6667,False,1,The color is blue,yellow,yellow,0.6123,0.2919,0.0,0.0,44.0,9.049,3,image+text
synth_self_consistency_00166,self_consistency,Is the background color light or dark?,light background,light | light | medium,True,0.6667,1.0,1.0,False,1,light background,is the background color light or dark,light,0.7836,0.2037,0.0,0.0,49.0,9.049,3,image+text
synth_self_consistency_00167,self_consistency,Is the background color light or dark?,a light background,light | light | light,True,1.0,1.0,1.0,False,1,a light background,light or dark,a light background,0.8309,0.2872,0.0,0.0,45.5,9.049,3,image+text
synth_self_consistency_00168,self_consistency,What color is the background?,blue,blue | blue | blue,True,1.0,1.0,1.0,False,1,blue,blue bg,blue bg background,0.7957,0.1601,0.0,0.0,42.5,9.049,3,image+text
synth_self_consistency_00169,self_consistency,What is the dominant color in this image?,the dominant color in this image is white,olive | olive | green | dark green,False,0.0,0.3333,0.3333,False,1,the dominant color in this image is white,the dominant color in this image is green,a forest scene in a park,1.4158,0.47,0.0,0.0,41.5,9.049,3,image+text
synth_self_consistency_00170,self_consistency,What color is the background?,white,white | white | white,True,1.0,1.0,1.0,False,1,white,white,white,0.4858,0.1594,0.0,0.0,40.0,9.049,3,image+text
synth_self_consistency_00171,self_consistency,What color is the large rectangle?,blue,blue | blue | blue,True,1.0,1.0,1.0,False,1,blue,a blue rectangle,blue,0.6158,0.1603,0.0,0.0,49.0,9.049,3,image+text
synth_self_consistency_00172,self_consistency,What is the dominant color in this image?,a blue shade,orange | orange | orange,False,0.0,0.3333,0.3333,False,1,a blue shade,a tan colored background,a white void in the middle of the image,1.3263,0.2921,0.0,0.0,48.0,9.049,3,image+text
synth_self_consistency_00173,self_consistency,What is the dominant color in this image?,olive green,olive | olive | green | dark green,True,0.6667,0.3333,0.3333,False,1,olive green,a white background,a sand-colored background,0.9659,0.2061,0.0,0.0,37.0,9.049,3,image+text
synth_self_consistency_00174,self_consistency,What is the dominant color in this image?,blue is dominant in this image,blue | blue | blue,True,1.0,1.0,1.0,False,1,blue is dominant in this image,blue,the blue tone is dominant,0.8766,0.3785,0.0,0.0,41.0,9.049,3,image+text
synth_self_consistency_00175,self_consistency,What color is the large rectangle?,the large rectangle is yellow,yellow | yellow | yellow,True,1.0,1.0,1.0,False,1,the large rectangle is yellow,a light yellow color,yellow,0.8422,0.3436,0.0,0.0,48.0,9.049,3,image+text
synth_self_consistency_00176,self_consistency,Is there a blue shape in this image?,yes,no | no | no,False,0.0,1.0,1.0,True,1,yes,yes,yes,0.4825,0.1599,0.0,0.0,46.5,9.049,3,image+text
synth_self_consistency_00177,self_consistency,Is the background color light or dark?,white,light | light | light,False,0.0,0.3333,0.3333,False,1,white,dark,light is the background color,0.6575,0.1604,0.0,0.0,48.5,9.049,3,image+text
synth_self_consistency_00178,self_consistency,What color is the circle?,pink,pink | pink | pink,True,1.0,1.0,1.0,False,1,pink,pink,pink,0.4941,0.1598,0.0,0.0,44.0,9.049,3,image+text
synth_self_consistency_00179,self_consistency,What is the dominant color in this image?,blue,blue | blue | blue,True,1.0,1.0,1.0,False,1,blue,blue,blue - blue is the dominant color in this image,0.9584,0.1583,0.0,0.0,49.0,9.049,3,image+text
synth_self_consistency_00180,self_consistency,What color is the large rectangle?,red color,red | red | red,True,1.0,0.6667,0.6667,False,1,the tan-colored rectangle,red color,a color that is red,1.0154,0.4234,0.0,0.0,42.0,9.049,3,image+text
synth_self_consistency_00181,self_consistency,What color is the large rectangle?,the large rectangle is brown,brown | brown | brown,True,1.0,0.6667,0.6667,False,1,the large rectangle is brown,color of the large rectangle,the large rectangle is brown,1.0129,0.3368,0.0,0.0,38.0,9.049,3,image+text
synth_self_consistency_00182,self_consistency,What color is the background?,white,white | white | white,True,1.0,1.0,1.0,False,1,white,white,white,0.4868,0.1617,0.0,0.0,43.5,9.049,3,image+text
synth_self_consistency_00183,self_consistency,What is the dominant color in this image?,green is the dominant color,green | green | green,True,1.0,0.6667,0.6667,False,1,a dark blue color,green is the dominant color,a green color is dominant in this image,1.1936,0.3375,0.0,0.0,48.5,9.049,3,image+text
synth_self_consistency_00184,self_consistency,Is there a blue shape in this image?,yes,yes | yes | yes,True,1.0,1.0,1.0,False,1,yes,yes,yes,0.4861,0.1618,0.0,0.0,36.5,9.049,3,image+text
synth_self_consistency_00185,self_consistency,What color is the circle in this image?,yellow,yellow | yellow | yellow,True,1.0,0.3333,0.3333,False,1,yellow,blue,red,0.4854,0.1609,0.0,0.0,50.5,9.049,3,image+text
synth_self_consistency_00186,self_consistency,What color is the background?,white,cream | white | beige,True,0.3333,0.6667,0.6667,False,1,white,white,blue,0.4882,0.1622,0.0,0.0,48.0,9.049,3,image+text
synth_self_consistency_00187,self_consistency,What color is the large rectangle?,the square is blue,blue | blue | blue,True,1.0,1.0,1.0,False,1,the square is blue,blue,a blue rectangle,0.7492,0.2928,0.0,0.0,48.0,9.049,3,image+text
synth_self_consistency_00188,self_consistency,What color is the circle?,black,brown | brown | maroon,False,0.0,0.6667,0.6667,True,1,blue,black,black,0.4889,0.1625,0.0,0.0,45.0,9.049,3,image+text
synth_self_consistency_00189,self_consistency,What color is the large rectangle?,green,lime | lime | green,True,0.3333,1.0,1.0,False,1,green,green,the large rectangle is green,0.6562,0.1597,0.0,0.0,49.0,9.049,3,image+text
synth_self_consistency_00190,self_consistency,What is the dominant color in this image?,a dark blue,blue | blue | blue,True,1.0,1.0,1.0,False,1,a dark blue,blue,blue is the dominant color in this image,0.9185,0.2909,0.0,0.0,43.5,9.049,3,image+text
synth_self_consistency_00191,self_consistency,What color is the small circle?,green,lime | lime | yellow-green,False,0.0,1.0,1.0,True,1,green,the small circle is green,green,0.6896,0.16,0.0,0.0,42.0,9.049,3,image+text
synth_self_consistency_00192,self_consistency,What color is the large rectangle?,green color,green | green | green,True,1.0,1.0,1.0,False,1,green color,green,the large rectangle is green,0.7072,0.2043,0.0,0.0,40.5,9.049,3,image+text
synth_self_consistency_00193,self_consistency,What is the dominant color in this image?,red is the dominant color in this image,red | red | red,True,1.0,1.0,1.0,False,1,red is the dominant color in this image,a red color is dominant in this image,red is the dominant color in this image,1.4483,0.4669,0.0,0.0,38.5,9.049,3,image+text
synth_self_consistency_00194,self_consistency,Is there a purple shape in this image?,yes,yes | yes | yes,True,1.0,0.6667,0.6667,False,1,no,yes,yes,0.4849,0.1609,0.0,0.0,40.5,9.049,3,image+text
synth_self_consistency_00195,self_consistency,Is the background color light or dark?,blue,light | light | medium,False,0.0,1.0,1.0,True,1,blue,the background color is light blue,the background is light blue,0.8991,0.1613,0.0,0.0,48.5,9.049,3,image+text
synth_self_consistency_00196,self_consistency,What is the dominant color in this image?,a green color dominates the image,green | green | green,True,1.0,0.6667,0.6667,False,1,a green color dominates the image,a dominant color is the color of the dominant element in the image,green,1.3782,0.4764,0.0,0.0,41.0,9.049,3,image+text
synth_self_consistency_00197,self_consistency,What color is the circle?,green,olive | olive | brown,False,0.0,1.0,1.0,True,1,green,a green circle,green,0.619,0.1616,0.0,0.0,43.0,9.049,3,image+text
synth_self_consistency_00198,self_consistency,What color is the large rectangle?,white,white | white | white,True,1.0,1.0,1.0,False,1,white,white,white,0.4858,0.161,0.0,0.0,46.0,9.049,3,image+text
synth_self_consistency_00199,self_consistency,What color is the large rectangle?,the large rectangle is green,lime | lime | green,True,0.3333,0.6667,0.6667,False,1,the large rectangle is green,green,lime,0.6552,0.3341,0.0,0.0,47.0,9.049,3,image+text
synth_self_consistency_00200,self_consistency,Is there a purple shape in this image?,yes,yes | yes | yes,True,1.0,0.6667,0.6667,False,1,yes,no,yes,0.4956,0.1597,0.0,0.0,50.0,9.049,3,image+text
synth_self_consistency_00201,self_consistency,What is the dominant color in this image?,a yellowish background,yellow | yellow | yellow,False,0.0,0.3333,0.3333,False,1,a yellowish background,a dominant color,yellow color,0.8324,0.3355,0.0,0.0,45.5,9.049,3,image+text
synth_self_consistency_00202,self_consistency,Is the background color light or dark?,light,light | light | light,True,1.0,0.6667,0.6667,False,1,light,dark,a light color,0.6177,0.1609,0.0,0.0,43.5,9.049,3,image+text
synth_self_consistency_00203,self_consistency,What color is the large rectangle?,green,lime | lime | green,True,0.3333,0.6667,0.6667,False,1,green,a green square,a large rectangle,0.7569,0.1591,0.0,0.0,44.5,9.049,3,image+text
synth_self_consistency_00204,self_consistency,What color is the large rectangle?,white,white | white | white,True,1.0,0.6667,0.6667,False,1,the big rectangle,white,white,0.5758,0.2501,0.0,0.0,42.5,9.049,3,image+text
synth_self_consistency_00205,self_consistency,Is there a red shape in this image?,yes,yes | yes | yes,True,1.0,1.0,1.0,False,1,yes,yes,yes,0.4867,0.1618,0.0,0.0,50.0,9.049,3,image+text
synth_self_consistency_00206,self_consistency,Is the circle on the left or right side?,right side,right | right | right,True,1.0,0.6667,0.6667,False,1,right side,the circle is on the left side,right side,0.8749,0.2148,0.0,0.0,48.0,9.049,3,image+text
synth_self_consistency_00207,self_consistency,Is the circle on the left or right side?,oblique arrows,left | left | left,False,0.0,0.3333,0.3333,False,1,oblique arrows,no,a circle that has been on the right side,1.1424,0.4227,0.0,0.0,47.0,9.049,3,image+text
synth_self_consistency_00208,self_consistency,Is the circle on the left or right side?,is the circle on the left or right side,left | left | left,True,1.0,0.6667,0.6667,False,1,is the circle on the left or right side,the circle is on the left or right side,no,1.2751,0.5113,0.0,0.0,37.0,9.049,3,image+text
synth_self_consistency_00209,self_consistency,What color is the large rectangle?,it's red,red | red | red,True,1.0,1.0,1.0,False,1,it's red,red is the color of the large rectangle,a color that is red,1.1565,0.2922,0.0,0.0,46.0,9.049,3,image+text
synth_self_consistency_00210,self_consistency,What color is the large rectangle?,the color red,red | red | red,True,1.0,1.0,1.0,False,1,the color red,red,red,0.5987,0.2768,0.0,0.0,40.5,9.049,3,image+text
synth_self_consistency_00211,self_consistency,What color is the large rectangle?,a blueish color,teal | teal | green,False,0.0,0.3333,0.3333,False,1,a blueish color,a blue rectangle with a blue border,a large rectangle,1.1388,0.3336,0.0,0.0,49.5,9.049,3,image+text
synth_self_consistency_00212,self_consistency,What color is the small circle?,green,lime | lime | yellow-green,False,0.0,1.0,1.0,True,1,green,a green circle,green,0.623,0.1606,0.0,0.0,42.0,9.049,3,image+text
synth_self_consistency_00213,self_consistency,Is the background color light or dark?,dark or light,dark | dark | dark,True,1.0,0.6667,0.6667,False,1,dark or light,dark background,a light background,0.7548,0.2495,0.0,0.0,45.0,9.049,3,image+text
synth_self_consistency_00214,self_consistency,What is the dominant color in this image?,a blue background with white text,teal | teal | cyan | blue-green,False,0.0,0.6667,0.6667,True,1,a blue background with white text,a dominant color is the color that is dominant in the image,"the dominant color in this image is a light blue, which is",1.8528,0.4303,0.0,0.0,45.5,9.049,3,image+text
synth_self_consistency_00215,self_consistency,Is the background color light or dark?,dark,light | light | light,False,0.0,1.0,1.0,True,1,dark,dark or light,dark,0.5759,0.1617,0.0,0.0,37.0,9.049,3,image+text
synth_self_consistency_00216,self_consistency,Is there a green shape in this image?,yes,no | no | no,False,0.0,0.6667,0.6667,True,1,yes,no,yes,0.5054,0.175,0.0,0.0,47.0,9.049,3,image+text
synth_self_consistency_00217,self_consistency,What color is the background?,blue,blue | blue | blue,True,1.0,1.0,1.0,False,1,blue,blue,blue,0.4973,0.1642,0.0,0.0,49.5,9.049,3,image+text
synth_self_consistency_00218,self_consistency,What color is the circle in this image?,yellow,yellow | yellow | yellow,True,1.0,0.3333,0.3333,False,1,yellow,white,the color of the sun,0.666,0.1621,0.0,0.0,46.5,9.049,3,image+text
synth_self_consistency_00219,self_consistency,What is the dominant color in this image?,cyan,cyan | cyan | blue,True,0.6667,0.6667,0.6667,False,1,cyan,blue,cyan blue,0.7088,0.2058,0.0,0.0,44.0,9.049,3,image+text
synth_self_consistency_00220,self_consistency,What is the dominant color in this image?,green is the dominant color in this image,green | green | green,True,1.0,0.6667,0.6667,False,1,green is the dominant color in this image,a green background,a greenish color,1.1095,0.4737,0.0,0.0,42.0,9.049,3,image+text
synth_self_consistency_00221,self_consistency,What color is the circle?,color is the circle,cyan | cyan | teal | teal,False,0.0,0.3333,0.3333,False,1,color is the circle,the tafty is a turquoise color,a dark green,1.2447,0.2949,0.0,0.0,44.5,9.049,3,image+text
synth_self_consistency_00222,self_consistency,What is the dominant color in this image?,yellow,yellow | yellow | yellow,True,1.0,1.0,1.0,False,1,yellow,yellow is the dominant color in this image,a yellow background with black text on it,1.1314,0.1604,0.0,0.0,42.0,9.049,3,image+text
synth_self_consistency_00223,self_consistency,What color is the circle in this image?,red,red | red | red,True,1.0,1.0,1.0,False,1,red,red,a red circle,0.6128,0.1592,0.0,0.0,38.0,9.049,3,image+text
synth_self_consistency_00224,self_consistency,Is the background color light or dark?,dark,dark | dark | dark,True,1.0,0.6667,0.6667,False,1,dark,dark,dark dark dark gray dark gray gray dark gray gray gray gray dark gray gray gray gray gray gray gray gray gray gray gray gray gray gray gray gray gray gray gray gray gray gray gray gray gray gray gray gray gray gray gray gray gray gray gray gray gray gray gray gray gray gray gray gray gray gray gray gray gray gray gray,3.2095,0.1611,0.0,0.0,48.0,9.049,3,image+text
synth_self_consistency_00225,self_consistency,Is the background color light or dark?,a dark background,dark | dark | dark,True,1.0,0.6667,0.6667,False,1,a dark background,a light blue background,the background color is dark,0.9696,0.2877,0.0,0.0,41.5,9.049,3,image+text
synth_self_consistency_00226,self_consistency,Is the background color light or dark?,light,light | light | light,True,1.0,0.3333,0.3333,False,1,light,a white background,dark,0.6236,0.1707,0.0,0.0,39.0,9.049,3,image+text
synth_self_consistency_00227,self_consistency,What color is the background?,blue,blue | blue | blue,True,1.0,1.0,1.0,False,1,blue,blue,blue,0.4964,0.1601,0.0,0.0,46.5,9.049,3,image+text
synth_self_consistency_00228,self_consistency,What is the dominant color in this image?,a navy blue background with white and black text,navy | navy | blue | dark blue,True,0.6667,1.0,1.0,False,1,a navy blue background with white and black text,a dark blue sky,the dominant color is blue,1.2265,0.5532,0.0,0.0,41.0,9.049,3,image+text
synth_self_consistency_00229,self_consistency,Is there a blue shape in this image?,yes,yes | yes | yes,True,1.0,1.0,1.0,False,1,yes,yes,yes,0.4832,0.1602,0.0,0.0,42.0,9.049,3,image+text
synth_self_consistency_00230,self_consistency,Is there a blue shape in this image?,yes,yes | yes | yes,True,1.0,1.0,1.0,False,1,yes,yes,yes,0.4875,0.1622,0.0,0.0,49.0,9.049,3,image+text
synth_self_consistency_00231,self_consistency,Is the circle on the left or right side?,no,right | right | right,False,0.0,0.3333,0.3333,False,1,no,left,a blue sphere,0.6752,0.1728,0.0,0.0,47.0,9.049,3,image+text
synth_self_consistency_00232,self_consistency,What is the dominant color in this image?,a reddish brown color,orange | orange | orange,False,0.0,0.3333,0.3333,False,1,a reddish brown color,a dominant color is red,a neutral grayish color,1.1908,0.4246,0.0,0.0,43.5,9.049,3,image+text
synth_self_consistency_00233,self_consistency,What is the dominant color in this image?,a dark blue shade of green,green | green | green,False,0.0,0.3333,0.3333,False,1,a dark blue shade of green,a dominant color is the color that is dominant in the image,the color green is dominant in the image,1.5856,0.4196,0.0,0.0,37.5,9.049,3,image+text
synth_self_consistency_00234,self_consistency,Is there a green shape in this image?,yes,no | no | no,False,0.0,0.6667,0.6667,True,1,yes,yes,no,0.492,0.1607,0.0,0.0,37.0,9.049,3,image+text
synth_self_consistency_00235,self_consistency,Is the background color light or dark?,dark or light,dark | dark | dark,True,1.0,1.0,1.0,False,1,dark or light,dark,dark,0.5739,0.2497,0.0,0.0,48.0,9.049,3,image+text
synth_self_consistency_00236,self_consistency,Is there a green shape in this image?,no,no | no | no,True,1.0,0.6667,0.6667,False,1,no,yes,no,0.5026,0.1617,0.0,0.0,50.0,9.049,3,image+text
synth_self_consistency_00237,self_consistency,Is the background color light or dark?,dark,dark | dark | dark,True,1.0,1.0,1.0,False,1,dark,dark background,the dark background,0.6193,0.1582,0.0,0.0,46.5,9.049,3,image+text
synth_self_consistency_00238,self_consistency,What color is the large rectangle?,red,red | red | red,True,1.0,1.0,1.0,False,1,red,red,red,0.4861,0.1628,0.0,0.0,44.5,9.049,3,image+text
synth_self_consistency_00239,self_consistency,What color is the large rectangle?,red,red | red | red,True,1.0,1.0,1.0,False,1,red,the color red,red,0.5772,0.1612,0.0,0.0,50.5,9.049,3,image+text
synth_self_consistency_00240,self_consistency,What color is the circle in this image?,blue,blue | blue | blue,True,1.0,1.0,1.0,False,1,blue,blue,blue,0.4853,0.161,0.0,0.0,45.5,9.049,3,image+text
synth_self_consistency_00241,self_consistency,What is the dominant color in this image?,the dominant color in this image is brown,brown | brown | brown,True,1.0,0.6667,0.6667,False,1,the dominant color in this image is brown,a brownish color with a hint of orange,the color brown is the dominant color in this image,1.6463,0.4845,0.0,0.0,41.0,9.049,3,image+text
synth_self_consistency_00242,self_consistency,What color is the background?,white,white | white | white,True,1.0,1.0,1.0,False,1,white,white,white,0.4917,0.1617,0.0,0.0,37.0,9.049,3,image+text
synth_self_consistency_00243,self_consistency,Is there a blue shape in this image?,yes,yes | yes | yes,True,1.0,1.0,1.0,False,1,yes,yes,yes,0.4859,0.1603,0.0,0.0,49.5,9.049,3,image+text
synth_self_consistency_00244,self_consistency,What color is the circle in this image?,a dark brownish yellow color,yellow | yellow | yellow,True,1.0,0.6667,0.6667,False,1,a dark brownish yellow color,yellow,black,0.7633,0.4363,0.0,0.0,48.5,9.049,3,image+text
synth_self_consistency_00245,self_consistency,What color is the circle?,a dark red circle,brown | brown | maroon,False,0.0,0.6667,0.6667,True,1,the adobe photoshop cs5 free download,a dark red circle,red,1.2251,0.7282,0.0,0.0,41.5,9.049,3,image+text
synth_self_consistency_00246,self_consistency,What color is the large rectangle?,a purple square,purple | purple | purple,True,1.0,0.6667,0.6667,False,1,a purple square,a square blue square,purple,0.801,0.2957,0.0,0.0,43.0,9.049,3,image+text
synth_self_consistency_00247,self_consistency,Is the background color light or dark?,light or dark,light | light | light,True,1.0,0.3333,0.3333,False,1,light or dark,the background is white,dark,0.7259,0.2649,0.0,0.0,41.0,9.049,3,image+text
synth_self_consistency_00248,self_consistency,Is the circle on the left or right side?,the left side,right | right | right,False,0.0,0.6667,0.6667,True,1,the right side,the left side,i s the blue circle on the left side,1.1223,0.2512,0.0,0.0,44.5,9.049,3,image+text
synth_self_consistency_00249,self_consistency,What color is the large rectangle?,white,white | white | white,True,1.0,1.0,1.0,False,1,white,it is white,white,0.5732,0.1611,0.0,0.0,37.0,9.049,3,image+text
synth_self_consistency_00250,self_consistency,Is the background color light or dark?,dark,dark | dark | dark,True,1.0,1.0,1.0,False,1,dark,dark,the background color is dark,0.6649,0.1616,0.0,0.0,47.0,9.049,3,image+text
synth_self_consistency_00251,self_consistency,What color is the large rectangle?,the large rectangle is brown,brown | brown | brown,True,1.0,0.6667,0.6667,False,1,the square is white,the large rectangle is brown,a brown color,0.9303,0.2947,0.0,0.0,45.0,9.049,3,image+text
synth_self_consistency_00252,self_consistency,Is the circle on the left or right side?,right side,right | right | right,True,1.0,0.3333,0.3333,False,1,right side,lon side,l,0.7959,0.2053,0.0,0.0,44.5,9.049,3,image+text
synth_self_consistency_00253,self_consistency,What color is the background?,navy blue,navy | dark blue | blue,True,0.6667,1.0,1.0,False,1,navy blue,navy blue,navy blue,0.6181,0.2057,0.0,0.0,43.5,9.049,3,image+text
synth_self_consistency_00254,self_consistency,What color is the large rectangle?,the big rectangle is green,green | green | green,True,1.0,1.0,1.0,False,1,the big rectangle is green,green,the square is green,0.8164,0.3353,0.0,0.0,47.0,9.049,3,image+text
synth_self_consistency_00255,self_consistency,Is there a blue shape in this image?,yes,yes | yes | yes,True,1.0,1.0,1.0,False,1,yes,yes,yes,0.4906,0.1628,0.0,0.0,39.0,9.049,3,image+text
synth_self_consistency_00256,self_consistency,What color is the circle in this image?,a yellow circle,yellow | yellow | yellow,True,1.0,0.6667,0.6667,False,1,a yellow circle,yellow,black,0.6227,0.2951,0.0,0.0,48.0,9.049,3,image+text
synth_self_consistency_00257,self_consistency,What color is the circle?,it's a blue circle,cyan | cyan | teal | teal,False,0.0,0.6667,0.6667,True,1,The circle is green,it's a blue circle,blue,0.8869,0.2954,0.0,0.0,48.0,9.049,3,image+text
synth_self_consistency_00258,self_consistency,Is the circle on the left or right side?,a circle on the left side,right | right | right,False,0.0,0.6667,0.6667,True,1,a circle on the left side,yes,is the circle on the left or right side,1.1201,0.4237,0.0,0.0,41.5,9.049,3,image+text
synth_self_consistency_00259,self_consistency,What color is the circle in this image?,yellow,yellow | yellow | yellow,True,1.0,0.6667,0.6667,False,1,yellow,a circle in this image,yellow,0.7109,0.1621,0.0,0.0,38.5,9.049,3,image+text
synth_self_consistency_00260,self_consistency,What color is the circle?,pink,pink | pink | pink,True,1.0,1.0,1.0,False,1,pink,pink color,pink,0.5367,0.1637,0.0,0.0,46.0,9.049,3,image+text
synth_self_consistency_00261,self_consistency,What color is the large rectangle?,yellow,yellow | yellow | yellow,True,1.0,0.6667,0.6667,False,1,the big rectangle,yellow,the large rectangle is yellow,0.7513,0.2508,0.0,0.0,46.5,9.049,3,image+text
synth_self_consistency_00262,self_consistency,What is the dominant color in this image?,a primary color,orange | orange | orange,False,0.0,0.3333,0.3333,False,1,a primary color,i have no idea,The dominant color in this image is orange,1.0996,0.2911,0.0,0.0,43.5,9.049,3,image+text
synth_self_consistency_00263,self_consistency,What color is the circle in this image?,red,red | red | red,True,1.0,1.0,1.0,False,1,red,red,red,0.4816,0.1597,0.0,0.0,46.0,9.049,3,image+text
synth_self_consistency_00264,self_consistency,What is the dominant color in this image?,the color blue,blue | blue | blue,True,1.0,0.6667,0.6667,False,1,the color blue,the bluest color,blue,0.7512,0.2523,0.0,0.0,48.5,9.049,3,image+text
synth_self_consistency_00265,self_consistency,What color is the circle?,greenish,olive | olive | brown,False,0.0,0.3333,0.3333,False,1,greenish,a green circle,blue,0.6783,0.2061,0.0,0.0,45.5,9.049,3,image+text
synth_self_consistency_00266,self_consistency,What color is the large rectangle?,purple,purple | purple | purple,True,1.0,0.6667,0.6667,False,1,purple,purple,a large rectangle,0.6172,0.1601,0.0,0.0,42.5,9.049,3,image+text
synth_self_consistency_00267,self_consistency,What color is the background?,white,white | white | white,True,1.0,1.0,1.0,False,1,white,the background is white,white,0.6154,0.1613,0.0,0.0,45.5,9.049,3,image+text
synth_self_consistency_00268,self_consistency,What color is the large rectangle?,purple,purple | purple | purple,True,1.0,1.0,1.0,False,1,purple,purple,the large rectangle is a purple color,0.8063,0.1592,0.0,0.0,45.5,9.049,3,image+text
synth_self_consistency_00269,self_consistency,Is there a blue shape in this image?,yes,yes | yes | yes,True,1.0,1.0,1.0,False,1,yes,yes,yes,0.4883,0.1617,0.0,0.0,37.0,9.049,3,image+text
synth_self_consistency_00270,self_consistency,What color is the large rectangle?,purple,purple | purple | purple,True,1.0,1.0,1.0,False,1,purple,purple,purple,0.4922,0.1687,0.0,0.0,50.0,9.049,3,image+text
synth_self_consistency_00271,self_consistency,What color is the large rectangle?,green,lime | lime | green,True,0.3333,0.6667,0.6667,False,1,a large rectangle,green,the large rectangle is green,0.7928,0.2906,0.0,0.0,47.5,9.049,3,image+text
synth_self_consistency_00272,self_consistency,What is the dominant color in this image?,brown is the dominant color in this image,brown | brown | brown,True,1.0,1.0,1.0,False,1,brown is the dominant color in this image,the brown color is the dominant color in this image,brown brown color brown brown color brown color brown color brown color brown color brown color brown color brown color brown color brown color brown color brown color brown color brown color brown color brown color brown color brown color brown color brown color brown color brown color brown color brown color brown color brown color brown color brown color brown color brown color,3.9666,0.4696,0.0,0.0,42.5,9.049,3,image+text
synth_self_consistency_00273,self_consistency,What color is the large rectangle?,blue,navy | dark blue | navy,True,0.3333,1.0,1.0,False,1,blue,khaki blue,navy navy blue,0.7341,0.1649,0.0,0.0,37.0,9.049,3,image+text
synth_self_consistency_00274,self_consistency,What color is the circle in this image?,yellow,yellow | yellow | yellow,True,1.0,0.6667,0.6667,False,1,yellow,yellow,white,0.4937,0.1674,0.0,0.0,46.0,9.049,3,image+text
synth_self_consistency_00275,self_consistency,What color is the large rectangle?,red,red | red | red,True,1.0,1.0,1.0,False,1,red,red color,red color is the large rectangle,0.7542,0.1629,0.0,0.0,47.5,9.049,3,image+text
synth_self_consistency_00276,self_consistency,What color is the large rectangle?,color is green,green | green | green,True,1.0,0.3333,0.3333,False,1,color is green,cyan,a large square,0.7436,0.2464,0.0,0.0,41.0,9.049,3,image+text
synth_self_consistency_00277,self_consistency,What is the dominant color in this image?,blue color,blue | blue | blue,True,1.0,1.0,1.0,False,1,blue color,blue color in this image,a b blue color,0.9251,0.2041,0.0,0.0,46.5,9.049,3,image+text
synth_self_consistency_00278,self_consistency,What is the dominant color in this image?,blue,blue | blue | blue,True,1.0,1.0,1.0,False,1,blue,blue,blue color is dominant in the image,0.7529,0.1635,0.0,0.0,41.5,9.049,3,image+text
synth_self_consistency_00279,self_consistency,Is the background color light or dark?,light background,light | light | light,True,1.0,0.6667,0.6667,False,1,white,light background,i have light,0.6958,0.1597,0.0,0.0,42.0,9.049,3,image+text
synth_self_consistency_00280,self_consistency,What is the dominant color in this image?,green is the dominant color,green | green | green,True,1.0,0.6667,0.6667,False,1,green is the dominant color,color is the dominant color in this image,the dominant color in this image is green,1.2818,0.3383,0.0,0.0,44.0,9.049,3,image+text
synth_self_consistency_00281,self_consistency,Is there a green shape in this image?,yes,no | no | no,False,0.0,0.6667,0.6667,True,1,no,yes,yes,0.498,0.1607,0.0,0.0,39.0,9.049,3,image+text
synth_self_consistency_00282,self_consistency,What color is the large rectangle?,blue color is the large rectangle,teal | teal | green,False,0.0,1.0,1.0,True,1,blue color is the large rectangle,the large rectangle is blue,the taiwan blue,1.1589,0.3853,0.0,0.0,47.0,9.049,3,image+text
synth_self_consistency_00283,self_consistency,What color is the background?,grey,gray | gray | grey,True,0.3333,1.0,1.0,False,1,grey,grey,grey,0.4836,0.1598,0.0,0.0,37.0,9.049,3,image+text
synth_self_consistency_00284,self_consistency,Is the background color light or dark?,the background is light,dark | dark | dark,False,0.0,0.3333,0.3333,False,1,the background is light,i think it's dark,dark grey,0.9287,0.2919,0.0,0.0,50.0,9.049,3,image+text
synth_self_consistency_00285,self_consistency,Is there a green shape in this image?,yes,yes | yes | yes,True,1.0,1.0,1.0,False,1,yes,yes,yes,0.4887,0.1623,0.0,0.0,46.0,9.049,3,image+text
synth_self_consistency_00286,self_consistency,Is there a blue shape in this image?,yes,yes | yes | yes,True,1.0,1.0,1.0,False,1,yes,yes,yes,0.4897,0.1626,0.0,0.0,50.5,9.049,3,image+text
synth_self_consistency_00287,self_consistency,Is the circle on the left or right side?,yes,right | right | right,False,0.0,0.3333,0.3333,False,1,yes,is the circle on the left or right side,no,0.9436,0.1709,0.0,0.0,47.5,9.049,3,image+text
synth_self_consistency_00288,self_consistency,What is the dominant color in this image?,a primary color in this image,orange | orange | orange,False,0.0,0.3333,0.3333,False,1,a primary color in this image,the dominant color in this image is orange,color of the background,1.1848,0.425,0.0,0.0,41.0,9.049,3,image+text
synth_self_consistency_00289,self_consistency,What color is the large rectangle?,green,lime | lime | green,True,0.3333,0.6667,0.6667,False,1,green,lime,green,0.4828,0.1599,0.0,0.0,44.5,9.049,3,image+text
synth_self_consistency_00290,self_consistency,Is there a red shape in this image?,yes,no | no | no,False,0.0,1.0,1.0,True,1,yes,yes,yes,0.4867,0.1608,0.0,0.0,48.0,9.049,3,image+text
synth_self_consistency_00291,self_consistency,Is the circle on the left or right side?,yes,right | right | right,False,0.0,0.3333,0.3333,False,1,yes,- right,is the circle on the left or right side,0.9556,0.1792,0.0,0.0,48.5,9.049,3,image+text
synth_self_consistency_00292,self_consistency,Is the background color light or dark?,dark,light | light | light,False,0.0,0.6667,0.6667,True,1,dark,a light color,dark,0.6238,0.1632,0.0,0.0,39.5,9.049,3,image+text
synth_self_consistency_00293,self_consistency,What color is the large rectangle?,the large rectangle is yellow,yellow | yellow | yellow,True,1.0,0.6667,0.6667,False,1,the color of the large rectangle,the large rectangle is yellow,the large rectangle is yellow,1.061,0.3832,0.0,0.0,46.0,9.049,3,image+text
synth_self_consistency_00294,self_consistency,What color is the small circle?,green,lime | lime | yellow-green,False,0.0,1.0,1.0,True,1,green,green,green,0.4838,0.1616,0.0,0.0,42.5,9.049,3,image+text
synth_self_consistency_00295,self_consistency,What color is the circle?,pink,pink | pink | pink,True,1.0,0.6667,0.6667,False,1,pink,red,a pink circle,0.616,0.1613,0.0,0.0,50.0,9.049,3,image+text
synth_self_consistency_00296,self_consistency,Is the circle on the left or right side?,i am left or right side,right | right | right,False,0.0,1.0,1.0,True,1,i am left or right side,Is the sphere on the left or right side,a circle is on the left side,1.509,0.4239,0.0,0.0,40.5,9.049,3,image+text
synth_self_consistency_00297,self_consistency,What color is the large rectangle?,the color is red,red | red | red,True,1.0,1.0,1.0,False,1,the color is red,the large rectangle is red,red,0.8046,0.2973,0.0,0.0,37.0,9.049,3,image+text
synth_self_consistency_00298,self_consistency,What is the dominant color in this image?,the dominant color in this image is blue,blue | blue | blue,True,1.0,1.0,1.0,False,1,the dominant color in this image is blue,a blueish blue tone,blue,1.0182,0.4717,0.0,0.0,37.0,9.049,3,image+text
synth_self_consistency_00299,self_consistency,What color is the large rectangle?,a large rectangle with a large yellow color,yellow | yellow | yellow,True,1.0,1.0,1.0,False,1,a large rectangle with a large yellow color,yellow color,the color of the large rectangle is yellow,1.2398,0.5608,0.0,0.0,37.0,9.049,3,image+text
synth_self_consistency_00300,self_consistency,What color is the circle in this image?,the color red,red | red | red,True,1.0,1.0,1.0,False,1,the color red,he red circle,red,0.7106,0.2501,0.0,0.0,45.5,9.049,3,image+text
synth_self_consistency_00301,self_consistency,What color is the large rectangle?,a red square,maroon | maroon | dark red,True,0.3333,0.6667,0.6667,False,1,a red square,it's a black square,red,0.8876,0.2954,0.0,0.0,41.0,9.049,3,image+text
synth_self_consistency_00302,self_consistency,Is there a red shape in this image?,yes,yes | yes | yes,True,1.0,1.0,1.0,False,1,yes,yes,yes,0.487,0.1616,0.0,0.0,41.5,9.049,3,image+text
synth_self_consistency_00303,self_consistency,What is the dominant color in this image?,the dominant color in this image is blue,navy | navy | blue | dark blue,True,0.6667,0.6667,0.6667,False,1,irst,the dominant color in this image is blue,blue is the dominant color in this image,1.2839,0.3366,0.0,0.0,50.0,9.049,3,image+text
synth_self_consistency_00304,self_consistency,What color is the circle?,green,olive | olive | brown,False,0.0,0.6667,0.6667,True,1,green,a green circle,the circle is blue,0.7638,0.1619,0.0,0.0,38.0,9.049,3,image+text
synth_self_consistency_00305,self_consistency,What is the dominant color in this image?,purple,purple | purple | purple,True,1.0,1.0,1.0,False,1,purple,purple,purple,0.4947,0.1675,0.0,0.0,43.0,9.049,3,image+text
synth_self_consistency_00306,self_consistency,Is the circle on the left or right side?,a circle on the left or right side,left | left | center,True,0.6667,0.6667,0.6667,False,1,a circle on the left or right side,is the circle on the left or right side,oblique,1.3235,0.516,0.0,0.0,43.5,9.049,3,image+text
synth_self_consistency_00307,self_consistency,What color is the large rectangle?,orange,orange | orange | orange,True,1.0,0.6667,0.6667,False,1,the color of the large rectangle,orange,a frankfurt orange color,1.0593,0.3809,0.0,0.0,45.5,9.049,3,image+text
synth_self_consistency_00308,self_consistency,What color is the large rectangle?,the color is white,white | white | white,True,1.0,1.0,1.0,False,1,the color is white,white,white,0.6272,0.2972,0.0,0.0,41.5,9.049,3,image+text
synth_self_consistency_00309,self_consistency,What color is the background?,white,white | white | white,True,1.0,1.0,1.0,False,1,white,white,white,0.4912,0.1626,0.0,0.0,49.0,9.049,3,image+text
synth_self_consistency_00310,self_consistency,What color is the background?,white,white | white | white,True,1.0,1.0,1.0,False,1,white,a white background,a white background,0.7625,0.1637,0.0,0.0,47.5,9.049,3,image+text
synth_self_consistency_00311,self_consistency,What color is the circle?,a red circle,maroon | dark red | red,True,0.6667,1.0,1.0,False,1,a red circle,red,the red circle,0.7162,0.3049,0.0,0.0,44.0,9.049,3,image+text
synth_self_consistency_00312,self_consistency,Is the circle on the left or right side?,the right side,right | right | right,True,1.0,0.3333,0.3333,False,1,the right side,l o r,Is the circle on the left or right side,1.1983,0.2484,0.0,0.0,47.0,9.049,3,image+text
synth_self_consistency_00313,self_consistency,What color is the large rectangle?,blue,blue | blue | blue,True,1.0,1.0,1.0,False,1,blue,the blue color,blue,0.5805,0.1614,0.0,0.0,36.0,9.049,3,image+text
synth_self_consistency_00314,self_consistency,What color is the large rectangle?,pink,pink | pink | pink,True,1.0,1.0,1.0,False,1,pink,a big pink rectangle,the color pink,0.7534,0.162,0.0,0.0,46.0,9.049,3,image+text
synth_self_consistency_00315,self_consistency,Is the background color light or dark?,dark or light,dark | dark | dark,True,1.0,0.6667,0.6667,False,1,dark or light,dark gray,dark,0.6197,0.2509,0.0,0.0,43.0,9.049,3,image+text
synth_self_consistency_00316,self_consistency,What color is the large rectangle?,the large rectangle is green,green | green | green,True,1.0,0.6667,0.6667,False,1,the large rectangle is green,a white square with green lettering,green,0.9891,0.339,0.0,0.0,47.5,9.049,3,image+text
synth_self_consistency_00317,self_consistency,What color is the large rectangle?,the large rectangle is pink,pink | pink | pink,True,1.0,0.6667,0.6667,False,1,the large rectangle is pink,pink color,a dark blue-purple shade,1.0175,0.3431,0.0,0.0,41.5,9.049,3,image+text
synth_self_consistency_00318,self_consistency,Is there a red shape in this image?,no,no | no | no,True,1.0,1.0,1.0,False,1,no,no,no,0.5067,0.1649,0.0,0.0,39.5,9.049,3,image+text
synth_self_consistency_00319,self_consistency,What is the dominant color in this image?,iris red,red | red | red,True,1.0,0.6667,0.6667,False,1,iris red,a striped background,red color,0.8866,0.3378,0.0,0.0,47.0,9.049,3,image+text
synth_self_consistency_00320,self_consistency,What color is the circle in this image?,yellow,yellow | yellow | yellow,True,1.0,0.6667,0.6667,False,1,a black circle,yellow,a yellow circle,0.7787,0.2948,0.0,0.0,41.5,9.049,3,image+text
synth_self_consistency_00321,self_consistency,What color is the circle?,the color is pink,pink | pink | pink,True,1.0,1.0,1.0,False,1,the color is pink,pink,a pink circle,0.7652,0.2976,0.0,0.0,45.0,9.049,3,image+text
synth_self_consistency_00322,self_consistency,What color is the large rectangle?,it is brown,brown | brown | brown,True,1.0,0.6667,0.6667,False,1,it is brown,the tan color is the largest rectangle,it is brown,1.0185,0.2523,0.0,0.0,42.5,9.049,3,image+text
synth_self_consistency_00323,self_consistency,What color is the circle?,red,maroon | dark red | red,True,0.6667,1.0,1.0,False,1,red,red,red,0.4878,0.1616,0.0,0.0,43.5,9.049,3,image+text
synth_self_consistency_00324,self_consistency,Is the circle on the left or right side?,a circle is on the left side,left | left | left,True,1.0,1.0,1.0,False,1,a circle is on the left side,if it is on the left side,left,1.0996,0.4658,0.0,0.0,43.5,9.049,3,image+text
synth_self_consistency_00325,self_consistency,What color is the large rectangle?,the square - color - green,green | green | green,True,1.0,1.0,1.0,False,1,the square - color - green,green,the color of the large rectangle is green,1.0979,0.4662,0.0,0.0,41.0,9.049,3,image+text
synth_self_consistency_00326,self_consistency,What is the dominant color in this image?,the dominant color in this image is purple,purple | purple | purple,True,1.0,0.6667,0.6667,False,1,i love you,the dominant color in this image is purple,purple,0.9411,0.2944,0.0,0.0,41.5,9.049,3,image+text
synth_self_consistency_00327,self_consistency,Is there a blue shape in this image?,yes,yes | yes | yes,True,1.0,1.0,1.0,False,1,yes,yes,yes,0.4886,0.1625,0.0,0.0,40.0,9.049,3,image+text
synth_self_consistency_00328,self_consistency,What color is the circle?,pink,pink | pink | pink,True,1.0,1.0,1.0,False,1,pink,pink,pink,0.4929,0.1639,0.0,0.0,51.0,9.049,3,image+text
synth_self_consistency_00329,self_consistency,What is the dominant color in this image?,a red dominated background,red | red | red,True,1.0,1.0,1.0,False,1,a red dominated background,a red color,a red colour,0.9915,0.381,0.0,0.0,45.0,9.049,3,image+text
synth_self_consistency_00330,self_consistency,What is the dominant color in this image?,a dark brown - dark brown,brown | brown | brown,True,1.0,1.0,1.0,False,1,a dark brown - dark brown,a color of a brown or dark brown,brown,1.196,0.4674,0.0,0.0,43.5,9.049,3,image+text
synth_self_consistency_00331,self_consistency,What is the dominant color in this image?,a dominant color in the image is orange,orange | orange | orange,True,1.0,0.6667,0.6667,False,1,a dominant color in the image is orange,a green background,orange is the dominant color in this image,1.2927,0.519,0.0,0.0,36.5,9.049,3,image+text
synth_self_consistency_00332,self_consistency,Is the background color light or dark?,dark black,dark | dark | dark,False,0.0,0.6667,0.6667,True,1,dark black,dark black background,the background color is dark,0.8446,0.2165,0.0,0.0,41.5,9.049,3,image+text
synth_self_consistency_00333,self_consistency,What color is the circle?,the red circle,brown | brown | maroon,False,0.0,0.6667,0.6667,True,1,the red circle,burgundy,a red circle,0.8429,0.2499,0.0,0.0,44.5,9.049,3,image+text
synth_self_consistency_00334,self_consistency,What color is the background?,blue,blue | blue | blue,True,1.0,1.0,1.0,False,1,blue,blue,blue,0.509,0.1678,0.0,0.0,43.0,9.049,3,image+text
synth_self_consistency_00335,self_consistency,Is there a green shape in this image?,yes,yes | yes | yes,True,1.0,1.0,1.0,False,1,yes,yes,yes,0.4837,0.1609,0.0,0.0,47.0,9.049,3,image+text
synth_self_consistency_00336,self_consistency,What color is the large rectangle?,green,olive | olive | dark yellow,False,0.0,0.6667,0.6667,True,1,green,olive,green,0.4823,0.1592,0.0,0.0,49.5,9.049,3,image+text
synth_self_consistency_00337,self_consistency,Is there a green shape in this image?,yes,yes | yes | yes,True,1.0,1.0,1.0,False,1,yes,yes,yes,0.51,0.1792,0.0,0.0,49.5,9.049,3,image+text
synth_self_consistency_00338,self_consistency,Is the circle on the left or right side?,the left side,left | left | left,True,1.0,0.6667,0.6667,False,1,the left side,a blue circle on the left side,o left,0.9748,0.2536,0.0,0.0,48.5,9.049,3,image+text
synth_self_consistency_00339,self_consistency,Is the circle on the left or right side?,a circle is on the left side,left | left | left,True,1.0,0.6667,0.6667,False,1,a circle is on the left side,o s o s,is the circle on the left or right side,1.444,0.4703,0.0,0.0,43.5,9.049,3,image+text
synth_self_consistency_00340,self_consistency,What color is the large rectangle?,the color yellow,yellow | yellow | yellow,True,1.0,0.6667,0.6667,False,1,a large square,the color yellow,yellow,0.7114,0.2948,0.0,0.0,39.0,9.049,3,image+text
synth_self_consistency_00341,self_consistency,What color is the small circle?,green,olive | olive | green,True,0.3333,1.0,1.0,False,1,green,green,green,0.5159,0.1627,0.0,0.0,46.0,9.049,3,image+text
synth_self_consistency_00342,self_consistency,Is the circle on the left or right side?,e o,right | right | right,False,0.0,0.3333,0.3333,False,1,e o,Is the circle on the left or right side,no,1.0156,0.2899,0.0,0.0,44.5,9.049,3,image+text
synth_self_consistency_00343,self_consistency,Is the background color light or dark?,dark background,dark | dark | dark,True,1.0,1.0,1.0,False,1,dark background,dark,dark,0.5349,0.2065,0.0,0.0,40.5,9.049,3,image+text
synth_self_consistency_00344,self_consistency,Is the circle on the left or right side?,s a red circle on the left side,left | left | center,True,0.6667,0.6667,0.6667,False,1,s a red circle on the left side,a red circle is on the left side,a circle is on the left side,1.5698,0.5627,0.0,0.0,43.0,9.049,3,image+text
synth_self_consistency_00345,self_consistency,What is the dominant color in this image?,the dominant color in this image is blue,teal | teal | cyan | blue-green,False,0.0,0.6667,0.6667,True,1,turquoise color is the dominant color in this image,the dominant color in this image is blue,a dark blue background,1.3459,0.5077,0.0,0.0,36.5,9.049,3,image+text
synth_self_consistency_00346,self_consistency,What is the dominant color in this image?,the dominant color in this image is red,red | red | red,True,1.0,1.0,1.0,False,1,the dominant color in this image is red,red,red is the dominant color in this image,1.0984,0.4671,0.0,0.0,41.0,9.049,3,image+text
synth_self_consistency_00347,self_consistency,What color is the large rectangle?,the large rectangle is green,green | green | green,True,1.0,0.3333,0.3333,False,1,the large rectangle is green,the large rectangle,the smallest square in the rectangle,1.032,0.3513,0.0,0.0,39.5,9.049,3,image+text
synth_self_consistency_00348,self_consistency,Is there a red shape in this image?,yes,yes | yes | yes,True,1.0,1.0,1.0,False,1,yes,yes,yes,0.4895,0.1627,0.0,0.0,41.5,9.049,3,image+text
synth_self_consistency_00349,self_consistency,What color is the large rectangle?,white,white | white | white,True,1.0,1.0,1.0,False,1,white,white,a white rectangle,0.6133,0.1602,0.0,0.0,49.0,9.049,3,image+text
synth_self_consistency_00350,self_consistency,What color is the large rectangle?,green,olive | olive | dark yellow,False,0.0,0.6667,0.6667,True,1,green,a cyan color,a green square,0.7971,0.1609,0.0,0.0,47.5,9.049,3,image+text
synth_self_consistency_00351,self_consistency,What color is the background?,gray,gray | gray | grey,True,0.6667,0.3333,0.3333,False,1,gray,the background is a light blue,grey,0.7495,0.1619,0.0,0.0,46.0,9.049,3,image+text
synth_self_consistency_00352,self_consistency,What color is the circle?,red,brown | brown | maroon,False,0.0,1.0,1.0,True,1,red,the circle is red,the circle is red,0.7483,0.1594,0.0,0.0,42.0,9.049,3,image+text
synth_self_consistency_00353,self_consistency,What color is the large rectangle?,the color is green,green | green | green,True,1.0,1.0,1.0,False,1,the color is green,the big rectangle is green,green,0.8137,0.2986,0.0,0.0,45.5,9.049,3,image+text
synth_self_consistency_00354,self_consistency,Is the background color light or dark?,dark background,light | light | light,False,0.0,0.6667,0.6667,True,1,no,dark background,dark,0.5374,0.1677,0.0,0.0,40.5,9.049,3,image+text
synth_self_consistency_00355,self_consistency,What color is the circle?,a red circle,maroon | dark red | red,True,0.6667,0.6667,0.6667,False,1,a red circle,a black circle,a red circle,0.9135,0.2974,0.0,0.0,44.0,9.049,3,image+text
synth_self_consistency_00356,self_consistency,Is there a red shape in this image?,yes,no | no | no,False,0.0,0.6667,0.6667,True,1,yes,no,yes,0.4878,0.1614,0.0,0.0,44.0,9.049,3,image+text
synth_self_consistency_00357,self_consistency,Is there a blue shape in this image?,yes,no | no | no,False,0.0,1.0,1.0,True,1,yes,yes,yes,0.4878,0.1622,0.0,0.0,49.0,9.049,3,image+text
synth_self_consistency_00358,self_consistency,Is the circle on the left or right side?,left or right,left | left | left,True,1.0,0.6667,0.6667,False,1,left or right,o left,a blue circle,0.7945,0.2492,0.0,0.0,48.0,9.049,3,image+text
synth_self_consistency_00359,self_consistency,What color is the large rectangle?,blue,teal | teal | green,False,0.0,0.6667,0.6667,True,1,blue,it's blue,a large rectangle,0.7511,0.1611,0.0,0.0,41.5,9.049,3,image+text
synth_self_consistency_00360,self_consistency,What is the dominant color in this image?,brown,brown | brown | brown,True,1.0,0.6667,0.6667,False,1,brown,a dominant color is brown,a neutral color that blends with other colors,1.1205,0.1696,0.0,0.0,43.0,9.049,3,image+text
synth_self_consistency_00361,self_consistency,What is the dominant color in this image?,a dark color that catches the eye,maroon | maroon | dark red,False,0.0,0.3333,0.3333,False,1,a dark color that catches the eye,a black t-shirt with a black polo shirt,red,1.4452,0.5123,0.0,0.0,37.5,9.049,3,image+text
synth_self_consistency_00362,self_consistency,Is the circle on the left or right side?,a blue circle,right | right | right,False,0.0,0.3333,0.3333,False,1,a blue circle,right,e if the circle is on the left side,1.0604,0.2938,0.0,0.0,44.5,9.049,3,image+text
synth_self_consistency_00363,self_consistency,What color is the large rectangle?,yellow,yellow | yellow | yellow,True,1.0,1.0,1.0,False,1,yellow,color is yellow,yellow,0.5791,0.1618,0.0,0.0,37.0,9.049,3,image+text
synth_self_consistency_00364,self_consistency,What color is the large rectangle?,blue,blue | blue | blue,True,1.0,1.0,1.0,False,1,blue,blue,the large rectangle is blue,0.6694,0.1626,0.0,0.0,45.5,9.049,3,image+text
synth_self_consistency_00365,self_consistency,What is the dominant color in this image?,a dominant color in this image is dark green,olive | olive | green | dark green,True,0.6667,1.0,1.0,False,1,a dominant color in this image is dark green,the dominant color in this image is dark green,olive green is the dominant color in this image,1.5953,0.5567,0.0,0.0,38.0,9.049,3,image+text
synth_self_consistency_00366,self_consistency,What is the dominant color in this image?,blue,blue | blue | blue,True,1.0,1.0,1.0,False,1,blue,blue,blue,0.5024,0.1767,0.0,0.0,40.0,9.049,3,image+text
synth_self_consistency_00367,self_consistency,What color is the circle?,pink,pink | pink | pink,True,1.0,1.0,1.0,False,1,pink,pink,pink,0.4896,0.1628,0.0,0.0,47.5,9.049,3,image+text
synth_self_consistency_00368,self_consistency,What color is the large rectangle?,The color is pink,pink | pink | pink,True,1.0,1.0,1.0,False,1,The color is pink,color pink,a pink color is the large rectangle,0.9707,0.2939,0.0,0.0,49.0,9.049,3,image+text
synth_self_consistency_00369,self_consistency,Is the circle on the left or right side?,is the circle on the left or right side?,left | left | center,True,0.6667,1.0,1.0,False,1,is the circle on the left or right side?,if the circle is on the left or right side,a circle is on the left side,1.6258,0.5526,0.0,0.0,37.0,9.049,3,image+text
synth_self_consistency_00370,self_consistency,Is the background color light or dark?,the background is light,light | light | light,True,1.0,0.3333,0.3333,False,1,the background is light,white,black background,0.6759,0.3057,0.0,0.0,40.5,9.049,3,image+text
synth_self_consistency_00371,self_consistency,What is the dominant color in this image?,a dominant color in this image,purple | purple | purple,False,0.0,0.3333,0.3333,False,1,a dominant color in this image,a color that is dominant in the image,a shade of purple is the dominant color in this image,1.6153,0.4415,0.0,0.0,44.5,9.049,3,image+text
synth_self_consistency_00372,self_consistency,What color is the background?,blue,blue | blue | blue,True,1.0,1.0,1.0,False,1,blue,blue,blue,0.4833,0.1596,0.0,0.0,40.5,9.049,3,image+text
synth_self_consistency_00373,self_consistency,What color is the large rectangle?,brown color,brown | brown | brown,True,1.0,1.0,1.0,False,1,brown color,brown color,brown color,0.6207,0.2061,0.0,0.0,49.0,9.049,3,image+text
synth_self_consistency_00374,self_consistency,What is the dominant color in this image?,green is the dominant color in this image,green | green | green,True,1.0,0.6667,0.6667,False,1,green is the dominant color in this image,a green background,color,0.9367,0.4758,0.0,0.0,42.0,9.049,3,image+text
synth_self_consistency_00375,self_consistency,What is the dominant color in this image?,a brownish brownish brown,brown | brown | brown,True,1.0,1.0,1.0,False,1,a brownish brownish brown,brown - color brown color brown color brown color brown color brown color brown color brown color brown color brown color brown color brown color brown color brown color brown color brown color brown color brown color brown color brown color brown color brown color brown color brown color brown color brown color brown color brown color brown color brown color brown color,brown is the dominant color in this image,3.8341,0.4279,0.0,0.0,41.0,9.049,3,image+text
synth_self_consistency_00376,self_consistency,What color is the large rectangle?,brown color,brown | brown | brown,True,1.0,0.6667,0.6667,False,1,brown color,brown color,the color of the large rectangle,0.8043,0.2091,0.0,0.0,39.0,9.049,3,image+text
synth_self_consistency_00377,self_consistency,What is the dominant color in this image?,"green, light green, light green, light green, light green, light green, light green, light green, light green, light green, dark green, dark green, dark green, light green, light green, dark green, dark green, dark green, light green, light green, light green, light green",olive | olive | green | dark green,True,0.6667,0.6667,0.6667,False,1,"green, light green, light green, light green, light green, light green, light green, light green, light green, light green, dark green, dark green, dark green, light green, light green, dark green, dark green, dark green, light green, light green, light green, light green",the dominant color in this image is green,a black background,3.7711,2.9934,0.0,0.0,41.5,9.049,3,image+text
synth_self_consistency_00378,self_consistency,What color is the small circle?,green,lime | lime | yellow-green,False,0.0,0.6667,0.6667,True,1,green,green,lime,0.5053,0.1649,0.0,0.0,41.0,9.049,3,image+text
synth_self_consistency_00379,self_consistency,What is the dominant color in this image?,blue color is dominant in this image,blue | blue | blue,True,1.0,1.0,1.0,False,1,blue color is dominant in this image,blue is the dominant color,a blue sky and the white sky,1.2316,0.4211,0.0,0.0,43.0,9.049,3,image+text
synth_self_consistency_00380,self_consistency,Is the circle on the left or right side?,is the circle on the left or right side,right | right | right,False,0.0,0.6667,0.6667,True,1,a blue circle on the left side,is the circle on the left or right side,a circle on the left side,1.4063,0.4708,0.0,0.0,39.0,9.049,3,image+text
synth_self_consistency_00381,self_consistency,Is there a blue shape in this image?,no,no | no | no,True,1.0,0.6667,0.6667,False,1,yes,no,no,0.5011,0.1704,0.0,0.0,40.0,9.049,3,image+text
synth_self_consistency_00382,self_consistency,Is the circle on the left or right side?,"if the circle is on the left side, i would say left",right | right | right,False,0.0,0.6667,0.6667,True,1,"if the circle is on the left side, i would say left",a circle is on the left side,a blue circle,1.5669,0.7918,0.0,0.0,41.5,9.049,3,image+text
synth_self_consistency_00383,self_consistency,Is there a red shape in this image?,yes,yes | yes | yes,True,1.0,1.0,1.0,False,1,yes,yes,yes,0.4844,0.1599,0.0,0.0,40.5,9.049,3,image+text
synth_self_consistency_00384,self_consistency,Is the circle on the left or right side?,i is on the right side,right | right | right,True,1.0,0.6667,0.6667,False,1,i is on the right side,a right side,,0.9177,0.421,0.0,0.0,43.5,9.049,3,image+text
synth_self_consistency_00385,self_consistency,What color is the large rectangle?,cyan,pink | pink | pink,False,0.0,0.3333,0.3333,False,1,cyan,a pink color,a square,0.7485,0.2039,0.0,0.0,42.5,9.049,3,image+text
synth_self_consistency_00386,self_consistency,What color is the large rectangle?,the large rectangle is the color blue,teal | teal | green,False,0.0,0.6667,0.6667,True,1,the large rectangle is the color blue,a blue color,teal,1.0185,0.4254,0.0,0.0,45.0,9.049,3,image+text
synth_self_consistency_00387,self_consistency,What color is the circle in this image?,red,red | red | red,True,1.0,1.0,1.0,False,1,red,red,red,0.4876,0.1615,0.0,0.0,43.0,9.049,3,image+text
synth_self_consistency_00388,self_consistency,What is the dominant color in this image?,cyan cyan cyan blue,cyan | cyan | blue,True,0.6667,1.0,1.0,False,1,cyan cyan cyan blue,cyan is the dominant color in this image,"cyan blue, blue, blue, blue, blue, blue, blue, blue, blue, blue, blue, blue, blue, blue, blue, blue, blue, blue, blue, blue, blue, blue, blue, blue, blue, blue, blue, blue, blue, blue, blue,",3.9628,0.4291,0.0,0.0,48.0,9.049,3,image+text
synth_self_consistency_00389,self_consistency,Is there a green shape in this image?,yes,yes | yes | yes,True,1.0,1.0,1.0,False,1,yes,yes,yes,0.4899,0.1631,0.0,0.0,37.0,9.049,3,image+text
synth_self_consistency_00390,self_consistency,Is the circle on the left or right side?,,left | left | left,False,0.0,0.3333,0.3333,False,1,,a square is the left side,right side,0.8318,0.2048,0.0,0.0,50.0,9.049,3,image+text
synth_self_consistency_00391,self_consistency,Is there a blue shape in this image?,yes,no | no | no,False,0.0,1.0,1.0,True,1,yes,yes,yes,0.4893,0.1618,0.0,0.0,43.5,9.049,3,image+text
synth_self_consistency_00392,self_consistency,What color is the large rectangle?,brown,brown | brown | brown,True,1.0,0.6667,0.6667,False,1,brown,the large rectangle is white,the large rectangle is brown,0.8307,0.1586,0.0,0.0,50.0,9.049,3,image+text
synth_self_consistency_00393,self_consistency,What is the dominant color in this image?,red is the dominant color in this image,red | red | red,True,1.0,1.0,1.0,False,1,red is the dominant color in this image,red,a red background,0.9195,0.4641,0.0,0.0,41.0,9.049,3,image+text
synth_self_consistency_00394,self_consistency,Is the background color light or dark?,a light blue background,light | light | medium,False,0.0,1.0,1.0,True,1,a light blue background,the background color is light blue,blue,0.8727,0.3334,0.0,0.0,48.5,9.049,3,image+text
synth_self_consistency_00395,self_consistency,What color is the circle?,the circle is red,maroon | dark red | red,True,0.6667,1.0,1.0,False,1,the circle is red,the circle is red,red,0.7572,0.297,0.0,0.0,46.5,9.049,3,image+text
synth_self_consistency_00396,self_consistency,What color is the background?,blue,blue | blue | blue,True,1.0,1.0,1.0,False,1,blue,blue,blue,0.4877,0.1624,0.0,0.0,45.0,9.049,3,image+text
synth_self_consistency_00397,self_consistency,Is there a red shape in this image?,yes,no | no | no,False,0.0,1.0,1.0,True,1,yes,yes,yes,0.4822,0.16,0.0,0.0,49.5,9.049,3,image+text
synth_self_consistency_00398,self_consistency,What is the dominant color in this image?,a green color,green | green | green,True,1.0,0.6667,0.6667,False,1,a green color,The dominant color in this image is green,a blue color dominates the scene,1.2391,0.2956,0.0,0.0,48.0,9.049,3,image+text
synth_self_consistency_00399,self_consistency,What color is the background?,blue bg,blue | blue | blue,True,1.0,1.0,1.0,False,1,blue bg,blue,blue,0.6184,0.2956,0.0,0.0,41.0,9.049,3,image+text
synth_self_consistency_00400,self_consistency,What color is the large rectangle?,a dark green color,olive | olive | dark yellow,False,0.0,1.0,1.0,True,1,a dark green color,green,a green square,0.7925,0.3341,0.0,0.0,48.5,9.049,3,image+text
synth_self_consistency_00401,self_consistency,What color is the circle?,a green circle,olive | olive | brown,False,0.0,0.6667,0.6667,True,1,blue,a green circle,green,0.6253,0.1621,0.0,0.0,45.5,9.049,3,image+text
synth_self_consistency_00402,self_consistency,Is the background color light or dark?,a light color,light | light | light,True,1.0,0.6667,0.6667,False,1,a light color,dark,light or dark,0.6984,0.2897,0.0,0.0,47.0,9.049,3,image+text
synth_self_consistency_00403,self_consistency,Is the circle on the left or right side?,yes,right | right | right,False,0.0,0.3333,0.3333,False,1,yes,is the circle on the left or right side?,a blue circle,1.0119,0.1615,0.0,0.0,47.5,9.049,3,image+text
synth_self_consistency_00404,self_consistency,What color is the large rectangle?,a large square,brown | brown | brown,False,0.0,0.3333,0.3333,False,1,a large square,a large rectangle is white,brown,0.8366,0.2936,0.0,0.0,45.5,9.049,3,image+text
synth_self_consistency_00405,self_consistency,What color is the circle in this image?,blue,blue | blue | blue,True,1.0,1.0,1.0,False,1,blue,a blue circle,blue,0.6225,0.1617,0.0,0.0,42.0,9.049,3,image+text
synth_self_consistency_00406,self_consistency,What is the dominant color in this image?,yellow,yellow | yellow | yellow,True,1.0,1.0,1.0,False,1,yellow,the dominant color in this image is yellow,yellow color,0.8445,0.1625,0.0,0.0,45.5,9.049,3,image+text
synth_self_consistency_00407,self_consistency,What color is the background?,blue,blue | blue | blue,True,1.0,1.0,1.0,False,1,blue,blue,blue,0.4862,0.1601,0.0,0.0,47.0,9.049,3,image+text
synth_self_consistency_00408,self_consistency,Is the background color light or dark?,dark,dark | dark | dark,True,1.0,1.0,1.0,False,1,dark,a dark background,dark,0.623,0.1621,0.0,0.0,48.0,9.049,3,image+text
synth_self_consistency_00409,self_consistency,What color is the large rectangle?,color of the large rectangle,brown | brown | brown,False,0.0,0.6667,0.6667,True,1,color of the rectangle,color of the large rectangle,the color of the large rectangle,1.0436,0.3145,0.0,0.0,43.5,9.049,3,image+text
synth_self_consistency_00410,self_consistency,What color is the background?,navy blue,navy | dark blue | blue,True,0.6667,1.0,1.0,False,1,navy blue,blue,navy blue,0.5835,0.2144,0.0,0.0,41.5,9.049,3,image+text
synth_self_consistency_00411,self_consistency,What color is the large rectangle?,the color of the large rectangle is blue,teal | teal | green,False,0.0,1.0,1.0,True,1,the color of the large rectangle is blue,the smallest rectangle is blue,the large rectangle is blue,1.1932,0.4702,0.0,0.0,41.5,9.049,3,image+text
synth_self_consistency_00412,self_consistency,Is the circle on the left or right side?,left left side,left | left | left,True,1.0,0.6667,0.6667,False,1,left left side,yes,the left side,0.6614,0.2484,0.0,0.0,42.0,9.049,3,image+text
synth_self_consistency_00413,self_consistency,Is the background color light or dark?,dark dark color,dark | dark | dark,True,1.0,1.0,1.0,False,1,dark dark color,dark dark or dark,dark,0.7203,0.2665,0.0,0.0,46.5,9.049,3,image+text
synth_self_consistency_00414,self_consistency,What is the dominant color in this image?,a yellowish yellow color is the dominant color in this image,yellow | yellow | yellow,True,1.0,0.6667,0.6667,False,1,a yellowish yellow color is the dominant color in this image,a yellowish orange color is dominant in this image,yellow color,1.5027,0.6857,0.0,0.0,40.5,9.049,3,image+text
synth_self_consistency_00415,self_consistency,What color is the background?,a blue background,blue | blue | blue,True,1.0,1.0,1.0,False,1,a blue background,blue,blue,0.6233,0.3,0.0,0.0,40.0,9.049,3,image+text
synth_self_consistency_00416,self_consistency,What is the dominant color in this image?,the prevailing color is yellow,yellow | yellow | yellow,True,1.0,0.6667,0.6667,False,1,a yellowish brown color,the prevailing color is yellow,yellow is the most dominant color in this image,1.275,0.3764,0.0,0.0,45.0,9.049,3,image+text
synth_self_consistency_00417,self_consistency,What is the dominant color in this image?,a blue background with a white sky,teal | teal | cyan | blue-green,False,0.0,0.6667,0.6667,True,1,a blue background with a white sky,a dark blue color with a slight hint of green,teal taal teal taal taal taal taal taal taal,2.8982,0.5409,0.0,0.0,35.0,9.049,3,image+text
synth_self_consistency_00418,self_consistency,What color is the large rectangle?,the green color,olive | olive | dark yellow,False,0.0,1.0,1.0,True,1,the green color,it's green,The color is olive green,0.8964,0.2472,0.0,0.0,41.0,9.049,3,image+text
synth_self_consistency_00419,self_consistency,What color is the large rectangle?,a orange large rectangle,orange | orange | orange,True,1.0,0.6667,0.6667,False,1,a orange large rectangle,it's the color of a large rectangle,the large rectangle is orange,1.2464,0.3381,0.0,0.0,47.0,9.049,3,image+text
synth_self_consistency_00420,self_consistency,Is there a purple shape in this image?,yes,no | no | no,False,0.0,1.0,1.0,True,1,yes,yes,yes,0.4886,0.1628,0.0,0.0,41.0,9.049,3,image+text
synth_self_consistency_00421,self_consistency,What color is the large rectangle?,it is yellow,yellow | yellow | yellow,True,1.0,0.6667,0.6667,False,1,it is yellow,yellow,blue,0.5754,0.2492,0.0,0.0,49.0,9.049,3,image+text
synth_self_consistency_00422,self_consistency,What color is the large rectangle?,color of the large rectangle,teal | teal | green,False,0.0,0.3333,0.3333,False,1,color of the large rectangle,a large square in the middle,teal color is the large rectangle,1.2892,0.3455,0.0,0.0,49.5,9.049,3,image+text
synth_self_consistency_00423,self_consistency,What color is the background?,white,cream | white | beige,True,0.3333,0.3333,0.3333,False,1,white,a light yellow,a black background,0.7426,0.1596,0.0,0.0,37.0,9.049,3,image+text
synth_self_consistency_00424,self_consistency,What color is the circle in this image?,red,red | red | red,True,1.0,1.0,1.0,False,1,red,red,red,0.4786,0.1587,0.0,0.0,44.0,9.049,3,image+text
synth_self_consistency_00425,self_consistency,What color is the large rectangle?,red,red | red | red,True,1.0,1.0,1.0,False,1,red,the color is red,red,0.61,0.1593,0.0,0.0,50.0,9.049,3,image+text
synth_self_consistency_00426,self_consistency,What color is the circle in this image?,yellow,yellow | yellow | yellow,True,1.0,0.6667,0.6667,False,1,the circle is black,yellow,yellow,0.6175,0.2919,0.0,0.0,47.0,9.049,3,image+text
synth_self_consistency_00427,self_consistency,What is the dominant color in this image?,a red orange yellow yellow color,orange | orange | orange,False,0.0,0.3333,0.3333,False,1,a red orange yellow yellow color,a dark blue color dominates the image,a color of orange or yellow,1.3818,0.4426,0.0,0.0,41.5,9.049,3,image+text
synth_self_consistency_00428,self_consistency,What color is the large rectangle?,blue,blue | blue | blue,True,1.0,1.0,1.0,False,1,blue,blue,blue,0.4884,0.162,0.0,0.0,42.0,9.049,3,image+text
synth_self_consistency_00429,self_consistency,What color is the large rectangle?,he blue color,blue | blue | blue,True,1.0,1.0,1.0,False,1,he blue color,blue,the square is blue,0.7497,0.294,0.0,0.0,50.0,9.049,3,image+text
synth_self_consistency_00430,self_consistency,What color is the circle?,red,maroon | dark red | red,True,0.6667,0.6667,0.6667,False,1,white,red,red,0.4824,0.1601,0.0,0.0,47.5,9.049,3,image+text
synth_self_consistency_00431,self_consistency,Is the circle on the left or right side?,a circle is on the left side,left | left | center,True,0.6667,1.0,1.0,False,1,a circle is on the left side,a circle is on the left side,the circle is on the left or right side,1.5481,0.4667,0.0,0.0,45.5,9.049,3,image+text
synth_self_consistency_00432,self_consistency,What is the dominant color in this image?,the dominant color in this image is purple,purple | purple | purple,True,1.0,0.3333,0.3333,False,1,the dominant color in this image is purple,a white - purple color scheme,a purple-yellow color dominates this image,1.5756,0.4622,0.0,0.0,38.0,9.049,3,image+text
synth_self_consistency_00433,self_consistency,Is there a red shape in this image?,yes,no | no | no,False,0.0,0.6667,0.6667,True,1,yes,no,yes,0.4879,0.1612,0.0,0.0,37.0,9.049,3,image+text
synth_self_consistency_00434,self_consistency,What color is the circle in this image?,blue,blue | blue | blue,True,1.0,1.0,1.0,False,1,blue,a blue circle,blue,0.6144,0.1615,0.0,0.0,48.0,9.049,3,image+text
synth_self_consistency_00435,self_consistency,What color is the circle in this image?,red,red | red | red,True,1.0,1.0,1.0,False,1,red,a red circle with white letters,red,0.764,0.1701,0.0,0.0,44.5,9.049,3,image+text
synth_self_consistency_00436,self_consistency,What is the dominant color in this image?,a red background,red | red | red,True,1.0,0.6667,0.6667,False,1,the main color in this image,a red background,red,0.8644,0.4128,0.0,0.0,39.0,9.049,3,image+text
synth_self_consistency_00437,self_consistency,What color is the large rectangle?,red,red | red | red,True,1.0,1.0,1.0,False,1,red,the large rectangle is red,red,0.6568,0.1589,0.0,0.0,45.5,9.049,3,image+text
synth_self_consistency_00438,self_consistency,What color is the circle in this image?,blue,blue | blue | blue,True,1.0,1.0,1.0,False,1,blue,blue,blue,0.489,0.1615,0.0,0.0,44.0,9.049,3,image+text
synth_self_consistency_00439,self_consistency,Is the background color light or dark?,dark blue,dark | dark | dark,False,0.0,0.6667,0.6667,True,1,dark,dark blue,a dark blue background,0.7119,0.1644,0.0,0.0,48.0,9.049,3,image+text
synth_self_consistency_00440,self_consistency,What color is the circle in this image?,red,red | red | red,True,1.0,1.0,1.0,False,1,red,the red ring,red,0.6279,0.1616,0.0,0.0,44.0,9.049,3,image+text
synth_self_consistency_00441,self_consistency,What color is the large rectangle?,the large rectangle is blue,blue | blue | blue,True,1.0,1.0,1.0,False,1,the large rectangle is blue,blue,blue,0.6679,0.3418,0.0,0.0,41.5,9.049,3,image+text
synth_self_consistency_00442,self_consistency,What is the dominant color in this image?,red,red | red | red,True,1.0,1.0,1.0,False,1,red,red is the dominant color in this image,red,0.7932,0.1613,0.0,0.0,48.0,9.049,3,image+text
synth_self_consistency_00443,self_consistency,What color is the large rectangle?,green,olive | olive | dark yellow,False,0.0,0.6667,0.6667,True,1,the largest rectangle is orange,green,a green rectangle,0.794,0.3355,0.0,0.0,40.5,9.049,3,image+text
synth_self_consistency_00444,self_consistency,Is the background color light or dark?,dark dark dark dark dark dark dark dark dark dark dark dark dark dark dark dark dark dark dark dark dark dark dark dark dark dark dark dark dark dark dark dark dark dark dark dark dark dark dark dark dark dark dark dark dark dark dark dark dark dark dark dark dark dark dark dark dark dark dark dark dark dark dark dark,dark | dark | medium,True,0.6667,1.0,1.0,False,1,dark dark dark dark dark dark dark dark dark dark dark dark dark dark dark dark dark dark dark dark dark dark dark dark dark dark dark dark dark dark dark dark dark dark dark dark dark dark dark dark dark dark dark dark dark dark dark dark dark dark dark dark dark dark dark dark dark dark dark dark dark dark dark dark,dark,dark,3.2639,2.9375,0.0,0.0,42.5,9.049,3,image+text
synth_self_consistency_00445,self_consistency,What is the dominant color in this image?,the dominant color in this image is green,green | green | green,True,1.0,0.3333,0.3333,False,1,the dominant color in this image is green,color schemes for interior design,a yellow background,1.1053,0.471,0.0,0.0,41.0,9.049,3,image+text
synth_self_consistency_00446,self_consistency,Is the background color light or dark?,dark background,dark | dark | dark,True,1.0,1.0,1.0,False,1,dark background,a dark background,dark background,0.7087,0.2051,0.0,0.0,45.0,9.049,3,image+text
synth_self_consistency_00447,self_consistency,What color is the background?,white,white | white | white,True,1.0,1.0,1.0,False,1,white,white,white,0.4891,0.1626,0.0,0.0,44.5,9.049,3,image+text
synth_self_consistency_00448,self_consistency,What is the dominant color in this image?,yellow is the most dominant color in this image,yellow | yellow | yellow,True,1.0,1.0,1.0,False,1,yellow is the most dominant color in this image,"yellow, yellow color, yellow color","yellow, yellow, yellow, yellow, yellow, yellow, yellow, yellow, yellow",1.8058,0.5125,0.0,0.0,43.0,9.049,3,image+text
synth_self_consistency_00449,self_consistency,What color is the circle in this image?,a circle of yellow,yellow | yellow | yellow,True,1.0,0.6667,0.6667,False,1,red,a circle of yellow,yellow,0.6626,0.1607,0.0,0.0,39.5,9.049,3,image+text
synth_self_consistency_00450,self_consistency,What color is the small circle?,the small circle is green,olive | olive | green,True,0.3333,0.6667,0.6667,False,1,the small circle is green,a small black circle,green,0.842,0.3385,0.0,0.0,42.5,9.049,3,image+text
synth_self_consistency_00451,self_consistency,What is the dominant color in this image?,the dominant color in this image is blue,navy | navy | blue | dark blue,True,0.6667,1.0,1.0,False,1,the dominant color in this image is blue,blue,the dominant color in this image is blue,1.1005,0.4685,0.0,0.0,39.5,9.049,3,image+text
synth_self_consistency_00452,self_consistency,What color is the large rectangle?,blue,teal | teal | green,False,0.0,0.6667,0.6667,True,1,the large rectangle is green,blue,a dark blue color,0.8424,0.3387,0.0,0.0,40.0,9.049,3,image+text
synth_self_consistency_00453,self_consistency,What color is the circle?,green,olive | olive | brown,False,0.0,1.0,1.0,True,1,green,olive green,olive green,0.5709,0.1601,0.0,0.0,41.5,9.049,3,image+text
synth_self_consistency_00454,self_consistency,What color is the background?,white,white | white | white,True,1.0,1.0,1.0,False,1,white,white,white,0.4839,0.1597,0.0,0.0,46.5,9.049,3,image+text
synth_self_consistency_00455,self_consistency,What color is the background?,blue,blue | blue | blue,True,1.0,1.0,1.0,False,1,blue,blue,blue,0.4908,0.1632,0.0,0.0,50.0,9.049,3,image+text
synth_self_consistency_00456,self_consistency,What color is the background?,a dark brown color,cream | white | beige,False,0.0,0.3333,0.3333,False,1,a dark brown color,white,a light background,0.801,0.3391,0.0,0.0,49.0,9.049,3,image+text
synth_self_consistency_00457,self_consistency,Is there a red shape in this image?,yes,yes | yes | yes,True,1.0,1.0,1.0,False,1,yes,yes,yes,0.4855,0.1614,0.0,0.0,47.0,9.049,3,image+text
synth_self_consistency_00458,self_consistency,What color is the large rectangle?,blue,blue | blue | blue,True,1.0,1.0,1.0,False,1,blue,he is blue,blue,0.618,0.1606,0.0,0.0,48.0,9.049,3,image+text
synth_self_consistency_00459,self_consistency,What is the dominant color in this image?,a dominant color in this image is orange,orange | orange | orange,True,1.0,0.3333,0.3333,False,1,a dominant color in this image is orange,a yellow background with black and white text,a striped pattern in a light blue background,1.6365,0.5277,0.0,0.0,42.0,9.049,3,image+text
synth_self_consistency_00460,self_consistency,Is there a red shape in this image?,yes,no | no | no,False,0.0,0.6667,0.6667,True,1,yes,yes,a red square in the middle,0.7481,0.1617,0.0,0.0,42.0,9.049,3,image+text
synth_self_consistency_00461,self_consistency,What is the dominant color in this image?,blue color,blue | blue | blue,True,1.0,1.0,1.0,False,1,blue color,blue,blue is the dominant color in this image,0.8306,0.2038,0.0,0.0,47.0,9.049,3,image+text
synth_self_consistency_00462,self_consistency,Is there a green shape in this image?,yes,yes | yes | yes,True,1.0,1.0,1.0,False,1,yes,yes,yes,0.4827,0.1595,0.0,0.0,38.0,9.049,3,image+text
synth_self_consistency_00463,self_consistency,What is the dominant color in this image?,cyan,cyan | cyan | blue,True,0.6667,0.6667,0.6667,False,1,cyan,blue color is the most dominant,cyan,0.8977,0.3005,0.0,0.0,46.0,9.049,3,image+text
synth_self_consistency_00464,self_consistency,What is the dominant color in this image?,green,green | green | green,True,1.0,0.6667,0.6667,False,1,a greenish background,green,a green background,0.7948,0.3361,0.0,0.0,41.5,9.049,3,image+text
synth_self_consistency_00465,self_consistency,What color is the large rectangle?,a dark brown tone,brown | brown | brown,True,1.0,0.6667,0.6667,False,1,a dark brown tone,sand,the color brown,0.8542,0.3384,0.0,0.0,47.5,9.049,3,image+text
synth_self_consistency_00466,self_consistency,What color is the circle in this image?,yellow,yellow | yellow | yellow,True,1.0,0.6667,0.6667,False,1,the shiny red circle is the yellow color of the shiny red circle,yellow,a yellow circle,1.4162,0.9572,0.0,0.0,40.5,9.049,3,image+text
synth_self_consistency_00467,self_consistency,What color is the large rectangle?,the large rectangle is red,red | red | red,True,1.0,0.3333,0.3333,False,1,the large rectangle is red,cyan,a large rectangle,0.8412,0.3388,0.0,0.0,43.0,9.049,3,image+text
synth_self_consistency_00468,self_consistency,Is there a blue shape in this image?,yes,no | no | no,False,0.0,0.6667,0.6667,True,1,yes,yes,no,0.5015,0.172,0.0,0.0,42.0,9.049,3,image+text
synth_self_consistency_00469,self_consistency,What is the dominant color in this image?,"a purple opal, purple opal, purple opal, purple opal, purple opal, purple opal, purple opal, purple opal, purple opal, purple opal, purple opal, purple opal, purple",purple | purple | purple,True,1.0,0.6667,0.6667,False,1,color scheme color scheme color scheme color scheme,"a purple opal, purple opal, purple opal, purple opal, purple opal, purple opal, purple opal, purple opal, purple opal, purple opal, purple opal, purple opal, purple",purple color,3.5892,0.4711,0.0,0.0,43.5,9.049,3,image+text
synth_self_consistency_00470,self_consistency,Is there a blue shape in this image?,no,no | no | no,True,1.0,0.6667,0.6667,False,1,yes,no,no,0.4851,0.161,0.0,0.0,42.0,9.049,3,image+text
synth_self_consistency_00471,self_consistency,What is the dominant color in this image?,a sexy orange color,orange | orange | orange,True,1.0,0.6667,0.6667,False,1,a white background with a black text,a sexy orange color,orange a primary color,1.306,0.509,0.0,0.0,43.0,9.049,3,image+text
synth_self_consistency_00472,self_consistency,What is the dominant color in this image?,a dominant color in this image is red,maroon | maroon | dark red,True,0.3333,0.3333,0.3333,False,1,a dominant color in this image is red,a blue-white-blue - gray-white-blue color,burgundy,1.6848,0.527,0.0,0.0,37.5,9.049,3,image+text
synth_self_consistency_00473,self_consistency,What color is the small circle?,the small circle,olive | olive | green,False,0.0,0.3333,0.3333,False,1,the small circle,red,the small circle is green,0.757,0.2553,0.0,0.0,45.0,9.049,3,image+text
synth_self_consistency_00474,self_consistency,What color is the circle?,a green circle,olive | olive | brown,False,0.0,1.0,1.0,True,1,a green circle,a green circle,green,0.7461,0.2908,0.0,0.0,47.5,9.049,3,image+text
synth_self_consistency_00475,self_consistency,What color is the large rectangle?,purple,purple | purple | purple,True,1.0,1.0,1.0,False,1,purple,the large rectangle is purple,a large rectangle of purple,0.8883,0.1625,0.0,0.0,46.0,9.049,3,image+text
synth_self_consistency_00476,self_consistency,What color is the large rectangle?,a green rectangle,olive | olive | dark yellow,False,0.0,0.6667,0.6667,True,1,a green rectangle,green,the large rectangle,0.7004,0.2914,0.0,0.0,42.0,9.049,3,image+text
synth_self_consistency_00477,self_consistency,Is there a green shape in this image?,yes,no | no | no,False,0.0,0.6667,0.6667,True,1,yes,no,yes,0.4947,0.16,0.0,0.0,47.0,9.049,3,image+text
synth_self_consistency_00478,self_consistency,What color is the circle in this image?,yellow,yellow | yellow | yellow,True,1.0,1.0,1.0,False,1,yellow,a yellow sphere,yellow,0.6697,0.1682,0.0,0.0,47.0,9.049,3,image+text
synth_self_consistency_00479,self_consistency,What color is the large rectangle?,a green rectangle,green | green | green,True,1.0,1.0,1.0,False,1,a green rectangle,green color,green,0.6647,0.2953,0.0,0.0,40.5,9.049,3,image+text
synth_self_consistency_00480,self_consistency,What color is the large rectangle?,yellow,yellow | yellow | yellow,True,1.0,0.6667,0.6667,False,1,a black square,yellow,a color that resembles yellow,0.9243,0.2944,0.0,0.0,46.5,9.049,3,image+text
synth_self_consistency_00481,self_consistency,Is there a red shape in this image?,no,no | no | no,True,1.0,0.6667,0.6667,False,1,no,no,yes,0.4849,0.1598,0.0,0.0,40.0,9.049,3,image+text
synth_self_consistency_00482,self_consistency,What is the dominant color in this image?,the color yellow is dominant in this image,yellow | yellow | yellow,True,1.0,1.0,1.0,False,1,the color yellow is dominant in this image,a yellow background with a black text,a yellowish yellow color dominates the image,1.546,0.4741,0.0,0.0,43.5,9.049,3,image+text
synth_self_consistency_00483,self_consistency,What is the dominant color in this image?,red,maroon | maroon | dark red,True,0.3333,0.6667,0.6667,False,1,red,red,a burgundy brown,0.7455,0.1597,0.0,0.0,37.0,9.049,3,image+text
synth_self_consistency_00484,self_consistency,What is the dominant color in this image?,a tan tone,brown | brown | brown,False,0.0,0.3333,0.3333,False,1,a tan tone,a tan color,the brown is the dominant color in this image,1.2887,0.3806,0.0,0.0,41.5,9.049,3,image+text
synth_self_consistency_00485,self_consistency,Is the circle on the left or right side?,is the circle on the left or right side,right | right | right,False,0.0,0.6667,0.6667,True,1,is the circle on the left or right side,oblique,the left or right side,1.2427,0.5204,0.0,0.0,38.5,9.049,3,image+text
synth_self_consistency_00486,self_consistency,What color is the background?,blue,blue | blue | blue,True,1.0,1.0,1.0,False,1,blue,blue,blue,0.4859,0.1617,0.0,0.0,41.5,9.049,3,image+text
synth_self_consistency_00487,self_consistency,Is there a blue shape in this image?,yes,no | no | no,False,0.0,1.0,1.0,True,1,yes,yes,yes,0.4797,0.1589,0.0,0.0,48.0,9.049,3,image+text
synth_self_consistency_00488,self_consistency,What color is the circle in this image?,blue,blue | blue | blue,True,1.0,1.0,1.0,False,1,blue,blue,blue,0.4913,0.1588,0.0,0.0,50.5,9.049,3,image+text
synth_self_consistency_00489,self_consistency,What color is the large rectangle?,purple,purple | purple | purple,True,1.0,0.6667,0.6667,False,1,purple,the large rectangle is blue,a dark purple color,0.8539,0.1629,0.0,0.0,48.5,9.049,3,image+text
synth_self_consistency_00490,self_consistency,What color is the background?,a blue background,navy | dark blue | blue,True,0.6667,1.0,1.0,False,1,a blue background,navy blue,navy blue,0.7136,0.2979,0.0,0.0,46.5,9.049,3,image+text
synth_self_consistency_00491,self_consistency,Is the background color light or dark?,dark or light,light | light | light,False,0.0,0.3333,0.3333,False,1,dark or light,a light gray background,a light background,0.8858,0.2529,0.0,0.0,45.5,9.049,3,image+text
synth_self_consistency_00492,self_consistency,What color is the large rectangle?,the large rectangle is a yellow color,yellow | yellow | yellow,True,1.0,0.6667,0.6667,False,1,the large rectangle is a yellow color,the big rectangle is yellow,the square is white,1.0976,0.4691,0.0,0.0,41.0,9.049,3,image+text
synth_self_consistency_00493,self_consistency,What color is the large rectangle?,white,white | white | white,True,1.0,1.0,1.0,False,1,white,white,the large rectangle is white,0.6632,0.1625,0.0,0.0,47.0,9.049,3,image+text
synth_self_consistency_00494,self_consistency,Is the circle on the left or right side?,a blue circle on the left side,right | right | right,False,0.0,0.3333,0.3333,False,1,a blue circle on the left side,yes,,1.0915,0.4646,0.0,0.0,46.0,9.049,3,image+text
synth_self_consistency_00495,self_consistency,Is there a red shape in this image?,no,no | no | no,True,1.0,1.0,1.0,False,1,no,no,no,0.4806,0.1596,0.0,0.0,41.5,9.049,3,image+text
synth_self_consistency_00496,self_consistency,Is the background color light or dark?,dark blue,dark | dark | dark,False,0.0,0.6667,0.6667,True,1,dark,dark blue,a blue background,0.6548,0.1595,0.0,0.0,50.0,9.049,3,image+text
synth_self_consistency_00497,self_consistency,What color is the large rectangle?,the large rectangle is green,green | green | green,True,1.0,0.6667,0.6667,False,1,the large rectangle is green,the color of the large rectangle,green,0.8757,0.3336,0.0,0.0,46.5,9.049,3,image+text
synth_self_consistency_00498,self_consistency,Is the circle on the left or right side?,the circle is on the left side,left | left | left,True,1.0,1.0,1.0,False,1,the circle is on the left side,left,if the circle is on the left side,1.1235,0.4309,0.0,0.0,41.0,9.049,3,image+text
synth_self_consistency_00499,self_consistency,What is the dominant color in this image?,brown is the dominant color in this image,brown | brown | brown,True,1.0,0.6667,0.6667,False,1,brown is the dominant color in this image,a brownish color,the brown is the dominant color in this image,1.3231,0.4691,0.0,0.0,41.0,9.049,3,image+text
synth_self_consistency_00500,self_consistency,What color is the large rectangle?,blue,blue | blue | blue,True,1.0,1.0,1.0,False,1,blue,blue color,blue,0.5279,0.1614,0.0,0.0,40.5,9.049,3,image+text
synth_self_consistency_00501,self_consistency,What is the dominant color in this image?,a red striped background,maroon | maroon | dark red,True,0.3333,0.3333,0.3333,False,1,a red striped background,a white background,a brown background with red flowers,1.1209,0.3832,0.0,0.0,46.5,9.049,3,image+text
synth_self_consistency_00502,self_consistency,What color is the background?,blue,navy | dark blue | blue,True,0.6667,0.6667,0.6667,False,1,blue,navy,navy blue,0.5331,0.1622,0.0,0.0,38.5,9.049,3,image+text
synth_self_consistency_00503,self_consistency,What color is the circle in this image?,red,red | red | red,True,1.0,1.0,1.0,False,1,red,red,red,0.4816,0.1602,0.0,0.0,49.0,9.049,3,image+text
synth_self_consistency_00504,self_consistency,What is the dominant color in this image?,yellow,yellow | yellow | yellow,True,1.0,1.0,1.0,False,1,yellow,yellow is the dominant color in this image,yellow is the dominant color in this image,1.0989,0.1595,0.0,0.0,49.5,9.049,3,image+text
synth_self_consistency_00505,self_consistency,Is there a red shape in this image?,yes,yes | yes | yes,True,1.0,1.0,1.0,False,1,yes,yes,yes,0.4963,0.1622,0.0,0.0,42.0,9.049,3,image+text
synth_self_consistency_00506,self_consistency,Is there a red shape in this image?,yes,no | no | no,False,0.0,1.0,1.0,True,1,yes,yes,yes,0.4896,0.1626,0.0,0.0,47.5,9.049,3,image+text
synth_self_consistency_00507,self_consistency,What color is the circle in this image?,the red circle,red | red | red,True,1.0,1.0,1.0,False,1,the red circle,red,red,0.5903,0.2646,0.0,0.0,49.0,9.049,3,image+text
synth_self_consistency_00508,self_consistency,What is the dominant color in this image?,i like red colors,red | red | red,True,1.0,1.0,1.0,False,1,i like red colors,red is the dominant color in this image,the dominant color is red,1.1866,0.346,0.0,0.0,48.5,9.049,3,image+text
synth_self_consistency_00509,self_consistency,What color is the large rectangle?,a green rectangle,green | green | green,True,1.0,1.0,1.0,False,1,a green rectangle,the large rectangle is green,the square is green,0.926,0.2909,0.0,0.0,44.0,9.049,3,image+text
synth_self_consistency_00510,self_consistency,Is there a purple shape in this image?,yes,no | no | no,False,0.0,1.0,1.0,True,1,yes,yes,yes,0.4897,0.1628,0.0,0.0,43.0,9.049,3,image+text
synth_self_consistency_00511,self_consistency,What is the dominant color in this image?,blue,blue | blue | blue,True,1.0,1.0,1.0,False,1,blue,blue,blue,0.4849,0.1611,0.0,0.0,48.5,9.049,3,image+text
synth_self_consistency_00512,self_consistency,What is the dominant color in this image?,a dominant color in this image is yellow,yellow | yellow | yellow,True,1.0,0.6667,0.6667,False,1,a yellow-orange color,a dominant color in this image is yellow,yellow is the dominant color in this image,1.4135,0.4209,0.0,0.0,46.0,9.049,3,image+text
synth_self_consistency_00513,self_consistency,What color is the background?,white,white | white | white,True,1.0,1.0,1.0,False,1,white,white,white,0.5093,0.1773,0.0,0.0,37.5,9.049,3,image+text
synth_self_consistency_00514,self_consistency,Is there a purple shape in this image?,yes,yes | yes | yes,True,1.0,1.0,1.0,False,1,yes,yes,yes,0.5,0.1624,0.0,0.0,47.5,9.049,3,image+text
synth_self_consistency_00515,self_consistency,Is the circle on the left or right side?,it's on the left side,left | left | left,True,1.0,0.6667,0.6667,False,1,it's on the left side,yes,i is on the left side,1.0106,0.4248,0.0,0.0,45.5,9.049,3,image+text
synth_self_consistency_00516,self_consistency,Is the circle on the left or right side?,is the circle on the left or right side,right | right | right,False,0.0,1.0,1.0,True,1,is the circle on the left or right side,- left side,Is the circle on the left or right side,1.3672,0.5123,0.0,0.0,41.0,9.049,3,image+text
synth_self_consistency_00517,self_consistency,What color is the large rectangle?,the large rectangle is yellow,yellow | yellow | yellow,True,1.0,0.6667,0.6667,False,1,the large rectangle is yellow,yellow,a large rectangle,0.8028,0.3394,0.0,0.0,39.5,9.049,3,image+text
synth_self_consistency_00518,self_consistency,Is there a red shape in this image?,no,no | no | no,True,1.0,0.6667,0.6667,False,1,no,no,a red shaped shape,0.7016,0.1629,0.0,0.0,42.0,9.049,3,image+text
synth_self_consistency_00519,self_consistency,Is there a red shape in this image?,yes,no | no | no,False,0.0,0.6667,0.6667,True,1,yes,no,yes,0.483,0.1601,0.0,0.0,38.0,9.049,3,image+text
synth_self_consistency_00520,self_consistency,What color is the large rectangle?,the large rectangle is green,green | green | green,True,1.0,1.0,1.0,False,1,the large rectangle is green,the color is green,the green color,0.8864,0.3365,0.0,0.0,46.5,9.049,3,image+text
synth_self_consistency_00521,self_consistency,What is the dominant color in this image?,a dominant color is the color in the background of the image,orange | orange | orange,False,0.0,0.3333,0.3333,False,1,a dominant color is the color in the background of the image,a dark blueish color,orange,1.2239,0.6779,0.0,0.0,38.5,9.049,3,image+text
synth_self_consistency_00522,self_consistency,What color is the large rectangle?,red color,red | red | red,True,1.0,1.0,1.0,False,1,red color,red,red,0.5392,0.2051,0.0,0.0,42.5,9.049,3,image+text
synth_self_consistency_00523,self_consistency,What color is the background?,white,white | white | white,True,1.0,1.0,1.0,False,1,white,the background is white,white,0.6223,0.1627,0.0,0.0,46.5,9.049,3,image+text
synth_self_consistency_00524,self_consistency,What color is the background?,white,white | white | white,True,1.0,1.0,1.0,False,1,white,the background is white,white background,0.6635,0.1611,0.0,0.0,45.0,9.049,3,image+text
synth_self_consistency_00525,self_consistency,What color is the background?,blue,blue | blue | blue,True,1.0,1.0,1.0,False,1,blue,blue,blue,0.4893,0.163,0.0,0.0,46.0,9.049,3,image+text
synth_self_consistency_00526,self_consistency,Is the circle on the left or right side?,yes,right | right | right,False,0.0,0.6667,0.6667,True,1,yes,a circle that has two syllables is on the right side,yes,1.1958,0.1608,0.0,0.0,48.0,9.049,3,image+text
synth_self_consistency_00527,self_consistency,Is the circle on the left or right side?,left or right side,right | right | right,False,0.0,0.6667,0.6667,True,1,right,left or right side,a circle on the left side,0.8726,0.1609,0.0,0.0,43.0,9.049,3,image+text
synth_self_consistency_00528,self_consistency,What color is the background?,blue,blue | blue | blue,True,1.0,1.0,1.0,False,1,blue,blue bg,blue bg,0.7665,0.1614,0.0,0.0,38.0,9.049,3,image+text
synth_self_consistency_00529,self_consistency,Is there a blue shape in this image?,yes,no | no | no,False,0.0,1.0,1.0,True,1,yes,yes,yes,0.4891,0.1624,0.0,0.0,41.5,9.049,3,image+text
synth_self_consistency_00530,self_consistency,What color is the background?,white,white | white | white,True,1.0,1.0,1.0,False,1,white,a white background,white,0.6136,0.1609,0.0,0.0,49.5,9.049,3,image+text
synth_self_consistency_00531,self_consistency,What color is the large rectangle?,a green square,green | green | green,True,1.0,1.0,1.0,False,1,a green square,green,he color is the color green,0.8936,0.2896,0.0,0.0,46.0,9.049,3,image+text
synth_self_consistency_00532,self_consistency,What color is the large rectangle?,the large rectangle is green,green | green | green,True,1.0,0.6667,0.6667,False,1,the large rectangle is green,it is the large rectangle,a green rectangle,0.9691,0.3373,0.0,0.0,45.5,9.049,3,image+text
synth_self_consistency_00533,self_consistency,Is the background color light or dark?,a light background,dark | dark | medium,False,0.0,0.3333,0.3333,False,1,a light background,a white background,"dark gray, black, dark blue, dark gray, dark gray, dark green, dark blue, dark blue, dark brown, dark green, dark blue, dark green, dark green, dark brown, dark brown, dark brown, dark green, dark blue, dark brown, dark brown, dark green, dark brown",3.5312,0.2932,0.0,0.0,45.0,9.049,3,image+text
synth_self_consistency_00534,self_consistency,What color is the circle?,the color red,brown | brown | maroon,False,0.0,0.6667,0.6667,True,1,the color red,a white circle,red,0.7036,0.2498,0.0,0.0,41.0,9.049,3,image+text
synth_self_consistency_00535,self_consistency,Is the background color light or dark?,a light blue background,dark | dark | medium,False,0.0,0.3333,0.3333,False,1,a light blue background,a dark background,a light color,0.9446,0.3533,0.0,0.0,44.5,9.049,3,image+text
synth_self_consistency_00536,self_consistency,What is the dominant color in this image?,red,red | red | red,True,1.0,1.0,1.0,False,1,red,a red color,the dominant color in this image is red,0.9289,0.1588,0.0,0.0,43.5,9.049,3,image+text
synth_self_consistency_00537,self_consistency,What color is the large rectangle?,yellow color,yellow | yellow | yellow,True,1.0,1.0,1.0,False,1,yellow color,the yellow color,yellow,0.6263,0.2088,0.0,0.0,37.0,9.049,3,image+text
synth_self_consistency_00538,self_consistency,What is the dominant color in this image?,a lilac color is dominant in the image,olive | olive | green | dark green,False,0.0,0.3333,0.3333,False,1,a lilac color is dominant in the image,a greenish yellow tone,green color in the background,1.3789,0.65,0.0,0.0,39.0,9.049,3,image+text
synth_self_consistency_00539,self_consistency,Is there a red shape in this image?,yes,yes | yes | yes,True,1.0,1.0,1.0,False,1,yes,yes,yes,0.4857,0.1602,0.0,0.0,43.0,9.049,3,image+text
synth_self_consistency_00540,self_consistency,What color is the background?,gray,gray | gray | grey,True,0.6667,0.6667,0.6667,False,1,gray,gray,the background is white,0.6165,0.1611,0.0,0.0,48.0,9.049,3,image+text
synth_self_consistency_00541,self_consistency,What is the dominant color in this image?,orange,orange | orange | orange,True,1.0,1.0,1.0,False,1,orange,orange is the dominant color in this image,a dominant color is orange,1.0092,0.16,0.0,0.0,44.0,9.049,3,image+text
synth_self_consistency_00542,self_consistency,Is the background color light or dark?,dark blue,dark | dark | dark,False,0.0,0.6667,0.6667,True,1,dark blue,yes dark background,a dark blue background,0.7958,0.2046,0.0,0.0,42.0,9.049,3,image+text
synth_self_consistency_00543,self_consistency,Is the circle on the left or right side?,a red circle,left | left | center,False,0.0,0.6667,0.6667,True,1,y,a red circle,a red circle,0.7932,0.2053,0.0,0.0,41.5,9.049,3,image+text
synth_self_consistency_00544,self_consistency,What color is the large rectangle?,a pink square,pink | pink | pink,True,1.0,0.6667,0.6667,False,1,a large rectangle,a pink square,the color is pink,0.8796,0.29,0.0,0.0,46.5,9.049,3,image+text
synth_self_consistency_00545,self_consistency,Is there a green shape in this image?,yes,yes | yes | yes,True,1.0,1.0,1.0,False,1,yes,yes,yes,0.4952,0.1632,0.0,0.0,42.0,9.049,3,image+text
synth_self_consistency_00546,self_consistency,What color is the large rectangle?,orange,orange | orange | orange,True,1.0,1.0,1.0,False,1,orange,a large rectangle of orange,orange,0.7126,0.1632,0.0,0.0,47.5,9.049,3,image+text
synth_self_consistency_00547,self_consistency,What color is the large rectangle?,blue,navy | dark blue | navy,True,0.3333,1.0,1.0,False,1,blue,blue,blue,0.4898,0.1629,0.0,0.0,46.5,9.049,3,image+text
synth_self_consistency_00548,self_consistency,Is the background color light or dark?,light background,light | light | light,True,1.0,1.0,1.0,False,1,light background,light,a light background,0.6635,0.2069,0.0,0.0,47.5,9.049,3,image+text
synth_self_consistency_00549,self_consistency,Is there a red shape in this image?,yes,yes | yes | yes,True,1.0,1.0,1.0,False,1,yes,yes,yes,0.4887,0.16,0.0,0.0,45.0,9.049,3,image+text
synth_self_consistency_00550,self_consistency,Is there a red shape in this image?,yes,yes | yes | yes,True,1.0,1.0,1.0,False,1,yes,yes,yes,0.4907,0.1639,0.0,0.0,49.5,9.049,3,image+text
synth_self_consistency_00551,self_consistency,What color is the large rectangle?,a square,green | green | green,False,0.0,0.3333,0.3333,False,1,a square,green,he is blue,0.7219,0.2506,0.0,0.0,48.5,9.049,3,image+text
synth_self_consistency_00552,self_consistency,What color is the circle in this image?,red,red | red | red,True,1.0,1.0,1.0,False,1,red,red,red,0.4857,0.1611,0.0,0.0,45.0,9.049,3,image+text
synth_self_consistency_00553,self_consistency,Is there a red shape in this image?,yes,yes | yes | yes,True,1.0,1.0,1.0,False,1,yes,yes,yes,0.4934,0.1625,0.0,0.0,48.0,9.049,3,image+text
synth_self_consistency_00554,self_consistency,What color is the background?,blue,blue | blue | blue,True,1.0,1.0,1.0,False,1,blue,blue,blue,0.5057,0.1794,0.0,0.0,47.0,9.049,3,image+text
synth_self_consistency_00555,self_consistency,What color is the large rectangle?,a pink square,pink | pink | pink,True,1.0,1.0,1.0,False,1,a pink square,pink,pink color,0.6651,0.2941,0.0,0.0,46.5,9.049,3,image+text
synth_self_consistency_00556,self_consistency,Is there a blue shape in this image?,yes,yes | yes | yes,True,1.0,1.0,1.0,False,1,yes,yes,yes,0.489,0.1624,0.0,0.0,47.5,9.049,3,image+text
synth_self_consistency_00557,self_consistency,What color is the large rectangle?,green,green | green | green,True,1.0,1.0,1.0,False,1,green,a light green color,green,0.6665,0.1626,0.0,0.0,48.5,9.049,3,image+text
synth_self_consistency_00558,self_consistency,What color is the circle in this image?,blue,blue | blue | blue,True,1.0,1.0,1.0,False,1,blue,blue,a blue circle,0.6299,0.1715,0.0,0.0,44.0,9.049,3,image+text
synth_self_consistency_00559,self_consistency,Is there a purple shape in this image?,yes,no | no | no,False,0.0,0.6667,0.6667,True,1,yes,no,yes,0.4871,0.1621,0.0,0.0,46.5,9.049,3,image+text
synth_self_consistency_00560,self_consistency,What color is the large rectangle?,orange,orange | orange | orange,True,1.0,0.6667,0.6667,False,1,orange,a color that is a light green color,the color orange,0.9738,0.1621,0.0,0.0,48.0,9.049,3,image+text
synth_self_consistency_00561,self_consistency,What color is the background?,blue,blue | blue | blue,True,1.0,1.0,1.0,False,1,blue,blue,blue,0.4899,0.1614,0.0,0.0,44.5,9.049,3,image+text
synth_self_consistency_00562,self_consistency,Is the circle on the left or right side?,he is on the left side,left | left | left,True,1.0,1.0,1.0,False,1,he is on the left side,is on the left side,a left - sided circle,1.2338,0.4242,0.0,0.0,48.0,9.049,3,image+text
synth_self_consistency_00563,self_consistency,What color is the background?,gray,gray | gray | grey,True,0.6667,0.3333,0.3333,False,1,gray,the background is white,the color of the background,0.802,0.1622,0.0,0.0,46.0,9.049,3,image+text
synth_self_consistency_00564,self_consistency,Is there a green shape in this image?,no,no | no | no,True,1.0,0.6667,0.6667,False,1,yes,no,no,0.4912,0.1641,0.0,0.0,39.0,9.049,3,image+text
synth_self_consistency_00565,self_consistency,What color is the large rectangle?,The color of the large rectangle is brown,brown | brown | brown,True,1.0,0.6667,0.6667,False,1,the square is the large rectangle,The color of the large rectangle is brown,The large rectangle is brown,1.193,0.3822,0.0,0.0,45.5,9.049,3,image+text
synth_self_consistency_00566,self_consistency,What is the dominant color in this image?,a dominant color in this image is orange,orange | orange | orange,True,1.0,0.6667,0.6667,False,1,a dominant color in this image is orange,a brown sand dominated by the blue sea and sky,orange orange color - a color that is dominant in the picture,2.0116,0.5367,0.0,0.0,44.5,9.049,3,image+text
synth_self_consistency_00567,self_consistency,What color is the large rectangle?,yellow,yellow | yellow | yellow,True,1.0,1.0,1.0,False,1,yellow,a light yellow color,a yellow square,0.8042,0.1618,0.0,0.0,38.5,9.049,3,image+text
synth_self_consistency_00568,self_consistency,What color is the background?,blue,blue | blue | blue,True,1.0,1.0,1.0,False,1,blue,blue,blue,0.4926,0.1639,0.0,0.0,43.0,9.049,3,image+text
synth_self_consistency_00569,self_consistency,What color is the circle in this image?,blue,blue | blue | blue,True,1.0,1.0,1.0,False,1,blue,blue,blue,0.4841,0.1613,0.0,0.0,49.0,9.049,3,image+text
synth_self_consistency_00570,self_consistency,What color is the large rectangle?,the color red,red | red | red,True,1.0,1.0,1.0,False,1,the color red,red,red is the color of a reddish orange,1.0229,0.2478,0.0,0.0,49.0,9.049,3,image+text
synth_self_consistency_00571,self_consistency,What is the dominant color in this image?,a yellow shade,yellow | yellow | yellow,True,1.0,0.6667,0.6667,False,1,a color that is the dominant color in this image,a yellow shade,yellow,1.0604,0.6003,0.0,0.0,37.0,9.049,3,image+text
synth_self_consistency_00572,self_consistency,Is there a purple shape in this image?,yes,no | no | no,False,0.0,1.0,1.0,True,1,yes,yes,yes,0.4918,0.1636,0.0,0.0,44.5,9.049,3,image+text
synth_self_consistency_00573,self_consistency,What color is the circle?,red,brown | brown | maroon,False,0.0,0.6667,0.6667,True,1,red,red,a black circle,0.6222,0.1619,0.0,0.0,50.0,9.049,3,image+text
synth_self_consistency_00574,self_consistency,What color is the circle in this image?,blue,blue | blue | blue,True,1.0,1.0,1.0,False,1,blue,blue,blue,0.4885,0.1621,0.0,0.0,43.0,9.049,3,image+text
synth_self_consistency_00575,self_consistency,What color is the large rectangle?,the large rectangle is white,white | white | white,True,1.0,1.0,1.0,False,1,the large rectangle is white,the white,white,0.7199,0.3382,0.0,0.0,48.5,9.049,3,image+text
synth_self_consistency_00576,self_consistency,What color is the large rectangle?,blue,blue | blue | blue,True,1.0,1.0,1.0,False,1,blue,a large blue square,blue,0.6594,0.16,0.0,0.0,45.0,9.049,3,image+text
synth_self_consistency_00577,self_consistency,What color is the large rectangle?,the large rectangle is red,red | red | red,True,1.0,0.6667,0.6667,False,1,the large rectangle is red,the color red,the smoky blue,1.0248,0.3361,0.0,0.0,43.5,9.049,3,image+text
synth_self_consistency_00578,self_consistency,What color is the circle in this image?,orange,yellow | yellow | yellow,False,0.0,0.3333,0.3333,False,1,orange,white,yellow,0.4937,0.1654,0.0,0.0,36.0,9.049,3,image+text
synth_self_consistency_00579,self_consistency,What color is the large rectangle?,yellow,yellow | yellow | yellow,True,1.0,0.6667,0.6667,False,1,yellow,a square,the yellow rectangle,0.6679,0.1624,0.0,0.0,49.0,9.049,3,image+text
synth_self_consistency_00580,self_consistency,Is the circle on the left or right side?,a blue circle,right | right | right,False,0.0,0.3333,0.3333,False,1,a blue circle,n,oblique,0.8187,0.3202,0.0,0.0,42.0,9.049,3,image+text
synth_self_consistency_00581,self_consistency,Is the background color light or dark?,dark background color,dark | dark | dark,True,1.0,0.6667,0.6667,False,1,dark background color,dark,a light background,0.7074,0.2509,0.0,0.0,46.5,9.049,3,image+text
synth_self_consistency_00582,self_consistency,What color is the circle?,blue,cyan | cyan | teal | teal,False,0.0,0.3333,0.3333,False,1,blue,The circle is green,black,0.6179,0.1612,0.0,0.0,45.0,9.049,3,image+text
synth_self_consistency_00583,self_consistency,What color is the circle in this image?,red,red | red | red,True,1.0,1.0,1.0,False,1,red,red,red,0.4858,0.161,0.0,0.0,43.5,9.049,3,image+text
synth_self_consistency_00584,self_consistency,What color is the background?,white,white | white | white,True,1.0,0.6667,0.6667,False,1,a light blue,white,white,0.6262,0.2986,0.0,0.0,47.5,9.049,3,image+text
synth_self_consistency_00585,self_consistency,What color is the large rectangle?,purple,purple | purple | purple,True,1.0,1.0,1.0,False,1,purple,purple,purple,0.4894,0.1622,0.0,0.0,48.0,9.049,3,image+text
synth_self_consistency_00586,self_consistency,What color is the large rectangle?,brown color,brown | brown | brown,True,1.0,1.0,1.0,False,1,brown color,brown brown color,the color of the large rectangle is brown,0.9482,0.2055,0.0,0.0,47.5,9.049,3,image+text
synth_self_consistency_00587,self_consistency,Is the background color light or dark?,dark,dark | dark | medium,True,0.6667,1.0,1.0,False,1,dark,dark color,dark,0.5497,0.1596,0.0,0.0,41.0,9.049,3,image+text
synth_self_consistency_00588,self_consistency,What color is the circle?,blue,cyan | cyan | teal | teal,False,0.0,0.6667,0.6667,True,1,blue,blue,green,0.4874,0.1615,0.0,0.0,44.0,9.049,3,image+text
synth_self_consistency_00589,self_consistency,Is the circle on the left or right side?,if the circle is on the left side,right | right | right,False,0.0,0.6667,0.6667,True,1,if the circle is on the left side,oblique,e is on the left side,1.2333,0.5146,0.0,0.0,46.0,9.049,3,image+text
synth_self_consistency_00590,self_consistency,Is there a red shape in this image?,yes,yes | yes | yes,True,1.0,1.0,1.0,False,1,yes,yes,yes,0.5041,0.1778,0.0,0.0,41.5,9.049,3,image+text
synth_self_consistency_00591,self_consistency,What is the dominant color in this image?,the dominant color in this image is yellow,yellow | yellow | yellow,True,1.0,1.0,1.0,False,1,the dominant color in this image is yellow,a yellow toned image of a man and a woman on the beach with a yellow umbrella,a yellow color in the background of the image,2.1227,0.4708,0.0,0.0,44.0,9.049,3,image+text
synth_self_consistency_00592,self_consistency,What color is the background?,grey,gray | gray | grey,True,0.3333,0.6667,0.6667,False,1,grey,gray,the background is grey,0.6279,0.1627,0.0,0.0,37.0,9.049,3,image+text
synth_self_consistency_00593,self_consistency,What color is the background?,blue,blue | blue | blue,True,1.0,1.0,1.0,False,1,blue,blue,blue,0.4905,0.1623,0.0,0.0,44.0,9.049,3,image+text
synth_self_consistency_00594,self_consistency,What is the dominant color in this image?,purple is the dominant color in this image,purple | purple | purple,True,1.0,1.0,1.0,False,1,purple is the dominant color in this image,the dominant color in this image is purple,purple color,1.1471,0.4718,0.0,0.0,44.5,9.049,3,image+text
synth_self_consistency_00595,self_consistency,Is the background color light or dark?,a light blue color,light | light | medium,False,0.0,0.6667,0.6667,True,1,a light blue color,blue,light,0.6584,0.3373,0.0,0.0,46.5,9.049,3,image+text
synth_self_consistency_00596,self_consistency,What is the dominant color in this image?,a green background with a white striped border,green | green | green,True,1.0,1.0,1.0,False,1,a green background with a white striped border,a green - a green - a green - a green - a green - a green,the dominant color in this image is green,2.419,0.5946,0.0,0.0,43.5,9.049,3,image+text
synth_self_consistency_00597,self_consistency,What color is the background?,white,white | white | white,True,1.0,1.0,1.0,False,1,white,white,white,0.4848,0.1603,0.0,0.0,39.5,9.049,3,image+text
synth_self_consistency_00598,self_consistency,What color is the large rectangle?,brown color,brown | brown | brown,True,1.0,0.6667,0.6667,False,1,a square,brown color,brown,0.6337,0.2475,0.0,0.0,47.5,9.049,3,image+text
synth_self_consistency_00599,self_consistency,Is there a purple shape in this image?,yes,yes | yes | yes,True,1.0,1.0,1.0,False,1,yes,yes,yes,0.4849,0.1615,0.0,0.0,46.0,9.049,3,image+text
synth_self_consistency_00600,self_consistency,What is the dominant color in this image?,a blue sky and blue grass,blue | blue | blue,True,1.0,1.0,1.0,False,1,a blue sky and blue grass,blue,blue,0.7603,0.4259,0.0,0.0,45.5,9.049,3,image+text
synth_self_consistency_00601,self_consistency,What is the dominant color in this image?,purple,purple | purple | purple,True,1.0,1.0,1.0,False,1,purple,purple is the dominant color in this image,a purple background,0.9287,0.1619,0.0,0.0,49.0,9.049,3,image+text
synth_self_consistency_00602,self_consistency,What color is the circle in this image?,a red circle,red | red | red,True,1.0,1.0,1.0,False,1,a red circle,a red circle,the red circle,0.839,0.2938,0.0,0.0,43.5,9.049,3,image+text
synth_self_consistency_00603,self_consistency,What is the dominant color in this image?,the dominant color is red,red | red | red,True,1.0,1.0,1.0,False,1,the dominant color is red,red is the dominant color in this image,red is the dominant color,1.1606,0.3528,0.0,0.0,46.5,9.049,3,image+text
synth_self_consistency_00604,self_consistency,What color is the large rectangle?,the large rectangle,teal | teal | green,False,0.0,0.3333,0.3333,False,1,the large rectangle,a square green color,tan,0.8408,0.2501,0.0,0.0,43.0,9.049,3,image+text
synth_self_consistency_00605,self_consistency,What is the dominant color in this image?,a green background,green | green | green,True,1.0,0.6667,0.6667,False,1,a green background,a lilac background with a dark blue sky and white clouds,"green, greenish green, greenish green, greenish green, greenish green, greenish green, greenish green, greenish green, greenish green, greenish green, greenish green, greenish green, greenish green, greenish green, greenish green, greenish green, greenish",4.0292,0.2977,0.0,0.0,46.5,9.049,3,image+text
synth_self_consistency_00606,self_consistency,Is there a red shape in this image?,yes,yes | yes | yes,True,1.0,1.0,1.0,False,1,yes,yes,yes,0.4881,0.1619,0.0,0.0,40.5,9.049,3,image+text
synth_self_consistency_00607,self_consistency,Is the background color light or dark?,dark,dark | dark | dark,True,1.0,0.6667,0.6667,False,1,dark,dark black,dark,0.5318,0.1611,0.0,0.0,48.0,9.049,3,image+text
synth_self_consistency_00608,self_consistency,Is the background color light or dark?,dark,light | light | light,False,0.0,0.6667,0.6667,True,1,dark,i's white,dark,0.6661,0.1623,0.0,0.0,47.5,9.049,3,image+text
synth_self_consistency_00609,self_consistency,Is the circle on the left or right side?,is the circle on the left or right side,right | right | right,False,0.0,0.3333,0.3333,False,1,is the circle on the left or right side,yes,y,0.895,0.5307,0.0,0.0,37.5,9.049,3,image+text
synth_self_consistency_00610,self_consistency,What is the dominant color in this image?,blue is the dominant color in this image,teal | teal | cyan | blue-green,False,0.0,1.0,1.0,True,1,blue is the dominant color in this image,the dominant color is blue,a light blue tone is the dominant color in this image,1.4646,0.477,0.0,0.0,45.0,9.049,3,image+text
synth_self_consistency_00611,self_consistency,Is the background color light or dark?,dark dark color background,dark | dark | dark,True,1.0,1.0,1.0,False,1,dark dark color background,dark,dark dark,0.6572,0.2912,0.0,0.0,38.5,9.049,3,image+text
synth_self_consistency_00612,self_consistency,What color is the circle in this image?,blue,blue | blue | blue,True,1.0,1.0,1.0,False,1,blue,blue,blue,0.4872,0.1593,0.0,0.0,47.0,9.049,3,image+text
synth_self_consistency_00613,self_consistency,What color is the large rectangle?,blue,blue | blue | blue,True,1.0,0.6667,0.6667,False,1,blue,the color of the striped square,blue,0.7513,0.1626,0.0,0.0,48.5,9.049,3,image+text
synth_self_consistency_00614,self_consistency,Is the circle on the left or right side?,a circle on the left side,left | left | left,True,1.0,1.0,1.0,False,1,a circle on the left side,the circle is on the left side,the circle is on the left side,1.2839,0.4249,0.0,0.0,41.5,9.049,3,image+text
synth_self_consistency_00615,self_consistency,Is there a green shape in this image?,yes,yes | yes | yes,True,1.0,1.0,1.0,False,1,yes,yes,yes,0.4865,0.1624,0.0,0.0,39.5,9.049,3,image+text
synth_self_consistency_00616,self_consistency,What color is the circle?,red,maroon | dark red | red,True,0.6667,1.0,1.0,False,1,red,red,red,0.51,0.1699,0.0,0.0,50.0,9.049,3,image+text
synth_self_consistency_00617,self_consistency,What is the dominant color in this image?,the dominant color in this image is purple,purple | purple | purple,True,1.0,0.6667,0.6667,False,1,the dominant color in this image is purple,purple is the dominant color in this image,a dominant color in this image,1.3694,0.4663,0.0,0.0,42.0,9.049,3,image+text
synth_self_consistency_00618,self_consistency,What is the dominant color in this image?,a light purple tone,purple | purple | purple,True,1.0,1.0,1.0,False,1,a light purple tone,purple color,purple,0.7022,0.3341,0.0,0.0,39.0,9.049,3,image+text
synth_self_consistency_00619,self_consistency,What color is the large rectangle?,purple,purple | purple | purple,True,1.0,1.0,1.0,False,1,purple,purple,the large rectangle is purple,0.6616,0.1616,0.0,0.0,47.0,9.049,3,image+text
synth_self_consistency_00620,self_consistency,Is the circle on the left or right side?,a red circle,left | left | center,False,0.0,0.3333,0.3333,False,1,a red circle,oblique,,0.9758,0.2996,0.0,0.0,44.0,9.049,3,image+text
synth_self_consistency_00621,self_consistency,What color is the circle in this image?,blue,blue | blue | blue,True,1.0,1.0,1.0,False,1,blue,blue,a blue circle,0.6162,0.1648,0.0,0.0,42.0,9.049,3,image+text
synth_self_consistency_00622,self_consistency,Is the background color light or dark?,a dark background,dark | dark | dark,True,1.0,0.6667,0.6667,False,1,dark dark black dark black black black dark black black black black black black dark brown dark brown dark gray dark gray dark blue dark blue dark blue dark green dark purple dark green dark blue dark red dark blue dark purple dark blue dark purple dark blue dark purple dark blue dark blue dark blue dark blue dark purple dark brown dark brown,a dark background,dark background,3.3819,2.8832,0.0,0.0,42.5,9.049,3,image+text
synth_self_consistency_00623,self_consistency,What color is the circle?,green,olive | olive | brown,False,0.0,0.6667,0.6667,True,1,the circle is a greenish color,green,green,0.7879,0.4656,0.0,0.0,41.5,9.049,3,image+text
synth_self_consistency_00624,self_consistency,Is the circle on the left or right side?,a blue circle on the left side,left | left | left,False,0.0,0.3333,0.3333,False,1,a blue circle on the left side,no,if it's on the left side,1.1733,0.4999,0.0,0.0,38.5,9.049,3,image+text
synth_self_consistency_00625,self_consistency,What color is the large rectangle?,green,lime | lime | green,True,0.3333,1.0,1.0,False,1,green,green,the large rectangle is green,0.6739,0.1614,0.0,0.0,37.0,9.049,3,image+text
synth_self_consistency_00626,self_consistency,What is the dominant color in this image?,blue,cyan | cyan | blue,True,0.3333,0.3333,0.3333,False,1,blue,a green cyan blue sky blue sky blue sky blue sky blue sky blue sky blue sky blue sky blue sky blue sky blue sky blue sky blue sky blue sky blue sky blue sky blue sky blue sky blue sky blue sky blue sky blue sky blue sky blue sky blue sky blue sky blue sky blue sky blue sky blue,cyan color,3.3179,0.1595,0.0,0.0,45.0,9.049,3,image+text
synth_self_consistency_00627,self_consistency,What color is the large rectangle?,red color,red | red | red,True,1.0,0.6667,0.6667,False,1,a large rectangle,red color,a large red square with a white background,1.0658,0.3013,0.0,0.0,42.0,9.049,3,image+text
synth_self_consistency_00628,self_consistency,What is the dominant color in this image?,blue,blue | blue | blue,True,1.0,1.0,1.0,False,1,blue,a blue color dominates the image,a blue image,0.9236,0.1612,0.0,0.0,37.0,9.049,3,image+text
synth_self_consistency_00629,self_consistency,What is the dominant color in this image?,purple,purple | purple | purple,True,1.0,1.0,1.0,False,1,purple,the dominant color is purple,the dominant color in this image is purple,0.9685,0.1613,0.0,0.0,42.0,9.049,3,image+text
synth_self_consistency_00630,self_consistency,What color is the large rectangle?,blue,blue | blue | blue,True,1.0,1.0,1.0,False,1,blue,the color is blue,blue,0.6171,0.1617,0.0,0.0,39.0,9.049,3,image+text
synth_self_consistency_00631,self_consistency,What color is the large rectangle?,The large rectangle is pink,pink | pink | pink,True,1.0,1.0,1.0,False,1,The large rectangle is pink,pink,a pink color,0.7987,0.3362,0.0,0.0,43.5,9.049,3,image+text
synth_self_consistency_00632,self_consistency,What color is the large rectangle?,blue,navy | dark blue | navy,True,0.3333,1.0,1.0,False,1,blue,the large rectangle is blue,blue,0.6631,0.1622,0.0,0.0,43.0,9.049,3,image+text
synth_self_consistency_00633,self_consistency,Is the circle on the left or right side?,,right | right | right,False,0.0,0.3333,0.3333,False,1,,a circle on the left side,a right side,0.9237,0.2053,0.0,0.0,45.5,9.049,3,image+text
synth_self_consistency_00634,self_consistency,Is the background color light or dark?,gray,dark | dark | dark,False,0.0,0.6667,0.6667,True,1,dark brown,gray,gray,0.5484,0.2025,0.0,0.0,44.0,9.049,3,image+text
synth_self_consistency_00635,self_consistency,What is the dominant color in this image?,a dark brown background with white letters,maroon | maroon | dark red,False,0.0,0.6667,0.6667,True,1,a dark brown background with white letters,a brown tone,red is the dominant color in this image,1.2312,0.4685,0.0,0.0,42.5,9.049,3,image+text
synth_self_consistency_00636,self_consistency,What color is the large rectangle?,the large rectangle is blue,blue | blue | blue,True,1.0,1.0,1.0,False,1,the large rectangle is blue,blue,the color blue,0.7518,0.34,0.0,0.0,41.0,9.049,3,image+text
synth_self_consistency_00637,self_consistency,What is the dominant color in this image?,blue,blue | blue | blue,True,1.0,1.0,1.0,False,1,blue,the dominant color is blue,a blue color,0.7973,0.1584,0.0,0.0,46.5,9.049,3,image+text
synth_self_consistency_00638,self_consistency,What color is the large rectangle?,white,white | white | white,True,1.0,1.0,1.0,False,1,white,it is white,white,0.5731,0.1606,0.0,0.0,45.0,9.049,3,image+text
synth_self_consistency_00639,self_consistency,What color is the large rectangle?,red,maroon | maroon | dark red,True,0.3333,0.6667,0.6667,False,1,blue,red,red,0.4873,0.1618,0.0,0.0,46.5,9.049,3,image+text
synth_self_consistency_00640,self_consistency,Is the background color light or dark?,dark,dark | dark | medium,True,0.6667,0.6667,0.6667,False,1,dark,i was looking for a color to match the background of the picture,dark,1.1011,0.1618,0.0,0.0,48.0,9.049,3,image+text
synth_self_consistency_00641,self_consistency,What color is the large rectangle?,it's yellow,yellow | yellow | yellow,True,1.0,0.6667,0.6667,False,1,the large rectangle is orange,it's yellow,it's yellow,0.9326,0.3376,0.0,0.0,42.5,9.049,3,image+text
synth_self_consistency_00642,self_consistency,Is the circle on the left or right side?,yes,right | right | right,False,0.0,0.3333,0.3333,False,1,yes,Is the circle on the left or right side?,a left-side,1.1043,0.1626,0.0,0.0,41.0,9.049,3,image+text
synth_self_consistency_00643,self_consistency,What color is the large rectangle?,a large rectangle of the color red,red | red | red,True,1.0,1.0,1.0,False,1,a large rectangle of the color red,red,the color red,0.8861,0.4695,0.0,0.0,41.5,9.049,3,image+text
synth_self_consistency_00644,self_consistency,What color is the circle in this image?,blue,blue | blue | blue,True,1.0,1.0,1.0,False,1,blue,blue,blue,0.4847,0.1616,0.0,0.0,45.0,9.049,3,image+text
synth_self_consistency_00645,self_consistency,What color is the large rectangle?,blue,blue | blue | blue,True,1.0,1.0,1.0,False,1,blue,a blue square,the large rectangle is blue,0.7843,0.1615,0.0,0.0,51.0,9.049,3,image+text
synth_self_consistency_00646,self_consistency,What color is the background?,blue bg,blue | blue | blue,True,1.0,1.0,1.0,False,1,blue bg,a blue background,blue,0.7583,0.2905,0.0,0.0,45.5,9.049,3,image+text
synth_self_consistency_00647,self_consistency,What color is the large rectangle?,the color red,red | red | red,True,1.0,1.0,1.0,False,1,the color red,red,red,0.5818,0.2525,0.0,0.0,45.0,9.049,3,image+text
synth_self_consistency_00648,self_consistency,What color is the circle in this image?,blue,blue | blue | blue,True,1.0,1.0,1.0,False,1,blue,blue,blue,0.5036,0.178,0.0,0.0,46.0,9.049,3,image+text
synth_self_consistency_00649,self_consistency,What color is the background?,the background is white,cream | white | beige,True,0.3333,1.0,1.0,False,1,the background is white,white,white,0.6412,0.295,0.0,0.0,49.5,9.049,3,image+text
synth_self_consistency_00650,self_consistency,What color is the background?,a light blue background,navy | dark blue | blue,True,0.6667,1.0,1.0,False,1,a light blue background,navy blue,navy blue,0.7554,0.3398,0.0,0.0,45.5,9.049,3,image+text
synth_self_consistency_00651,self_consistency,What is the dominant color in this image?,the dominant color is brown,brown | brown | brown,True,1.0,1.0,1.0,False,1,the dominant color is brown,a brown color,the dominant color is brown,0.9726,0.3362,0.0,0.0,42.5,9.049,3,image+text
synth_self_consistency_00652,self_consistency,Is there a red shape in this image?,yes,yes | yes | yes,True,1.0,1.0,1.0,False,1,yes,yes,yes,0.4868,0.1616,0.0,0.0,42.0,9.049,3,image+text
synth_self_consistency_00653,self_consistency,Is the circle on the left or right side?,the left side,left | left | center,True,0.6667,0.6667,0.6667,False,1,the left side,ot is on the left side,the red circle is on the left side,1.189,0.2487,0.0,0.0,48.0,9.049,3,image+text
synth_self_consistency_00654,self_consistency,Is the background color light or dark?,light,light | light | light,True,1.0,0.6667,0.6667,False,1,dark,light,the background color is light,0.6628,0.1611,0.0,0.0,38.5,9.049,3,image+text
synth_self_consistency_00655,self_consistency,Is the circle on the left or right side?,is the circle on the left or right side?,left | left | center,True,0.6667,1.0,1.0,False,1,is the circle on the left or right side?,left,a circle is on the left side,1.179,0.5487,0.0,0.0,44.0,9.049,3,image+text
synth_self_consistency_00656,self_consistency,What is the dominant color in this image?,a purple background,purple | purple | purple,True,1.0,1.0,1.0,False,1,a purple background,a purple background,purple,0.7618,0.2925,0.0,0.0,44.0,9.049,3,image+text
synth_self_consistency_00657,self_consistency,Is the circle on the left or right side?,a square is on the left side,right | right | right,False,0.0,0.6667,0.6667,True,1,a square is on the left side,obliquely,Is the circle on the left or right side?,1.4046,0.4701,0.0,0.0,36.0,9.049,3,image+text
synth_self_consistency_00658,self_consistency,Is there a red shape in this image?,yes,no | no | no,False,0.0,0.6667,0.6667,True,1,yes,yes,no,0.4846,0.1604,0.0,0.0,38.5,9.049,3,image+text
synth_self_consistency_00659,self_consistency,Is the background color light or dark?,dark gray or dark gray,dark | dark | dark,False,0.0,0.6667,0.6667,True,1,dark gray or dark gray,dark dark gray,dark,0.7404,0.3346,0.0,0.0,48.5,9.049,3,image+text
synth_self_consistency_00660,self_consistency,What color is the large rectangle?,the color is purple,purple | purple | purple,True,1.0,1.0,1.0,False,1,the color is purple,purple,the tiniest purple square is the largest square,1.1158,0.3074,0.0,0.0,47.5,9.049,3,image+text
synth_self_consistency_00661,self_consistency,What is the dominant color in this image?,a yellow background,yellow | yellow | yellow,True,1.0,0.6667,0.6667,False,1,a yellowish greenish blue color,a yellow background,the dominant color in this image is yellow,1.2388,0.4754,0.0,0.0,38.5,9.049,3,image+text
synth_self_consistency_00662,self_consistency,What color is the background?,a blue background,blue | blue | blue,True,1.0,1.0,1.0,False,1,a blue background,blue,a blue background,0.7519,0.2937,0.0,0.0,38.5,9.049,3,image+text
synth_self_consistency_00663,self_consistency,Is the circle on the left or right side?,is the circle on the left or right side,right | right | right,False,0.0,0.6667,0.6667,True,1,is the circle on the left or right side,i's on the left or right side,yes,1.2144,0.5044,0.0,0.0,42.5,9.049,3,image+text
synth_self_consistency_00664,self_consistency,What is the dominant color in this image?,red is the dominant color,red | red | red,True,1.0,0.6667,0.6667,False,1,a dominant color,red is the dominant color,the dominant color in this image is red,1.0956,0.2922,0.0,0.0,46.0,9.049,3,image+text
synth_self_consistency_00665,self_consistency,Is there a red shape in this image?,yes,no | no | no,False,0.0,0.6667,0.6667,True,1,yes,no,yes,0.4782,0.159,0.0,0.0,40.5,9.049,3,image+text
synth_self_consistency_00666,self_consistency,Is the circle on the left or right side?,i is the blue circle on the left side,right | right | right,False,0.0,0.6667,0.6667,True,1,i is the blue circle on the left side,is the circle on the left or right side,a blue circle on the left side,1.5404,0.5527,0.0,0.0,44.5,9.049,3,image+text
synth_self_consistency_00667,self_consistency,Is there a red shape in this image?,yes,yes | yes | yes,True,1.0,1.0,1.0,False,1,yes,yes,yes,0.4817,0.1592,0.0,0.0,36.0,9.049,3,image+text
synth_self_consistency_00668,self_consistency,What color is the background?,white,white | white | white,True,1.0,1.0,1.0,False,1,white,white,white,0.4856,0.1592,0.0,0.0,51.0,9.049,3,image+text
synth_self_consistency_00669,self_consistency,What is the dominant color in this image?,the dominant color in this image is red,red | red | red,True,1.0,0.6667,0.6667,False,1,a dominant color in this image,the dominant color in this image is red,red is the dominant color in this image,1.3626,0.4235,0.0,0.0,47.5,9.049,3,image+text
synth_self_consistency_00670,self_consistency,Is the circle on the left or right side?,a left-hand side,left | left | left,False,0.0,0.3333,0.3333,False,1,a left-hand side,the blue circle is on the left side,is the circle on the left or right side?,1.391,0.3793,0.0,0.0,41.0,9.049,3,image+text
synth_self_consistency_00671,self_consistency,What is the dominant color in this image?,a green background,green | green | green,True,1.0,0.3333,0.3333,False,1,a green background,a greenish blueish blueish greenish color,a greenish yellowish orangeish yellowish,1.448,0.2894,0.0,0.0,39.0,9.049,3,image+text
synth_self_consistency_00672,self_consistency,What is the dominant color in this image?,The dominant color is orange,orange | orange | orange,True,1.0,1.0,1.0,False,1,The dominant color is orange,orange,orange is the dominant color in this image,0.9687,0.3362,0.0,0.0,41.5,9.049,3,image+text
synth_self_consistency_00673,self_consistency,Is the background color light or dark?,dark dark blue dark green dark gray dark grey dark green dark blue dark blue dark blue dark green dark green dark blue dark blue dark brown dark green dark grey dark blue dark green dark blue dark blue dark blue dark purple dark grey dark green dark blue dark blue dark purple dark green dark blue dark blue dark brown dark purple dark,dark | dark | medium,False,0.0,0.6667,0.6667,True,1,dark dark blue dark green dark gray dark grey dark green dark blue dark blue dark blue dark green dark green dark blue dark blue dark brown dark green dark grey dark blue dark green dark blue dark blue dark blue dark purple dark grey dark green dark blue dark blue dark purple dark green dark blue dark blue dark brown dark purple dark,dark dark blue or dark green,dark,3.4223,2.8787,0.0,0.0,37.5,9.049,3,image+text
synth_self_consistency_00674,self_consistency,What color is the circle in this image?,yellow,yellow | yellow | yellow,True,1.0,0.6667,0.6667,False,1,yellow,white,yellow,0.5071,0.1599,0.0,0.0,42.0,9.049,3,image+text
synth_self_consistency_00675,self_consistency,Is there a red shape in this image?,yes,no | no | no,False,0.0,0.6667,0.6667,True,1,yes,yes,no,0.4907,0.1614,0.0,0.0,47.0,9.049,3,image+text
synth_self_consistency_00676,self_consistency,What color is the large rectangle?,a red square,maroon | maroon | dark red,True,0.3333,1.0,1.0,False,1,a red square,red,a large red rectangle,0.792,0.2919,0.0,0.0,48.0,9.049,3,image+text
synth_self_consistency_00677,self_consistency,Is there a blue shape in this image?,yes,no | no | no,False,0.0,0.6667,0.6667,True,1,yes,yes,no,0.4834,0.1605,0.0,0.0,42.0,9.049,3,image+text
synth_self_consistency_00678,self_consistency,What color is the circle?,green,olive | olive | brown,False,0.0,0.6667,0.6667,True,1,green,The circle is green,olive,0.6196,0.1624,0.0,0.0,50.5,9.049,3,image+text
synth_self_consistency_00679,self_consistency,What is the dominant color in this image?,blue,blue | blue | blue,True,1.0,1.0,1.0,False,1,blue,blue,blue is dominant in this image,0.7005,0.16,0.0,0.0,46.5,9.049,3,image+text
synth_self_consistency_00680,self_consistency,What is the dominant color in this image?,a red color dominates this image,red | red | red,True,1.0,0.6667,0.6667,False,1,a dominant color,a red color dominates this image,the dominant color in this image is red,1.2247,0.2894,0.0,0.0,47.5,9.049,3,image+text
synth_self_consistency_00681,self_consistency,Is the background color light or dark?,a blue background,light | light | medium,False,0.0,0.3333,0.3333,False,1,a blue background,yes,a light background,0.7432,0.291,0.0,0.0,46.0,9.049,3,image+text
synth_self_consistency_00682,self_consistency,Is the background color light or dark?,dark,dark | dark | dark,True,1.0,1.0,1.0,False,1,dark,i dark,dark,0.5633,0.1578,0.0,0.0,45.0,9.049,3,image+text
synth_self_consistency_00683,self_consistency,Is there a blue shape in this image?,yes,yes | yes | yes,True,1.0,1.0,1.0,False,1,yes,yes,yes,0.4833,0.1599,0.0,0.0,47.0,9.049,3,image+text
synth_self_consistency_00684,self_consistency,What color is the large rectangle?,navy navy blue,navy | dark blue | navy,True,0.3333,1.0,1.0,False,1,navy navy blue,navy navy blue navy blue navy blue navy blue navy blue navy blue navy blue navy blue navy blue navy blue navy blue navy blue navy blue navy blue navy blue navy blue navy blue navy blue navy blue navy blue navy blue navy blue navy blue navy blue navy blue navy blue navy blue navy blue navy blue navy blue navy blue navy,blue,3.3565,0.2446,0.0,0.0,49.0,9.049,3,image+text
synth_self_consistency_00685,self_consistency,Is the circle on the left or right side?,a circle on the left side,right | right | right,False,0.0,0.6667,0.6667,True,1,,a circle on the left side,is the circle on the left or right side,1.3401,0.3995,0.0,0.0,40.5,9.049,3,image+text
synth_self_consistency_00686,self_consistency,What color is the large rectangle?,pink,pink | pink | pink,True,1.0,1.0,1.0,False,1,pink,a color called pink,pink,0.6594,0.1596,0.0,0.0,41.0,9.049,3,image+text
synth_self_consistency_00687,self_consistency,Is there a purple shape in this image?,yes,yes | yes | yes,True,1.0,1.0,1.0,False,1,yes,yes,yes,0.5187,0.1743,0.0,0.0,43.0,9.049,3,image+text
synth_self_consistency_00688,self_consistency,What color is the circle in this image?,yellow,yellow | yellow | yellow,True,1.0,1.0,1.0,False,1,yellow,the yellow circle,yellow,0.5768,0.1618,0.0,0.0,47.0,9.049,3,image+text
synth_self_consistency_00689,self_consistency,What is the dominant color in this image?,The dominant color in this image is orange,orange | orange | orange,True,1.0,0.6667,0.6667,False,1,a color that is a dominant color,The dominant color in this image is orange,a dominant color in this image is orange,1.5179,0.5313,0.0,0.0,41.0,9.049,3,image+text
synth_self_consistency_00690,self_consistency,What is the dominant color in this image?,green is the dominant color in this image,green | green | green,True,1.0,0.3333,0.3333,False,1,green is the dominant color in this image,a neutral color,the dominant color is white,1.0977,0.4669,0.0,0.0,37.0,9.049,3,image+text
synth_self_consistency_00691,self_consistency,What color is the background?,the background is white,cream | white | beige,True,0.3333,0.6667,0.6667,False,1,the background is beige,the background is white,white,0.7965,0.3375,0.0,0.0,45.5,9.049,3,image+text
synth_self_consistency_00692,self_consistency,What color is the circle?,the circle is green,cyan | cyan | teal | teal,False,0.0,0.6667,0.6667,True,1,the color is blue,the circle is green,the circle is green,0.8913,0.2963,0.0,0.0,46.0,9.049,3,image+text
synth_self_consistency_00693,self_consistency,Is there a green shape in this image?,yes,yes | yes | yes,True,1.0,1.0,1.0,False,1,yes,yes,yes,0.4866,0.1614,0.0,0.0,43.0,9.049,3,image+text
synth_self_consistency_00694,self_consistency,What is the dominant color in this image?,a purple color,purple | purple | purple,True,1.0,0.6667,0.6667,False,1,a purple color,a dominant color in the image,a purple color is a dominant color in this image,1.3622,0.2917,0.0,0.0,48.5,9.049,3,image+text
synth_self_consistency_00695,self_consistency,What color is the circle in this image?,red,red | red | red,True,1.0,1.0,1.0,False,1,red,red,red,0.4876,0.1625,0.0,0.0,37.0,9.049,3,image+text
synth_self_consistency_00696,self_consistency,What color is the background?,gray background,gray | gray | grey,True,0.6667,0.6667,0.6667,False,1,a greyish background,gray background,gray,0.7089,0.3375,0.0,0.0,44.0,9.049,3,image+text
synth_self_consistency_00697,self_consistency,What is the dominant color in this image?,blue is the dominant color,navy | navy | blue | dark blue,True,0.6667,1.0,1.0,False,1,blue is the dominant color,"bluish, blue, blue, blue blue",the dominant color in this image is blue,1.3581,0.3336,0.0,0.0,47.0,9.049,3,image+text
synth_self_consistency_00698,self_consistency,What color is the large rectangle?,white,white | white | white,True,1.0,0.6667,0.6667,False,1,white,white,blue,0.4789,0.1584,0.0,0.0,40.0,9.049,3,image+text
synth_self_consistency_00699,self_consistency,What is the dominant color in this image?,a red color is dominant in this image,red | red | red,True,1.0,1.0,1.0,False,1,a red color is dominant in this image,red is the dominant color in this image,a red background,1.2823,0.5075,0.0,0.0,44.0,9.049,3,image+text
synth_self_consistency_00700,self_consistency,What is the dominant color in this image?,a blueish greyish tone,cyan | cyan | blue,False,0.0,0.3333,0.3333,False,1,a blueish greyish tone,the cyan color in the image is the dominant color in the image,the dominant color in this image is blue,1.6011,0.4172,0.0,0.0,43.5,9.049,3,image+text
synth_self_consistency_00701,self_consistency,What color is the large rectangle?,the large rectangle is orange,orange | orange | orange,True,1.0,0.6667,0.6667,False,1,a large rectangle with a white background,the large rectangle is orange,the color of the large rectangle is orange,1.3347,0.5091,0.0,0.0,37.5,9.049,3,image+text
synth_self_consistency_00702,self_consistency,What color is the circle in this image?,blue,blue | blue | blue,True,1.0,1.0,1.0,False,1,blue,blue,blue,0.4852,0.1612,0.0,0.0,40.0,9.049,3,image+text
synth_self_consistency_00703,self_consistency,Is there a red shape in this image?,no,no | no | no,True,1.0,0.6667,0.6667,False,1,no,yes,no,0.4881,0.1614,0.0,0.0,48.5,9.049,3,image+text
synth_self_consistency_00704,self_consistency,What is the dominant color in this image?,a dark red color dominates this image,maroon | maroon | dark red,True,0.3333,1.0,1.0,False,1,a dark red color dominates this image,the dominant color in this image is red,red is the dominant color in this image,1.4652,0.511,0.0,0.0,43.5,9.049,3,image+text
synth_self_consistency_00705,self_consistency,What is the dominant color in this image?,the dominant color in this image is blue,blue | blue | blue,True,1.0,1.0,1.0,False,1,the dominant color in this image is blue,blue is the dominant color in this image,the dominant color in this image is blue,1.4273,0.4741,0.0,0.0,39.5,9.049,3,image+text
synth_self_consistency_00706,self_consistency,What is the dominant color in this image?,yellow is the dominant color in this image,yellow | yellow | yellow,True,1.0,0.6667,0.6667,False,1,a yellowish color,yellow is the dominant color in this image,the dominant color in this image is yellow,1.2612,0.3318,0.0,0.0,40.5,9.049,3,image+text
synth_self_consistency_00707,self_consistency,Is there a red shape in this image?,yes,yes | yes | yes,True,1.0,1.0,1.0,False,1,yes,yes,yes,0.4838,0.1604,0.0,0.0,40.0,9.049,3,image+text
synth_self_consistency_00708,self_consistency,What color is the circle in this image?,yellow,yellow | yellow | yellow,True,1.0,0.6667,0.6667,False,1,blue,yellow,yellow,0.5012,0.1614,0.0,0.0,49.5,9.049,3,image+text
synth_self_consistency_00709,self_consistency,What color is the background?,white,white | white | white,True,1.0,1.0,1.0,False,1,white,white,white,0.4832,0.1598,0.0,0.0,45.5,9.049,3,image+text
synth_self_consistency_00710,self_consistency,What color is the large rectangle?,navy blue,navy | dark blue | navy,True,0.3333,1.0,1.0,False,1,navy blue,blue,blue color,0.5729,0.2046,0.0,0.0,50.0,9.049,3,image+text
synth_self_consistency_00711,self_consistency,Is the circle on the left or right side?,left,left | left | left,True,1.0,0.6667,0.6667,False,1,left,the circle is on the left or right side,yes,0.9461,0.1605,0.0,0.0,47.0,9.049,3,image+text
synth_self_consistency_00712,self_consistency,What color is the background?,blue,blue | blue | blue,True,1.0,1.0,1.0,False,1,blue,blue bg,blue,0.6174,0.1612,0.0,0.0,39.5,9.049,3,image+text
synth_self_consistency_00713,self_consistency,What is the dominant color in this image?,a yellowish brown color,yellow | yellow | yellow,False,0.0,0.3333,0.3333,False,1,a yellowish brown color,a yellow-colored background with a black and white image of a yellow bicycle,a yellowish yellow tone is dominant in this image,1.8883,0.3784,0.0,0.0,45.5,9.049,3,image+text
synth_self_consistency_00714,self_consistency,What color is the large rectangle?,a red polka dot,red | red | red,True,1.0,1.0,1.0,False,1,a red polka dot,the large rectangle is red,red,0.9616,0.4654,0.0,0.0,38.0,9.049,3,image+text
synth_self_consistency_00715,self_consistency,What is the dominant color in this image?,a color that is dominant in the image,red | red | red,False,0.0,0.3333,0.3333,False,1,a color that is dominant in the image,a crow in the foreground,color red is the dominant color in this image,1.5725,0.507,0.0,0.0,41.5,9.049,3,image+text
synth_self_consistency_00716,self_consistency,What color is the large rectangle?,a large rectangle,green | green | green,False,0.0,0.3333,0.3333,False,1,a large rectangle,the color is green,the color of the large rectangle,0.9646,0.292,0.0,0.0,44.0,9.049,3,image+text
synth_self_consistency_00717,self_consistency,Is the circle on the left or right side?,a circle on the left side,right | right | right,False,0.0,1.0,1.0,True,1,a circle on the left side,a circle on the left side,a circle on the left side,1.2653,0.4196,0.0,0.0,42.5,9.049,3,image+text
synth_self_consistency_00718,self_consistency,What color is the large rectangle?,a color that is the color of blue,blue | blue | blue,True,1.0,1.0,1.0,False,1,a color that is the color of blue,blue,blue color,0.8905,0.5104,0.0,0.0,38.0,9.049,3,image+text
synth_self_consistency_00719,self_consistency,What color is the circle in this image?,blue,blue | blue | blue,True,1.0,1.0,1.0,False,1,blue,blue,blue,0.4919,0.1609,0.0,0.0,46.5,9.049,3,image+text
synth_self_consistency_00720,self_consistency,What color is the large rectangle?,blue,navy | dark blue | navy,True,0.3333,1.0,1.0,False,1,blue,navy blue,navy blue,0.5787,0.1679,0.0,0.0,50.0,9.049,3,image+text
synth_self_consistency_00721,self_consistency,What color is the background?,a light cream color,cream | white | beige,False,0.0,0.3333,0.3333,False,1,a light cream color,a white background,a cream color,0.9223,0.3369,0.0,0.0,47.0,9.049,3,image+text
synth_self_consistency_00722,self_consistency,Is there a green shape in this image?,yes,yes | yes | yes,True,1.0,1.0,1.0,False,1,yes,yes,yes,0.4827,0.1586,0.0,0.0,43.5,9.049,3,image+text
synth_self_consistency_00723,self_consistency,What color is the circle in this image?,red,red | red | red,True,1.0,1.0,1.0,False,1,red,red,red,0.4858,0.1598,0.0,0.0,50.0,9.049,3,image+text
synth_self_consistency_00724,self_consistency,Is there a green shape in this image?,no,no | no | no,True,1.0,0.6667,0.6667,False,1,no,yes,no,0.4845,0.1609,0.0,0.0,49.5,9.049,3,image+text
synth_self_consistency_00725,self_consistency,Is the background color light or dark?,light,light | light | light,True,1.0,0.6667,0.6667,False,1,light,dark,the background color is light,0.6692,0.1689,0.0,0.0,49.0,9.049,3,image+text
synth_self_consistency_00726,self_consistency,What is the dominant color in this image?,blue,navy | navy | blue | dark blue,True,0.6667,1.0,1.0,False,1,blue,a blue background,blue,0.6162,0.161,0.0,0.0,43.0,9.049,3,image+text
synth_self_consistency_00727,self_consistency,What is the dominant color in this image?,a black and white background,green | green | green,False,0.0,0.3333,0.3333,False,1,a black and white background,green is the dominant color,a dominant color in this image,1.158,0.3803,0.0,0.0,46.0,9.049,3,image+text
synth_self_consistency_00728,self_consistency,What color is the large rectangle?,the large rectangle is white,white | white | white,True,1.0,1.0,1.0,False,1,the large rectangle is white,white,white,0.6557,0.3321,0.0,0.0,42.5,9.049,3,image+text
synth_self_consistency_00729,self_consistency,Is the circle on the left or right side?,,left | left | center,False,0.0,0.3333,0.3333,False,1,,the red circle is on the left side,the circle is on the left side,1.3462,0.4635,0.0,0.0,45.0,9.049,3,image+text
synth_self_consistency_00730,self_consistency,Is there a purple shape in this image?,yes,yes | yes | yes,True,1.0,1.0,1.0,False,1,yes,yes,yes,0.4808,0.1604,0.0,0.0,42.5,9.049,3,image+text
synth_self_consistency_00731,self_consistency,Is there a red shape in this image?,yes,no | no | no,False,0.0,1.0,1.0,True,1,yes,yes,yes,0.5244,0.184,0.0,0.0,49.0,9.049,3,image+text
synth_self_consistency_00732,self_consistency,What color is the large rectangle?,white,white | white | white,True,1.0,0.6667,0.6667,False,1,blue,white,white,0.4842,0.1602,0.0,0.0,45.0,9.049,3,image+text
synth_self_consistency_00733,self_consistency,What is the dominant color in this image?,blue is the dominant color in this image,blue | blue | blue,True,1.0,1.0,1.0,False,1,blue is the dominant color in this image,blue,blue,0.8064,0.4783,0.0,0.0,42.0,9.049,3,image+text
synth_self_consistency_00734,self_consistency,What is the dominant color in this image?,a green background,green | green | green,True,1.0,0.3333,0.3333,False,1,a green background,a color that is dominant in this image,a dominant color,1.1025,0.2951,0.0,0.0,45.0,9.049,3,image+text
synth_self_consistency_00735,self_consistency,Is the background color light or dark?,i think the background color is light,dark | dark | dark,False,0.0,0.3333,0.3333,False,1,i think the background color is light,dark background,a black background,0.9742,0.4696,0.0,0.0,40.5,9.049,3,image+text
synth_self_consistency_00736,self_consistency,Is the background color light or dark?,dark,dark | dark | dark,True,1.0,0.6667,0.6667,False,1,dark,gray,dark,0.4889,0.1615,0.0,0.0,44.0,9.049,3,image+text
synth_self_consistency_00737,self_consistency,What color is the background?,white,white | white | white,True,1.0,1.0,1.0,False,1,white,white background,white,0.5314,0.1614,0.0,0.0,49.5,9.049,3,image+text
synth_self_consistency_00738,self_consistency,What color is the large rectangle?,the large rectangle,yellow | yellow | yellow,False,0.0,0.6667,0.6667,True,1,white color,the large rectangle,a large rectangle,0.7556,0.2047,0.0,0.0,47.0,9.049,3,image+text
synth_self_consistency_00739,self_consistency,What color is the circle in this image?,blue,blue | blue | blue,True,1.0,1.0,1.0,False,1,blue,a blue circle,blue,0.621,0.1633,0.0,0.0,41.5,9.049,3,image+text
synth_self_consistency_00740,self_consistency,Is there a red shape in this image?,yes,no | no | no,False,0.0,0.6667,0.6667,True,1,yes,no,yes,0.4799,0.1595,0.0,0.0,47.0,9.049,3,image+text
synth_self_consistency_00741,self_consistency,Is the circle on the left or right side?,a circle on the left side,left | left | left,True,1.0,1.0,1.0,False,1,a circle on the left side,the left side,the circle is on the left side,1.0996,0.4202,0.0,0.0,45.0,9.049,3,image+text
synth_self_consistency_00742,self_consistency,What is the dominant color in this image?,the dominant color is orange,orange | orange | orange,True,1.0,1.0,1.0,False,1,the dominant color is orange,orange,a dominant color in this image is orange,1.0238,0.3376,0.0,0.0,46.5,9.049,3,image+text
synth_self_consistency_00743,self_consistency,What is the dominant color in this image?,a color that is dominant in the image,orange | orange | orange,False,0.0,0.3333,0.3333,False,1,a color that is dominant in the image,orange,a dominant color is a dominant color,1.2583,0.5037,0.0,0.0,38.0,9.049,3,image+text
synth_self_consistency_00744,self_consistency,What color is the large rectangle?,sand is the color of the large rectangle,white | white | white,False,0.0,0.3333,0.3333,False,1,sand is the color of the large rectangle,blue,the color of the squares,1.0921,0.5523,0.0,0.0,38.5,9.049,3,image+text
synth_self_consistency_00745,self_consistency,What color is the large rectangle?,green,green | green | green,True,1.0,0.6667,0.6667,False,1,green,a large square,the large rectangle is green,0.7926,0.1622,0.0,0.0,41.5,9.049,3,image+text
synth_self_consistency_00746,self_consistency,Is there a purple shape in this image?,yes,yes | yes | yes,True,1.0,0.6667,0.6667,False,1,yes,no,yes,0.4859,0.1607,0.0,0.0,42.0,9.049,3,image+text
synth_self_consistency_00747,self_consistency,Is the circle on the left or right side?,a circle is on the right side,right | right | right,True,1.0,0.6667,0.6667,False,1,a circle is on the right side,,right,0.8472,0.4665,0.0,0.0,44.5,9.049,3,image+text
synth_self_consistency_00748,self_consistency,What color is the large rectangle?,white,white | white | white,True,1.0,0.6667,0.6667,False,1,white,a large rectangle,the white color is the largest rectangle,0.8789,0.1602,0.0,0.0,46.5,9.049,3,image+text
synth_self_consistency_00749,self_consistency,What color is the circle?,red is the color of the circle,brown | brown | maroon,False,0.0,0.6667,0.6667,True,1,red is the color of the circle,a dark brown circle,red is the color of the circle,1.1736,0.4204,0.0,0.0,45.5,9.049,3,image+text
synth_self_consistency_00750,self_consistency,Is the circle on the left or right side?,is the circle on the left or right side,left | left | left,True,1.0,1.0,1.0,False,1,is the circle on the left or right side,a circle on the left side,left or right side,1.2278,0.5046,0.0,0.0,41.5,9.049,3,image+text
synth_self_consistency_00751,self_consistency,Is there a red shape in this image?,no,no | no | no,True,1.0,0.6667,0.6667,False,1,no,yes,no,0.4768,0.1584,0.0,0.0,42.0,9.049,3,image+text
synth_self_consistency_00752,self_consistency,What is the dominant color in this image?,a orange color dominates the image,orange | orange | orange,True,1.0,0.3333,0.3333,False,1,a orange color dominates the image,a blue square,a greenish yellow color,1.1241,0.4592,0.0,0.0,44.5,9.049,3,image+text
synth_self_consistency_00753,self_consistency,Is there a blue shape in this image?,yes,no | no | no,False,0.0,1.0,1.0,True,1,yes,yes,yes,0.4851,0.1609,0.0,0.0,43.0,9.049,3,image+text
synth_self_consistency_00754,self_consistency,What is the dominant color in this image?,green color,green | green | green,True,1.0,1.0,1.0,False,1,green color,green background,a green background,0.7053,0.2032,0.0,0.0,49.5,9.049,3,image+text
synth_self_consistency_00755,self_consistency,What color is the large rectangle?,blue,blue | blue | blue,True,1.0,1.0,1.0,False,1,blue,blue,blue,0.49,0.1628,0.0,0.0,42.0,9.049,3,image+text
synth_self_consistency_00756,self_consistency,What color is the circle?,a green circle,cyan | cyan | teal | teal,False,0.0,1.0,1.0,True,1,a green circle,the sphere is green,the circle is green,0.9295,0.2958,0.0,0.0,49.5,9.049,3,image+text
synth_self_consistency_00757,self_consistency,What is the dominant color in this image?,purple,purple | purple | purple,True,1.0,0.6667,0.6667,False,1,a purple-blue color scheme,purple,purple,0.7965,0.4671,0.0,0.0,40.0,9.049,3,image+text
synth_self_consistency_00758,self_consistency,What color is the circle in this image?,yellow,yellow | yellow | yellow,True,1.0,0.6667,0.6667,False,1,white,yellow,yellow,0.4842,0.1606,0.0,0.0,46.5,9.049,3,image+text
synth_self_consistency_00759,self_consistency,Is the circle on the left or right side?,i's a circle on the left side,right | right | right,False,0.0,0.6667,0.6667,True,1,i's a circle on the left side,i is on the left or right side,right,1.2759,0.5931,0.0,0.0,43.5,9.049,3,image+text
synth_self_consistency_00760,self_consistency,What color is the circle in this image?,blue,blue | blue | blue,True,1.0,1.0,1.0,False,1,blue,blue,blue,0.4922,0.1633,0.0,0.0,42.5,9.049,3,image+text
synth_self_consistency_00761,self_consistency,What color is the large rectangle?,green,lime | lime | green,True,0.3333,0.3333,0.3333,False,1,green,irascent,blue,0.7083,0.163,0.0,0.0,50.0,9.049,3,image+text
synth_self_consistency_00762,self_consistency,What color is the large rectangle?,a reddish orange color,orange | orange | orange,True,1.0,0.3333,0.3333,False,1,a reddish orange color,a black square,a large rectangle,1.0105,0.4233,0.0,0.0,41.0,9.049,3,image+text
synth_self_consistency_00763,self_consistency,What color is the small circle?,green,olive | olive | green,True,0.3333,1.0,1.0,False,1,green,green,the small circle is green,0.7041,0.1604,0.0,0.0,42.0,9.049,3,image+text
synth_self_consistency_00764,self_consistency,What is the dominant color in this image?,a dark blue color,navy | navy | blue | dark blue,True,0.6667,0.6667,0.6667,False,1,a dark blue color,a blue color is the dominant color in this image,a white background with black text on it,1.4376,0.3313,0.0,0.0,39.0,9.049,3,image+text
synth_self_consistency_00765,self_consistency,Is the circle on the left or right side?,the left side,left | left | left,True,1.0,0.6667,0.6667,False,1,the left side,i am left side,no,0.7629,0.2456,0.0,0.0,40.5,9.049,3,image+text
synth_self_consistency_00766,self_consistency,What color is the circle in this image?,red,red | red | red,True,1.0,1.0,1.0,False,1,red,red,red,0.4805,0.1597,0.0,0.0,44.5,9.049,3,image+text
synth_self_consistency_00767,self_consistency,What color is the circle in this image?,red,red | red | red,True,1.0,1.0,1.0,False,1,red,red,the red color,0.5645,0.1591,0.0,0.0,49.5,9.049,3,image+text
synth_self_consistency_00768,self_consistency,What color is the large rectangle?,the large rectangle is green,olive | olive | dark yellow,False,0.0,0.6667,0.6667,True,1,the large rectangle is green,The large rectangle is blue,green,0.8283,0.3313,0.0,0.0,47.0,9.049,3,image+text
synth_self_consistency_00769,self_consistency,Is the circle on the left or right side?,,left | left | center,False,0.0,0.6667,0.6667,True,1,,the circle is on the right side,,1.0058,0.3772,0.0,0.0,40.5,9.049,3,image+text
synth_self_consistency_00770,self_consistency,What color is the circle in this image?,the circle is yellow,yellow | yellow | yellow,True,1.0,0.6667,0.6667,False,1,the circle is yellow,yellow,white,0.6147,0.2914,0.0,0.0,42.5,9.049,3,image+text
synth_self_consistency_00771,self_consistency,What color is the large rectangle?,a color that is green,green | green | green,True,1.0,0.6667,0.6667,False,1,a large rectangle,a color that is green,the large rectangle is green,1.0094,0.2921,0.0,0.0,47.5,9.049,3,image+text
synth_self_consistency_00772,self_consistency,What color is the circle in this image?,black,yellow | yellow | yellow,False,0.0,0.3333,0.3333,False,1,black,a yellow circle,blue,0.6119,0.1605,0.0,0.0,42.0,9.049,3,image+text
synth_self_consistency_00773,self_consistency,What color is the large rectangle?,a large square,teal | teal | green,False,0.0,0.3333,0.3333,False,1,a large square,a color that is green,the large rectangle is blue,1.0075,0.289,0.0,0.0,45.5,9.049,3,image+text
synth_self_consistency_00774,self_consistency,What color is the circle?,pink,pink | pink | pink,True,1.0,0.6667,0.6667,False,1,pink,pink color,a black circle with pink polka dots,0.9263,0.1618,0.0,0.0,37.0,9.049,3,image+text
synth_self_consistency_00775,self_consistency,What is the dominant color in this image?,red is the dominant color in this image,maroon | maroon | dark red,True,0.3333,1.0,1.0,False,1,red is the dominant color in this image,the dominant color in this image is red,red is the dominant color in this image,1.3967,0.4634,0.0,0.0,41.0,9.049,3,image+text
synth_self_consistency_00776,self_consistency,What color is the large rectangle?,blue,navy | dark blue | navy,True,0.3333,1.0,1.0,False,1,blue,blue,navy blue,0.5306,0.1591,0.0,0.0,39.0,9.049,3,image+text
synth_self_consistency_00777,self_consistency,Is the circle on the left or right side?,right side,left | left | left,False,0.0,0.6667,0.6667,True,1,right side,right side,i have a blue circle on the left side,1.0287,0.2106,0.0,0.0,47.0,9.049,3,image+text
synth_self_consistency_00778,self_consistency,Is there a green shape in this image?,yes,no | no | no,False,0.0,0.6667,0.6667,True,1,yes,no,yes,0.4861,0.1612,0.0,0.0,37.0,9.049,3,image+text
synth_self_consistency_00779,self_consistency,What is the dominant color in this image?,a dominant color is dominant color in the image,orange | orange | orange,False,0.0,0.3333,0.3333,False,1,a dominant color is dominant color in the image,a very bright yellow color,orange is the dominant color in this image,1.4101,0.5595,0.0,0.0,43.0,9.049,3,image+text
synth_self_consistency_00780,self_consistency,What color is the large rectangle?,a blue square,blue | blue | blue,True,1.0,1.0,1.0,False,1,a blue square,blue,the large rectangle is blue,0.796,0.2908,0.0,0.0,44.5,9.049,3,image+text
synth_self_consistency_00781,self_consistency,What color is the large rectangle?,blue,blue | blue | blue,True,1.0,1.0,1.0,False,1,blue,blue,the color blue,0.5759,0.1617,0.0,0.0,42.0,9.049,3,image+text
synth_self_consistency_00782,self_consistency,Is the background color light or dark?,the background color is light or dark,dark | dark | dark,False,0.0,0.3333,0.3333,False,1,the background color is light or dark,dark,dark blue,0.7908,0.4223,0.0,0.0,47.0,9.049,3,image+text
synth_self_consistency_00783,self_consistency,What color is the circle in this image?,yellow,yellow | yellow | yellow,True,1.0,1.0,1.0,False,1,yellow,yellow,yellow,0.4852,0.1607,0.0,0.0,48.0,9.049,3,image+text
synth_self_consistency_00784,self_consistency,What color is the background?,the background is white,white | white | white,True,1.0,1.0,1.0,False,1,the background is white,white,white,0.6286,0.296,0.0,0.0,49.0,9.049,3,image+text
synth_self_consistency_00785,self_consistency,Is there a red shape in this image?,yes,yes | yes | yes,True,1.0,1.0,1.0,False,1,yes,yes,yes,0.4908,0.1644,0.0,0.0,50.0,9.049,3,image+text
synth_self_consistency_00786,self_consistency,What color is the large rectangle?,a large rectangle,teal | teal | green,False,0.0,0.3333,0.3333,False,1,a large rectangle,the large rectangle is blue,color scheme is green,0.9411,0.3113,0.0,0.0,44.0,9.049,3,image+text
synth_self_consistency_00787,self_consistency,What color is the large rectangle?,the color is yellow,yellow | yellow | yellow,True,1.0,1.0,1.0,False,1,the color is yellow,yellow,a yellow - orange color,0.8923,0.3129,0.0,0.0,45.0,9.049,3,image+text
synth_self_consistency_00788,self_consistency,Is the circle on the left or right side?,,right | right | right,False,0.0,0.3333,0.3333,False,1,,a blue circle with a white word inside,l left or right side,1.1337,0.2027,0.0,0.0,38.0,9.049,3,image+text
synth_self_consistency_00789,self_consistency,What color is the small circle?,green,olive | olive | green,True,0.3333,0.6667,0.6667,False,1,green,the small circle is green,a greenish,0.7998,0.1623,0.0,0.0,42.0,9.049,3,image+text
synth_self_consistency_00790,self_consistency,What color is the large rectangle?,a red square,maroon | maroon | dark red,True,0.3333,0.6667,0.6667,False,1,a red square,the large rectangle is black,red,0.8114,0.3164,0.0,0.0,42.5,9.049,3,image+text
synth_self_consistency_00791,self_consistency,What color is the large rectangle?,red,red | red | red,True,1.0,1.0,1.0,False,1,red,a red square,the color is red,0.7463,0.1592,0.0,0.0,43.5,9.049,3,image+text
synth_self_consistency_00792,self_consistency,Is there a red shape in this image?,yes,no | no | no,False,0.0,1.0,1.0,True,1,yes,yes,yes,0.4876,0.1621,0.0,0.0,45.5,9.049,3,image+text
synth_self_consistency_00793,self_consistency,What is the dominant color in this image?,red,red | red | red,True,1.0,1.0,1.0,False,1,red,a red color,the dominant color in this image is red,0.9324,0.1605,0.0,0.0,47.0,9.049,3,image+text
synth_self_consistency_00794,self_consistency,What color is the large rectangle?,the big rectangle is white,teal | teal | green,False,0.0,0.3333,0.3333,False,1,the big rectangle is white,the large rectangle is blue,a dark greenish color,1.0646,0.337,0.0,0.0,38.5,9.049,3,image+text
synth_self_consistency_00795,self_consistency,What color is the large rectangle?,red,maroon | maroon | dark red,True,0.3333,0.6667,0.6667,False,1,red,cyan,a red color,0.663,0.1631,0.0,0.0,41.0,9.049,3,image+text
synth_self_consistency_00796,self_consistency,What color is the background?,a gray background,gray | gray | grey,True,0.6667,0.3333,0.3333,False,1,a gray background,a dark blue,black,0.7495,0.2927,0.0,0.0,45.5,9.049,3,image+text
synth_self_consistency_00797,self_consistency,What color is the large rectangle?,cyan,maroon | maroon | dark red,False,0.0,0.3333,0.3333,False,1,cyan,a large rectangle,the color is the black rectangle,0.8695,0.2016,0.0,0.0,45.5,9.049,3,image+text
synth_self_consistency_00798,self_consistency,What is the dominant color in this image?,orange color,orange | orange | orange,True,1.0,0.6667,0.6667,False,1,orange color,a light brownish color with a yellowish undertone,the dominant color in this image is orange,1.4434,0.292,0.0,0.0,43.0,9.049,3,image+text
synth_self_consistency_00799,self_consistency,What is the dominant color in this image?,blue,cyan | cyan | blue,True,0.3333,1.0,1.0,False,1,blue,the dominant color in this image is blue,a light blue,0.9183,0.1599,0.0,0.0,41.0,9.049,3,image+text
synth_self_consistency_00800,self_consistency,What color is the circle in this image?,red,red | red | red,True,1.0,1.0,1.0,False,1,red,red,red,0.4848,0.1612,0.0,0.0,43.0,9.049,3,image+text
synth_self_consistency_00801,self_consistency,What color is the background?,navy blue,navy | dark blue | blue,True,0.6667,1.0,1.0,False,1,navy blue,blue,navy blue,0.5807,0.2085,0.0,0.0,50.0,9.049,3,image+text
synth_self_consistency_00802,self_consistency,What color is the circle?,red,brown | brown | maroon,False,0.0,0.6667,0.6667,True,1,red,a red polka dot,a black circle,0.9252,0.1621,0.0,0.0,47.0,9.049,3,image+text
synth_self_consistency_00803,self_consistency,What color is the background?,gray,gray | gray | grey,True,0.6667,0.6667,0.6667,False,1,the background is white,gray,the background is gray,0.7616,0.2894,0.0,0.0,44.5,9.049,3,image+text
synth_self_consistency_00804,self_consistency,What is the dominant color in this image?,a dominant color in this image,olive | olive | green | dark green,False,0.0,0.3333,0.3333,False,1,a dominant color in this image,the dominant color in this image is green,"color, color combinations, color palettes, color schemes, color schemes, color palettes, color palettes, color schemes, color schemes, color palettes, color schemes, color schemes, color palettes, color palettes, color schemes, color palettes, color palettes, color schemes, color schemes,",3.8001,0.424,0.0,0.0,42.0,9.049,3,image+text
synth_self_consistency_00805,self_consistency,What color is the circle in this image?,red,red | red | red,True,1.0,1.0,1.0,False,1,red,red,red,0.4814,0.1605,0.0,0.0,36.5,9.049,3,image+text
synth_self_consistency_00806,self_consistency,What color is the large rectangle?,blue,blue | blue | blue,True,1.0,1.0,1.0,False,1,blue,blue,blue,0.4837,0.1588,0.0,0.0,52.0,9.049,3,image+text
synth_self_consistency_00807,self_consistency,What is the dominant color in this image?,a greenish color dominates the image,olive | olive | green | dark green,False,0.0,0.3333,0.3333,False,1,a greenish color dominates the image,i like to paint my bedroom walls green,a blue-green a dark green-blue color,1.7258,0.5114,0.0,0.0,42.0,9.049,3,image+text
synth_self_consistency_00808,self_consistency,What is the dominant color in this image?,the dominant color in this image is blue,cyan | cyan | blue,True,0.3333,0.6667,0.6667,False,1,cyan,the dominant color in this image is blue,a dominant color in the image is blue,1.2699,0.2903,0.0,0.0,42.0,9.049,3,image+text
synth_self_consistency_00809,self_consistency,Is the circle on the left or right side?,it's on the left side,left | left | left,True,1.0,0.3333,0.3333,False,1,it's on the left side,n,yes,0.839,0.4258,0.0,0.0,40.5,9.049,3,image+text
synth_self_consistency_00810,self_consistency,Is there a red shape in this image?,yes,yes | yes | yes,True,1.0,1.0,1.0,False,1,yes,yes,yes,0.4898,0.1655,0.0,0.0,46.0,9.049,3,image+text
synth_self_consistency_00811,self_consistency,What color is the large rectangle?,the color of the big rectangle is yellow,yellow | yellow | yellow,True,1.0,0.6667,0.6667,False,1,the color of the big rectangle is yellow,the large rectangle is yellow,a large square,1.1241,0.4664,0.0,0.0,44.0,9.049,3,image+text
synth_self_consistency_00812,self_consistency,What is the dominant color in this image?,a blue background is used in this image,cyan | cyan | blue,True,0.3333,0.6667,0.6667,False,1,a dominant color is the color that is predominant in the image,a blue background is used in this image,"blue, blue, blue, blue blue, blue blue, blue, blue blue, blue, blue blue, blue blue, blue blue, blue blue, blue blue blue, blue blue, blue blue, blue blue, blue blue, blue blue, blue blue blue, blue blue, blue blue blue, blue blue blue",4.0961,0.6854,0.0,0.0,40.5,9.049,3,image+text
synth_self_consistency_00813,self_consistency,What color is the circle in this image?,blue,blue | blue | blue,True,1.0,1.0,1.0,False,1,blue,blue,blue,0.4917,0.1616,0.0,0.0,40.5,9.049,3,image+text
synth_self_consistency_00814,self_consistency,What color is the circle in this image?,red,red | red | red,True,1.0,1.0,1.0,False,1,red,red,a red circle,0.6163,0.1619,0.0,0.0,47.5,9.049,3,image+text
synth_self_consistency_00815,self_consistency,Is the circle on the left or right side?,no,right | right | right,False,0.0,0.3333,0.3333,False,1,no,Is the circle on the left or right side?,a circle is on the right side,1.2311,0.1617,0.0,0.0,45.5,9.049,3,image+text
synth_self_consistency_00816,self_consistency,What is the dominant color in this image?,blue is the dominant color in this image,blue | blue | blue,True,1.0,1.0,1.0,False,1,blue is the dominant color in this image,a blue sky with clouds,blue is the dominant color in this image,1.3337,0.4704,0.0,0.0,41.0,9.049,3,image+text
synth_self_consistency_00817,self_consistency,What color is the circle?,a pink circle,pink | pink | pink,True,1.0,1.0,1.0,False,1,a pink circle,the circle is pink,a pink circle with black dots,1.002,0.2898,0.0,0.0,43.0,9.049,3,image+text
synth_self_consistency_00818,self_consistency,What is the dominant color in this image?,the dominant color in this image is blue,teal | teal | cyan | blue-green,False,0.0,0.6667,0.6667,True,1,the dominant color in this image is blue,a dark shade of blue,blues blues blues blues blues blues blues blues blues blues blues blues blues blues blues blues blues blues blues blues blues blues blues blues blues blues blues blues blues blues blues blues,3.7508,0.4605,0.0,0.0,41.0,9.049,3,image+text
synth_self_consistency_00819,self_consistency,What is the dominant color in this image?,a dominant color in this image is blue,cyan | cyan | blue,True,0.3333,0.6667,0.6667,False,1,a dominant color in this image is blue,cyan blue,"a blue color, like turquoise, blue or turquoise, is the dominant color in this image",1.7094,0.511,0.0,0.0,40.0,9.049,3,image+text
synth_self_consistency_00820,self_consistency,What is the dominant color in this image?,red is the dominant color in this image,red | red | red,True,1.0,0.6667,0.6667,False,1,red is the dominant color in this image,a red based image,a blue background with a white background,1.3638,0.4703,0.0,0.0,37.0,9.049,3,image+text
synth_self_consistency_00821,self_consistency,What is the dominant color in this image?,blue is the dominant color in this image,blue | blue | blue,True,1.0,1.0,1.0,False,1,blue is the dominant color in this image,the dominant color is blue,a blue tone,1.107,0.4754,0.0,0.0,38.5,9.049,3,image+text
synth_self_consistency_00822,self_consistency,What color is the large rectangle?,white,white | white | white,True,1.0,1.0,1.0,False,1,white,a large rectangle of color white,white,0.743,0.1619,0.0,0.0,46.0,9.049,3,image+text
synth_self_consistency_00823,self_consistency,What is the dominant color in this image?,the dominant color in this image is yellow,yellow | yellow | yellow,True,1.0,1.0,1.0,False,1,the dominant color in this image is yellow,the dominant color is yellow,yellow color,1.0222,0.4665,0.0,0.0,41.0,9.049,3,image+text
synth_self_consistency_00824,self_consistency,Is the circle on the left or right side?,the circle is on the left side,left | left | left,True,1.0,0.3333,0.3333,False,1,the circle is on the left side,the blue circle is on the left side,the right side,1.141,0.4234,0.0,0.0,42.5,9.049,3,image+text
synth_self_consistency_00825,self_consistency,What is the dominant color in this image?,the dominant color is blue,teal | teal | cyan | blue-green,False,0.0,1.0,1.0,True,1,the dominant color is blue,the color blue dominates the image,blue and white,1.0127,0.3324,0.0,0.0,43.0,9.049,3,image+text
synth_self_consistency_00826,self_consistency,What color is the circle in this image?,yellow,yellow | yellow | yellow,True,1.0,1.0,1.0,False,1,yellow,yellow,yellow,0.4817,0.1608,0.0,0.0,42.0,9.049,3,image+text
synth_self_consistency_00827,self_consistency,Is the circle on the left or right side?,right side,left | left | left,False,0.0,0.3333,0.3333,False,1,right side,the left side,a lone black speculative,1.0,0.2024,0.0,0.0,50.0,9.049,3,image+text
synth_self_consistency_00828,self_consistency,What is the dominant color in this image?,orange,orange | orange | orange,True,1.0,1.0,1.0,False,1,orange,orange color is the dominant color in this image,The dominant color in this image is orange,1.1426,0.1585,0.0,0.0,41.0,9.049,3,image+text
synth_self_consistency_00829,self_consistency,Is the background color light or dark?,dark,dark | dark | dark,True,1.0,0.6667,0.6667,False,1,dark,gray or dark,dark,0.5903,0.1616,0.0,0.0,37.0,9.049,3,image+text
synth_self_consistency_00830,self_consistency,Is the background color light or dark?,light or dark,light | light | light,True,1.0,0.6667,0.6667,False,1,light or dark,light or dark,dark,0.65,0.2452,0.0,0.0,46.5,9.049,3,image+text
synth_self_consistency_00831,self_consistency,What color is the large rectangle?,orange,orange | orange | orange,True,1.0,0.6667,0.6667,False,1,orange,the large rectangle is a blue color,the color orange,0.8791,0.1605,0.0,0.0,47.0,9.049,3,image+text
synth_self_consistency_00832,self_consistency,What color is the large rectangle?,the color orange,orange | orange | orange,True,1.0,0.6667,0.6667,False,1,it's blue,the color orange,the color orange,0.7915,0.2929,0.0,0.0,44.0,9.049,3,image+text
synth_self_consistency_00833,self_consistency,What color is the small circle?,small circle,lime | lime | yellow-green,False,0.0,0.3333,0.3333,False,1,small circle,the color of the small circle,a small green circle,0.9252,0.2038,0.0,0.0,42.5,9.049,3,image+text
synth_self_consistency_00834,self_consistency,What is the dominant color in this image?,blue,navy | navy | blue | dark blue,True,0.6667,1.0,1.0,False,1,blue,blue,navy blue,0.5502,0.1612,0.0,0.0,43.0,9.049,3,image+text
synth_self_consistency_00835,self_consistency,What is the dominant color in this image?,the dominant color in this image is yellow,yellow | yellow | yellow,True,1.0,1.0,1.0,False,1,the dominant color in this image is yellow,yellow is a dominant color in this image,yellow is the dominant color in this image,1.4498,0.4601,0.0,0.0,43.5,9.049,3,image+text
synth_self_consistency_00836,self_consistency,What color is the large rectangle?,white,white | white | white,True,1.0,1.0,1.0,False,1,white,a white square,white,0.6211,0.1611,0.0,0.0,40.5,9.049,3,image+text
synth_self_consistency_00837,self_consistency,What color is the large rectangle?,the large rectangle is yellow,yellow | yellow | yellow,True,1.0,1.0,1.0,False,1,the large rectangle is yellow,color yellow,the large rectangle is yellow,0.884,0.3378,0.0,0.0,40.5,9.049,3,image+text
synth_self_consistency_00838,self_consistency,What color is the large rectangle?,blue,navy | dark blue | navy,True,0.3333,1.0,1.0,False,1,blue,navy blue,navy blue,0.58,0.1689,0.0,0.0,42.0,9.049,3,image+text
synth_self_consistency_00839,self_consistency,Is there a purple shape in this image?,no,yes | yes | yes,False,0.0,0.6667,0.6667,True,1,no,no,yes,0.4897,0.1601,0.0,0.0,46.5,9.049,3,image+text
synth_self_consistency_00840,self_consistency,What color is the background?,white,white | white | white,True,1.0,1.0,1.0,False,1,white,white,white,0.488,0.1621,0.0,0.0,49.0,9.049,3,image+text
synth_self_consistency_00841,self_consistency,What color is the circle?,green,olive | olive | brown,False,0.0,1.0,1.0,True,1,green,the circle is green,green,0.6237,0.1611,0.0,0.0,48.0,9.049,3,image+text
synth_self_consistency_00842,self_consistency,What color is the large rectangle?,the large rectangle is pink,pink | pink | pink,True,1.0,1.0,1.0,False,1,the large rectangle is pink,the large rectangle is pink,pink,0.8578,0.3361,0.0,0.0,44.5,9.049,3,image+text
synth_self_consistency_00843,self_consistency,What color is the large rectangle?,red,maroon | maroon | dark red,True,0.3333,0.6667,0.6667,False,1,a large rectangle,red,red,0.6225,0.2965,0.0,0.0,44.5,9.049,3,image+text
synth_self_consistency_00844,self_consistency,What is the dominant color in this image?,purple,purple | purple | purple,True,1.0,0.6667,0.6667,False,1,a shade of blue,purple,purple is the dominant color in this image,0.985,0.3527,0.0,0.0,50.0,9.049,3,image+text
synth_self_consistency_00845,self_consistency,What is the dominant color in this image?,a red coloured background,red | red | red,True,1.0,1.0,1.0,False,1,a red coloured background,red color,red,0.7687,0.3987,0.0,0.0,47.0,9.049,3,image+text
synth_self_consistency_00846,self_consistency,What is the dominant color in this image?,purple is the dominant color in this image,purple | purple | purple,True,1.0,0.6667,0.6667,False,1,a purple-blue-violet color,purple is the dominant color in this image,a shade of purple,1.4102,0.6116,0.0,0.0,41.0,9.049,3,image+text
synth_self_consistency_00847,self_consistency,What is the dominant color in this image?,a purple background with white text on a purple background,purple | purple | purple,True,1.0,0.6667,0.6667,False,1,a purple background with white text on a purple background,a cyan blue orange yellow green yellow,a dark purple color,1.4886,0.6405,0.0,0.0,41.5,9.049,3,image+text
synth_self_consistency_00848,self_consistency,What color is the large rectangle?,blue,blue | blue | blue,True,1.0,1.0,1.0,False,1,blue,blue,the color of the large rectangle is blue,0.7945,0.1606,0.0,0.0,44.5,9.049,3,image+text
synth_self_consistency_00849,self_consistency,What color is the large rectangle?,the color red,red | red | red,True,1.0,1.0,1.0,False,1,the color red,red,a large rectangle is red,0.8045,0.2524,0.0,0.0,39.5,9.049,3,image+text
synth_self_consistency_00850,self_consistency,What color is the large rectangle?,a blue rectangle,blue | blue | blue,True,1.0,1.0,1.0,False,1,a blue rectangle,blue,blue,0.6233,0.295,0.0,0.0,42.5,9.049,3,image+text
synth_self_consistency_00851,self_consistency,What color is the large rectangle?,the red rectangle is a large rectangle,red | red | red,True,1.0,1.0,1.0,False,1,the red rectangle is a large rectangle,red,the color red is the large rectangle,1.0548,0.4693,0.0,0.0,45.0,9.049,3,image+text
synth_self_consistency_00852,self_consistency,Is there a red shape in this image?,yes,yes | yes | yes,True,1.0,1.0,1.0,False,1,yes,yes,yes,0.4835,0.1598,0.0,0.0,43.0,9.049,3,image+text
synth_self_consistency_00853,self_consistency,What color is the large rectangle?,blue,blue | blue | blue,True,1.0,1.0,1.0,False,1,blue,blue,blue,0.4857,0.161,0.0,0.0,49.5,9.049,3,image+text
synth_self_consistency_00854,self_consistency,What color is the circle?,a circle in blue,cyan | cyan | teal | teal,False,0.0,1.0,1.0,True,1,a circle in blue,a circle in blue,blue,0.8468,0.3388,0.0,0.0,47.0,9.049,3,image+text
synth_self_consistency_00855,self_consistency,Is the background color light or dark?,light blue light blue light blue light blue light blue light blue light blue light blue light blue light blue light blue light blue light blue light blue light,light | light | light,False,0.0,0.3333,0.3333,False,1,light blue light blue light blue light blue light blue light blue light blue light blue light blue light blue light blue light blue light blue light blue light,a light background,dark,1.8456,1.3884,0.0,0.0,38.0,9.049,3,image+text
synth_self_consistency_00856,self_consistency,What is the dominant color in this image?,the dominant color in this image is green,green | green | green,True,1.0,0.6667,0.6667,False,1,the dominant color in this image is green,a green color dominates the image,a white-blue tone,1.3551,0.4681,0.0,0.0,40.5,9.049,3,image+text
synth_self_consistency_00857,self_consistency,What color is the large rectangle?,a red rectangle,maroon | maroon | dark red,True,0.3333,1.0,1.0,False,1,a red rectangle,the large rectangle is red,red,0.7869,0.2884,0.0,0.0,47.0,9.049,3,image+text
synth_self_consistency_00858,self_consistency,Is the background color light or dark?,light,light | light | medium,True,0.6667,0.3333,0.3333,False,1,light,the background color is light blue,dark,0.7023,0.1602,0.0,0.0,47.0,9.049,3,image+text
synth_self_consistency_00859,self_consistency,What is the dominant color in this image?,a yellow tone in the image,yellow | yellow | yellow,True,1.0,1.0,1.0,False,1,a yellow tone in the image,yellow is the dominant color in this image,the dominant color in this image is yellow,1.3635,0.419,0.0,0.0,41.0,9.049,3,image+text
synth_self_consistency_00860,self_consistency,What is the dominant color in this image?,a red background,red | red | red,True,1.0,1.0,1.0,False,1,a red background,red is the dominant color in this image,the dominant color is red,1.1,0.2937,0.0,0.0,41.5,9.049,3,image+text
synth_self_consistency_00861,self_consistency,What color is the circle in this image?,blue,blue | blue | blue,True,1.0,1.0,1.0,False,1,blue,a blue circle,blue,0.634,0.1632,0.0,0.0,41.5,9.049,3,image+text
synth_self_consistency_00862,self_consistency,What is the dominant color in this image?,a yellow color is the most dominant in this image,yellow | yellow | yellow,True,1.0,0.6667,0.6667,False,1,a yellow color is the most dominant in this image,a yellow color dominates this image,a yellow-brown color,1.507,0.5905,0.0,0.0,40.0,9.049,3,image+text
synth_self_consistency_00863,self_consistency,What is the dominant color in this image?,the dominant color in this image is orange,orange | orange | orange,True,1.0,0.6667,0.6667,False,1,a black background with orange and white stripes,the dominant color in this image is orange,the dominant color is orange,1.3098,0.5105,0.0,0.0,39.0,9.049,3,image+text
synth_self_consistency_00864,self_consistency,What color is the circle?,pink,pink | pink | pink,True,1.0,0.6667,0.6667,False,1,a spherical shape of an imaginary circle,pink,pink color,1.0248,0.647,0.0,0.0,38.5,9.049,3,image+text
synth_self_consistency_00865,self_consistency,Is the circle on the left or right side?,yes,left | left | left,False,0.0,0.3333,0.3333,False,1,yes,n,,0.5752,0.1623,0.0,0.0,46.0,9.049,3,image+text
synth_self_consistency_00866,self_consistency,What color is the circle?,a black circle,cyan | cyan | teal | teal,False,0.0,0.3333,0.3333,False,1,a black circle,a blue circle with black letters,the circle is teal,1.0581,0.2929,0.0,0.0,46.5,9.049,3,image+text
synth_self_consistency_00867,self_consistency,What color is the large rectangle?,white,white | white | white,True,1.0,0.6667,0.6667,False,1,white,i want to know what color is the big rectangle,white,0.9276,0.1614,0.0,0.0,43.5,9.049,3,image+text
synth_self_consistency_00868,self_consistency,What is the dominant color in this image?,a green dominated image,green | green | green,True,1.0,0.6667,0.6667,False,1,a green dominated image,a green color dominates the image,the dominant color in this image is blue,1.316,0.3799,0.0,0.0,42.0,9.049,3,image+text
synth_self_consistency_00869,self_consistency,What color is the small circle?,a green circle,lime | lime | yellow-green,False,0.0,0.6667,0.6667,True,1,cyan,a green circle,a small green circle,0.8454,0.2085,0.0,0.0,38.0,9.049,3,image+text
synth_self_consistency_00870,self_consistency,Is the circle on the left or right side?,left side,left | left | left,True,1.0,0.6667,0.6667,False,1,left side,the circle is on the left side,a circle with an eye on it,1.1056,0.2067,0.0,0.0,41.0,9.049,3,image+text
synth_self_consistency_00871,self_consistency,What color is the large rectangle?,purple,purple | purple | purple,True,1.0,1.0,1.0,False,1,purple,purple,a purple square,0.6307,0.1623,0.0,0.0,45.5,9.049,3,image+text
synth_self_consistency_00872,self_consistency,What is the dominant color in this image?,blue is the dominant color in this image,navy | navy | blue | dark blue,True,0.6667,1.0,1.0,False,1,blue is the dominant color in this image,a dominant color is blue,blue,1.0111,0.4696,0.0,0.0,44.5,9.049,3,image+text
synth_self_consistency_00873,self_consistency,Is there a red shape in this image?,yes,yes | yes | yes,True,1.0,1.0,1.0,False,1,yes,yes,yes,0.5026,0.1625,0.0,0.0,43.5,9.049,3,image+text
synth_self_consistency_00874,self_consistency,What color is the circle?,red,maroon | dark red | red,True,0.6667,1.0,1.0,False,1,red,red,red,0.4824,0.1602,0.0,0.0,48.5,9.049,3,image+text
synth_self_consistency_00875,self_consistency,Is there a green shape in this image?,yes,no | no | no,False,0.0,0.6667,0.6667,True,1,yes,yes,no,0.4861,0.1605,0.0,0.0,50.0,9.049,3,image+text
synth_self_consistency_00876,self_consistency,Is there a blue shape in this image?,no,no | no | no,True,1.0,1.0,1.0,False,1,no,no,no,0.4884,0.1636,0.0,0.0,49.0,9.049,3,image+text
synth_self_consistency_00877,self_consistency,What color is the large rectangle?,the green color is a large rectangle,lime | lime | green,True,0.3333,1.0,1.0,False,1,the green color is a large rectangle,green,green,0.7949,0.4686,0.0,0.0,44.0,9.049,3,image+text
synth_self_consistency_00878,self_consistency,What is the dominant color in this image?,blue is the dominant color in this image,blue | blue | blue,True,1.0,1.0,1.0,False,1,blue is the dominant color in this image,blue,blue,0.8108,0.4679,0.0,0.0,44.0,9.049,3,image+text
synth_self_consistency_00879,self_consistency,What color is the large rectangle?,the color of the large rectangle is blue,orange | orange | orange,False,0.0,0.3333,0.3333,False,1,the color of the large rectangle is blue,a brown rectangle,a yellow square,1.061,0.4707,0.0,0.0,42.0,9.049,3,image+text
synth_self_consistency_00880,self_consistency,Is the circle on the left or right side?,a left side,left | left | left,True,1.0,0.6667,0.6667,False,1,a left side,is the circle on the left or right side,a blue circle,1.1064,0.2959,0.0,0.0,45.0,9.049,3,image+text
synth_self_consistency_00881,self_consistency,What color is the large rectangle?,red,red | red | red,True,1.0,1.0,1.0,False,1,red,red color,red,0.5323,0.1619,0.0,0.0,47.0,9.049,3,image+text
synth_self_consistency_00882,self_consistency,Is the circle on the left or right side?,a blue circle,left | left | left,False,0.0,0.6667,0.6667,True,1,a blue circle,a blue circle,i is on the left side,1.0414,0.3177,0.0,0.0,46.0,9.049,3,image+text
synth_self_consistency_00883,self_consistency,What color is the circle in this image?,red,red | red | red,True,1.0,1.0,1.0,False,1,red,red,red,0.4879,0.1613,0.0,0.0,47.0,9.049,3,image+text
synth_self_consistency_00884,self_consistency,What is the dominant color in this image?,red,red | red | red,True,1.0,1.0,1.0,False,1,red,red is the dominant color in this image,a red background,0.9252,0.1611,0.0,0.0,47.5,9.049,3,image+text
synth_self_consistency_00885,self_consistency,What color is the circle in this image?,blue,blue | blue | blue,True,1.0,1.0,1.0,False,1,blue,blue,blue,0.4862,0.162,0.0,0.0,44.0,9.049,3,image+text
synth_self_consistency_00886,self_consistency,What is the dominant color in this image?,a yellow background,yellow | yellow | yellow,True,1.0,1.0,1.0,False,1,a yellow background,the dominant color in this image is yellow,yellow,0.9235,0.2923,0.0,0.0,48.5,9.049,3,image+text
synth_self_consistency_00887,self_consistency,What is the dominant color in this image?,yellow is the dominant color in this image,yellow | yellow | yellow,True,1.0,1.0,1.0,False,1,yellow is the dominant color in this image,a yellow color dominates this image,a yellow yellow yellowish yellow,1.3673,0.4706,0.0,0.0,37.0,9.049,3,image+text
synth_self_consistency_00888,self_consistency,What color is the large rectangle?,white,white | white | white,True,1.0,0.3333,0.3333,False,1,white,sakura,the large rectangle,1.5228,0.1587,0.0,0.0,41.5,9.049,3,image+text
synth_self_consistency_00889,self_consistency,What color is the large rectangle?,the large rectangle is red,red | red | red,True,1.0,1.0,1.0,False,1,the large rectangle is red,red,red,0.6734,0.3348,0.0,0.0,44.0,9.049,3,image+text
synth_self_consistency_00890,self_consistency,What color is the large rectangle?,the color is black,orange | orange | orange,False,0.0,0.3333,0.3333,False,1,the color is black,a large rectangle,the color is orange,0.8904,0.2977,0.0,0.0,46.0,9.049,3,image+text
synth_self_consistency_00891,self_consistency,Is the circle on the left or right side?,os the circle on the left or right side,left | left | center,True,0.6667,0.6667,0.6667,False,1,os the circle on the left or right side,right side,i is on the left side,1.2352,0.6017,0.0,0.0,41.5,9.049,3,image+text
synth_self_consistency_00892,self_consistency,What color is the large rectangle?,the yellow color,yellow | yellow | yellow,True,1.0,0.6667,0.6667,False,1,the yellow color,a yellow square,blue,0.7102,0.2494,0.0,0.0,44.0,9.049,3,image+text
synth_self_consistency_00893,self_consistency,What color is the circle?,red,brown | brown | maroon,False,0.0,0.6667,0.6667,True,1,a circle,red,a circle is red,0.749,0.2481,0.0,0.0,46.5,9.049,3,image+text
synth_self_consistency_00894,self_consistency,What is the dominant color in this image?,a dominant color in this image is orange,orange | orange | orange,True,1.0,1.0,1.0,False,1,a dominant color in this image is orange,orange color is the most dominant color in this image,the dominant color is orange,1.4168,0.5114,0.0,0.0,43.5,9.049,3,image+text
synth_self_consistency_00895,self_consistency,Is the circle on the left or right side?,a circle on the left side,right | right | right,False,0.0,1.0,1.0,True,1,a circle on the left side,a circle on the left or right side,Is the circle on the left or right side?,1.5538,0.4254,0.0,0.0,38.5,9.049,3,image+text
synth_self_consistency_00896,self_consistency,Is the background color light or dark?,dark,dark | dark | dark,True,1.0,1.0,1.0,False,1,dark,dark,dark background,0.5283,0.1612,0.0,0.0,36.0,9.049,3,image+text
synth_self_consistency_00897,self_consistency,What color is the circle in this image?,the circle is red,red | red | red,True,1.0,1.0,1.0,False,1,the circle is red,red,red,0.6168,0.2908,0.0,0.0,45.5,9.049,3,image+text
synth_self_consistency_00898,self_consistency,What is the dominant color in this image?,a dark red color,maroon | maroon | dark red,True,0.3333,0.6667,0.6667,False,1,a dark red color,a dark brownish red color,burgundy burgundy,1.2535,0.3407,0.0,0.0,45.5,9.049,3,image+text
synth_self_consistency_00899,self_consistency,What color is the large rectangle?,pink,pink | pink | pink,True,1.0,0.3333,0.3333,False,1,pink,a pinkish color,color is the large rectangle,0.8544,0.1621,0.0,0.0,38.0,9.049,3,image+text
synth_self_consistency_00900,self_consistency,What color is the background?,white,white | white | white,True,1.0,1.0,1.0,False,1,white,white,white,0.4909,0.1637,0.0,0.0,41.5,9.049,3,image+text
synth_self_consistency_00901,self_consistency,What color is the large rectangle?,navy blue,navy | dark blue | navy,True,0.3333,0.6667,0.6667,False,1,navy blue,the lg gm gm st,navy navy blue,1.1648,0.2062,0.0,0.0,47.5,9.049,3,image+text
synth_self_consistency_00902,self_consistency,What color is the large rectangle?,white,white | white | white,True,1.0,1.0,1.0,False,1,white,white,white,0.495,0.1692,0.0,0.0,44.0,9.049,3,image+text
synth_self_consistency_00903,self_consistency,Is there a purple shape in this image?,yes,no | no | no,False,0.0,0.6667,0.6667,True,1,no,yes,yes,0.4883,0.1607,0.0,0.0,48.0,9.049,3,image+text
synth_self_consistency_00904,self_consistency,What color is the large rectangle?,the color of the large rectangle is green,green | green | green,True,1.0,0.6667,0.6667,False,1,the color of the large rectangle is green,a green square,a color that is blue,1.1723,0.4961,0.0,0.0,42.0,9.049,3,image+text
synth_self_consistency_00905,self_consistency,What color is the large rectangle?,the large rectangle is red,maroon | maroon | dark red,True,0.3333,1.0,1.0,False,1,the large rectangle is red,a red rectangle,red,0.8054,0.3541,0.0,0.0,37.5,9.049,3,image+text
synth_self_consistency_00906,self_consistency,What is the dominant color in this image?,a blue greenish turquoise color,teal | teal | cyan | blue-green,False,0.0,0.6667,0.6667,True,1,a blue greenish turquoise color,taase,The dominant color in this image is blue,1.2889,0.4234,0.0,0.0,40.5,9.049,3,image+text
synth_self_consistency_00907,self_consistency,What color is the large rectangle?,white,white | white | white,True,1.0,1.0,1.0,False,1,white,a white square,the large rectangle is white,0.7996,0.162,0.0,0.0,38.0,9.049,3,image+text
synth_self_consistency_00908,self_consistency,What color is the circle?,red,maroon | dark red | red,True,0.6667,1.0,1.0,False,1,red,red,red,0.4972,0.1664,0.0,0.0,43.5,9.049,3,image+text
synth_self_consistency_00909,self_consistency,Is the background color light or dark?,a dark background,dark | dark | dark,True,1.0,1.0,1.0,False,1,a dark background,a dark background,dark is dark,0.8425,0.297,0.0,0.0,49.5,9.049,3,image+text
synth_self_consistency_00910,self_consistency,What is the dominant color in this image?,the dominant color is yellow,yellow | yellow | yellow,True,1.0,1.0,1.0,False,1,the dominant color is yellow,yellow,the dominant color in this image is yellow,0.9651,0.3365,0.0,0.0,43.5,9.049,3,image+text
synth_self_consistency_00911,self_consistency,What color is the large rectangle?,white,white | white | white,True,1.0,1.0,1.0,False,1,white,saturate the whole image with white,white,0.8288,0.1599,0.0,0.0,37.0,9.049,3,image+text
synth_self_consistency_00912,self_consistency,What is the dominant color in this image?,turquoise,cyan | cyan | blue,False,0.0,0.3333,0.3333,False,1,turquoise,cyan,a white background is the dominant color in this image,0.9684,0.1616,0.0,0.0,40.0,9.049,3,image+text
synth_self_consistency_00913,self_consistency,What color is the background?,beige,cream | white | beige,True,0.3333,0.3333,0.3333,False,1,beige,white,blue,0.5372,0.2136,0.0,0.0,41.5,9.049,3,image+text
synth_self_consistency_00914,self_consistency,What color is the circle?,pink,pink | pink | pink,True,1.0,1.0,1.0,False,1,pink,pink,pink,0.4868,0.1607,0.0,0.0,46.5,9.049,3,image+text
synth_self_consistency_00915,self_consistency,Is the circle on the left or right side?,is the circle on the left or right side,left | left | left,True,1.0,0.6667,0.6667,False,1,is the circle on the left or right side,yes,os the circle on the left or right side,1.2859,0.5183,0.0,0.0,42.5,9.049,3,image+text
synth_self_consistency_00916,self_consistency,What is the dominant color in this image?,red is the dominant color,red | red | red,True,1.0,1.0,1.0,False,1,red is the dominant color,a red color is the dominant color in the image,red is the dominant color in this image,1.3959,0.3333,0.0,0.0,42.5,9.049,3,image+text
synth_self_consistency_00917,self_consistency,What color is the circle?,The circle is white,cyan | cyan | teal | teal,False,0.0,0.6667,0.6667,True,1,The circle is white,white,the circle is green,0.7831,0.2974,0.0,0.0,43.5,9.049,3,image+text
synth_self_consistency_00918,self_consistency,What is the dominant color in this image?,the dominant color is green,green | green | green,True,1.0,0.6667,0.6667,False,1,color palette,the dominant color is green,"a green a greenish color, greenish color, greenish color, greenish color, greenish color, greenish color, greenish color",2.1017,0.2061,0.0,0.0,41.0,9.049,3,image+text
synth_self_consistency_00919,self_consistency,Is the background color light or dark?,i think the background color is light or dark,dark | dark | medium,False,0.0,0.6667,0.6667,True,1,dark or light,i think the background color is light or dark,a light background,1.099,0.2488,0.0,0.0,42.0,9.049,3,image+text
synth_self_consistency_00920,self_consistency,What color is the large rectangle?,the large rectangle is green,teal | teal | green,True,0.3333,0.6667,0.6667,False,1,the large rectangle is green,the color is green,teal,0.9348,0.338,0.0,0.0,45.0,9.049,3,image+text
synth_self_consistency_00921,self_consistency,What color is the circle in this image?,yellow,yellow | yellow | yellow,True,1.0,0.6667,0.6667,False,1,red,yellow,yellow,0.4813,0.1588,0.0,0.0,46.0,9.049,3,image+text
synth_self_consistency_00922,self_consistency,Is the background color light or dark?,a light background,light | light | light,True,1.0,0.6667,0.6667,False,1,a light background,dark,a light shade,0.7535,0.2944,0.0,0.0,48.0,9.049,3,image+text
synth_self_consistency_00923,self_consistency,What color is the circle?,red,maroon | dark red | red,True,0.6667,1.0,1.0,False,1,red,red,red,0.4959,0.162,0.0,0.0,43.5,9.049,3,image+text
synth_self_consistency_00924,self_consistency,What is the dominant color in this image?,blue is the dominant color in this image,blue | blue | blue,True,1.0,1.0,1.0,False,1,blue is the dominant color in this image,blue,blue is the dominant color,0.9707,0.4712,0.0,0.0,43.5,9.049,3,image+text
synth_self_consistency_00925,self_consistency,Is the background color light or dark?,dark,dark | dark | dark,True,1.0,0.6667,0.6667,False,1,dark,dark,"dark blue, dark blue, dark blue, dark blue",0.9281,0.1627,0.0,0.0,43.5,9.049,3,image+text
synth_self_consistency_00926,self_consistency,What color is the circle in this image?,yellow,yellow | yellow | yellow,True,1.0,1.0,1.0,False,1,yellow,yellow,yellow,0.4838,0.1596,0.0,0.0,39.0,9.049,3,image+text
synth_self_consistency_00927,self_consistency,What color is the circle in this image?,blue,blue | blue | blue,True,1.0,1.0,1.0,False,1,blue,blue,blue,0.4816,0.1597,0.0,0.0,48.0,9.049,3,image+text
synth_self_consistency_00928,self_consistency,What color is the circle in this image?,a red circle,red | red | red,True,1.0,1.0,1.0,False,1,a red circle,red,red,0.6118,0.2888,0.0,0.0,50.5,9.049,3,image+text
synth_self_consistency_00929,self_consistency,Is the background color light or dark?,dark,dark | dark | dark,True,1.0,1.0,1.0,False,1,dark,a dark background,dark,0.622,0.1603,0.0,0.0,50.5,9.049,3,image+text
synth_self_consistency_00930,self_consistency,Is there a red shape in this image?,yes,yes | yes | yes,True,1.0,1.0,1.0,False,1,yes,yes,yes,0.4884,0.1622,0.0,0.0,43.0,9.049,3,image+text
synth_self_consistency_00931,self_consistency,Is the background color light or dark?,blue color,dark | dark | medium,False,0.0,0.6667,0.6667,True,1,dark,blue color,dark blue background dark blue background,0.7521,0.1611,0.0,0.0,49.5,9.049,3,image+text
synth_self_consistency_00932,self_consistency,What color is the background?,white,white | white | white,True,1.0,1.0,1.0,False,1,white,white,white,0.5096,0.1621,0.0,0.0,42.0,9.049,3,image+text
synth_self_consistency_00933,self_consistency,What color is the background?,white,white | white | white,True,1.0,1.0,1.0,False,1,white,white,white,0.4897,0.1624,0.0,0.0,46.0,9.049,3,image+text
synth_self_consistency_00934,self_consistency,What color is the circle?,red,brown | brown | maroon,False,0.0,0.3333,0.3333,False,1,red,the color of the circle is black,a burgundy circle,1.0198,0.1621,0.0,0.0,47.0,9.049,3,image+text
synth_self_consistency_00935,self_consistency,What color is the small circle?,green,olive | olive | green,True,0.3333,0.6667,0.6667,False,1,green,small circle,green,0.5331,0.1625,0.0,0.0,40.5,9.049,3,image+text
synth_self_consistency_00936,self_consistency,What color is the large rectangle?,yellow,yellow | yellow | yellow,True,1.0,0.6667,0.6667,False,1,yellow,the large rectangle is yellow,a large rectangle,0.787,0.1603,0.0,0.0,47.0,9.049,3,image+text
synth_self_consistency_00937,self_consistency,What color is the small circle?,green,lime | lime | yellow-green,False,0.0,1.0,1.0,True,1,green,green,green,0.4848,0.1605,0.0,0.0,45.5,9.049,3,image+text
synth_self_consistency_00938,self_consistency,What color is the circle in this image?,blue,blue | blue | blue,True,1.0,1.0,1.0,False,1,blue,a blue circle,blue,0.6188,0.1616,0.0,0.0,48.5,9.049,3,image+text
synth_self_consistency_00939,self_consistency,What is the dominant color in this image?,blue,blue | blue | blue,True,1.0,1.0,1.0,False,1,blue,blue,blue,0.4868,0.1619,0.0,0.0,45.5,9.049,3,image+text
synth_self_consistency_00940,self_consistency,What color is the background?,blue,blue | blue | blue,True,1.0,1.0,1.0,False,1,blue,blue,blue bg,0.6194,0.1615,0.0,0.0,50.5,9.049,3,image+text
synth_self_consistency_00941,self_consistency,Is the background color light or dark?,light,light | light | light,True,1.0,1.0,1.0,False,1,light,a light color,light background color,0.7063,0.1612,0.0,0.0,44.0,9.049,3,image+text
synth_self_consistency_00942,self_consistency,Is there a red shape in this image?,yes,no | no | no,False,0.0,1.0,1.0,True,1,yes,yes,yes,0.4863,0.1619,0.0,0.0,43.0,9.049,3,image+text
synth_self_consistency_00943,self_consistency,Is the background color light or dark?,dark background,dark | dark | dark,True,1.0,0.6667,0.6667,False,1,dark background,dark background,a black background,0.7034,0.205,0.0,0.0,49.5,9.049,3,image+text
synth_self_consistency_00944,self_consistency,What color is the background?,navy blue,navy | dark blue | blue,True,0.6667,1.0,1.0,False,1,navy blue,navy blue,navy blue,0.6227,0.2066,0.0,0.0,44.5,9.049,3,image+text
synth_self_consistency_00945,self_consistency,What is the dominant color in this image?,bluish - color that is primarily blue,navy | navy | blue | dark blue,True,0.6667,1.0,1.0,False,1,bluish - color that is primarily blue,navy blue is the dominant color in this image,navy blue,1.3437,0.6025,0.0,0.0,42.0,9.049,3,image+text
synth_self_consistency_00946,self_consistency,Is the background color light or dark?,dark background,dark | dark | dark,True,1.0,0.6667,0.6667,False,1,dark background,dark blue dark blue dark blue dark blue dark blue dark blue dark blue dark blue dark blue dark blue dark blue dark blue dark blue dark blue dark blue dark blue dark blue dark blue dark blue dark blue dark blue dark blue dark blue dark blue dark blue dark blue dark blue dark blue dark purple dark blue dark blue dark blue,dark background,3.3177,0.2062,0.0,0.0,40.0,9.049,3,image+text
synth_self_consistency_00947,self_consistency,What is the dominant color in this image?,The dominant color in this image is blue,teal | teal | cyan | blue-green,False,0.0,0.6667,0.6667,True,1,The dominant color in this image is blue,a color that dominates the image,teal blue,1.1823,0.4637,0.0,0.0,42.5,9.049,3,image+text
synth_self_consistency_00948,self_consistency,Is there a red shape in this image?,yes,yes | yes | yes,True,1.0,1.0,1.0,False,1,yes,yes,yes,0.4818,0.159,0.0,0.0,46.0,9.049,3,image+text
synth_self_consistency_00949,self_consistency,What color is the large rectangle?,the color green is the color of the large rectangle,green | green | green,True,1.0,0.6667,0.6667,False,1,the color green is the color of the large rectangle,the color of the large rectangle is green,a light blue color,1.3719,0.5583,0.0,0.0,43.0,9.049,3,image+text
synth_self_consistency_00950,self_consistency,What is the dominant color in this image?,the dominant color in this image is purple,purple | purple | purple,True,1.0,0.6667,0.6667,False,1,the dominant color in this image is purple,color - violet color,a purple color is dominant,1.2064,0.4696,0.0,0.0,45.0,9.049,3,image+text
synth_self_consistency_00951,self_consistency,What is the dominant color in this image?,a green leaf with white spots,green | green | green,True,1.0,1.0,1.0,False,1,a green leaf with white spots,a green background,a green color is the dominant color in this image,1.3161,0.426,0.0,0.0,44.5,9.049,3,image+text
synth_self_consistency_00952,self_consistency,What is the dominant color in this image?,navy navy blue navy blue navy blue navy blue navy blue navy blue navy blue navy blue navy blue navy blue navy blue navy blue navy blue navy blue navy blue navy blue navy blue navy blue navy blue navy blue navy blue navy blue navy blue navy blue navy blue navy blue navy blue navy blue navy blue navy blue navy blue navy,navy | navy | blue | dark blue,True,0.6667,1.0,1.0,False,1,navy navy blue navy blue navy blue navy blue navy blue navy blue navy blue navy blue navy blue navy blue navy blue navy blue navy blue navy blue navy blue navy blue navy blue navy blue navy blue navy blue navy blue navy blue navy blue navy blue navy blue navy blue navy blue navy blue navy blue navy blue navy blue navy,navy blue,the dominant color in this image is blue,3.5487,2.8728,0.0,0.0,37.0,9.049,3,image+text
synth_self_consistency_00953,self_consistency,What is the dominant color in this image?,a dominant color,green | green | green,False,0.0,0.3333,0.3333,False,1,a dominant color,a dominant color in this image is green,a color that dominates the image,1.28,0.2945,0.0,0.0,41.5,9.049,3,image+text
synth_self_consistency_00954,self_consistency,Is there a purple shape in this image?,yes,no | no | no,False,0.0,1.0,1.0,True,1,yes,yes,yes,0.486,0.1612,0.0,0.0,40.5,9.049,3,image+text
synth_self_consistency_00955,self_consistency,What is the dominant color in this image?,color is dominant in this image,yellow | yellow | yellow,False,0.0,0.3333,0.3333,False,1,color is dominant in this image,yellow is the dominant color in this image,a yellow-orange color,1.2767,0.3802,0.0,0.0,47.5,9.049,3,image+text
synth_self_consistency_00956,self_consistency,What color is the large rectangle?,green,green | green | green,True,1.0,0.6667,0.6667,False,1,sand,green,the color is green,0.7064,0.2488,0.0,0.0,46.5,9.049,3,image+text
synth_self_consistency_00957,self_consistency,What is the dominant color in this image?,cyan blue color,cyan | cyan | blue,True,0.6667,0.6667,0.6667,False,1,cyan blue color,the dominant color in this image is blue,cyan is the dominant color,1.3206,0.3794,0.0,0.0,48.5,9.049,3,image+text
synth_self_consistency_00958,self_consistency,What color is the large rectangle?,a yellow square,yellow | yellow | yellow,True,1.0,1.0,1.0,False,1,a yellow square,the largest rectangle is yellow,a yellow rectangle,0.9305,0.295,0.0,0.0,40.5,9.049,3,image+text
synth_self_consistency_00959,self_consistency,Is there a green shape in this image?,yes,no | no | no,False,0.0,1.0,1.0,True,1,yes,yes,yes,0.485,0.1609,0.0,0.0,43.0,9.049,3,image+text
synth_self_consistency_00960,self_consistency,What is the dominant color in this image?,a green background,green | green | green,True,1.0,0.6667,0.6667,False,1,a green background,a green background,a dominant color in this image,1.0128,0.2943,0.0,0.0,49.0,9.049,3,image+text
synth_self_consistency_00961,self_consistency,What color is the background?,blue,navy | dark blue | blue,True,0.6667,1.0,1.0,False,1,blue,navy blue,blue background,0.5697,0.1607,0.0,0.0,41.0,9.049,3,image+text
synth_self_consistency_00962,self_consistency,Is the background color light or dark?,dark,dark | dark | dark,True,1.0,0.6667,0.6667,False,1,dark,dark black,dark or light,0.6195,0.1593,0.0,0.0,46.0,9.049,3,image+text
synth_self_consistency_00963,self_consistency,What color is the large rectangle?,the blue color,blue | blue | blue,True,1.0,1.0,1.0,False,1,the blue color,blue,a blue square,0.7011,0.2476,0.0,0.0,44.5,9.049,3,image+text
synth_self_consistency_00964,self_consistency,Is there a green shape in this image?,yes,yes | yes | yes,True,1.0,1.0,1.0,False,1,yes,yes,yes,0.4864,0.16,0.0,0.0,45.5,9.049,3,image+text
synth_self_consistency_00965,self_consistency,What is the dominant color in this image?,a brownish brownish brown,brown | brown | brown,True,1.0,0.6667,0.6667,False,1,a neutral color,a brownish brownish brown,brown brownish brown brownish brown brown brownish brown brown brown brown brown brown brown brown brown brown brown brown brown brown brown brown brown brown brown brown brown brown brown brown brown brown brown brown brown brown brown brown brown brown brown brown brown brown brown brown brown brown brown brown brown brown brown brown brown brown brown brown brown brown,3.6518,0.2947,0.0,0.0,50.5,9.049,3,image+text
synth_self_consistency_00966,self_consistency,What color is the background?,blue,blue | blue | blue,True,1.0,1.0,1.0,False,1,blue,blue,blue,0.523,0.1984,0.0,0.0,37.5,9.049,3,image+text
synth_self_consistency_00967,self_consistency,What color is the large rectangle?,it's a greenish color,olive | olive | dark yellow,False,0.0,0.3333,0.3333,False,1,it's a greenish color,the large rectangle is green,a large rectangle,1.1013,0.4633,0.0,0.0,43.5,9.049,3,image+text
synth_self_consistency_00968,self_consistency,What is the dominant color in this image?,a dominant color in this image is blue,olive | olive | green | dark green,False,0.0,0.6667,0.6667,True,1,The dominant color in this image is green,a dominant color in this image is blue,a dark color with a hint of blue or purple,1.662,0.4858,0.0,0.0,41.0,9.049,3,image+text
synth_self_consistency_00969,self_consistency,What is the dominant color in this image?,orange,orange | orange | orange,True,1.0,1.0,1.0,False,1,orange,the dominant color in this image is orange,orange color,0.8467,0.1633,0.0,0.0,41.0,9.049,3,image+text
synth_self_consistency_00970,self_consistency,Is the background color light or dark?,blue,light | light | medium,False,0.0,0.6667,0.6667,True,1,blue,blue is the background color,light,0.673,0.1648,0.0,0.0,45.0,9.049,3,image+text
synth_self_consistency_00971,self_consistency,What is the dominant color in this image?,red - color of love,red | red | red,True,1.0,1.0,1.0,False,1,red - color of love,red is the dominant color in this image,red is the dominant color in this image,1.3401,0.387,0.0,0.0,40.5,9.049,3,image+text
synth_self_consistency_00972,self_consistency,What is the dominant color in this image?,color scheme,olive | olive | green | dark green,False,0.0,0.3333,0.3333,False,1,color scheme,a dark blue,a burgundy brown color,0.994,0.2092,0.0,0.0,39.5,9.049,3,image+text
synth_self_consistency_00973,self_consistency,Is the background color light or dark?,a dark color,dark | dark | dark,True,1.0,1.0,1.0,False,1,a dark color,dark,dark background,0.6642,0.295,0.0,0.0,38.5,9.049,3,image+text
synth_self_consistency_00974,self_consistency,What is the dominant color in this image?,red is the dominant color in this image,red | red | red,True,1.0,1.0,1.0,False,1,red is the dominant color in this image,the main color in this image is red,a red image,1.2462,0.4732,0.0,0.0,47.0,9.049,3,image+text
synth_self_consistency_00975,self_consistency,Is there a red shape in this image?,a red shaped object,no | no | no,False,0.0,0.6667,0.6667,True,1,a red shaped object,a red shape,yes,0.8373,0.3808,0.0,0.0,43.5,9.049,3,image+text
synth_self_consistency_00976,self_consistency,What is the dominant color in this image?,red color dominant in the image,red | red | red,True,1.0,0.6667,0.6667,False,1,a dominant color in this image,red color dominant in the image,red,0.964,0.4244,0.0,0.0,41.0,9.049,3,image+text
synth_self_consistency_00977,self_consistency,Is the background color light or dark?,the background color is light blue,light | light | medium,False,0.0,0.6667,0.6667,True,1,light,the background color is light blue,light blue,0.7428,0.1592,0.0,0.0,42.5,9.049,3,image+text
synth_self_consistency_00978,self_consistency,What color is the small circle?,the small circle is green,olive | olive | green,True,0.3333,0.6667,0.6667,False,1,a dark brown,the small circle is green,it's green,0.9282,0.2909,0.0,0.0,44.0,9.049,3,image+text
synth_self_consistency_00979,self_consistency,What is the dominant color in this image?,a red color dominates the image,maroon | maroon | dark red,True,0.3333,0.6667,0.6667,False,1,a red color dominates the image,red,burgundy is a dominant color in the image,1.278,0.4691,0.0,0.0,42.5,9.049,3,image+text
synth_self_consistency_00980,self_consistency,Is there a red shape in this image?,yes,no | no | no,False,0.0,0.6667,0.6667,True,1,yes,no,yes,0.4872,0.1624,0.0,0.0,38.0,9.049,3,image+text
synth_self_consistency_00981,self_consistency,Is there a blue shape in this image?,yes,yes | yes | yes,True,1.0,1.0,1.0,False,1,yes,yes,yes,0.4851,0.1606,0.0,0.0,49.5,9.049,3,image+text
synth_self_consistency_00982,self_consistency,What is the dominant color in this image?,the dominant color in this image is blue,blue | blue | blue,True,1.0,1.0,1.0,False,1,the dominant color in this image is blue,blue is the dominant color in this image,blue,1.0982,0.4703,0.0,0.0,42.0,9.049,3,image+text
synth_self_consistency_00983,self_consistency,What color is the background?,gray background,gray | gray | grey,True,0.6667,0.6667,0.6667,False,1,a dark grey background,gray background,gray,0.7138,0.3396,0.0,0.0,46.5,9.049,3,image+text
synth_self_consistency_00984,self_consistency,What is the dominant color in this image?,purple,purple | purple | purple,True,1.0,0.6667,0.6667,False,1,purple,purple is the dominant color,a tie tie is a tie with a tie,1.666,0.1623,0.0,0.0,48.0,9.049,3,image+text
synth_self_consistency_00985,self_consistency,Is the background color light or dark?,dark blue,dark | dark | dark,False,0.0,1.0,1.0,True,1,dark blue,a light blue background,dark blue,0.7498,0.2056,0.0,0.0,42.0,9.049,3,image+text
synth_self_consistency_00986,self_consistency,Is there a green shape in this image?,yes,yes | yes | yes,True,1.0,1.0,1.0,False,1,yes,yes,yes,0.4985,0.1728,0.0,0.0,42.0,9.049,3,image+text
synth_self_consistency_00987,self_consistency,Is the background color light or dark?,dark,light | light | light,False,0.0,1.0,1.0,True,1,dark,dark,dark,0.4863,0.1614,0.0,0.0,51.0,9.049,3,image+text
synth_self_consistency_00988,self_consistency,What color is the large rectangle?,red color,red | red | red,True,1.0,1.0,1.0,False,1,red color,red,red,0.5288,0.2065,0.0,0.0,48.5,9.049,3,image+text
synth_self_consistency_00989,self_consistency,What is the dominant color in this image?,purple color,purple | purple | purple,True,1.0,1.0,1.0,False,1,purple color,purple is the dominant color in this image,purple color,0.8872,0.2022,0.0,0.0,50.0,9.049,3,image+text
synth_self_consistency_00990,self_consistency,Is the circle on the left or right side?,a blue circle on the left side,left | left | left,False,0.0,0.3333,0.3333,False,1,a blue circle on the left side,the left side,oblique,1.0187,0.4683,0.0,0.0,36.5,9.049,3,image+text
synth_self_consistency_00991,self_consistency,What color is the large rectangle?,a reddish color,red | red | red,False,0.0,0.3333,0.3333,False,1,a reddish color,it is red,the large rectangle,0.9012,0.3963,0.0,0.0,45.0,9.049,3,image+text
synth_self_consistency_00992,self_consistency,What color is the large rectangle?,blue,blue | blue | blue,True,1.0,1.0,1.0,False,1,blue,a dark blue color,a blue square,0.7925,0.1612,0.0,0.0,47.0,9.049,3,image+text
synth_self_consistency_00993,self_consistency,What is the dominant color in this image?,the dominant color in this image is orange,orange | orange | orange,True,1.0,1.0,1.0,False,1,the dominant color in this image is orange,orange is the dominant color in this image,the dominant color is orange,1.277,0.4678,0.0,0.0,38.0,9.049,3,image+text
synth_self_consistency_00994,self_consistency,Is the background color light or dark?,a light background,light | light | light,True,1.0,1.0,1.0,False,1,a light background,light,light,0.6169,0.292,0.0,0.0,46.0,9.049,3,image+text
synth_self_consistency_00995,self_consistency,What color is the background?,white,white | white | white,True,1.0,1.0,1.0,False,1,white,white,white,0.4888,0.1626,0.0,0.0,46.5,9.049,3,image+text
synth_self_consistency_00996,self_consistency,What color is the circle?,red,maroon | dark red | red,True,0.6667,0.6667,0.6667,False,1,red,black,red,0.4884,0.1617,0.0,0.0,50.0,9.049,3,image+text
synth_self_consistency_00997,self_consistency,What is the dominant color in this image?,a green a reed green,green | green | green,True,1.0,0.6667,0.6667,False,1,a green a reed green,a green chromatic image,a dominant color in the image,1.4099,0.5572,0.0,0.0,42.0,9.049,3,image+text
synth_self_consistency_00998,self_consistency,Is there a red shape in this image?,yes,no | no | no,False,0.0,1.0,1.0,True,1,yes,yes,yes,0.4791,0.1595,0.0,0.0,40.5,9.049,3,image+text
synth_self_consistency_00999,self_consistency,Is the circle on the left or right side?,i think it's right,left | left | center,False,0.0,0.3333,0.3333,False,1,i think it's right,the circle is on the left side,a red circle on the left,1.2728,0.4259,0.0,0.0,43.0,9.049,3,image+text
