sample_id,condition,question,answer,ground_truth,is_correct,vqa_accuracy_score,confidence,consistency,hallucination_flag,selected_pass,pass1_answer,pass2_answer,pass3_answer,latency_total_s,latency_pass1_s,latency_pass2_s,latency_pass3_s,gpu_util_avg_pct,peak_gpu_mem_gb,num_model_calls,modality
synth_full_00000,full,Is the background color light or dark?,light blue,light | light | medium,False,0.0,1.0,1.0,True,1,light blue,light blue,blue,1.3437,0.2775,0.216,0.0,21.0,9.14,2,image+text
synth_full_00001,full,Is the circle on the left or right side?,is the circle on the left side,left | left | left,True,1.0,1.0,1.0,False,1,is the circle on the left side,is the circle on the left side,left,0.9468,0.4447,0.4912,0.0,45.0,9.14,2,image+text
synth_full_00002,full,What color is the large rectangle?,the large rectangle is blue,teal | teal | green,False,0.0,1.0,1.0,True,1,the large rectangle is blue,the large rectangle is blue,blue,0.7077,0.3492,0.3485,0.0,48.0,9.14,2,image+text
synth_full_00003,full,What color is the background?,the background is white,cream | white | beige,True,0.3333,1.0,1.0,False,1,the background is white,the background is white,white,0.6165,0.3019,0.3041,0.0,46.5,9.14,2,image+text
synth_full_00004,full,Is the circle on the left or right side?,is the circle on the left side,left | left | left,True,1.0,1.0,1.0,False,1,is the circle on the left side,Is the circle on the left side,left,0.9367,0.4383,0.4878,0.0,41.5,9.14,2,image+text
synth_full_00005,full,What is the dominant color in this image?,the dominant color in this image is yellow,yellow | yellow | yellow,True,1.0,0.6,0.6667,False,1,the dominant color in this image is yellow,a dominant color in this image,yellow,1.15,0.486,0.4408,0.2116,42.0,9.14,3,image+text
synth_full_00006,full,Is the circle on the left or right side?,is the circle on the left side,left | left | center,True,0.6667,0.6,0.6667,False,1,is the circle on the left side,right side,left,0.9758,0.449,0.3033,0.2122,47.0,9.14,3,image+text
synth_full_00007,full,What color is the large rectangle?,the large rectangle is white,white | white | white,True,1.0,1.0,1.0,False,1,the large rectangle is white,the large rectangle is white,white,0.7221,0.3506,0.3613,0.0,47.0,9.14,2,image+text
synth_full_00008,full,What color is the circle in this image?,blue,blue | blue | blue,True,1.0,1.0,1.0,False,1,blue,blue,blue,0.482,0.2574,0.2145,0.0,46.5,9.14,2,image+text
synth_full_00009,full,What is the dominant color in this image?,blue,cyan | cyan | blue,True,0.3333,0.6,0.6667,False,2,cyan,blue,blue,0.7448,0.3061,0.2127,0.2147,47.0,9.14,3,image+text
synth_full_00010,full,What color is the large rectangle?,the large rectangle is green,green | green | green,True,1.0,1.0,1.0,False,1,the large rectangle is green,the large rectangle is green,green,0.7271,0.3532,0.3634,0.0,45.5,9.14,2,image+text
synth_full_00011,full,What is the dominant color in this image?,the dominant color in this image is purple,purple | purple | purple,True,1.0,1.0,1.0,False,1,the dominant color in this image is purple,the dominant color is purple,purple,0.8907,0.4833,0.3969,0.0,45.5,9.14,2,image+text
synth_full_00012,full,What color is the large rectangle?,green,lime | lime | green,True,0.3333,1.0,1.0,False,1,green,green,green,0.4784,0.3018,0.1666,0.0,44.0,9.14,2,image+text
synth_full_00013,full,Is the background color light or dark?,light,light | light | light,True,1.0,0.6,0.6667,False,2,dark,light,light,0.6484,0.2103,0.215,0.2123,44.0,9.14,3,image+text
synth_full_00014,full,Is the circle on the left or right side?,is the circle on the left side,left | left | center,True,0.6667,0.6,0.6667,False,1,is the circle on the left side,right side,left,0.9741,0.4404,0.3059,0.2166,43.0,9.14,3,image+text
synth_full_00015,full,What color is the circle in this image?,red,red | red | red,True,1.0,1.0,1.0,False,1,red,red,red,0.4782,0.2556,0.2126,0.0,41.5,9.14,2,image+text
synth_full_00016,full,What color is the background?,navy blue,navy | dark blue | blue,True,0.6667,1.0,1.0,False,1,navy blue,navy blue,blue,0.4488,0.2162,0.2223,0.0,44.0,9.14,2,image+text
synth_full_00017,full,What color is the background?,white,white | white | white,True,1.0,1.0,1.0,False,1,white,white,white,0.4815,0.3045,0.1663,0.0,41.5,9.14,2,image+text
synth_full_00018,full,What color is the large rectangle?,a large rectangle,pink | pink | pink,False,0.0,0.6,0.6667,True,1,a large rectangle,pink,large rectangle,0.8387,0.305,0.2179,0.3048,42.0,9.14,3,image+text
synth_full_00019,full,What is the dominant color in this image?,the dominant color in this image is green,green | green | green,True,1.0,1.0,1.0,False,1,the dominant color in this image is green,the dominant color is green,green,0.8668,0.5065,0.3502,0.0,43.5,9.14,2,image+text
synth_full_00020,full,Is the background color light or dark?,light blue,light | light | medium,False,0.0,1.0,1.0,True,1,light blue,light blue,blue,0.4693,0.2346,0.223,0.0,37.0,9.049,2,image+text
synth_full_00021,full,Is there a red shape in this image?,no,no | no | no,True,1.0,0.6,0.6667,False,2,yes,no,no,0.6553,0.2606,0.2156,0.1673,46.5,9.049,3,image+text
synth_full_00022,full,What color is the large rectangle?,the large rectangle is green,green | green | green,True,1.0,1.0,1.0,False,1,the large rectangle is green,the large rectangle is green,green,0.7238,0.352,0.361,0.0,46.0,9.049,2,image+text
synth_full_00023,full,What color is the circle?,the circle is green,olive | olive | brown,False,0.0,1.0,1.0,True,1,the circle is green,the circle is green,green,0.6405,0.3054,0.3243,0.0,44.5,9.049,2,image+text
synth_full_00024,full,Is the background color light or dark?,dark,dark | dark | dark,True,1.0,1.0,1.0,False,1,dark,dark,dark,0.4386,0.2143,0.2137,0.0,45.0,9.049,2,image+text
synth_full_00025,full,Is there a green shape in this image?,yes,no | no | no,False,0.0,1.0,1.0,True,1,yes,yes,yes,0.4858,0.2598,0.2153,0.0,44.0,9.049,2,image+text
synth_full_00026,full,Is the circle on the left or right side?,is the circle on the left side,left | left | left,True,1.0,1.0,1.0,False,1,is the circle on the left side,Is the circle on the left side,left,0.9655,0.445,0.5098,0.0,38.0,9.049,2,image+text
synth_full_00027,full,Is there a purple shape in this image?,yes,no | no | no,False,0.0,1.0,1.0,True,1,yes,yes,yes,0.4793,0.2575,0.2113,0.0,39.5,9.049,2,image+text
synth_full_00028,full,What is the dominant color in this image?,the dominant color in this image is purple,purple | purple | purple,True,1.0,1.0,1.0,False,1,the dominant color in this image is purple,the dominant color is purple,purple,0.9267,0.5154,0.4008,0.0,43.5,9.049,2,image+text
synth_full_00029,full,What is the dominant color in this image?,the dominant color in this image is green,green | green | green,True,1.0,1.0,1.0,False,1,the dominant color in this image is green,the dominant color is green,green,0.8708,0.4973,0.3617,0.0,44.5,9.049,2,image+text
synth_full_00030,full,Is there a red shape in this image?,no,no | no | no,True,1.0,0.6,0.6667,False,2,yes,no,no,0.6555,0.2605,0.2151,0.1682,45.5,9.049,3,image+text
synth_full_00031,full,What is the dominant color in this image?,the dominant color is brown,brown | brown | brown,True,1.0,1.0,1.0,False,1,the dominant color is brown,the dominant color is brown,brown,0.8033,0.3973,0.395,0.0,46.5,9.049,2,image+text
synth_full_00032,full,What color is the large rectangle?,the large rectangle is green,green | green | green,True,1.0,1.0,1.0,False,1,the large rectangle is green,the large rectangle is green,green,0.7172,0.3491,0.3572,0.0,47.5,9.049,2,image+text
synth_full_00033,full,Is there a purple shape in this image?,yes,no | no | no,False,0.0,1.0,1.0,True,1,yes,yes,yes,0.4873,0.2612,0.2154,0.0,47.0,9.049,2,image+text
synth_full_00034,full,What color is the small circle?,green,olive | olive | green,True,0.3333,1.0,1.0,False,1,green,green,green,0.4905,0.3111,0.1674,0.0,42.5,9.049,2,image+text
synth_full_00035,full,Is there a red shape in this image?,yes,yes | yes | yes,True,1.0,1.0,1.0,False,1,yes,yes,yes,0.5311,0.3065,0.2142,0.0,42.0,9.049,2,image+text
synth_full_00036,full,What is the dominant color in this image?,the dominant color in this image is yellow,yellow | yellow | yellow,True,1.0,0.6,0.6667,False,1,the dominant color in this image is yellow,a dominant color in this image,yellow,1.1656,0.4913,0.4476,0.2147,46.5,9.049,3,image+text
synth_full_00037,full,What is the dominant color in this image?,orange,orange | orange | orange,True,1.0,0.6,0.6667,False,2,the dominant color in this image,orange,orange,0.9316,0.3978,0.3078,0.2141,42.0,9.049,3,image+text
synth_full_00038,full,What color is the large rectangle?,red,red | red | red,True,1.0,1.0,1.0,False,1,red,red,red,0.5447,0.322,0.212,0.0,39.5,9.049,2,image+text
synth_full_00039,full,What color is the large rectangle?,the color orange,orange | orange | orange,True,1.0,1.0,1.0,False,1,the color orange,the color orange,orange,0.5742,0.3032,0.2604,0.0,44.5,9.049,2,image+text
synth_full_00040,full,Is the background color light or dark?,light,light | light | light,True,1.0,0.6,0.6667,False,2,dark,light,light,0.6783,0.2353,0.2157,0.2145,41.5,9.049,3,image+text
synth_full_00041,full,Is the circle on the left or right side?,is the circle on the left side,left | left | center,True,0.6667,0.6,0.6667,False,1,is the circle on the left side,right side,left,0.9876,0.4486,0.3103,0.2166,43.5,9.049,3,image+text
synth_full_00042,full,What color is the large rectangle?,a large rectangle,pink | pink | pink,False,0.0,0.6,0.6667,True,1,a large rectangle,pink,large rectangle,0.8455,0.3086,0.2156,0.3089,42.5,9.049,3,image+text
synth_full_00043,full,What is the dominant color in this image?,the dominant color in this image is yellow,yellow | yellow | yellow,True,1.0,0.6,0.6667,False,1,the dominant color in this image is yellow,a dominant color in this image,yellow,1.1658,0.4926,0.4467,0.2146,42.5,9.049,3,image+text
synth_full_00044,full,What color is the large rectangle?,navy blue,navy | dark blue | navy,True,0.3333,1.0,1.0,False,1,navy blue,navy blue,blue,0.4318,0.2101,0.2105,0.0,43.5,9.049,2,image+text
synth_full_00045,full,Is the background color light or dark?,dark background,dark | dark | dark,True,1.0,1.0,1.0,False,1,dark background,dark background,dark,0.4772,0.2558,0.2104,0.0,47.0,9.049,2,image+text
synth_full_00046,full,What color is the circle in this image?,yellow,yellow | yellow | yellow,True,1.0,1.0,1.0,False,1,yellow,yellow,yellow,0.6025,0.3255,0.2664,0.0,47.0,9.049,2,image+text
synth_full_00047,full,What is the dominant color in this image?,red is the dominant color in this image,red | red | red,True,1.0,1.0,1.0,False,1,red is the dominant color in this image,red is the dominant color in this image,red,0.9959,0.4927,0.4925,0.0,42.5,9.049,2,image+text
synth_full_00048,full,What is the dominant color in this image?,the dominant color in this image is yellow,yellow | yellow | yellow,True,1.0,0.6,0.6667,False,1,the dominant color in this image is yellow,a dominant color in this image,yellow,1.1633,0.4995,0.4404,0.2114,43.0,9.049,3,image+text
synth_full_00049,full,What color is the background?,navy blue,navy | dark blue | blue,True,0.6667,1.0,1.0,False,1,navy blue,navy blue,blue,0.4486,0.2205,0.2178,0.0,45.5,9.049,2,image+text
synth_full_00050,full,What color is the large rectangle?,blue,blue | blue | blue,True,1.0,1.0,1.0,False,1,blue,blue,blue,0.4846,0.2588,0.2154,0.0,45.5,9.049,2,image+text
synth_full_00051,full,Is there a green shape in this image?,yes,yes | yes | yes,True,1.0,1.0,1.0,False,1,yes,yes,yes,0.5489,0.2648,0.2735,0.0,45.0,9.049,2,image+text
synth_full_00052,full,What color is the large rectangle?,red,red | red | red,True,1.0,1.0,1.0,False,1,red,red,red,0.5364,0.3083,0.2168,0.0,44.5,9.049,2,image+text
synth_full_00053,full,What color is the large rectangle?,red,red | red | red,True,1.0,1.0,1.0,False,1,red,red,red,0.5378,0.3104,0.2168,0.0,43.0,9.049,2,image+text
synth_full_00054,full,What is the dominant color in this image?,blue is the dominant color in this image,blue | blue | blue,True,1.0,1.0,1.0,False,1,blue is the dominant color in this image,blue is the dominant color in this image,blue,1.0028,0.4964,0.4954,0.0,41.0,9.049,2,image+text
synth_full_00055,full,Is there a purple shape in this image?,yes,yes | yes | yes,True,1.0,1.0,1.0,False,1,yes,yes,yes,0.475,0.2541,0.2104,0.0,44.5,9.049,2,image+text
synth_full_00056,full,What color is the circle in this image?,red,red | red | red,True,1.0,1.0,1.0,False,1,red,red,red,0.4821,0.256,0.2151,0.0,44.0,9.049,2,image+text
synth_full_00057,full,Is there a red shape in this image?,no,no | no | no,True,1.0,0.6,0.6667,False,2,yes,no,no,0.658,0.2606,0.215,0.1707,44.0,9.049,3,image+text
synth_full_00058,full,What color is the circle?,the circle is green,cyan | cyan | teal | teal,False,0.0,1.0,1.0,True,1,the circle is green,the circle is green,green,0.6245,0.3082,0.3056,0.0,45.5,9.049,2,image+text
synth_full_00059,full,Is the background color light or dark?,light,light | light | light,True,1.0,0.6,0.6667,False,2,dark,light,light,0.6504,0.2115,0.2138,0.2137,45.5,9.049,3,image+text
synth_full_00060,full,What is the dominant color in this image?,burgundy,maroon | maroon | dark red,False,0.0,1.0,1.0,True,1,burgundy,burgundy,burgundy,0.7513,0.4183,0.321,0.0,40.0,9.049,2,image+text
synth_full_00061,full,What color is the circle in this image?,red,red | red | red,True,1.0,1.0,1.0,False,1,red,red,red,0.4786,0.2562,0.2121,0.0,41.0,9.049,2,image+text
synth_full_00062,full,What color is the large rectangle?,a large rectangle,pink | pink | pink,False,0.0,0.6,0.6667,True,1,a large rectangle,pink,large rectangle,0.833,0.3012,0.2132,0.307,44.5,9.049,3,image+text
synth_full_00063,full,What color is the large rectangle?,the large rectangle is green,olive | olive | dark yellow,False,0.0,1.0,1.0,True,1,the large rectangle is green,the large rectangle is green,green,0.718,0.3524,0.3546,0.0,46.0,9.049,2,image+text
synth_full_00064,full,What is the dominant color in this image?,the dominant color in this image is purple,purple | purple | purple,True,1.0,1.0,1.0,False,1,the dominant color in this image is purple,the dominant color is purple,purple,0.9046,0.4922,0.4016,0.0,46.0,9.049,2,image+text
synth_full_00065,full,Is there a red shape in this image?,yes,yes | yes | yes,True,1.0,1.0,1.0,False,1,yes,yes,yes,0.5384,0.3097,0.2181,0.0,45.0,9.049,2,image+text
synth_full_00066,full,What color is the large rectangle?,large rectangle,yellow | yellow | yellow,False,0.0,0.6,0.6667,True,2,a yellow square,large rectangle,large rectangle,0.8549,0.3188,0.2153,0.3084,44.0,9.049,3,image+text
synth_full_00067,full,What color is the large rectangle?,green,lime | lime | green,True,0.3333,1.0,1.0,False,1,green,green,green,0.4856,0.3055,0.1692,0.0,44.0,9.049,2,image+text
synth_full_00068,full,What is the dominant color in this image?,red is the dominant color in this image,red | red | red,True,1.0,1.0,1.0,False,1,red is the dominant color in this image,red is the dominant color in this image,red,0.9961,0.4923,0.4925,0.0,40.5,9.049,2,image+text
synth_full_00069,full,What is the dominant color in this image?,burgundy,maroon | maroon | dark red,False,0.0,1.0,1.0,True,1,burgundy,burgundy,burgundy,0.7174,0.3991,0.3075,0.0,41.5,9.049,2,image+text
synth_full_00070,full,What color is the circle in this image?,blue,blue | blue | blue,True,1.0,1.0,1.0,False,1,blue,blue,blue,0.512,0.2595,0.2416,0.0,44.0,9.049,2,image+text
synth_full_00071,full,What color is the large rectangle?,navy blue,navy | dark blue | navy,True,0.3333,1.0,1.0,False,1,navy blue,navy blue,blue,0.4372,0.2125,0.2133,0.0,44.0,9.049,2,image+text
synth_full_00072,full,What is the dominant color in this image?,the dominant color in this image is yellow,yellow | yellow | yellow,True,1.0,0.6,0.6667,False,1,the dominant color in this image is yellow,a dominant color in this image,yellow,1.1735,0.5004,0.4474,0.2137,44.0,9.049,3,image+text
synth_full_00073,full,What is the dominant color in this image?,blue is the dominant color in this image,blue | blue | blue,True,1.0,1.0,1.0,False,1,blue is the dominant color in this image,blue is the dominant color in this image,blue,1.0236,0.4995,0.5134,0.0,38.5,9.049,2,image+text
synth_full_00074,full,What is the dominant color in this image?,blue,cyan | cyan | blue,True,0.3333,0.6,0.6667,False,2,cyan,blue,blue,0.7454,0.3063,0.2145,0.2133,40.0,9.049,3,image+text
synth_full_00075,full,What color is the large rectangle?,the large rectangle is purple,purple | purple | purple,True,1.0,1.0,1.0,False,1,the large rectangle is purple,the large rectangle is purple,purple,0.7253,0.3544,0.3601,0.0,46.0,9.049,2,image+text
synth_full_00076,full,Is the circle on the left or right side?,is the circle on the left side,left | left | left,True,1.0,1.0,1.0,False,1,is the circle on the left side,Is the circle on the left side,left,0.9434,0.4418,0.4901,0.0,42.5,9.049,2,image+text
synth_full_00077,full,What color is the large rectangle?,large rectangle,yellow | yellow | yellow,False,0.0,0.6,0.6667,True,2,a yellow square,large rectangle,large rectangle,0.8374,0.3051,0.2133,0.3072,42.5,9.049,3,image+text
synth_full_00078,full,What color is the large rectangle?,the large rectangle is green,olive | olive | dark yellow,False,0.0,1.0,1.0,True,1,the large rectangle is green,the large rectangle is green,green,0.7302,0.3547,0.3638,0.0,43.0,9.049,2,image+text
synth_full_00079,full,What color is the circle in this image?,yellow,yellow | yellow | yellow,True,1.0,1.0,1.0,False,1,yellow,yellow,yellow,0.5878,0.3164,0.2603,0.0,46.0,9.049,2,image+text
synth_full_00080,full,What color is the large rectangle?,the large rectangle is green,green | green | green,True,1.0,1.0,1.0,False,1,the large rectangle is green,the large rectangle is green,green,0.7416,0.3727,0.3568,0.0,41.0,9.049,2,image+text
synth_full_00081,full,Is the circle on the left or right side?,is the circle on the left side,right | right | right,False,0.0,0.6,0.6667,True,1,is the circle on the left side,right side,left,1.0022,0.4486,0.3263,0.215,45.5,9.049,3,image+text
synth_full_00082,full,What color is the background?,white,white | white | white,True,1.0,1.0,1.0,False,1,white,white,white,0.4872,0.3084,0.1683,0.0,41.5,9.049,2,image+text
synth_full_00083,full,What color is the large rectangle?,blue,blue | blue | blue,True,1.0,1.0,1.0,False,1,blue,blue,blue,0.4831,0.2581,0.2148,0.0,41.5,9.049,2,image+text
synth_full_00084,full,What color is the background?,white,white | white | white,True,1.0,1.0,1.0,False,1,white,white,white,0.4843,0.3062,0.1677,0.0,43.5,9.049,2,image+text
synth_full_00085,full,Is there a blue shape in this image?,yes,yes | yes | yes,True,1.0,1.0,1.0,False,1,yes,yes,yes,0.4834,0.2583,0.2143,0.0,41.5,9.049,2,image+text
synth_full_00086,full,What color is the large rectangle?,the large rectangle is purple,purple | purple | purple,True,1.0,1.0,1.0,False,1,the large rectangle is purple,the large rectangle is purple,purple,0.7354,0.3761,0.3484,0.0,45.0,9.049,2,image+text
synth_full_00087,full,What is the dominant color in this image?,the dominant color in this image is purple,purple | purple | purple,True,1.0,1.0,1.0,False,1,the dominant color in this image is purple,the dominant color is purple,purple,0.9071,0.4945,0.4014,0.0,42.5,9.049,2,image+text
synth_full_00088,full,What color is the large rectangle?,large rectangle,yellow | yellow | yellow,False,0.0,0.6,0.6667,True,2,a yellow square,large rectangle,large rectangle,0.839,0.306,0.2135,0.3078,43.0,9.049,3,image+text
synth_full_00089,full,What is the dominant color in this image?,the dominant color is brown,brown | brown | brown,True,1.0,1.0,1.0,False,1,the dominant color is brown,the dominant color is brown,brown,0.8244,0.4003,0.4131,0.0,43.0,9.049,2,image+text
synth_full_00090,full,What is the dominant color in this image?,orange,orange | orange | orange,True,1.0,0.6,0.6667,False,2,the dominant color in this image,orange,orange,0.9262,0.4017,0.3018,0.2103,43.0,9.049,3,image+text
synth_full_00091,full,What color is the large rectangle?,the large rectangle is green,olive | olive | dark yellow,False,0.0,1.0,1.0,True,1,the large rectangle is green,the large rectangle is green,green,0.7248,0.3468,0.3665,0.0,46.0,9.049,2,image+text
synth_full_00092,full,What color is the background?,gray,gray | gray | grey,True,0.6667,1.0,1.0,False,1,gray,gray,gray,0.4379,0.2131,0.2135,0.0,45.5,9.049,2,image+text
synth_full_00093,full,What is the dominant color in this image?,orange,orange | orange | orange,True,1.0,0.6,0.6667,False,2,the dominant color in this image,orange,orange,0.926,0.3994,0.3024,0.2121,44.5,9.049,3,image+text
synth_full_00094,full,What color is the large rectangle?,the large rectangle is green,olive | olive | dark yellow,False,0.0,1.0,1.0,True,1,the large rectangle is green,the large rectangle is green,green,0.714,0.3483,0.3551,0.0,41.0,9.049,2,image+text
synth_full_00095,full,What is the dominant color in this image?,orange,orange | orange | orange,True,1.0,0.6,0.6667,False,2,the dominant color in this image,orange,orange,0.9273,0.3967,0.3073,0.2109,39.5,9.049,3,image+text
synth_full_00096,full,Is the background color light or dark?,a dark background,dark | dark | medium,True,0.6667,1.0,1.0,False,1,a dark background,a dark background,dark,0.6279,0.301,0.3157,0.0,38.5,9.049,2,image+text
synth_full_00097,full,Is there a green shape in this image?,yes,no | no | no,False,0.0,1.0,1.0,True,1,yes,yes,yes,0.4854,0.2631,0.2108,0.0,42.0,9.049,2,image+text
synth_full_00098,full,What color is the background?,the background is white,cream | white | beige,True,0.3333,1.0,1.0,False,1,the background is white,the background is white,white,0.6268,0.3035,0.3128,0.0,46.5,9.049,2,image+text
synth_full_00099,full,What is the dominant color in this image?,red is the dominant color in this image,red | red | red,True,1.0,1.0,1.0,False,1,red is the dominant color in this image,red is the dominant color in this image,red,1.0108,0.5079,0.4922,0.0,42.0,9.049,2,image+text
synth_full_00100,full,What color is the circle in this image?,yellow,yellow | yellow | yellow,True,1.0,1.0,1.0,False,1,yellow,yellow,yellow,0.5932,0.3226,0.2589,0.0,43.5,9.049,2,image+text
synth_full_00101,full,What color is the circle?,a red circle,brown | brown | maroon,False,0.0,0.6,0.6667,True,1,a red circle,maroon,red,0.792,0.3076,0.2598,0.2131,46.0,9.049,3,image+text
synth_full_00102,full,What is the dominant color in this image?,orange,orange | orange | orange,True,1.0,0.6,0.6667,False,2,the dominant color in this image,orange,orange,0.9302,0.3981,0.3066,0.2134,46.0,9.049,3,image+text
synth_full_00103,full,What is the dominant color in this image?,the dominant color in this image is green,olive | olive | green | dark green,True,0.6667,1.0,1.0,False,1,the dominant color in this image is green,the dominant color in this image is green,green,1.0309,0.5064,0.5136,0.0,42.5,9.049,2,image+text
synth_full_00104,full,Is the circle on the left or right side?,is the circle on the left side,right | right | right,False,0.0,0.6,0.6667,True,1,is the circle on the left side,right side,left,0.9759,0.4504,0.3027,0.211,42.0,9.049,3,image+text
synth_full_00105,full,What color is the circle in this image?,red,red | red | red,True,1.0,1.0,1.0,False,1,red,red,red,0.4813,0.2562,0.2144,0.0,44.5,9.049,2,image+text
synth_full_00106,full,Is there a red shape in this image?,no,no | no | no,True,1.0,0.6,0.6667,False,2,yes,no,no,0.6666,0.2726,0.2148,0.1679,45.0,9.049,3,image+text
synth_full_00107,full,What is the dominant color in this image?,blue is the dominant color in this image,blue | blue | blue,True,1.0,1.0,1.0,False,1,blue is the dominant color in this image,blue is the dominant color in this image,blue,0.9986,0.4955,0.492,0.0,44.0,9.049,2,image+text
synth_full_00108,full,What color is the background?,white,white | white | white,True,1.0,1.0,1.0,False,1,white,white,white,0.4841,0.305,0.1688,0.0,41.5,9.049,2,image+text
synth_full_00109,full,What color is the large rectangle?,red,red | red | red,True,1.0,1.0,1.0,False,1,red,red,red,0.5301,0.3054,0.2133,0.0,44.5,9.049,2,image+text
synth_full_00110,full,What color is the large rectangle?,blue,blue | blue | blue,True,1.0,1.0,1.0,False,1,blue,blue,blue,0.4932,0.259,0.2236,0.0,45.0,9.049,2,image+text
synth_full_00111,full,What is the dominant color in this image?,the dominant color in this image is blue,teal | teal | cyan | blue-green,False,0.0,1.0,1.0,True,1,the dominant color in this image is blue,the dominant color is blue,blue,0.9113,0.4943,0.4059,0.0,40.0,9.049,2,image+text
synth_full_00112,full,What is the dominant color in this image?,the dominant color in this image is purple,purple | purple | purple,True,1.0,1.0,1.0,False,1,the dominant color in this image is purple,the dominant color is purple,purple,0.9127,0.4927,0.409,0.0,41.0,9.049,2,image+text
synth_full_00113,full,What color is the circle in this image?,red,red | red | red,True,1.0,1.0,1.0,False,1,red,red,red,0.4819,0.2587,0.2124,0.0,44.5,9.049,2,image+text
synth_full_00114,full,What color is the circle?,the circle is green,cyan | cyan | teal | teal,False,0.0,1.0,1.0,True,1,the circle is green,the circle is green,green,0.6229,0.3061,0.3064,0.0,42.0,9.049,2,image+text
synth_full_00115,full,Is there a red shape in this image?,no,no | no | no,True,1.0,0.6,0.6667,False,2,yes,no,no,0.6458,0.2561,0.2124,0.1657,42.5,9.049,3,image+text
synth_full_00116,full,What color is the large rectangle?,the large rectangle is green,green | green | green,True,1.0,1.0,1.0,False,1,the large rectangle is green,the large rectangle is green,green,0.712,0.349,0.3522,0.0,46.0,9.049,2,image+text
synth_full_00117,full,Is there a red shape in this image?,no,no | no | no,True,1.0,0.6,0.6667,False,2,yes,no,no,0.6511,0.2578,0.2125,0.1692,42.0,9.049,3,image+text
synth_full_00118,full,What color is the circle in this image?,blue,blue | blue | blue,True,1.0,1.0,1.0,False,1,blue,blue,blue,0.4868,0.2592,0.2167,0.0,43.0,9.049,2,image+text
synth_full_00119,full,What color is the large rectangle?,blue,blue | blue | blue,True,1.0,1.0,1.0,False,1,blue,blue,blue,0.5408,0.3,0.2298,0.0,40.0,9.049,2,image+text
synth_full_00120,full,What is the dominant color in this image?,the dominant color in this image is green,green | green | green,True,1.0,1.0,1.0,False,1,the dominant color in this image is green,the dominant color is green,green,0.8786,0.5135,0.3534,0.0,40.0,9.049,2,image+text
synth_full_00121,full,What color is the background?,white,white | white | white,True,1.0,1.0,1.0,False,1,white,white,white,0.4853,0.3062,0.1681,0.0,46.5,9.049,2,image+text
synth_full_00122,full,What is the dominant color in this image?,the dominant color in this image is green,green | green | green,True,1.0,1.0,1.0,False,1,the dominant color in this image is green,the dominant color is green,green,0.8661,0.5025,0.3527,0.0,45.5,9.049,2,image+text
synth_full_00123,full,Is there a blue shape in this image?,yes,yes | yes | yes,True,1.0,1.0,1.0,False,1,yes,yes,yes,0.4836,0.2597,0.2135,0.0,44.0,9.049,2,image+text
synth_full_00124,full,What is the dominant color in this image?,blue is the dominant color in this image,blue | blue | blue,True,1.0,1.0,1.0,False,1,blue is the dominant color in this image,blue is the dominant color in this image,blue,0.9916,0.4889,0.492,0.0,42.0,9.049,2,image+text
synth_full_00125,full,Is there a red shape in this image?,no,no | no | no,True,1.0,0.6,0.6667,False,2,yes,no,no,0.6521,0.259,0.2143,0.1675,42.0,9.049,3,image+text
synth_full_00126,full,Is there a red shape in this image?,no,no | no | no,True,1.0,0.6,0.6667,False,2,yes,no,no,0.6544,0.2613,0.2151,0.1669,45.5,9.049,3,image+text
synth_full_00127,full,What is the dominant color in this image?,blue is the dominant color in this image,blue | blue | blue,True,1.0,1.0,1.0,False,1,blue is the dominant color in this image,blue is the dominant color in this image,blue,0.9834,0.4833,0.489,0.0,41.5,9.049,2,image+text
synth_full_00128,full,Is there a purple shape in this image?,yes,no | no | no,False,0.0,1.0,1.0,True,1,yes,yes,yes,0.4821,0.2584,0.2132,0.0,40.5,9.049,2,image+text
synth_full_00129,full,Is there a red shape in this image?,no,no | no | no,True,1.0,0.6,0.6667,False,2,yes,no,no,0.6484,0.2609,0.2104,0.1656,45.5,9.049,3,image+text
synth_full_00130,full,What is the dominant color in this image?,orange,orange | orange | orange,True,1.0,0.6,0.6667,False,2,the dominant color in this image,orange,orange,0.9188,0.3942,0.3028,0.2101,44.5,9.049,3,image+text
synth_full_00131,full,What is the dominant color in this image?,the dominant color in this image is yellow,yellow | yellow | yellow,True,1.0,0.6,0.6667,False,1,the dominant color in this image is yellow,a dominant color in this image,yellow,1.1494,0.4835,0.4448,0.2093,43.5,9.049,3,image+text
synth_full_00132,full,What is the dominant color in this image?,the dominant color is brown,brown | brown | brown,True,1.0,1.0,1.0,False,1,the dominant color is brown,the dominant color is brown,brown,0.8095,0.3918,0.4069,0.0,43.0,9.049,2,image+text
synth_full_00133,full,What color is the large rectangle?,the large rectangle is white,white | white | white,True,1.0,1.0,1.0,False,1,the large rectangle is white,the large rectangle is white,white,0.7198,0.3532,0.3556,0.0,43.0,9.049,2,image+text
synth_full_00134,full,What color is the large rectangle?,brown color,brown | brown | brown,True,1.0,1.0,1.0,False,1,brown color,brown color,brown,0.5301,0.2593,0.2601,0.0,45.0,9.049,2,image+text
synth_full_00135,full,What color is the large rectangle?,green,lime | lime | green,True,0.3333,1.0,1.0,False,1,green,green,green,0.4832,0.3044,0.1678,0.0,45.0,9.049,2,image+text
synth_full_00136,full,What color is the large rectangle?,the color orange,orange | orange | orange,True,1.0,1.0,1.0,False,1,the color orange,the color orange,orange,0.5718,0.3036,0.2572,0.0,45.5,9.049,2,image+text
synth_full_00137,full,Is the circle on the left or right side?,is the circle on the left side,right | right | right,False,0.0,0.6,0.6667,True,1,is the circle on the left side,right side,left,0.9758,0.4447,0.3062,0.2129,41.5,9.049,3,image+text
synth_full_00138,full,Is the background color light or dark?,light,light | light | light,True,1.0,0.6,0.6667,False,2,dark,light,light,0.661,0.2125,0.2228,0.2143,42.5,9.049,3,image+text
synth_full_00139,full,What color is the large rectangle?,the large rectangle is white,white | white | white,True,1.0,1.0,1.0,False,1,the large rectangle is white,the large rectangle is white,white,0.7335,0.3532,0.3695,0.0,45.0,9.049,2,image+text
synth_full_00140,full,Is the circle on the left or right side?,is the circle on the left side,left | left | left,True,1.0,1.0,1.0,False,1,is the circle on the left side,Is the circle on the left side,left,0.9732,0.4661,0.4953,0.0,25.5,9.049,2,image+text
synth_full_00141,full,What color is the large rectangle?,green,lime | lime | green,True,0.3333,1.0,1.0,False,1,green,green,green,0.4878,0.3076,0.1691,0.0,42.0,9.049,2,image+text
synth_full_00142,full,Is the circle on the left or right side?,a circle on the left side,right | right | right,False,0.0,0.6,0.6667,True,1,a circle on the left side,right side,left,1.0335,0.4959,0.2157,0.3093,46.0,9.049,3,image+text
synth_full_00143,full,What color is the circle in this image?,red,red | red | red,True,1.0,1.0,1.0,False,1,red,red,red,0.4971,0.2692,0.217,0.0,44.5,9.049,2,image+text
synth_full_00144,full,Is the circle on the left or right side?,is the circle on the left side,left | left | left,True,1.0,1.0,1.0,False,1,is the circle on the left side,Is the circle on the left side,left,0.942,0.4436,0.4859,0.0,40.5,9.049,2,image+text
synth_full_00145,full,What color is the circle in this image?,red,red | red | red,True,1.0,1.0,1.0,False,1,red,red,red,0.4849,0.26,0.2145,0.0,41.0,9.049,2,image+text
synth_full_00146,full,Is there a green shape in this image?,yes,no | no | no,False,0.0,1.0,1.0,True,1,yes,yes,yes,0.4832,0.2597,0.2133,0.0,45.0,9.049,2,image+text
synth_full_00147,full,What color is the large rectangle?,large rectangle,yellow | yellow | yellow,False,0.0,0.6,0.6667,True,2,a yellow square,large rectangle,large rectangle,0.835,0.3044,0.2122,0.3063,47.0,9.049,3,image+text
synth_full_00148,full,What is the dominant color in this image?,a blue background,navy | navy | blue | dark blue,True,0.6667,1.0,1.0,False,1,a blue background,navy blue,blue,0.5389,0.3072,0.2204,0.0,47.0,9.049,2,image+text
synth_full_00149,full,Is there a green shape in this image?,yes,no | no | no,False,0.0,1.0,1.0,True,1,yes,yes,yes,0.4887,0.2619,0.2149,0.0,43.5,9.049,2,image+text
synth_full_00150,full,Is there a green shape in this image?,yes,yes | yes | yes,True,1.0,1.0,1.0,False,1,yes,yes,yes,0.5299,0.2588,0.2601,0.0,44.0,9.049,2,image+text
synth_full_00151,full,What color is the background?,gray,gray | gray | grey,True,0.6667,1.0,1.0,False,1,gray,gray,gray,0.4394,0.2144,0.2137,0.0,46.0,9.049,2,image+text
synth_full_00152,full,What color is the circle?,pink,pink | pink | pink,True,1.0,1.0,1.0,False,1,pink,pink,pink,0.5309,0.2607,0.2596,0.0,44.5,9.049,2,image+text
synth_full_00153,full,What is the dominant color in this image?,the dominant color in this image is purple,purple | purple | purple,True,1.0,1.0,1.0,False,1,the dominant color in this image is purple,the dominant color is purple,purple,0.8962,0.489,0.3961,0.0,45.0,9.049,2,image+text
synth_full_00154,full,What color is the large rectangle?,blue,blue | blue | blue,True,1.0,1.0,1.0,False,1,blue,blue,blue,0.4824,0.2566,0.2151,0.0,46.5,9.049,2,image+text
synth_full_00155,full,What color is the circle?,the circle is green,olive | olive | brown,False,0.0,1.0,1.0,True,1,the circle is green,the circle is green,green,0.6245,0.3062,0.3069,0.0,46.0,9.049,2,image+text
synth_full_00156,full,Is the background color light or dark?,dark background,dark | dark | dark,True,1.0,1.0,1.0,False,1,dark background,dark background,dark,0.4838,0.2608,0.2124,0.0,43.0,9.049,2,image+text
synth_full_00157,full,Is there a red shape in this image?,yes,yes | yes | yes,True,1.0,1.0,1.0,False,1,yes,yes,yes,0.5299,0.3052,0.2141,0.0,44.0,9.049,2,image+text
synth_full_00158,full,What is the dominant color in this image?,blue is the dominant color in this image,blue | blue | blue,True,1.0,1.0,1.0,False,1,blue is the dominant color in this image,blue is the dominant color in this image,blue,0.9936,0.4911,0.4917,0.0,42.5,9.049,2,image+text
synth_full_00159,full,Is there a red shape in this image?,yes,yes | yes | yes,True,1.0,1.0,1.0,False,1,yes,yes,yes,0.5493,0.3047,0.2341,0.0,39.0,9.049,2,image+text
synth_full_00160,full,What color is the large rectangle?,red,maroon | maroon | dark red,True,0.3333,1.0,1.0,False,1,red,red,red,0.5525,0.3266,0.2143,0.0,41.0,9.049,2,image+text
synth_full_00161,full,What color is the large rectangle?,the large rectangle is green,green | green | green,True,1.0,1.0,1.0,False,1,the large rectangle is green,the large rectangle is green,green,0.7262,0.36,0.3538,0.0,41.5,9.049,2,image+text
synth_full_00162,full,What is the dominant color in this image?,orange,orange | orange | orange,True,1.0,0.6,0.6667,False,2,the dominant color in this image,orange,orange,0.932,0.3993,0.3053,0.2142,43.0,9.049,3,image+text
synth_full_00163,full,What color is the large rectangle?,the large rectangle is white,white | white | white,True,1.0,1.0,1.0,False,1,the large rectangle is white,the large rectangle is white,white,0.7332,0.3592,0.363,0.0,46.0,9.049,2,image+text
synth_full_00164,full,Is there a green shape in this image?,yes,yes | yes | yes,True,1.0,1.0,1.0,False,1,yes,yes,yes,0.5215,0.2549,0.2563,0.0,46.5,9.049,2,image+text
synth_full_00165,full,Is the background color light or dark?,dark background,dark | dark | dark,True,1.0,1.0,1.0,False,1,dark background,dark background,dark,0.5123,0.2767,0.2248,0.0,42.5,9.049,2,image+text
synth_full_00166,full,What color is the circle?,red,maroon | dark red | red,True,0.6667,1.0,1.0,False,1,red,red,red,0.4818,0.3025,0.1689,0.0,43.5,9.049,2,image+text
synth_full_00167,full,What color is the circle in this image?,yellow,yellow | yellow | yellow,True,1.0,1.0,1.0,False,1,yellow,yellow,yellow,0.5849,0.3071,0.2669,0.0,44.0,9.049,2,image+text
synth_full_00168,full,What color is the small circle?,green,lime | lime | yellow-green,False,0.0,1.0,1.0,True,1,green,green,green,0.5299,0.3059,0.2135,0.0,46.5,9.049,2,image+text
synth_full_00169,full,Is there a blue shape in this image?,yes,yes | yes | yes,True,1.0,1.0,1.0,False,1,yes,yes,yes,0.4822,0.2581,0.2133,0.0,46.5,9.049,2,image+text
synth_full_00170,full,What color is the small circle?,green,lime | lime | yellow-green,False,0.0,1.0,1.0,True,1,green,green,green,0.53,0.3056,0.2137,0.0,46.5,9.049,2,image+text
synth_full_00171,full,What color is the large rectangle?,the color orange,orange | orange | orange,True,1.0,1.0,1.0,False,1,the color orange,the color orange,orange,0.577,0.3044,0.2619,0.0,43.5,9.049,2,image+text
synth_full_00172,full,What color is the large rectangle?,the large rectangle is white,white | white | white,True,1.0,1.0,1.0,False,1,the large rectangle is white,the large rectangle is white,white,0.7341,0.3524,0.3707,0.0,43.5,9.049,2,image+text
synth_full_00173,full,What is the dominant color in this image?,red is the dominant color in this image,red | red | red,True,1.0,1.0,1.0,False,1,red is the dominant color in this image,red is the dominant color in this image,red,0.9916,0.4889,0.4911,0.0,42.5,9.049,2,image+text
synth_full_00174,full,What is the dominant color in this image?,the dominant color in this image is yellow,yellow | yellow | yellow,True,1.0,0.6,0.6667,False,1,the dominant color in this image is yellow,a dominant color in this image,yellow,1.1729,0.4958,0.4503,0.2147,41.0,9.049,3,image+text
synth_full_00175,full,What color is the circle?,a red circle,brown | brown | maroon,False,0.0,0.6,0.6667,True,1,a red circle,maroon,red,0.8059,0.3089,0.2621,0.2232,44.0,9.049,3,image+text
synth_full_00176,full,What is the dominant color in this image?,red is the dominant color in this image,red | red | red,True,1.0,1.0,1.0,False,1,red is the dominant color in this image,red is the dominant color in this image,red,0.9921,0.4908,0.4906,0.0,41.0,9.049,2,image+text
synth_full_00177,full,What color is the small circle?,green,olive | olive | green,True,0.3333,1.0,1.0,False,1,green,green,green,0.4776,0.3012,0.1659,0.0,40.5,9.049,2,image+text
synth_full_00178,full,What color is the circle in this image?,red,red | red | red,True,1.0,1.0,1.0,False,1,red,red,red,0.5136,0.2853,0.2179,0.0,43.5,9.049,2,image+text
synth_full_00179,full,What is the dominant color in this image?,the dominant color in this image is blue,teal | teal | cyan | blue-green,False,0.0,1.0,1.0,True,1,the dominant color in this image is blue,the dominant color is blue,blue,0.8957,0.4857,0.3988,0.0,45.5,9.049,2,image+text
synth_full_00180,full,What color is the circle in this image?,blue,blue | blue | blue,True,1.0,1.0,1.0,False,1,blue,blue,blue,0.5063,0.2805,0.2142,0.0,41.5,9.049,2,image+text
synth_full_00181,full,Is the circle on the left or right side?,is the circle on the left side,left | left | left,True,1.0,1.0,1.0,False,1,is the circle on the left side,is the circle on the left side,left,0.9472,0.4436,0.4922,0.0,44.5,9.049,2,image+text
synth_full_00182,full,Is there a red shape in this image?,yes,yes | yes | yes,True,1.0,1.0,1.0,False,1,yes,yes,yes,0.5493,0.3041,0.2342,0.0,43.0,9.049,2,image+text
synth_full_00183,full,What is the dominant color in this image?,a blue background,navy | navy | blue | dark blue,True,0.6667,1.0,1.0,False,1,a blue background,navy blue,blue,0.5268,0.3037,0.2126,0.0,43.0,9.049,2,image+text
synth_full_00184,full,What color is the large rectangle?,red,maroon | maroon | dark red,True,0.3333,1.0,1.0,False,1,red,red,red,0.5283,0.3033,0.2142,0.0,45.5,9.049,2,image+text
synth_full_00185,full,What color is the circle in this image?,red,red | red | red,True,1.0,1.0,1.0,False,1,red,red,red,0.4837,0.2597,0.2134,0.0,44.0,9.049,2,image+text
synth_full_00186,full,What color is the background?,navy blue,navy | dark blue | blue,True,0.6667,1.0,1.0,False,1,navy blue,navy blue,blue,0.4376,0.2135,0.2137,0.0,43.0,9.049,2,image+text
synth_full_00187,full,What color is the large rectangle?,the large rectangle is green,green | green | green,True,1.0,1.0,1.0,False,1,the large rectangle is green,the large rectangle is green,green,0.7221,0.3502,0.361,0.0,44.5,9.049,2,image+text
synth_full_00188,full,What color is the large rectangle?,the color orange,orange | orange | orange,True,1.0,1.0,1.0,False,1,the color orange,the color orange,orange,0.5746,0.3044,0.2593,0.0,45.5,9.049,2,image+text
synth_full_00189,full,Is the background color light or dark?,light,light | light | light,True,1.0,0.6,0.6667,False,2,dark,light,light,0.6533,0.2136,0.2137,0.2142,46.5,9.049,3,image+text
synth_full_00190,full,Is there a green shape in this image?,yes,yes | yes | yes,True,1.0,1.0,1.0,False,1,yes,yes,yes,0.5294,0.259,0.2595,0.0,46.5,9.049,2,image+text
synth_full_00191,full,What is the dominant color in this image?,blue is the dominant color in this image,blue | blue | blue,True,1.0,1.0,1.0,False,1,blue is the dominant color in this image,blue is the dominant color in this image,blue,1.0077,0.4963,0.5005,0.0,43.0,9.049,2,image+text
synth_full_00192,full,Is the background color light or dark?,dark,dark | dark | dark,True,1.0,1.0,1.0,False,1,dark,dark,dark,0.4326,0.2094,0.2129,0.0,43.0,9.049,2,image+text
synth_full_00193,full,What color is the large rectangle?,blue,blue | blue | blue,True,1.0,1.0,1.0,False,1,blue,blue,blue,0.4829,0.2582,0.2137,0.0,45.0,9.049,2,image+text
synth_full_00194,full,What is the dominant color in this image?,the dominant color in this image is yellow,yellow | yellow | yellow,True,1.0,0.6,0.6667,False,1,the dominant color in this image is yellow,a dominant color in this image,yellow,1.16,0.4914,0.4431,0.2135,41.5,9.049,3,image+text
synth_full_00195,full,What is the dominant color in this image?,blue is the dominant color in this image,blue | blue | blue,True,1.0,1.0,1.0,False,1,blue is the dominant color in this image,blue is the dominant color in this image,blue,0.9877,0.4913,0.4856,0.0,39.0,9.049,2,image+text
synth_full_00196,full,What color is the circle?,a red circle,brown | brown | maroon,False,0.0,0.6,0.6667,True,1,a red circle,maroon,red,0.7833,0.3018,0.2576,0.2122,40.5,9.049,3,image+text
synth_full_00197,full,What color is the large rectangle?,navy blue,navy | dark blue | navy,True,0.3333,1.0,1.0,False,1,navy blue,navy blue,blue,0.4344,0.21,0.2137,0.0,45.5,9.049,2,image+text
synth_full_00198,full,What color is the circle?,pink,pink | pink | pink,True,1.0,1.0,1.0,False,1,pink,pink,pink,0.5257,0.2569,0.2582,0.0,48.0,9.049,2,image+text
synth_full_00199,full,Is the circle on the left or right side?,a circle on the left side,right | right | right,False,0.0,0.6,0.6667,True,1,a circle on the left side,right side,left,1.0409,0.4865,0.231,0.3107,46.5,9.049,3,image+text
synth_full_00200,full,What color is the large rectangle?,red,red | red | red,True,1.0,1.0,1.0,False,1,red,red,red,0.5569,0.3316,0.2138,0.0,42.5,9.049,2,image+text
synth_full_00201,full,Is there a green shape in this image?,yes,yes | yes | yes,True,1.0,1.0,1.0,False,1,yes,yes,yes,0.5291,0.2582,0.2605,0.0,44.0,9.049,2,image+text
synth_full_00202,full,What color is the background?,white,white | white | white,True,1.0,1.0,1.0,False,1,white,white,white,0.4807,0.3043,0.166,0.0,41.5,9.049,2,image+text
synth_full_00203,full,Is there a purple shape in this image?,yes,yes | yes | yes,True,1.0,1.0,1.0,False,1,yes,yes,yes,0.478,0.2554,0.2122,0.0,41.0,9.049,2,image+text
synth_full_00204,full,What color is the large rectangle?,the large rectangle is white,white | white | white,True,1.0,1.0,1.0,False,1,the large rectangle is white,the large rectangle is white,white,0.7104,0.3514,0.3477,0.0,44.0,9.049,2,image+text
synth_full_00205,full,What color is the small circle?,green,olive | olive | green,True,0.3333,1.0,1.0,False,1,green,green,green,0.4779,0.3011,0.1663,0.0,43.5,9.049,2,image+text
synth_full_00206,full,Is the circle on the left or right side?,is the circle on the left side,left | left | center,True,0.6667,0.6,0.6667,False,1,is the circle on the left side,right side,left,0.9625,0.4381,0.302,0.2106,41.5,9.049,3,image+text
synth_full_00207,full,What color is the circle in this image?,blue,blue | blue | blue,True,1.0,1.0,1.0,False,1,blue,blue,blue,0.4967,0.2755,0.211,0.0,41.5,9.049,2,image+text
synth_full_00208,full,What is the dominant color in this image?,the dominant color in this image is yellow,yellow | yellow | yellow,True,1.0,0.6,0.6667,False,1,the dominant color in this image is yellow,a dominant color in this image,yellow,1.1707,0.4826,0.462,0.2143,47.5,9.049,3,image+text
synth_full_00209,full,Is there a purple shape in this image?,yes,no | no | no,False,0.0,1.0,1.0,True,1,yes,yes,yes,0.4844,0.2597,0.214,0.0,47.0,9.049,2,image+text
synth_full_00210,full,What is the dominant color in this image?,the dominant color in this image is green,green | green | green,True,1.0,1.0,1.0,False,1,the dominant color in this image is green,the dominant color is green,green,0.8591,0.5,0.348,0.0,47.0,9.049,2,image+text
synth_full_00211,full,What color is the circle?,a red circle,brown | brown | maroon,False,0.0,0.6,0.6667,True,1,a red circle,maroon,red,0.7802,0.3024,0.2561,0.2103,44.5,9.049,3,image+text
synth_full_00212,full,What is the dominant color in this image?,the dominant color in this image is purple,purple | purple | purple,True,1.0,1.0,1.0,False,1,the dominant color in this image is purple,the dominant color is purple,purple,0.898,0.4895,0.3979,0.0,44.5,9.049,2,image+text
synth_full_00213,full,What color is the large rectangle?,blue,blue | blue | blue,True,1.0,1.0,1.0,False,1,blue,blue,blue,0.4813,0.2589,0.2117,0.0,45.5,9.049,2,image+text
synth_full_00214,full,What color is the large rectangle?,the large rectangle is purple,purple | purple | purple,True,1.0,1.0,1.0,False,1,the large rectangle is purple,the large rectangle is purple,purple,0.7184,0.3556,0.352,0.0,42.5,9.049,2,image+text
synth_full_00215,full,Is the circle on the left or right side?,is the circle on the left side,left | left | center,True,0.6667,0.6,0.6667,False,1,is the circle on the left side,right side,left,0.9686,0.4401,0.3041,0.2117,44.5,9.049,3,image+text
synth_full_00216,full,What color is the background?,the background is white,cream | white | beige,True,0.3333,1.0,1.0,False,1,the background is white,the background is white,white,0.622,0.306,0.305,0.0,46.0,9.049,2,image+text
synth_full_00217,full,What is the dominant color in this image?,blue is the dominant color in this image,blue | blue | blue,True,1.0,1.0,1.0,False,1,blue is the dominant color in this image,blue is the dominant color in this image,blue,0.9932,0.4911,0.4914,0.0,45.0,9.049,2,image+text
synth_full_00218,full,What color is the circle?,the circle is green,olive | olive | brown,False,0.0,1.0,1.0,True,1,the circle is green,the circle is green,green,0.6647,0.3264,0.3277,0.0,44.5,9.049,2,image+text
synth_full_00219,full,What is the dominant color in this image?,the dominant color in this image is purple,purple | purple | purple,True,1.0,1.0,1.0,False,1,the dominant color in this image is purple,the dominant color is purple,purple,0.8885,0.4831,0.3943,0.0,45.0,9.049,2,image+text
synth_full_00220,full,Is the background color light or dark?,dark blue,dark | dark | dark,False,0.0,1.0,1.0,True,1,dark blue,dark blue,blue,0.4548,0.2313,0.2117,0.0,43.0,9.049,2,image+text
synth_full_00221,full,What color is the circle?,the circle is green,cyan | cyan | teal | teal,False,0.0,1.0,1.0,True,1,the circle is green,the circle is green,green,0.6229,0.3048,0.3076,0.0,46.0,9.049,2,image+text
synth_full_00222,full,Is there a blue shape in this image?,yes,no | no | no,False,0.0,1.0,1.0,True,1,yes,yes,yes,0.4835,0.2582,0.2149,0.0,42.5,9.049,2,image+text
synth_full_00223,full,Is the circle on the left or right side?,is the circle on the left side,left | left | left,True,1.0,1.0,1.0,False,1,is the circle on the left side,Is the circle on the left side,left,0.9512,0.4553,0.4844,0.0,40.0,9.049,2,image+text
synth_full_00224,full,Is there a red shape in this image?,yes,yes | yes | yes,True,1.0,1.0,1.0,False,1,yes,yes,yes,0.548,0.3211,0.2164,0.0,42.0,9.049,2,image+text
synth_full_00225,full,What is the dominant color in this image?,burgundy,maroon | maroon | dark red,False,0.0,1.0,1.0,True,1,burgundy,burgundy,burgundy,0.7039,0.392,0.3011,0.0,46.5,9.049,2,image+text
synth_full_00226,full,What color is the large rectangle?,blue,blue | blue | blue,True,1.0,1.0,1.0,False,1,blue,blue,blue,0.48,0.259,0.2109,0.0,48.0,9.049,2,image+text
synth_full_00227,full,Is the circle on the left or right side?,a circle on the left side,right | right | right,False,0.0,0.6,0.6667,True,1,a circle on the left side,right side,left,1.0067,0.4817,0.2108,0.3026,47.0,9.049,3,image+text
synth_full_00228,full,What color is the background?,gray,gray | gray | grey,True,0.6667,1.0,1.0,False,1,gray,gray,gray,0.4313,0.2104,0.2106,0.0,46.5,9.049,2,image+text
synth_full_00229,full,What color is the large rectangle?,large rectangle,yellow | yellow | yellow,False,0.0,0.6,0.6667,True,2,a yellow square,large rectangle,large rectangle,0.8348,0.3044,0.2132,0.3051,47.0,9.049,3,image+text
synth_full_00230,full,What is the dominant color in this image?,red is the dominant color in this image,red | red | red,True,1.0,1.0,1.0,False,1,red is the dominant color in this image,red is the dominant color in this image,red,1.0031,0.5008,0.4906,0.0,42.5,9.049,2,image+text
synth_full_00231,full,What color is the large rectangle?,red,red | red | red,True,1.0,1.0,1.0,False,1,red,red,red,0.529,0.3056,0.2129,0.0,42.5,9.049,2,image+text
synth_full_00232,full,Is there a red shape in this image?,no,no | no | no,True,1.0,0.6,0.6667,False,2,yes,no,no,0.6513,0.257,0.2149,0.168,45.5,9.049,3,image+text
synth_full_00233,full,What color is the circle in this image?,blue,blue | blue | blue,True,1.0,1.0,1.0,False,1,blue,blue,blue,0.4835,0.2592,0.214,0.0,42.5,9.049,2,image+text
synth_full_00234,full,What color is the background?,blue,blue | blue | blue,True,1.0,1.0,1.0,False,1,blue,blue,blue,0.5312,0.3071,0.2137,0.0,42.0,9.049,2,image+text
synth_full_00235,full,What color is the large rectangle?,large rectangle,yellow | yellow | yellow,False,0.0,0.6,0.6667,True,2,a yellow square,large rectangle,large rectangle,0.8287,0.3028,0.2103,0.3034,45.0,9.049,3,image+text
synth_full_00236,full,What color is the large rectangle?,the large rectangle is green,green | green | green,True,1.0,1.0,1.0,False,1,the large rectangle is green,the large rectangle is green,green,0.7137,0.3509,0.3518,0.0,44.0,9.049,2,image+text
synth_full_00237,full,What color is the large rectangle?,the large rectangle is green,green | green | green,True,1.0,1.0,1.0,False,1,the large rectangle is green,the large rectangle is green,green,0.7159,0.3511,0.354,0.0,44.0,9.049,2,image+text
synth_full_00238,full,What color is the large rectangle?,red,maroon | maroon | dark red,True,0.3333,1.0,1.0,False,1,red,red,red,0.5352,0.3106,0.2143,0.0,45.5,9.049,2,image+text
synth_full_00239,full,Is the background color light or dark?,a dark background,dark | dark | medium,True,0.6667,1.0,1.0,False,1,a dark background,a dark background,dark,0.6335,0.3124,0.3103,0.0,44.5,9.049,2,image+text
synth_full_00240,full,What color is the large rectangle?,navy blue,navy | dark blue | navy,True,0.3333,1.0,1.0,False,1,navy blue,navy blue,blue,0.4584,0.2329,0.2138,0.0,44.0,9.049,2,image+text
synth_full_00241,full,Is the circle on the left or right side?,is the circle on the left side,left | left | left,True,1.0,1.0,1.0,False,1,is the circle on the left side,Is the circle on the left side,left,0.9512,0.4414,0.4989,0.0,42.5,9.049,2,image+text
synth_full_00242,full,What color is the large rectangle?,the large rectangle is green,green | green | green,True,1.0,1.0,1.0,False,1,the large rectangle is green,the large rectangle is green,green,0.7173,0.3542,0.3523,0.0,40.5,9.049,2,image+text
synth_full_00243,full,What color is the large rectangle?,blue,blue | blue | blue,True,1.0,1.0,1.0,False,1,blue,blue,blue,0.482,0.2585,0.213,0.0,42.0,9.049,2,image+text
synth_full_00244,full,What color is the circle in this image?,yellow,yellow | yellow | yellow,True,1.0,1.0,1.0,False,1,yellow,yellow,yellow,0.5736,0.3044,0.2585,0.0,44.0,9.049,2,image+text
synth_full_00245,full,What color is the background?,white,white | white | white,True,1.0,1.0,1.0,False,1,white,white,white,0.4846,0.3076,0.1664,0.0,46.0,9.049,2,image+text
synth_full_00246,full,What color is the large rectangle?,the large rectangle is white,white | white | white,True,1.0,1.0,1.0,False,1,the large rectangle is white,the large rectangle is white,white,0.7087,0.3479,0.35,0.0,46.5,9.049,2,image+text
synth_full_00247,full,What color is the small circle?,green,lime | lime | yellow-green,False,0.0,1.0,1.0,True,1,green,green,green,0.5339,0.31,0.2131,0.0,47.5,9.049,2,image+text
synth_full_00248,full,What color is the background?,white,white | white | white,True,1.0,1.0,1.0,False,1,white,white,white,0.4815,0.3043,0.166,0.0,42.0,9.049,2,image+text
synth_full_00249,full,What is the dominant color in this image?,the dominant color in this image is yellow,yellow | yellow | yellow,True,1.0,0.6,0.6667,False,1,the dominant color in this image is yellow,a dominant color in this image,yellow,1.1597,0.4906,0.4433,0.2139,41.0,9.049,3,image+text
synth_full_00250,full,What color is the background?,blue,blue | blue | blue,True,1.0,1.0,1.0,False,1,blue,blue,blue,0.5302,0.3054,0.2137,0.0,46.0,9.049,2,image+text
synth_full_00251,full,What color is the circle in this image?,blue,blue | blue | blue,True,1.0,1.0,1.0,False,1,blue,blue,blue,0.5027,0.2733,0.2188,0.0,42.0,9.049,2,image+text
synth_full_00252,full,What color is the background?,gray,gray | gray | grey,True,0.6667,1.0,1.0,False,1,gray,gray,gray,0.434,0.2112,0.2119,0.0,40.5,9.049,2,image+text
synth_full_00253,full,What color is the background?,white,white | white | white,True,1.0,1.0,1.0,False,1,white,white,white,0.4794,0.301,0.1678,0.0,44.5,9.049,2,image+text
synth_full_00254,full,What is the dominant color in this image?,blue is the dominant color in this image,blue | blue | blue,True,1.0,1.0,1.0,False,1,blue is the dominant color in this image,blue is the dominant color in this image,blue,0.99,0.4889,0.4903,0.0,41.5,9.049,2,image+text
synth_full_00255,full,What color is the circle?,the circle is green,olive | olive | brown,False,0.0,1.0,1.0,True,1,the circle is green,the circle is green,green,0.616,0.302,0.3033,0.0,42.5,9.049,2,image+text
synth_full_00256,full,Is the circle on the left or right side?,is the circle on the left side,right | right | right,False,0.0,0.6,0.6667,True,1,is the circle on the left side,right side,left,0.9694,0.441,0.3054,0.2114,47.0,9.049,3,image+text
synth_full_00257,full,What color is the large rectangle?,the large rectangle is purple,purple | purple | purple,True,1.0,1.0,1.0,False,1,the large rectangle is purple,the large rectangle is purple,purple,0.7077,0.3469,0.3503,0.0,47.0,9.049,2,image+text
synth_full_00258,full,What color is the small circle?,green,olive | olive | green,True,0.3333,1.0,1.0,False,1,green,green,green,0.4803,0.3024,0.1667,0.0,46.0,9.049,2,image+text
synth_full_00259,full,What color is the large rectangle?,brown color,brown | brown | brown,True,1.0,1.0,1.0,False,1,brown color,brown color,brown,0.5296,0.2594,0.2598,0.0,45.5,9.049,2,image+text
synth_full_00260,full,What color is the large rectangle?,the large rectangle is blue,teal | teal | green,False,0.0,1.0,1.0,True,1,the large rectangle is blue,the large rectangle is blue,blue,0.7421,0.3823,0.3478,0.0,42.5,9.049,2,image+text
synth_full_00261,full,What color is the small circle?,green,lime | lime | yellow-green,False,0.0,1.0,1.0,True,1,green,green,green,0.5252,0.302,0.2127,0.0,46.0,9.049,2,image+text
synth_full_00262,full,What color is the circle in this image?,yellow,yellow | yellow | yellow,True,1.0,1.0,1.0,False,1,yellow,yellow,yellow,0.5752,0.3049,0.2598,0.0,43.5,9.049,2,image+text
synth_full_00263,full,What color is the background?,white,white | white | white,True,1.0,1.0,1.0,False,1,white,white,white,0.4888,0.3086,0.1698,0.0,40.5,9.049,2,image+text
synth_full_00264,full,What color is the circle?,the circle is green,olive | olive | brown,False,0.0,1.0,1.0,True,1,the circle is green,the circle is green,green,0.6138,0.3026,0.3005,0.0,44.5,9.049,2,image+text
synth_full_00265,full,What color is the large rectangle?,large rectangle,yellow | yellow | yellow,False,0.0,0.6,0.6667,True,2,a yellow square,large rectangle,large rectangle,0.8366,0.3,0.2189,0.306,47.0,9.049,3,image+text
synth_full_00266,full,What is the dominant color in this image?,a blue background,navy | navy | blue | dark blue,True,0.6667,1.0,1.0,False,1,a blue background,navy blue,blue,0.5303,0.3052,0.2145,0.0,46.5,9.049,2,image+text
synth_full_00267,full,What color is the large rectangle?,navy blue,navy | dark blue | navy,True,0.3333,1.0,1.0,False,1,navy blue,navy blue,blue,0.4539,0.226,0.2168,0.0,46.0,9.049,2,image+text
synth_full_00268,full,What is the dominant color in this image?,the dominant color in this image is green,olive | olive | green | dark green,True,0.6667,1.0,1.0,False,1,the dominant color in this image is green,the dominant color in this image is green,green,1.0006,0.4958,0.494,0.0,41.5,9.049,2,image+text
synth_full_00269,full,What color is the circle in this image?,blue,blue | blue | blue,True,1.0,1.0,1.0,False,1,blue,blue,blue,0.4855,0.2617,0.2133,0.0,40.5,9.049,2,image+text
synth_full_00270,full,What is the dominant color in this image?,red is the dominant color in this image,red | red | red,True,1.0,1.0,1.0,False,1,red is the dominant color in this image,red is the dominant color in this image,red,0.9993,0.4938,0.4938,0.0,40.5,9.049,2,image+text
synth_full_00271,full,What is the dominant color in this image?,the dominant color in this image is green,green | green | green,True,1.0,1.0,1.0,False,1,the dominant color in this image is green,the dominant color is green,green,0.8621,0.497,0.3543,0.0,41.5,9.049,2,image+text
synth_full_00272,full,What color is the large rectangle?,brown color,brown | brown | brown,True,1.0,1.0,1.0,False,1,brown color,brown color,brown,0.5326,0.2622,0.2596,0.0,42.5,9.049,2,image+text
synth_full_00273,full,Is there a red shape in this image?,no,no | no | no,True,1.0,0.6,0.6667,False,2,yes,no,no,0.6538,0.2595,0.2143,0.1678,42.5,9.049,3,image+text
synth_full_00274,full,Is the background color light or dark?,light,light | light | light,True,1.0,0.6,0.6667,False,2,dark,light,light,0.6445,0.2123,0.2103,0.2099,45.5,9.049,3,image+text
synth_full_00275,full,What color is the large rectangle?,brown color,brown | brown | brown,True,1.0,1.0,1.0,False,1,brown color,brown color,brown,0.5269,0.2569,0.2594,0.0,46.5,9.049,2,image+text
synth_full_00276,full,Is the circle on the left or right side?,is the circle on the left side,left | left | left,True,1.0,1.0,1.0,False,1,is the circle on the left side,Is the circle on the left side,left,0.9487,0.4442,0.4933,0.0,44.5,9.049,2,image+text
synth_full_00277,full,Is the background color light or dark?,dark background,dark | dark | dark,True,1.0,1.0,1.0,False,1,dark background,dark background,dark,0.5,0.2792,0.2101,0.0,43.5,9.049,2,image+text
synth_full_00278,full,What is the dominant color in this image?,burgundy,maroon | maroon | dark red,False,0.0,1.0,1.0,True,1,burgundy,burgundy,burgundy,0.7129,0.3894,0.3125,0.0,43.0,9.049,2,image+text
synth_full_00279,full,What color is the circle?,red,maroon | dark red | red,True,0.6667,1.0,1.0,False,1,red,red,red,0.4788,0.3031,0.1654,0.0,40.5,9.049,2,image+text
synth_full_00280,full,What color is the large rectangle?,brown color,brown | brown | brown,True,1.0,1.0,1.0,False,1,brown color,brown color,brown,0.5536,0.2808,0.2614,0.0,44.5,9.049,2,image+text
synth_full_00281,full,Is there a purple shape in this image?,yes,no | no | no,False,0.0,1.0,1.0,True,1,yes,yes,yes,0.4869,0.2599,0.2161,0.0,44.0,9.049,2,image+text
synth_full_00282,full,What is the dominant color in this image?,the dominant color in this image is yellow,yellow | yellow | yellow,True,1.0,0.6,0.6667,False,1,the dominant color in this image is yellow,a dominant color in this image,yellow,1.1703,0.5012,0.4438,0.2131,43.0,9.049,3,image+text
synth_full_00283,full,What color is the large rectangle?,red,red | red | red,True,1.0,1.0,1.0,False,1,red,red,red,0.5297,0.3043,0.2145,0.0,46.0,9.049,2,image+text
synth_full_00284,full,Is there a purple shape in this image?,yes,yes | yes | yes,True,1.0,1.0,1.0,False,1,yes,yes,yes,0.4807,0.2579,0.2121,0.0,45.0,9.049,2,image+text
synth_full_00285,full,What color is the background?,the background is white,cream | white | beige,True,0.3333,1.0,1.0,False,1,the background is white,the background is white,white,0.6213,0.3049,0.3055,0.0,45.0,9.049,2,image+text
synth_full_00286,full,What is the dominant color in this image?,orange,orange | orange | orange,True,1.0,0.6,0.6667,False,2,the dominant color in this image,orange,orange,0.9267,0.3984,0.3041,0.2123,47.0,9.049,3,image+text
synth_full_00287,full,What color is the large rectangle?,the large rectangle is green,olive | olive | dark yellow,False,0.0,1.0,1.0,True,1,the large rectangle is green,the large rectangle is green,green,0.7184,0.3511,0.3564,0.0,47.0,9.049,2,image+text
synth_full_00288,full,What color is the small circle?,green,olive | olive | green,True,0.3333,1.0,1.0,False,1,green,green,green,0.4857,0.3061,0.1688,0.0,45.0,9.049,2,image+text
synth_full_00289,full,What color is the background?,white,white | white | white,True,1.0,1.0,1.0,False,1,white,white,white,0.4854,0.3075,0.1676,0.0,41.5,9.049,2,image+text
synth_full_00290,full,Is the background color light or dark?,dark blue,dark | dark | dark,False,0.0,1.0,1.0,True,1,dark blue,dark blue,blue,0.4364,0.2122,0.2133,0.0,43.0,9.049,2,image+text
synth_full_00291,full,What is the dominant color in this image?,red is the dominant color in this image,red | red | red,True,1.0,1.0,1.0,False,1,red is the dominant color in this image,red is the dominant color in this image,red,0.9944,0.4952,0.488,0.0,45.0,9.049,2,image+text
synth_full_00292,full,What color is the large rectangle?,blue,blue | blue | blue,True,1.0,1.0,1.0,False,1,blue,blue,blue,0.4795,0.2567,0.2125,0.0,45.0,9.049,2,image+text
synth_full_00293,full,Is there a red shape in this image?,no,no | no | no,True,1.0,0.6,0.6667,False,2,yes,no,no,0.6525,0.2569,0.2119,0.1725,45.5,9.049,3,image+text
synth_full_00294,full,What color is the circle in this image?,red,red | red | red,True,1.0,1.0,1.0,False,1,red,red,red,0.4862,0.2603,0.2154,0.0,46.0,9.049,2,image+text
synth_full_00295,full,Is there a green shape in this image?,yes,no | no | no,False,0.0,1.0,1.0,True,1,yes,yes,yes,0.4843,0.2591,0.2141,0.0,45.5,9.049,2,image+text
synth_full_00296,full,What color is the small circle?,green,olive | olive | green,True,0.3333,1.0,1.0,False,1,green,green,green,0.482,0.3065,0.1649,0.0,44.0,9.049,2,image+text
synth_full_00297,full,What is the dominant color in this image?,the dominant color in this image is purple,purple | purple | purple,True,1.0,1.0,1.0,False,1,the dominant color in this image is purple,the dominant color is purple,purple,0.8998,0.4923,0.3969,0.0,42.5,9.049,2,image+text
synth_full_00298,full,Is the circle on the left or right side?,a circle on the left side,right | right | right,False,0.0,0.6,0.6667,True,1,a circle on the left side,right side,left,1.0162,0.4849,0.2128,0.3067,44.0,9.049,3,image+text
synth_full_00299,full,What is the dominant color in this image?,the dominant color in this image is green,green | green | green,True,1.0,1.0,1.0,False,1,the dominant color in this image is green,the dominant color is green,green,0.8532,0.4905,0.3518,0.0,47.0,9.049,2,image+text
synth_full_00300,full,What color is the circle in this image?,yellow,yellow | yellow | yellow,True,1.0,1.0,1.0,False,1,yellow,yellow,yellow,0.5963,0.3245,0.2601,0.0,40.5,9.049,2,image+text
synth_full_00301,full,Is there a red shape in this image?,no,no | no | no,True,1.0,0.6,0.6667,False,2,yes,no,no,0.6483,0.257,0.2131,0.1667,45.5,9.049,3,image+text
synth_full_00302,full,What is the dominant color in this image?,red is the dominant color in this image,red | red | red,True,1.0,1.0,1.0,False,1,red is the dominant color in this image,red is the dominant color in this image,red,0.995,0.4915,0.4926,0.0,45.0,9.049,2,image+text
synth_full_00303,full,Is the circle on the left or right side?,a circle on the left side,right | right | right,False,0.0,0.6,0.6667,True,1,a circle on the left side,right side,left,1.0219,0.4911,0.213,0.3057,44.0,9.049,3,image+text
synth_full_00304,full,What is the dominant color in this image?,the dominant color in this image is green,green | green | green,True,1.0,1.0,1.0,False,1,the dominant color in this image is green,the dominant color is green,green,0.8606,0.5021,0.3475,0.0,45.0,9.049,2,image+text
synth_full_00305,full,What is the dominant color in this image?,orange,orange | orange | orange,True,1.0,0.6,0.6667,False,2,the dominant color in this image,orange,orange,0.9262,0.3988,0.3036,0.2117,43.5,9.049,3,image+text
synth_full_00306,full,What color is the circle in this image?,blue,blue | blue | blue,True,1.0,1.0,1.0,False,1,blue,blue,blue,0.4796,0.2576,0.2116,0.0,43.5,9.049,2,image+text
synth_full_00307,full,What color is the circle?,red,maroon | dark red | red,True,0.6667,1.0,1.0,False,1,red,red,red,0.4769,0.3014,0.1652,0.0,44.0,9.049,2,image+text
synth_full_00308,full,What is the dominant color in this image?,the dominant color in this image is green,olive | olive | green | dark green,True,0.6667,1.0,1.0,False,1,the dominant color in this image is green,the dominant color in this image is green,green,1.0005,0.4892,0.5002,0.0,41.5,9.049,2,image+text
synth_full_00309,full,What color is the large rectangle?,navy blue,navy | dark blue | navy,True,0.3333,1.0,1.0,False,1,navy blue,navy blue,blue,0.4335,0.2122,0.2107,0.0,42.5,9.049,2,image+text
synth_full_00310,full,What color is the background?,blue,blue | blue | blue,True,1.0,1.0,1.0,False,1,blue,blue,blue,0.5291,0.3037,0.2144,0.0,44.5,9.049,2,image+text
synth_full_00311,full,What color is the large rectangle?,the large rectangle is purple,purple | purple | purple,True,1.0,1.0,1.0,False,1,the large rectangle is purple,the large rectangle is purple,purple,0.7188,0.3532,0.3546,0.0,40.5,9.049,2,image+text
synth_full_00312,full,What is the dominant color in this image?,blue is the dominant color in this image,blue | blue | blue,True,1.0,1.0,1.0,False,1,blue is the dominant color in this image,blue is the dominant color in this image,blue,1.0043,0.4908,0.5024,0.0,40.5,9.049,2,image+text
synth_full_00313,full,What color is the circle?,the circle is green,olive | olive | brown,False,0.0,1.0,1.0,True,1,the circle is green,the circle is green,green,0.6233,0.3051,0.3075,0.0,41.5,9.049,2,image+text
synth_full_00314,full,What color is the large rectangle?,red,red | red | red,True,1.0,1.0,1.0,False,1,red,red,red,0.5374,0.3059,0.221,0.0,47.0,9.049,2,image+text
synth_full_00315,full,Is the background color light or dark?,dark,dark | dark | dark,True,1.0,1.0,1.0,False,1,dark,dark,dark,0.4396,0.2138,0.2153,0.0,46.5,9.049,2,image+text
synth_full_00316,full,What is the dominant color in this image?,burgundy,maroon | maroon | dark red,False,0.0,1.0,1.0,True,1,burgundy,burgundy,burgundy,0.7186,0.4011,0.3066,0.0,45.0,9.049,2,image+text
synth_full_00317,full,What color is the circle?,a red circle,brown | brown | maroon,False,0.0,0.6,0.6667,True,1,a red circle,maroon,red,0.8069,0.3075,0.2737,0.2134,44.0,9.049,3,image+text
synth_full_00318,full,What is the dominant color in this image?,blue is the dominant color in this image,blue | blue | blue,True,1.0,1.0,1.0,False,1,blue is the dominant color in this image,blue is the dominant color in this image,blue,0.9958,0.4895,0.4947,0.0,41.0,9.049,2,image+text
synth_full_00319,full,What color is the background?,white,white | white | white,True,1.0,1.0,1.0,False,1,white,white,white,0.4852,0.3066,0.1676,0.0,38.5,9.049,2,image+text
synth_full_00320,full,What color is the large rectangle?,large rectangle,yellow | yellow | yellow,False,0.0,0.6,0.6667,True,2,a yellow square,large rectangle,large rectangle,0.8522,0.3277,0.2095,0.3021,45.5,9.049,3,image+text
synth_full_00321,full,Is the background color light or dark?,dark,dark | dark | dark,True,1.0,1.0,1.0,False,1,dark,dark,dark,0.4322,0.2108,0.2108,0.0,47.5,9.049,2,image+text
synth_full_00322,full,Is the background color light or dark?,dark background,dark | dark | dark,True,1.0,1.0,1.0,False,1,dark background,dark background,dark,0.477,0.2562,0.2104,0.0,48.0,9.049,2,image+text
synth_full_00323,full,What is the dominant color in this image?,the dominant color in this image is green,green | green | green,True,1.0,1.0,1.0,False,1,the dominant color in this image is green,the dominant color is green,green,0.8491,0.4853,0.3528,0.0,47.0,9.049,2,image+text
synth_full_00324,full,What color is the circle in this image?,blue,blue | blue | blue,True,1.0,1.0,1.0,False,1,blue,blue,blue,0.4837,0.2596,0.2132,0.0,45.0,9.049,2,image+text
synth_full_00325,full,What color is the large rectangle?,green,lime | lime | green,True,0.3333,1.0,1.0,False,1,green,green,green,0.4857,0.305,0.1701,0.0,42.5,9.049,2,image+text
synth_full_00326,full,What color is the large rectangle?,blue,blue | blue | blue,True,1.0,1.0,1.0,False,1,blue,blue,blue,0.4949,0.2616,0.2229,0.0,41.0,9.049,2,image+text
synth_full_00327,full,What color is the circle in this image?,yellow,yellow | yellow | yellow,True,1.0,1.0,1.0,False,1,yellow,yellow,yellow,0.5742,0.304,0.2596,0.0,42.5,9.049,2,image+text
synth_full_00328,full,What is the dominant color in this image?,orange,orange | orange | orange,True,1.0,0.6,0.6667,False,2,the dominant color in this image,orange,orange,0.9504,0.4001,0.3236,0.2148,44.0,9.049,3,image+text
synth_full_00329,full,Is there a red shape in this image?,no,no | no | no,True,1.0,0.6,0.6667,False,2,yes,no,no,0.6523,0.259,0.2136,0.1683,45.5,9.049,3,image+text
synth_full_00330,full,What color is the large rectangle?,large rectangle,yellow | yellow | yellow,False,0.0,0.6,0.6667,True,2,a yellow square,large rectangle,large rectangle,0.8369,0.304,0.2132,0.3073,44.5,9.049,3,image+text
synth_full_00331,full,What is the dominant color in this image?,the dominant color in this image is green,green | green | green,True,1.0,1.0,1.0,False,1,the dominant color in this image is green,the dominant color is green,green,0.8505,0.49,0.3496,0.0,42.5,9.049,2,image+text
synth_full_00332,full,What is the dominant color in this image?,the dominant color in this image is yellow,yellow | yellow | yellow,True,1.0,0.6,0.6667,False,1,the dominant color in this image is yellow,a dominant color in this image,yellow,1.1613,0.4896,0.4456,0.2134,45.0,9.049,3,image+text
synth_full_00333,full,What color is the large rectangle?,the large rectangle is blue,teal | teal | green,False,0.0,1.0,1.0,True,1,the large rectangle is blue,the large rectangle is blue,blue,0.7226,0.3534,0.3576,0.0,46.5,9.049,2,image+text
synth_full_00334,full,Is the circle on the left or right side?,is the circle on the left side,right | right | right,False,0.0,0.6,0.6667,True,1,is the circle on the left side,right side,left,0.9834,0.4475,0.3084,0.2155,43.0,9.049,3,image+text
synth_full_00335,full,What color is the large rectangle?,large rectangle,yellow | yellow | yellow,False,0.0,0.6,0.6667,True,2,a yellow square,large rectangle,large rectangle,0.8443,0.3083,0.215,0.3091,43.0,9.049,3,image+text
synth_full_00336,full,What is the dominant color in this image?,the dominant color in this image is yellow,yellow | yellow | yellow,True,1.0,0.6,0.6667,False,1,the dominant color in this image is yellow,a dominant color in this image,yellow,1.1667,0.4948,0.4456,0.214,43.0,9.049,3,image+text
synth_full_00337,full,Is there a blue shape in this image?,yes,no | no | no,False,0.0,1.0,1.0,True,1,yes,yes,yes,0.4893,0.2583,0.2205,0.0,43.0,9.049,2,image+text
synth_full_00338,full,What color is the large rectangle?,the large rectangle is green,green | green | green,True,1.0,1.0,1.0,False,1,the large rectangle is green,the large rectangle is green,green,0.7148,0.3508,0.353,0.0,46.5,9.049,2,image+text
synth_full_00339,full,What is the dominant color in this image?,the dominant color in this image is green,green | green | green,True,1.0,1.0,1.0,False,1,the dominant color in this image is green,the dominant color is green,green,0.8635,0.4942,0.3579,0.0,46.5,9.049,2,image+text
synth_full_00340,full,What color is the circle in this image?,blue,blue | blue | blue,True,1.0,1.0,1.0,False,1,blue,blue,blue,0.5224,0.2916,0.217,0.0,38.5,9.049,2,image+text
synth_full_00341,full,Is the background color light or dark?,light,light | light | light,True,1.0,0.6,0.6667,False,2,dark,light,light,0.6593,0.2165,0.2176,0.2135,43.0,9.049,3,image+text
synth_full_00342,full,Is the background color light or dark?,light,light | light | light,True,1.0,0.6,0.6667,False,2,dark,light,light,0.6496,0.2126,0.2133,0.2125,47.0,9.049,3,image+text
synth_full_00343,full,What color is the circle?,pink,pink | pink | pink,True,1.0,1.0,1.0,False,1,pink,pink,pink,0.5327,0.2616,0.2604,0.0,43.5,9.049,2,image+text
synth_full_00344,full,Is there a red shape in this image?,yes,yes | yes | yes,True,1.0,1.0,1.0,False,1,yes,yes,yes,0.535,0.3057,0.2185,0.0,41.5,9.049,2,image+text
synth_full_00345,full,What is the dominant color in this image?,blue is the dominant color in this image,blue | blue | blue,True,1.0,1.0,1.0,False,1,blue is the dominant color in this image,blue is the dominant color in this image,blue,1.0213,0.5066,0.5039,0.0,40.5,9.049,2,image+text
synth_full_00346,full,What color is the large rectangle?,the color orange,orange | orange | orange,True,1.0,1.0,1.0,False,1,the color orange,the color orange,orange,0.5785,0.3064,0.2602,0.0,42.0,9.049,2,image+text
synth_full_00347,full,What color is the large rectangle?,large rectangle,yellow | yellow | yellow,False,0.0,0.6,0.6667,True,2,a yellow square,large rectangle,large rectangle,0.8423,0.3081,0.2156,0.3067,46.5,9.049,3,image+text
synth_full_00348,full,What color is the circle in this image?,yellow,yellow | yellow | yellow,True,1.0,1.0,1.0,False,1,yellow,yellow,yellow,0.5781,0.3081,0.2594,0.0,40.5,9.049,2,image+text
synth_full_00349,full,What color is the background?,gray,gray | gray | grey,True,0.6667,1.0,1.0,False,1,gray,gray,gray,0.4486,0.2229,0.2149,0.0,44.0,9.049,2,image+text
synth_full_00350,full,What color is the large rectangle?,the large rectangle is white,white | white | white,True,1.0,1.0,1.0,False,1,the large rectangle is white,the large rectangle is white,white,0.715,0.3517,0.3521,0.0,47.0,9.049,2,image+text
synth_full_00351,full,What is the dominant color in this image?,the dominant color in this image is yellow,yellow | yellow | yellow,True,1.0,0.6,0.6667,False,1,the dominant color in this image is yellow,a dominant color in this image,yellow,1.1693,0.482,0.4595,0.2154,45.5,9.049,3,image+text
synth_full_00352,full,What color is the large rectangle?,the large rectangle is white,white | white | white,True,1.0,1.0,1.0,False,1,the large rectangle is white,the large rectangle is white,white,0.7171,0.3528,0.3528,0.0,45.0,9.049,2,image+text
synth_full_00353,full,What is the dominant color in this image?,orange,orange | orange | orange,True,1.0,0.6,0.6667,False,2,the dominant color in this image,orange,orange,0.9343,0.3987,0.3039,0.2195,43.0,9.049,3,image+text
synth_full_00354,full,What color is the large rectangle?,blue,blue | blue | blue,True,1.0,1.0,1.0,False,1,blue,blue,blue,0.4807,0.2575,0.2124,0.0,43.5,9.049,2,image+text
synth_full_00355,full,Is the circle on the left or right side?,a circle on the left side,right | right | right,False,0.0,0.6,0.6667,True,1,a circle on the left side,right side,left,1.0332,0.4864,0.2301,0.3051,47.5,9.049,3,image+text
synth_full_00356,full,Is the background color light or dark?,dark,dark | dark | dark,True,1.0,1.0,1.0,False,1,dark,dark,dark,0.4359,0.2144,0.211,0.0,47.0,9.049,2,image+text
synth_full_00357,full,What color is the large rectangle?,the color orange,orange | orange | orange,True,1.0,1.0,1.0,False,1,the color orange,the color orange,orange,0.5681,0.3005,0.257,0.0,46.5,9.049,2,image+text
synth_full_00358,full,Is there a green shape in this image?,yes,no | no | no,False,0.0,1.0,1.0,True,1,yes,yes,yes,0.4776,0.2557,0.2108,0.0,45.5,9.049,2,image+text
synth_full_00359,full,What color is the background?,blue,blue | blue | blue,True,1.0,1.0,1.0,False,1,blue,blue,blue,0.5338,0.309,0.2142,0.0,44.5,9.049,2,image+text
synth_full_00360,full,Is the circle on the left or right side?,is the circle on the left side,right | right | right,False,0.0,0.6,0.6667,True,1,is the circle on the left side,right side,left,1.0005,0.4658,0.3071,0.2148,40.0,9.049,3,image+text
synth_full_00361,full,Is the background color light or dark?,dark background,dark | dark | dark,True,1.0,1.0,1.0,False,1,dark background,dark background,dark,0.489,0.2604,0.2179,0.0,43.0,9.049,2,image+text
synth_full_00362,full,What color is the large rectangle?,the large rectangle is purple,purple | purple | purple,True,1.0,1.0,1.0,False,1,the large rectangle is purple,the large rectangle is purple,purple,0.7194,0.3543,0.3542,0.0,42.5,9.049,2,image+text
synth_full_00363,full,Is the background color light or dark?,dark background,dark | dark | dark,True,1.0,1.0,1.0,False,1,dark background,dark background,dark,0.4827,0.2609,0.2109,0.0,42.5,9.049,2,image+text
synth_full_00364,full,What color is the large rectangle?,the large rectangle is blue,teal | teal | green,False,0.0,1.0,1.0,True,1,the large rectangle is blue,the large rectangle is blue,blue,0.7099,0.3472,0.3522,0.0,42.5,9.049,2,image+text
synth_full_00365,full,What is the dominant color in this image?,the dominant color is brown,brown | brown | brown,True,1.0,1.0,1.0,False,1,the dominant color is brown,the dominant color is brown,brown,0.7942,0.3911,0.3924,0.0,43.0,9.049,2,image+text
synth_full_00366,full,What color is the background?,white,white | white | white,True,1.0,1.0,1.0,False,1,white,white,white,0.4785,0.3034,0.1649,0.0,41.5,9.049,2,image+text
synth_full_00367,full,What color is the large rectangle?,large rectangle,yellow | yellow | yellow,False,0.0,0.6,0.6667,True,2,a yellow square,large rectangle,large rectangle,0.839,0.3014,0.2117,0.3141,43.5,9.049,3,image+text
synth_full_00368,full,Is the background color light or dark?,dark background,dark | dark | dark,True,1.0,1.0,1.0,False,1,dark background,dark background,dark,0.4868,0.2565,0.22,0.0,45.5,9.049,2,image+text
synth_full_00369,full,What color is the circle?,red,maroon | dark red | red,True,0.6667,1.0,1.0,False,1,red,red,red,0.4873,0.307,0.1696,0.0,46.0,9.049,2,image+text
synth_full_00370,full,Is there a blue shape in this image?,yes,no | no | no,False,0.0,1.0,1.0,True,1,yes,yes,yes,0.4803,0.2569,0.2123,0.0,46.5,9.049,2,image+text
synth_full_00371,full,What is the dominant color in this image?,the dominant color in this image is blue,teal | teal | cyan | blue-green,False,0.0,1.0,1.0,True,1,the dominant color in this image is blue,the dominant color is blue,blue,0.9044,0.4932,0.4003,0.0,46.5,9.049,2,image+text
synth_full_00372,full,What color is the background?,blue,blue | blue | blue,True,1.0,1.0,1.0,False,1,blue,blue,blue,0.5317,0.3053,0.2159,0.0,45.0,9.049,2,image+text
synth_full_00373,full,Is the circle on the left or right side?,is the circle on the left side,left | left | center,True,0.6667,0.6,0.6667,False,1,is the circle on the left side,right side,left,0.974,0.4384,0.3057,0.2179,43.5,9.049,3,image+text
synth_full_00374,full,What is the dominant color in this image?,the dominant color in this image is green,olive | olive | green | dark green,True,0.6667,1.0,1.0,False,1,the dominant color in this image is green,the dominant color in this image is green,green,0.9902,0.4868,0.4923,0.0,41.0,9.049,2,image+text
synth_full_00375,full,Is the circle on the left or right side?,a circle on the left side,right | right | right,False,0.0,0.6,0.6667,True,1,a circle on the left side,right side,left,1.0357,0.4966,0.2176,0.3092,42.5,9.049,3,image+text
synth_full_00376,full,Is there a red shape in this image?,yes,yes | yes | yes,True,1.0,1.0,1.0,False,1,yes,yes,yes,0.5302,0.3043,0.2146,0.0,47.0,9.049,2,image+text
synth_full_00377,full,What color is the background?,white,white | white | white,True,1.0,1.0,1.0,False,1,white,white,white,0.4879,0.3056,0.1715,0.0,42.5,9.049,2,image+text
synth_full_00378,full,What is the dominant color in this image?,the dominant color in this image is blue,teal | teal | cyan | blue-green,False,0.0,1.0,1.0,True,1,the dominant color in this image is blue,the dominant color is blue,blue,0.8918,0.4853,0.3956,0.0,42.5,9.049,2,image+text
synth_full_00379,full,Is the circle on the left or right side?,is the circle on the left side,left | left | left,True,1.0,1.0,1.0,False,1,is the circle on the left side,Is the circle on the left side,left,0.931,0.4362,0.4839,0.0,44.0,9.049,2,image+text
synth_full_00380,full,What is the dominant color in this image?,blue,cyan | cyan | blue,True,0.3333,0.6,0.6667,False,2,cyan,blue,blue,0.7703,0.3253,0.2166,0.2156,41.0,9.049,3,image+text
synth_full_00381,full,What color is the circle in this image?,blue,blue | blue | blue,True,1.0,1.0,1.0,False,1,blue,blue,blue,0.4829,0.2605,0.2115,0.0,45.5,9.049,2,image+text
synth_full_00382,full,Is the background color light or dark?,dark background,dark | dark | dark,True,1.0,1.0,1.0,False,1,dark background,dark background,dark,0.4802,0.2576,0.2119,0.0,45.5,9.049,2,image+text
synth_full_00383,full,What color is the large rectangle?,red,red | red | red,True,1.0,1.0,1.0,False,1,red,red,red,0.5257,0.3034,0.2117,0.0,44.0,9.049,2,image+text
synth_full_00384,full,What color is the large rectangle?,red,red | red | red,True,1.0,1.0,1.0,False,1,red,red,red,0.5226,0.301,0.211,0.0,43.0,9.049,2,image+text
synth_full_00385,full,What is the dominant color in this image?,red is the dominant color in this image,red | red | red,True,1.0,1.0,1.0,False,1,red is the dominant color in this image,red is the dominant color in this image,red,1.0175,0.5128,0.4922,0.0,41.0,9.049,2,image+text
synth_full_00386,full,What color is the circle?,pink,pink | pink | pink,True,1.0,1.0,1.0,False,1,pink,pink,pink,0.5386,0.2649,0.2623,0.0,43.0,9.049,2,image+text
synth_full_00387,full,Is the circle on the left or right side?,a circle on the left side,right | right | right,False,0.0,0.6,0.6667,True,1,a circle on the left side,right side,left,1.0158,0.4893,0.2126,0.3018,47.0,9.049,3,image+text
synth_full_00388,full,What is the dominant color in this image?,the dominant color in this image is purple,purple | purple | purple,True,1.0,1.0,1.0,False,1,the dominant color in this image is purple,the dominant color is purple,purple,0.907,0.5029,0.3934,0.0,46.5,9.049,2,image+text
synth_full_00389,full,What is the dominant color in this image?,orange,orange | orange | orange,True,1.0,0.6,0.6667,False,2,the dominant color in this image,orange,orange,0.9267,0.3923,0.3084,0.2141,42.0,9.049,3,image+text
synth_full_00390,full,What color is the large rectangle?,brown color,brown | brown | brown,True,1.0,1.0,1.0,False,1,brown color,brown color,brown,0.5321,0.2605,0.2605,0.0,42.5,9.049,2,image+text
synth_full_00391,full,What is the dominant color in this image?,the dominant color in this image is green,green | green | green,True,1.0,1.0,1.0,False,1,the dominant color in this image is green,the dominant color is green,green,0.8541,0.4897,0.3528,0.0,46.5,9.049,2,image+text
synth_full_00392,full,What is the dominant color in this image?,the dominant color in this image is green,olive | olive | green | dark green,True,0.6667,1.0,1.0,False,1,the dominant color in this image is green,the dominant color in this image is green,green,1.0106,0.5016,0.4979,0.0,42.0,9.049,2,image+text
synth_full_00393,full,What color is the background?,blue,blue | blue | blue,True,1.0,1.0,1.0,False,1,blue,blue,blue,0.5505,0.3282,0.2118,0.0,36.5,9.049,2,image+text
synth_full_00394,full,What color is the circle?,red,maroon | dark red | red,True,0.6667,1.0,1.0,False,1,red,red,red,0.4774,0.3016,0.1655,0.0,40.0,9.049,2,image+text
synth_full_00395,full,What color is the background?,the background is white,cream | white | beige,True,0.3333,1.0,1.0,False,1,the background is white,the background is white,white,0.6175,0.305,0.3015,0.0,46.5,9.049,2,image+text
synth_full_00396,full,Is the background color light or dark?,dark,dark | dark | dark,True,1.0,1.0,1.0,False,1,dark,dark,dark,0.4331,0.2114,0.2114,0.0,46.5,9.049,2,image+text
synth_full_00397,full,Is the circle on the left or right side?,is the circle on the left side,left | left | left,True,1.0,1.0,1.0,False,1,is the circle on the left side,is the circle on the left side,left,0.9383,0.4394,0.488,0.0,45.5,9.049,2,image+text
synth_full_00398,full,What color is the circle in this image?,red,red | red | red,True,1.0,1.0,1.0,False,1,red,red,red,0.4846,0.2592,0.2151,0.0,44.5,9.049,2,image+text
synth_full_00399,full,What color is the large rectangle?,the large rectangle is white,white | white | white,True,1.0,1.0,1.0,False,1,the large rectangle is white,the large rectangle is white,white,0.7166,0.3516,0.3535,0.0,41.5,9.049,2,image+text
synth_full_00400,full,What color is the large rectangle?,the large rectangle is green,olive | olive | dark yellow,False,0.0,1.0,1.0,True,1,the large rectangle is green,the large rectangle is green,green,0.7483,0.3752,0.3614,0.0,33.0,9.049,2,image+text
synth_full_00401,full,What color is the large rectangle?,blue,blue | blue | blue,True,1.0,1.0,1.0,False,1,blue,blue,blue,0.4864,0.2603,0.2154,0.0,46.5,9.049,2,image+text
synth_full_00402,full,Is the circle on the left or right side?,is the circle on the left side,left | left | left,True,1.0,1.0,1.0,False,1,is the circle on the left side,Is the circle on the left side,left,0.9522,0.446,0.4948,0.0,42.0,9.049,2,image+text
synth_full_00403,full,What is the dominant color in this image?,blue,cyan | cyan | blue,True,0.3333,0.6,0.6667,False,2,cyan,blue,blue,0.7461,0.3063,0.2131,0.2149,42.5,9.049,3,image+text
synth_full_00404,full,What color is the large rectangle?,the large rectangle is white,white | white | white,True,1.0,1.0,1.0,False,1,the large rectangle is white,the large rectangle is white,white,0.7179,0.3519,0.3548,0.0,45.0,9.049,2,image+text
synth_full_00405,full,Is there a green shape in this image?,yes,no | no | no,False,0.0,1.0,1.0,True,1,yes,yes,yes,0.5026,0.2784,0.2137,0.0,40.0,9.049,2,image+text
synth_full_00406,full,What color is the large rectangle?,brown color,brown | brown | brown,True,1.0,1.0,1.0,False,1,brown color,brown color,brown,0.5366,0.2677,0.258,0.0,42.0,9.049,2,image+text
synth_full_00407,full,What is the dominant color in this image?,orange,orange | orange | orange,True,1.0,0.6,0.6667,False,2,the dominant color in this image,orange,orange,0.9218,0.3949,0.3021,0.2126,47.0,9.049,3,image+text
synth_full_00408,full,What is the dominant color in this image?,blue,cyan | cyan | blue,True,0.3333,0.6,0.6667,False,2,cyan,blue,blue,0.7657,0.3241,0.2163,0.2117,47.0,9.049,3,image+text
synth_full_00409,full,What is the dominant color in this image?,the dominant color in this image is yellow,yellow | yellow | yellow,True,1.0,0.6,0.6667,False,1,the dominant color in this image is yellow,a dominant color in this image,yellow,1.1797,0.5001,0.4518,0.2158,41.5,9.049,3,image+text
synth_full_00410,full,What color is the circle in this image?,yellow,yellow | yellow | yellow,True,1.0,1.0,1.0,False,1,yellow,yellow,yellow,0.5986,0.3296,0.2579,0.0,36.0,9.049,2,image+text
synth_full_00411,full,Is there a blue shape in this image?,yes,yes | yes | yes,True,1.0,1.0,1.0,False,1,yes,yes,yes,0.4978,0.2567,0.2304,0.0,41.5,9.049,2,image+text
synth_full_00412,full,What is the dominant color in this image?,the dominant color in this image is purple,purple | purple | purple,True,1.0,1.0,1.0,False,1,the dominant color in this image is purple,the dominant color is purple,purple,0.9006,0.4965,0.3925,0.0,47.5,9.049,2,image+text
synth_full_00413,full,What color is the circle?,the circle is green,cyan | cyan | teal | teal,False,0.0,1.0,1.0,True,1,the circle is green,the circle is green,green,0.6135,0.3015,0.3016,0.0,45.5,9.049,2,image+text
synth_full_00414,full,Is the background color light or dark?,a dark background,dark | dark | medium,True,0.6667,1.0,1.0,False,1,a dark background,a dark background,dark,0.6338,0.3021,0.3208,0.0,41.5,9.049,2,image+text
synth_full_00415,full,Is the background color light or dark?,light blue,light | light | medium,False,0.0,1.0,1.0,True,1,light blue,light blue,blue,0.4474,0.2204,0.2152,0.0,42.5,9.049,2,image+text
synth_full_00416,full,What is the dominant color in this image?,red is the dominant color in this image,red | red | red,True,1.0,1.0,1.0,False,1,red is the dominant color in this image,red is the dominant color in this image,red,1.0054,0.502,0.492,0.0,41.5,9.049,2,image+text
synth_full_00417,full,What is the dominant color in this image?,the dominant color in this image is blue,teal | teal | cyan | blue-green,False,0.0,1.0,1.0,True,1,the dominant color in this image is blue,the dominant color is blue,blue,0.9015,0.4875,0.4029,0.0,42.5,9.049,2,image+text
synth_full_00418,full,What color is the large rectangle?,red,red | red | red,True,1.0,1.0,1.0,False,1,red,red,red,0.5345,0.3075,0.2163,0.0,43.0,9.049,2,image+text
synth_full_00419,full,Is the background color light or dark?,light,light | light | light,True,1.0,0.6,0.6667,False,2,dark,light,light,0.6532,0.2147,0.2133,0.2137,43.0,9.049,3,image+text
synth_full_00420,full,What color is the background?,blue,blue | blue | blue,True,1.0,1.0,1.0,False,1,blue,blue,blue,0.5477,0.3238,0.2125,0.0,27.5,9.049,2,image+text
synth_full_00421,full,What color is the small circle?,green,olive | olive | green,True,0.3333,1.0,1.0,False,1,green,green,green,0.4793,0.3016,0.1674,0.0,42.0,9.049,2,image+text
synth_full_00422,full,What color is the circle in this image?,yellow,yellow | yellow | yellow,True,1.0,1.0,1.0,False,1,yellow,yellow,yellow,0.6049,0.3279,0.2666,0.0,47.0,9.049,2,image+text
synth_full_00423,full,What color is the circle in this image?,yellow,yellow | yellow | yellow,True,1.0,1.0,1.0,False,1,yellow,yellow,yellow,0.5752,0.3048,0.2598,0.0,44.0,9.049,2,image+text
synth_full_00424,full,What is the dominant color in this image?,the dominant color is brown,brown | brown | brown,True,1.0,1.0,1.0,False,1,the dominant color is brown,the dominant color is brown,brown,0.8148,0.4017,0.4021,0.0,44.0,9.049,2,image+text
synth_full_00425,full,Is there a red shape in this image?,no,no | no | no,True,1.0,0.6,0.6667,False,2,yes,no,no,0.6488,0.2596,0.2114,0.166,47.0,9.049,3,image+text
synth_full_00426,full,Is the circle on the left or right side?,is the circle on the left side,left | left | left,True,1.0,1.0,1.0,False,1,is the circle on the left side,Is the circle on the left side,left,0.95,0.4448,0.4943,0.0,46.0,9.049,2,image+text
synth_full_00427,full,Is there a green shape in this image?,yes,no | no | no,False,0.0,1.0,1.0,True,1,yes,yes,yes,0.4827,0.2583,0.2134,0.0,41.0,9.049,2,image+text
synth_full_00428,full,Is the background color light or dark?,dark background,dark | dark | dark,True,1.0,1.0,1.0,False,1,dark background,dark background,dark,0.4828,0.2594,0.2127,0.0,43.5,9.049,2,image+text
synth_full_00429,full,Is the circle on the left or right side?,is the circle on the left side,left | left | left,True,1.0,1.0,1.0,False,1,is the circle on the left side,Is the circle on the left side,left,0.9476,0.4489,0.487,0.0,40.5,9.049,2,image+text
synth_full_00430,full,What color is the background?,blue,blue | blue | blue,True,1.0,1.0,1.0,False,1,blue,blue,blue,0.5236,0.3023,0.2103,0.0,42.0,9.049,2,image+text
synth_full_00431,full,Is there a red shape in this image?,no,no | no | no,True,1.0,0.6,0.6667,False,2,yes,no,no,0.6415,0.2541,0.2111,0.1648,45.5,9.049,3,image+text
synth_full_00432,full,What color is the circle in this image?,red,red | red | red,True,1.0,1.0,1.0,False,1,red,red,red,0.4808,0.2557,0.2146,0.0,45.0,9.049,2,image+text
synth_full_00433,full,What color is the small circle?,green,lime | lime | yellow-green,False,0.0,1.0,1.0,True,1,green,green,green,0.5349,0.3079,0.2164,0.0,42.5,9.049,2,image+text
synth_full_00434,full,What color is the background?,gray,gray | gray | grey,True,0.6667,1.0,1.0,False,1,gray,gray,gray,0.4427,0.2159,0.2159,0.0,44.0,9.049,2,image+text
synth_full_00435,full,What is the dominant color in this image?,the dominant color in this image is purple,purple | purple | purple,True,1.0,1.0,1.0,False,1,the dominant color in this image is purple,the dominant color is purple,purple,0.903,0.4939,0.3985,0.0,44.5,9.049,2,image+text
synth_full_00436,full,Is there a red shape in this image?,yes,yes | yes | yes,True,1.0,1.0,1.0,False,1,yes,yes,yes,0.544,0.319,0.2146,0.0,44.0,9.049,2,image+text
synth_full_00437,full,What is the dominant color in this image?,blue is the dominant color in this image,blue | blue | blue,True,1.0,1.0,1.0,False,1,blue is the dominant color in this image,blue is the dominant color in this image,blue,0.9996,0.4983,0.4898,0.0,42.5,9.049,2,image+text
synth_full_00438,full,What color is the large rectangle?,the large rectangle is white,white | white | white,True,1.0,1.0,1.0,False,1,the large rectangle is white,the large rectangle is white,white,0.7244,0.3473,0.3659,0.0,41.5,9.049,2,image+text
synth_full_00439,full,What is the dominant color in this image?,blue is the dominant color in this image,blue | blue | blue,True,1.0,1.0,1.0,False,1,blue is the dominant color in this image,blue is the dominant color in this image,blue,1.0045,0.4934,0.4999,0.0,41.5,9.049,2,image+text
synth_full_00440,full,Is the background color light or dark?,a dark background,dark | dark | medium,True,0.6667,1.0,1.0,False,1,a dark background,a dark background,dark,0.6431,0.3246,0.3071,0.0,39.5,9.049,2,image+text
synth_full_00441,full,Is the circle on the left or right side?,a circle on the left side,right | right | right,False,0.0,0.6,0.6667,True,1,a circle on the left side,right side,left,1.024,0.4912,0.2146,0.3065,44.0,9.049,3,image+text
synth_full_00442,full,What is the dominant color in this image?,the dominant color in this image is yellow,yellow | yellow | yellow,True,1.0,0.6,0.6667,False,1,the dominant color in this image is yellow,a dominant color in this image,yellow,1.1668,0.4897,0.4494,0.2153,41.0,9.049,3,image+text
synth_full_00443,full,What color is the large rectangle?,blue,blue | blue | blue,True,1.0,1.0,1.0,False,1,blue,blue,blue,0.4886,0.2613,0.2163,0.0,40.5,9.049,2,image+text
synth_full_00444,full,What is the dominant color in this image?,the dominant color in this image is green,olive | olive | green | dark green,True,0.6667,1.0,1.0,False,1,the dominant color in this image is green,the dominant color in this image is green,green,0.9856,0.4902,0.4845,0.0,41.0,9.049,2,image+text
synth_full_00445,full,What is the dominant color in this image?,the dominant color in this image is purple,purple | purple | purple,True,1.0,1.0,1.0,False,1,the dominant color in this image is purple,the dominant color is purple,purple,0.9043,0.4984,0.3952,0.0,42.5,9.049,2,image+text
synth_full_00446,full,Is the background color light or dark?,dark blue,dark | dark | dark,False,0.0,1.0,1.0,True,1,dark blue,dark blue,blue,0.4384,0.2111,0.217,0.0,46.5,9.049,2,image+text
synth_full_00447,full,What color is the large rectangle?,large rectangle,yellow | yellow | yellow,False,0.0,0.6,0.6667,True,2,a yellow square,large rectangle,large rectangle,0.8496,0.3193,0.2123,0.3058,47.0,9.049,3,image+text
synth_full_00448,full,What is the dominant color in this image?,red is the dominant color in this image,red | red | red,True,1.0,1.0,1.0,False,1,red is the dominant color in this image,red is the dominant color in this image,red,0.994,0.4914,0.491,0.0,42.5,9.049,2,image+text
synth_full_00449,full,Is there a red shape in this image?,no,no | no | no,True,1.0,0.6,0.6667,False,2,yes,no,no,0.6558,0.2665,0.212,0.166,41.5,9.049,3,image+text
synth_full_00450,full,Is the background color light or dark?,dark blue,dark | dark | dark,False,0.0,1.0,1.0,True,1,dark blue,dark blue,blue,0.4363,0.2129,0.2123,0.0,46.0,9.049,2,image+text
synth_full_00451,full,Is the circle on the left or right side?,a circle on the left side,right | right | right,False,0.0,0.6,0.6667,True,1,a circle on the left side,right side,left,1.0268,0.4897,0.2147,0.3106,44.0,9.049,3,image+text
synth_full_00452,full,What color is the background?,gray,gray | gray | grey,True,0.6667,1.0,1.0,False,1,gray,gray,gray,0.4411,0.2147,0.216,0.0,43.5,9.049,2,image+text
synth_full_00453,full,What color is the circle in this image?,blue,blue | blue | blue,True,1.0,1.0,1.0,False,1,blue,blue,blue,0.4885,0.2614,0.2165,0.0,43.0,9.049,2,image+text
synth_full_00454,full,What is the dominant color in this image?,a blue background,navy | navy | blue | dark blue,True,0.6667,1.0,1.0,False,1,a blue background,navy blue,blue,0.5452,0.3083,0.2258,0.0,41.5,9.049,2,image+text
synth_full_00455,full,What color is the background?,white,white | white | white,True,1.0,1.0,1.0,False,1,white,white,white,0.4849,0.306,0.1684,0.0,42.0,9.049,2,image+text
synth_full_00456,full,What color is the large rectangle?,red,red | red | red,True,1.0,1.0,1.0,False,1,red,red,red,0.5313,0.3053,0.2153,0.0,42.0,9.049,2,image+text
synth_full_00457,full,What color is the large rectangle?,blue,blue | blue | blue,True,1.0,1.0,1.0,False,1,blue,blue,blue,0.4841,0.2599,0.2137,0.0,45.0,9.049,2,image+text
synth_full_00458,full,Is the circle on the left or right side?,is the circle on the left side,left | left | left,True,1.0,1.0,1.0,False,1,is the circle on the left side,Is the circle on the left side,left,0.9429,0.4418,0.4895,0.0,42.5,9.049,2,image+text
synth_full_00459,full,What color is the background?,blue,blue | blue | blue,True,1.0,1.0,1.0,False,1,blue,blue,blue,0.5346,0.3101,0.2138,0.0,42.0,9.049,2,image+text
synth_full_00460,full,Is the circle on the left or right side?,is the circle on the left side,right | right | right,False,0.0,0.6,0.6667,True,1,is the circle on the left side,right side,left,0.9974,0.4657,0.3053,0.2138,39.5,9.049,3,image+text
synth_full_00461,full,What color is the large rectangle?,red,red | red | red,True,1.0,1.0,1.0,False,1,red,red,red,0.5284,0.3053,0.2125,0.0,47.0,9.049,2,image+text
synth_full_00462,full,Is the background color light or dark?,dark blue,dark | dark | dark,False,0.0,1.0,1.0,True,1,dark blue,dark blue,blue,0.441,0.2147,0.216,0.0,47.0,9.049,2,image+text
synth_full_00463,full,What color is the large rectangle?,large rectangle,yellow | yellow | yellow,False,0.0,0.6,0.6667,True,2,a yellow square,large rectangle,large rectangle,0.8415,0.3097,0.2143,0.3056,47.0,9.049,3,image+text
synth_full_00464,full,Is the circle on the left or right side?,a circle on the left side,right | right | right,False,0.0,0.6,0.6667,True,1,a circle on the left side,right side,left,1.0464,0.5102,0.2161,0.3084,47.0,9.049,3,image+text
synth_full_00465,full,What color is the large rectangle?,the large rectangle is purple,purple | purple | purple,True,1.0,1.0,1.0,False,1,the large rectangle is purple,the large rectangle is purple,purple,0.7225,0.3584,0.3533,0.0,44.5,9.049,2,image+text
synth_full_00466,full,What color is the large rectangle?,the large rectangle is blue,teal | teal | green,False,0.0,1.0,1.0,True,1,the large rectangle is blue,the large rectangle is blue,blue,0.7337,0.3652,0.3559,0.0,44.5,9.049,2,image+text
synth_full_00467,full,Is the background color light or dark?,dark background,dark | dark | dark,True,1.0,1.0,1.0,False,1,dark background,dark background,dark,0.4847,0.2601,0.214,0.0,46.5,9.049,2,image+text
synth_full_00468,full,Is the circle on the left or right side?,is the circle on the left side,left | left | left,True,1.0,1.0,1.0,False,1,is the circle on the left side,Is the circle on the left side,left,0.9435,0.4449,0.487,0.0,42.5,9.049,2,image+text
synth_full_00469,full,What color is the large rectangle?,navy blue,navy | dark blue | navy,True,0.3333,1.0,1.0,False,1,navy blue,navy blue,blue,0.4361,0.2099,0.2157,0.0,43.5,9.049,2,image+text
synth_full_00470,full,What is the dominant color in this image?,the dominant color is brown,brown | brown | brown,True,1.0,1.0,1.0,False,1,the dominant color is brown,the dominant color is brown,brown,0.8115,0.399,0.401,0.0,44.5,9.049,2,image+text
synth_full_00471,full,What color is the large rectangle?,red,red | red | red,True,1.0,1.0,1.0,False,1,red,red,red,0.5345,0.3097,0.2142,0.0,41.0,9.049,2,image+text
synth_full_00472,full,What is the dominant color in this image?,the dominant color is brown,brown | brown | brown,True,1.0,1.0,1.0,False,1,the dominant color is brown,the dominant color is brown,brown,0.81,0.3991,0.3996,0.0,39.5,9.049,2,image+text
synth_full_00473,full,Is the circle on the left or right side?,is the circle on the left side,left | left | left,True,1.0,1.0,1.0,False,1,is the circle on the left side,is the circle on the left side,left,0.9609,0.4532,0.4966,0.0,40.5,9.049,2,image+text
synth_full_00474,full,Is there a red shape in this image?,yes,yes | yes | yes,True,1.0,1.0,1.0,False,1,yes,yes,yes,0.5373,0.3103,0.2147,0.0,41.5,9.049,2,image+text
synth_full_00475,full,What color is the background?,navy blue,navy | dark blue | blue,True,0.6667,1.0,1.0,False,1,navy blue,navy blue,blue,0.4392,0.2147,0.214,0.0,44.0,9.049,2,image+text
synth_full_00476,full,Is the circle on the left or right side?,is the circle on the left side,right | right | right,False,0.0,0.6,0.6667,True,1,is the circle on the left side,right side,left,0.9641,0.4381,0.3027,0.211,44.5,9.049,3,image+text
synth_full_00477,full,Is there a red shape in this image?,yes,yes | yes | yes,True,1.0,1.0,1.0,False,1,yes,yes,yes,0.5268,0.3039,0.2114,0.0,44.0,9.049,2,image+text
synth_full_00478,full,What color is the large rectangle?,the large rectangle is white,white | white | white,True,1.0,1.0,1.0,False,1,the large rectangle is white,the large rectangle is white,white,0.7122,0.3475,0.3539,0.0,47.0,9.049,2,image+text
synth_full_00479,full,What color is the circle?,pink,pink | pink | pink,True,1.0,1.0,1.0,False,1,pink,pink,pink,0.5296,0.259,0.2596,0.0,46.5,9.049,2,image+text
synth_full_00480,full,What color is the background?,the background is white,cream | white | beige,True,0.3333,1.0,1.0,False,1,the background is white,the background is white,white,0.6509,0.3281,0.3108,0.0,43.0,9.049,2,image+text
synth_full_00481,full,What color is the large rectangle?,the large rectangle is green,green | green | green,True,1.0,1.0,1.0,False,1,the large rectangle is green,the large rectangle is green,green,0.7202,0.3547,0.3547,0.0,45.0,9.049,2,image+text
synth_full_00482,full,What color is the circle?,red,maroon | dark red | red,True,0.6667,1.0,1.0,False,1,red,red,red,0.485,0.3065,0.168,0.0,42.5,9.049,2,image+text
synth_full_00483,full,Is the circle on the left or right side?,is the circle on the left side,left | left | left,True,1.0,1.0,1.0,False,1,is the circle on the left side,is the circle on the left side,left,0.9456,0.443,0.4912,0.0,39.5,9.049,2,image+text
synth_full_00484,full,What color is the circle?,a red circle,brown | brown | maroon,False,0.0,0.6,0.6667,True,1,a red circle,maroon,red,0.7819,0.301,0.2567,0.2124,41.0,9.049,3,image+text
synth_full_00485,full,What color is the large rectangle?,red,red | red | red,True,1.0,1.0,1.0,False,1,red,red,red,0.5277,0.3022,0.2148,0.0,45.5,9.049,2,image+text
synth_full_00486,full,What is the dominant color in this image?,blue,cyan | cyan | blue,True,0.3333,0.6,0.6667,False,2,cyan,blue,blue,0.7394,0.3051,0.2113,0.2113,46.0,9.049,3,image+text
synth_full_00487,full,Is there a blue shape in this image?,yes,no | no | no,False,0.0,1.0,1.0,True,1,yes,yes,yes,0.5065,0.261,0.2353,0.0,45.0,9.049,2,image+text
synth_full_00488,full,What color is the large rectangle?,large rectangle,yellow | yellow | yellow,False,0.0,0.6,0.6667,True,2,a yellow square,large rectangle,large rectangle,0.8308,0.3006,0.2108,0.3076,46.5,9.049,3,image+text
synth_full_00489,full,Is the background color light or dark?,dark background,dark | dark | dark,True,1.0,1.0,1.0,False,1,dark background,dark background,dark,0.4782,0.2555,0.2119,0.0,48.0,9.049,2,image+text
synth_full_00490,full,What color is the large rectangle?,the large rectangle is white,white | white | white,True,1.0,1.0,1.0,False,1,the large rectangle is white,the large rectangle is white,white,0.7217,0.3525,0.3579,0.0,47.0,9.049,2,image+text
synth_full_00491,full,What color is the large rectangle?,large rectangle,yellow | yellow | yellow,False,0.0,0.6,0.6667,True,2,a yellow square,large rectangle,large rectangle,0.8637,0.3094,0.2149,0.3267,44.5,9.049,3,image+text
synth_full_00492,full,What color is the background?,white,white | white | white,True,1.0,1.0,1.0,False,1,white,white,white,0.4883,0.3087,0.1686,0.0,38.5,9.049,2,image+text
synth_full_00493,full,What is the dominant color in this image?,the dominant color in this image is green,olive | olive | green | dark green,True,0.6667,1.0,1.0,False,1,the dominant color in this image is green,the dominant color in this image is green,green,0.989,0.4923,0.4859,0.0,38.5,9.049,2,image+text
synth_full_00494,full,What color is the large rectangle?,large rectangle,yellow | yellow | yellow,False,0.0,0.6,0.6667,True,2,a yellow square,large rectangle,large rectangle,0.8368,0.3022,0.2167,0.306,42.5,9.049,3,image+text
synth_full_00495,full,Is the background color light or dark?,light,light | light | light,True,1.0,0.6,0.6667,False,2,dark,light,light,0.6645,0.2132,0.2161,0.2237,45.0,9.049,3,image+text
synth_full_00496,full,What is the dominant color in this image?,a blue background,navy | navy | blue | dark blue,True,0.6667,1.0,1.0,False,1,a blue background,navy blue,blue,0.5345,0.3066,0.2169,0.0,44.5,9.049,2,image+text
synth_full_00497,full,What color is the large rectangle?,brown color,brown | brown | brown,True,1.0,1.0,1.0,False,1,brown color,brown color,brown,0.5327,0.2602,0.2617,0.0,44.5,9.049,2,image+text
synth_full_00498,full,What is the dominant color in this image?,red is the dominant color in this image,red | red | red,True,1.0,1.0,1.0,False,1,red is the dominant color in this image,red is the dominant color in this image,red,1.02,0.5147,0.4937,0.0,42.0,9.049,2,image+text
synth_full_00499,full,What color is the circle in this image?,yellow,yellow | yellow | yellow,True,1.0,1.0,1.0,False,1,yellow,yellow,yellow,0.5774,0.3064,0.2606,0.0,39.0,9.049,2,image+text
synth_full_00500,full,Is the circle on the left or right side?,is the circle on the left side,left | left | left,True,1.0,1.0,1.0,False,1,is the circle on the left side,Is the circle on the left side,left,0.9607,0.462,0.4852,0.0,33.0,9.049,2,image+text
synth_full_00501,full,What color is the large rectangle?,large rectangle,yellow | yellow | yellow,False,0.0,0.6,0.6667,True,2,a yellow square,large rectangle,large rectangle,0.8563,0.3096,0.2157,0.3192,42.5,9.049,3,image+text
synth_full_00502,full,What color is the background?,blue,blue | blue | blue,True,1.0,1.0,1.0,False,1,blue,blue,blue,0.55,0.3081,0.2311,0.0,43.5,9.049,2,image+text
synth_full_00503,full,What color is the background?,white,white | white | white,True,1.0,1.0,1.0,False,1,white,white,white,0.4968,0.3085,0.1775,0.0,41.5,9.049,2,image+text
synth_full_00504,full,What color is the large rectangle?,the large rectangle is purple,purple | purple | purple,True,1.0,1.0,1.0,False,1,the large rectangle is purple,the large rectangle is purple,purple,0.7122,0.3505,0.3504,0.0,41.5,9.049,2,image+text
synth_full_00505,full,What color is the large rectangle?,red,red | red | red,True,1.0,1.0,1.0,False,1,red,red,red,0.5241,0.3012,0.2123,0.0,41.5,9.049,2,image+text
synth_full_00506,full,What color is the background?,white,white | white | white,True,1.0,1.0,1.0,False,1,white,white,white,0.4896,0.3141,0.1651,0.0,41.5,9.049,2,image+text
synth_full_00507,full,Is there a green shape in this image?,yes,yes | yes | yes,True,1.0,1.0,1.0,False,1,yes,yes,yes,0.5219,0.2544,0.2564,0.0,42.5,9.049,2,image+text
synth_full_00508,full,What color is the circle in this image?,red,red | red | red,True,1.0,1.0,1.0,False,1,red,red,red,0.492,0.2565,0.2251,0.0,44.0,9.049,2,image+text
synth_full_00509,full,What color is the circle?,red,maroon | dark red | red,True,0.6667,1.0,1.0,False,1,red,red,red,0.4842,0.3061,0.1676,0.0,43.5,9.049,2,image+text
synth_full_00510,full,What is the dominant color in this image?,burgundy,maroon | maroon | dark red,False,0.0,1.0,1.0,True,1,burgundy,burgundy,burgundy,0.7068,0.3923,0.3038,0.0,44.0,9.049,2,image+text
synth_full_00511,full,What color is the large rectangle?,a large rectangle,pink | pink | pink,False,0.0,0.6,0.6667,True,1,a large rectangle,pink,large rectangle,0.8365,0.3047,0.2134,0.3063,47.5,9.049,3,image+text
synth_full_00512,full,What color is the circle?,a red circle,brown | brown | maroon,False,0.0,0.6,0.6667,True,1,a red circle,maroon,red,0.7881,0.3044,0.259,0.2126,45.5,9.049,3,image+text
synth_full_00513,full,Is the circle on the left or right side?,is the circle on the left side,left | left | left,True,1.0,1.0,1.0,False,1,is the circle on the left side,Is the circle on the left side,left,0.9646,0.4488,0.5049,0.0,41.0,9.049,2,image+text
synth_full_00514,full,What color is the large rectangle?,red,red | red | red,True,1.0,1.0,1.0,False,1,red,red,red,0.5358,0.3091,0.2151,0.0,39.0,9.049,2,image+text
synth_full_00515,full,What color is the large rectangle?,the large rectangle is white,white | white | white,True,1.0,1.0,1.0,False,1,the large rectangle is white,the large rectangle is white,white,0.7213,0.354,0.3565,0.0,43.5,9.049,2,image+text
synth_full_00516,full,Is there a purple shape in this image?,yes,yes | yes | yes,True,1.0,1.0,1.0,False,1,yes,yes,yes,0.486,0.2606,0.2148,0.0,47.0,9.049,2,image+text
synth_full_00517,full,What is the dominant color in this image?,the dominant color in this image is blue,teal | teal | cyan | blue-green,False,0.0,1.0,1.0,True,1,the dominant color in this image is blue,the dominant color is blue,blue,0.9105,0.4958,0.4032,0.0,45.5,9.049,2,image+text
synth_full_00518,full,Is the circle on the left or right side?,a circle on the left side,right | right | right,False,0.0,0.6,0.6667,True,1,a circle on the left side,right side,left,1.0215,0.4895,0.2134,0.3066,45.5,9.049,3,image+text
synth_full_00519,full,Is the circle on the left or right side?,is the circle on the left side,left | left | left,True,1.0,1.0,1.0,False,1,is the circle on the left side,Is the circle on the left side,left,0.9451,0.4418,0.4922,0.0,42.5,9.049,2,image+text
synth_full_00520,full,What color is the large rectangle?,red,red | red | red,True,1.0,1.0,1.0,False,1,red,red,red,0.5524,0.3248,0.216,0.0,42.5,9.049,2,image+text
synth_full_00521,full,Is the circle on the left or right side?,is the circle on the left side,left | left | left,True,1.0,1.0,1.0,False,1,is the circle on the left side,is the circle on the left side,left,0.9504,0.4445,0.4934,0.0,42.5,9.049,2,image+text
synth_full_00522,full,What color is the circle?,a red circle,brown | brown | maroon,False,0.0,0.6,0.6667,True,1,a red circle,maroon,red,0.7999,0.319,0.2576,0.2117,41.5,9.049,3,image+text
synth_full_00523,full,What color is the large rectangle?,blue,blue | blue | blue,True,1.0,1.0,1.0,False,1,blue,blue,blue,0.503,0.2573,0.2353,0.0,44.5,9.049,2,image+text
synth_full_00524,full,Is the circle on the left or right side?,is the circle on the left side,left | left | left,True,1.0,1.0,1.0,False,1,is the circle on the left side,Is the circle on the left side,left,0.9494,0.4431,0.4956,0.0,41.0,9.049,2,image+text
synth_full_00525,full,Is the circle on the left or right side?,is the circle on the left side,left | left | left,True,1.0,1.0,1.0,False,1,is the circle on the left side,Is the circle on the left side,left,0.9615,0.4455,0.5051,0.0,38.0,9.049,2,image+text
synth_full_00526,full,What is the dominant color in this image?,the dominant color in this image is blue,teal | teal | cyan | blue-green,False,0.0,1.0,1.0,True,1,the dominant color in this image is blue,the dominant color is blue,blue,0.9066,0.4933,0.4009,0.0,41.0,9.049,2,image+text
synth_full_00527,full,What color is the background?,navy blue,navy | dark blue | blue,True,0.6667,1.0,1.0,False,1,navy blue,navy blue,blue,0.4341,0.2132,0.2103,0.0,44.0,9.049,2,image+text
synth_full_00528,full,Is the circle on the left or right side?,is the circle on the left side,left | left | left,True,1.0,1.0,1.0,False,1,is the circle on the left side,Is the circle on the left side,left,0.9579,0.4358,0.5114,0.0,39.5,9.049,2,image+text
synth_full_00529,full,Is the background color light or dark?,light,light | light | light,True,1.0,0.6,0.6667,False,2,dark,light,light,0.653,0.2132,0.2142,0.2141,41.5,9.049,3,image+text
synth_full_00530,full,What color is the circle in this image?,yellow,yellow | yellow | yellow,True,1.0,1.0,1.0,False,1,yellow,yellow,yellow,0.581,0.3075,0.2625,0.0,46.0,9.049,2,image+text
synth_full_00531,full,What is the dominant color in this image?,the dominant color in this image is yellow,yellow | yellow | yellow,True,1.0,0.6,0.6667,False,1,the dominant color in this image is yellow,a dominant color in this image,yellow,1.1737,0.4977,0.449,0.2144,41.0,9.049,3,image+text
synth_full_00532,full,Is there a blue shape in this image?,yes,yes | yes | yes,True,1.0,1.0,1.0,False,1,yes,yes,yes,0.5005,0.2698,0.2194,0.0,42.0,9.049,2,image+text
synth_full_00533,full,What color is the circle in this image?,red,red | red | red,True,1.0,1.0,1.0,False,1,red,red,red,0.484,0.2584,0.2147,0.0,44.5,9.049,2,image+text
synth_full_00534,full,What color is the large rectangle?,the large rectangle is green,olive | olive | dark yellow,False,0.0,1.0,1.0,True,1,the large rectangle is green,the large rectangle is green,green,0.7176,0.357,0.3498,0.0,44.5,9.049,2,image+text
synth_full_00535,full,Is the background color light or dark?,a dark background,dark | dark | medium,True,0.6667,1.0,1.0,False,1,a dark background,a dark background,dark,0.6194,0.3028,0.3057,0.0,46.5,9.049,2,image+text
synth_full_00536,full,Is there a blue shape in this image?,yes,yes | yes | yes,True,1.0,1.0,1.0,False,1,yes,yes,yes,0.4835,0.2591,0.2139,0.0,44.0,9.049,2,image+text
synth_full_00537,full,Is there a green shape in this image?,yes,yes | yes | yes,True,1.0,1.0,1.0,False,1,yes,yes,yes,0.5488,0.268,0.2699,0.0,43.0,9.049,2,image+text
synth_full_00538,full,What color is the circle in this image?,red,red | red | red,True,1.0,1.0,1.0,False,1,red,red,red,0.4858,0.2606,0.2144,0.0,44.0,9.049,2,image+text
synth_full_00539,full,Is the circle on the left or right side?,is the circle on the left side,right | right | right,False,0.0,0.6,0.6667,True,1,is the circle on the left side,right side,left,0.981,0.4493,0.3062,0.213,41.5,9.049,3,image+text
synth_full_00540,full,Is the circle on the left or right side?,is the circle on the left side,left | left | left,True,1.0,1.0,1.0,False,1,is the circle on the left side,Is the circle on the left side,left,1.0041,0.4736,0.5187,0.0,42.0,9.049,2,image+text
synth_full_00541,full,Is the background color light or dark?,light,light | light | light,True,1.0,0.6,0.6667,False,2,dark,light,light,0.6662,0.232,0.2115,0.2111,42.0,9.049,3,image+text
synth_full_00542,full,What color is the large rectangle?,the large rectangle is white,white | white | white,True,1.0,1.0,1.0,False,1,the large rectangle is white,the large rectangle is white,white,0.7227,0.3532,0.3591,0.0,47.0,9.049,2,image+text
synth_full_00543,full,What is the dominant color in this image?,the dominant color in this image is purple,purple | purple | purple,True,1.0,1.0,1.0,False,1,the dominant color in this image is purple,the dominant color is purple,purple,0.9164,0.4893,0.4158,0.0,43.5,9.049,2,image+text
synth_full_00544,full,What color is the large rectangle?,the large rectangle is green,green | green | green,True,1.0,1.0,1.0,False,1,the large rectangle is green,the large rectangle is green,green,0.7153,0.3517,0.353,0.0,40.0,9.049,2,image+text
synth_full_00545,full,Is the background color light or dark?,dark background,dark | dark | dark,True,1.0,1.0,1.0,False,1,dark background,dark background,dark,0.4811,0.2585,0.2119,0.0,41.5,9.049,2,image+text
synth_full_00546,full,What color is the circle in this image?,red,red | red | red,True,1.0,1.0,1.0,False,1,red,red,red,0.478,0.256,0.2114,0.0,44.0,9.049,2,image+text
synth_full_00547,full,What color is the large rectangle?,the large rectangle is white,white | white | white,True,1.0,1.0,1.0,False,1,the large rectangle is white,the large rectangle is white,white,0.7146,0.3505,0.3529,0.0,46.0,9.049,2,image+text
synth_full_00548,full,What color is the circle in this image?,red,red | red | red,True,1.0,1.0,1.0,False,1,red,red,red,0.4849,0.2599,0.2149,0.0,46.0,9.049,2,image+text
synth_full_00549,full,What is the dominant color in this image?,the dominant color in this image is green,green | green | green,True,1.0,1.0,1.0,False,1,the dominant color in this image is green,the dominant color is green,green,0.8542,0.4896,0.3537,0.0,43.0,9.049,2,image+text
synth_full_00550,full,Is there a red shape in this image?,yes,yes | yes | yes,True,1.0,1.0,1.0,False,1,yes,yes,yes,0.5493,0.3244,0.214,0.0,44.0,9.049,2,image+text
synth_full_00551,full,What color is the large rectangle?,the large rectangle is green,green | green | green,True,1.0,1.0,1.0,False,1,the large rectangle is green,the large rectangle is green,green,0.7145,0.3516,0.3515,0.0,47.0,9.049,2,image+text
synth_full_00552,full,What is the dominant color in this image?,blue is the dominant color in this image,blue | blue | blue,True,1.0,1.0,1.0,False,1,blue is the dominant color in this image,blue is the dominant color in this image,blue,0.9835,0.4857,0.4872,0.0,42.5,9.049,2,image+text
synth_full_00553,full,Is the background color light or dark?,light,light | light | light,True,1.0,0.6,0.6667,False,2,dark,light,light,0.6465,0.2109,0.2126,0.2113,41.0,9.049,3,image+text
synth_full_00554,full,What color is the circle in this image?,yellow,yellow | yellow | yellow,True,1.0,1.0,1.0,False,1,yellow,yellow,yellow,0.5849,0.3133,0.2609,0.0,43.0,9.049,2,image+text
synth_full_00555,full,What is the dominant color in this image?,the dominant color in this image is green,green | green | green,True,1.0,1.0,1.0,False,1,the dominant color in this image is green,the dominant color is green,green,0.8568,0.4924,0.3534,0.0,44.0,9.049,2,image+text
synth_full_00556,full,Is the background color light or dark?,light,light | light | light,True,1.0,0.6,0.6667,False,2,dark,light,light,0.6521,0.2127,0.2138,0.2132,46.5,9.049,3,image+text
synth_full_00557,full,What is the dominant color in this image?,orange,orange | orange | orange,True,1.0,0.6,0.6667,False,2,the dominant color in this image,orange,orange,0.9406,0.4038,0.3079,0.2166,46.5,9.049,3,image+text
synth_full_00558,full,What is the dominant color in this image?,the dominant color in this image is purple,purple | purple | purple,True,1.0,1.0,1.0,False,1,the dominant color in this image is purple,the dominant color is purple,purple,0.8993,0.4904,0.398,0.0,45.0,9.049,2,image+text
synth_full_00559,full,Is there a red shape in this image?,no,no | no | no,True,1.0,0.6,0.6667,False,2,yes,no,no,0.6544,0.2592,0.2159,0.1678,45.5,9.049,3,image+text
synth_full_00560,full,What is the dominant color in this image?,blue is the dominant color in this image,blue | blue | blue,True,1.0,1.0,1.0,False,1,blue is the dominant color in this image,blue is the dominant color in this image,blue,1.0174,0.5127,0.493,0.0,42.5,9.049,2,image+text
synth_full_00561,full,What is the dominant color in this image?,orange,orange | orange | orange,True,1.0,0.6,0.6667,False,2,the dominant color in this image,orange,orange,0.9369,0.4061,0.3055,0.2133,39.5,9.049,3,image+text
synth_full_00562,full,What is the dominant color in this image?,orange,orange | orange | orange,True,1.0,0.6,0.6667,False,2,the dominant color in this image,orange,orange,0.9553,0.3986,0.3307,0.2142,43.0,9.049,3,image+text
synth_full_00563,full,What color is the large rectangle?,the color orange,orange | orange | orange,True,1.0,1.0,1.0,False,1,the color orange,the color orange,orange,0.6155,0.3244,0.2802,0.0,45.5,9.049,2,image+text
synth_full_00564,full,Is there a green shape in this image?,yes,yes | yes | yes,True,1.0,1.0,1.0,False,1,yes,yes,yes,0.5454,0.2732,0.2607,0.0,46.5,9.049,2,image+text
synth_full_00565,full,What color is the large rectangle?,blue,blue | blue | blue,True,1.0,1.0,1.0,False,1,blue,blue,blue,0.508,0.259,0.2383,0.0,44.0,9.049,2,image+text
synth_full_00566,full,Is there a green shape in this image?,yes,no | no | no,False,0.0,1.0,1.0,True,1,yes,yes,yes,0.4853,0.2604,0.2146,0.0,44.0,9.049,2,image+text
synth_full_00567,full,Is the background color light or dark?,dark background,dark | dark | dark,True,1.0,1.0,1.0,False,1,dark background,dark background,dark,0.5054,0.2593,0.2358,0.0,44.0,9.049,2,image+text
synth_full_00568,full,What is the dominant color in this image?,the dominant color in this image is purple,purple | purple | purple,True,1.0,1.0,1.0,False,1,the dominant color in this image is purple,the dominant color is purple,purple,0.9094,0.4959,0.4026,0.0,43.5,9.049,2,image+text
synth_full_00569,full,What is the dominant color in this image?,blue is the dominant color in this image,blue | blue | blue,True,1.0,1.0,1.0,False,1,blue is the dominant color in this image,blue is the dominant color in this image,blue,1.0003,0.4908,0.4977,0.0,41.5,9.049,2,image+text
synth_full_00570,full,What is the dominant color in this image?,red is the dominant color in this image,red | red | red,True,1.0,1.0,1.0,False,1,red is the dominant color in this image,red is the dominant color in this image,red,0.9894,0.4889,0.4892,0.0,37.5,9.049,2,image+text
synth_full_00571,full,What color is the background?,navy blue,navy | dark blue | blue,True,0.6667,1.0,1.0,False,1,navy blue,navy blue,blue,0.4355,0.212,0.2129,0.0,42.0,9.049,2,image+text
synth_full_00572,full,What is the dominant color in this image?,the dominant color in this image is yellow,yellow | yellow | yellow,True,1.0,0.6,0.6667,False,1,the dominant color in this image is yellow,a dominant color in this image,yellow,1.185,0.5019,0.4562,0.215,45.0,9.049,3,image+text
synth_full_00573,full,Is the background color light or dark?,light,light | light | light,True,1.0,0.6,0.6667,False,2,dark,light,light,0.6634,0.2228,0.215,0.2141,44.5,9.049,3,image+text
synth_full_00574,full,What color is the large rectangle?,the large rectangle is blue,teal | teal | green,False,0.0,1.0,1.0,True,1,the large rectangle is blue,the large rectangle is blue,blue,0.7335,0.3515,0.3711,0.0,44.5,9.049,2,image+text
synth_full_00575,full,What is the dominant color in this image?,the dominant color in this image is purple,purple | purple | purple,True,1.0,1.0,1.0,False,1,the dominant color in this image is purple,the dominant color is purple,purple,0.9011,0.4909,0.3987,0.0,41.0,9.049,2,image+text
synth_full_00576,full,What is the dominant color in this image?,orange,orange | orange | orange,True,1.0,0.6,0.6667,False,2,the dominant color in this image,orange,orange,0.9254,0.3957,0.3033,0.2147,39.5,9.049,3,image+text
synth_full_00577,full,Is the circle on the left or right side?,is the circle on the left side,right | right | right,False,0.0,0.6,0.6667,True,1,is the circle on the left side,right side,left,0.9793,0.4458,0.3074,0.2144,42.0,9.049,3,image+text
synth_full_00578,full,What color is the large rectangle?,brown color,brown | brown | brown,True,1.0,1.0,1.0,False,1,brown color,brown color,brown,0.5338,0.2609,0.2619,0.0,45.0,9.049,2,image+text
synth_full_00579,full,Is there a red shape in this image?,no,no | no | no,True,1.0,0.6,0.6667,False,2,yes,no,no,0.6557,0.2604,0.2152,0.1683,46.5,9.049,3,image+text
synth_full_00580,full,Is the background color light or dark?,light,light | light | light,True,1.0,0.6,0.6667,False,2,dark,light,light,0.6759,0.2343,0.2145,0.2148,44.0,9.049,3,image+text
synth_full_00581,full,Is the background color light or dark?,dark background,dark | dark | dark,True,1.0,1.0,1.0,False,1,dark background,dark background,dark,0.4833,0.2593,0.2133,0.0,46.0,9.049,2,image+text
synth_full_00582,full,What color is the large rectangle?,the color orange,orange | orange | orange,True,1.0,1.0,1.0,False,1,the color orange,the color orange,orange,0.5784,0.3051,0.2628,0.0,47.0,9.049,2,image+text
synth_full_00583,full,What color is the circle in this image?,blue,blue | blue | blue,True,1.0,1.0,1.0,False,1,blue,blue,blue,0.4868,0.2599,0.2151,0.0,43.5,9.049,2,image+text
synth_full_00584,full,Is there a blue shape in this image?,yes,no | no | no,False,0.0,1.0,1.0,True,1,yes,yes,yes,0.4831,0.2589,0.2137,0.0,44.0,9.049,2,image+text
synth_full_00585,full,What color is the large rectangle?,a large rectangle,pink | pink | pink,False,0.0,0.6,0.6667,True,1,a large rectangle,pink,large rectangle,0.8385,0.305,0.2134,0.3083,46.5,9.049,3,image+text
synth_full_00586,full,Is the circle on the left or right side?,a circle on the left side,right | right | right,False,0.0,0.6,0.6667,True,1,a circle on the left side,right side,left,1.0208,0.4892,0.2112,0.3081,46.0,9.049,3,image+text
synth_full_00587,full,Is the background color light or dark?,dark blue,dark | dark | dark,False,0.0,1.0,1.0,True,1,dark blue,dark blue,blue,0.4372,0.2127,0.2135,0.0,46.0,9.049,2,image+text
synth_full_00588,full,Is there a red shape in this image?,yes,yes | yes | yes,True,1.0,1.0,1.0,False,1,yes,yes,yes,0.5308,0.3061,0.2142,0.0,46.0,9.049,2,image+text
synth_full_00589,full,What is the dominant color in this image?,the dominant color in this image is purple,purple | purple | purple,True,1.0,1.0,1.0,False,1,the dominant color in this image is purple,the dominant color is purple,purple,0.899,0.4894,0.3988,0.0,46.5,9.049,2,image+text
synth_full_00590,full,What color is the large rectangle?,blue,blue | blue | blue,True,1.0,1.0,1.0,False,1,blue,blue,blue,0.4994,0.2777,0.2107,0.0,40.0,9.049,2,image+text
synth_full_00591,full,What is the dominant color in this image?,orange,orange | orange | orange,True,1.0,0.6,0.6667,False,2,the dominant color in this image,orange,orange,0.9229,0.3926,0.3031,0.2157,43.5,9.049,3,image+text
synth_full_00592,full,Is there a red shape in this image?,yes,yes | yes | yes,True,1.0,1.0,1.0,False,1,yes,yes,yes,0.5335,0.3076,0.2154,0.0,40.5,9.049,2,image+text
synth_full_00593,full,Is there a red shape in this image?,yes,yes | yes | yes,True,1.0,1.0,1.0,False,1,yes,yes,yes,0.5323,0.3076,0.2139,0.0,43.5,9.049,2,image+text
synth_full_00594,full,What is the dominant color in this image?,blue is the dominant color in this image,blue | blue | blue,True,1.0,1.0,1.0,False,1,blue is the dominant color in this image,blue is the dominant color in this image,blue,0.9978,0.4887,0.4982,0.0,42.5,9.049,2,image+text
synth_full_00595,full,What is the dominant color in this image?,the dominant color in this image is yellow,yellow | yellow | yellow,True,1.0,0.6,0.6667,False,1,the dominant color in this image is yellow,a dominant color in this image,yellow,1.1706,0.4904,0.4545,0.2137,42.5,9.049,3,image+text
synth_full_00596,full,What color is the circle?,a red circle,brown | brown | maroon,False,0.0,0.6,0.6667,True,1,a red circle,maroon,red,0.7948,0.3067,0.2609,0.2149,47.0,9.049,3,image+text
synth_full_00597,full,What color is the circle in this image?,red,red | red | red,True,1.0,1.0,1.0,False,1,red,red,red,0.4837,0.259,0.2136,0.0,44.5,9.049,2,image+text
synth_full_00598,full,What color is the background?,gray,gray | gray | grey,True,0.6667,1.0,1.0,False,1,gray,gray,gray,0.4419,0.2141,0.2174,0.0,44.5,9.049,2,image+text
synth_full_00599,full,What color is the large rectangle?,red,maroon | maroon | dark red,True,0.3333,1.0,1.0,False,1,red,red,red,0.5242,0.3025,0.2112,0.0,46.0,9.049,2,image+text
synth_full_00600,full,What color is the large rectangle?,blue,blue | blue | blue,True,1.0,1.0,1.0,False,1,blue,blue,blue,0.5013,0.2766,0.2133,0.0,38.0,9.049,2,image+text
synth_full_00601,full,What color is the large rectangle?,blue,blue | blue | blue,True,1.0,1.0,1.0,False,1,blue,blue,blue,0.4828,0.2587,0.2136,0.0,42.5,9.049,2,image+text
synth_full_00602,full,What is the dominant color in this image?,blue is the dominant color in this image,blue | blue | blue,True,1.0,1.0,1.0,False,1,blue is the dominant color in this image,blue is the dominant color in this image,blue,0.9922,0.4899,0.4916,0.0,41.5,9.049,2,image+text
synth_full_00603,full,Is the circle on the left or right side?,a circle on the left side,right | right | right,False,0.0,0.6,0.6667,True,1,a circle on the left side,right side,left,1.0531,0.5157,0.216,0.3091,42.5,9.049,3,image+text
synth_full_00604,full,Is the circle on the left or right side?,is the circle on the left side,left | left | left,True,1.0,1.0,1.0,False,1,is the circle on the left side,Is the circle on the left side,left,0.9484,0.4455,0.4919,0.0,42.5,9.049,2,image+text
synth_full_00605,full,What color is the background?,blue,blue | blue | blue,True,1.0,1.0,1.0,False,1,blue,blue,blue,0.5347,0.313,0.2114,0.0,43.0,9.049,2,image+text
synth_full_00606,full,What is the dominant color in this image?,the dominant color in this image is yellow,yellow | yellow | yellow,True,1.0,0.6,0.6667,False,1,the dominant color in this image is yellow,a dominant color in this image,yellow,1.1637,0.4828,0.459,0.21,43.0,9.049,3,image+text
synth_full_00607,full,What is the dominant color in this image?,the dominant color in this image is green,green | green | green,True,1.0,1.0,1.0,False,1,the dominant color in this image is green,the dominant color is green,green,0.8421,0.4829,0.3478,0.0,39.0,9.049,2,image+text
synth_full_00608,full,What is the dominant color in this image?,the dominant color in this image is purple,purple | purple | purple,True,1.0,1.0,1.0,False,1,the dominant color in this image is purple,the dominant color is purple,purple,0.9064,0.496,0.3995,0.0,42.5,9.049,2,image+text
synth_full_00609,full,What color is the circle?,a red circle,brown | brown | maroon,False,0.0,0.6,0.6667,True,1,a red circle,maroon,red,0.7906,0.3045,0.261,0.2133,43.0,9.049,3,image+text
synth_full_00610,full,What color is the background?,white,white | white | white,True,1.0,1.0,1.0,False,1,white,white,white,0.48,0.3027,0.1666,0.0,44.0,9.049,2,image+text
synth_full_00611,full,What color is the circle in this image?,red,red | red | red,True,1.0,1.0,1.0,False,1,red,red,red,0.4949,0.2566,0.2277,0.0,45.5,9.049,2,image+text
synth_full_00612,full,Is the circle on the left or right side?,a circle on the left side,right | right | right,False,0.0,0.6,0.6667,True,1,a circle on the left side,right side,left,1.036,0.4937,0.2217,0.3078,44.5,9.049,3,image+text
synth_full_00613,full,What color is the large rectangle?,the large rectangle is blue,teal | teal | green,False,0.0,1.0,1.0,True,1,the large rectangle is blue,the large rectangle is blue,blue,0.7176,0.352,0.3541,0.0,45.0,9.049,2,image+text
synth_full_00614,full,Is the background color light or dark?,dark background,dark | dark | dark,True,1.0,1.0,1.0,False,1,dark background,dark background,dark,0.4863,0.2601,0.2156,0.0,43.5,9.049,2,image+text
synth_full_00615,full,What is the dominant color in this image?,the dominant color in this image is green,green | green | green,True,1.0,1.0,1.0,False,1,the dominant color in this image is green,the dominant color is green,green,0.8583,0.4879,0.3595,0.0,40.0,9.049,2,image+text
synth_full_00616,full,What is the dominant color in this image?,blue,cyan | cyan | blue,True,0.3333,0.6,0.6667,False,2,cyan,blue,blue,0.7558,0.3213,0.2118,0.211,43.5,9.049,3,image+text
synth_full_00617,full,What color is the background?,blue,blue | blue | blue,True,1.0,1.0,1.0,False,1,blue,blue,blue,0.5328,0.3076,0.2141,0.0,45.5,9.049,2,image+text
synth_full_00618,full,Is there a red shape in this image?,no,no | no | no,True,1.0,0.6,0.6667,False,2,yes,no,no,0.6605,0.2588,0.2214,0.1688,44.5,9.049,3,image+text
synth_full_00619,full,Is the circle on the left or right side?,a circle on the left side,right | right | right,False,0.0,0.6,0.6667,True,1,a circle on the left side,right side,left,1.0259,0.4893,0.216,0.3089,46.5,9.049,3,image+text
synth_full_00620,full,What is the dominant color in this image?,red is the dominant color in this image,red | red | red,True,1.0,1.0,1.0,False,1,red is the dominant color in this image,red is the dominant color in this image,red,1.0479,0.519,0.5171,0.0,28.5,9.049,2,image+text
synth_full_00621,full,What is the dominant color in this image?,the dominant color in this image is green,green | green | green,True,1.0,1.0,1.0,False,1,the dominant color in this image is green,the dominant color is green,green,0.8592,0.4936,0.3543,0.0,42.5,9.049,2,image+text
synth_full_00622,full,What is the dominant color in this image?,the dominant color in this image is purple,purple | purple | purple,True,1.0,1.0,1.0,False,1,the dominant color in this image is purple,the dominant color is purple,purple,0.9036,0.492,0.4002,0.0,42.5,9.049,2,image+text
synth_full_00623,full,What color is the large rectangle?,red,maroon | maroon | dark red,True,0.3333,1.0,1.0,False,1,red,red,red,0.5305,0.3058,0.214,0.0,39.0,9.049,2,image+text
synth_full_00624,full,What is the dominant color in this image?,blue is the dominant color in this image,blue | blue | blue,True,1.0,1.0,1.0,False,1,blue is the dominant color in this image,blue is the dominant color in this image,blue,0.9888,0.492,0.486,0.0,40.0,9.049,2,image+text
synth_full_00625,full,Is the circle on the left or right side?,is the circle on the left side,left | left | left,True,1.0,1.0,1.0,False,1,is the circle on the left side,is the circle on the left side,left,0.9362,0.4386,0.487,0.0,39.0,9.049,2,image+text
synth_full_00626,full,What color is the background?,blue,blue | blue | blue,True,1.0,1.0,1.0,False,1,blue,blue,blue,0.5254,0.3022,0.2129,0.0,40.0,9.049,2,image+text
synth_full_00627,full,What color is the circle?,red,maroon | dark red | red,True,0.6667,1.0,1.0,False,1,red,red,red,0.4801,0.3031,0.166,0.0,41.0,9.049,2,image+text
synth_full_00628,full,Is there a blue shape in this image?,yes,yes | yes | yes,True,1.0,1.0,1.0,False,1,yes,yes,yes,0.5107,0.2835,0.2169,0.0,43.5,9.049,2,image+text
synth_full_00629,full,Is there a red shape in this image?,yes,yes | yes | yes,True,1.0,1.0,1.0,False,1,yes,yes,yes,0.5365,0.309,0.2167,0.0,43.5,9.049,2,image+text
synth_full_00630,full,Is the background color light or dark?,light blue,light | light | medium,False,0.0,1.0,1.0,True,1,light blue,light blue,blue,0.4418,0.2152,0.2157,0.0,43.5,9.049,2,image+text
synth_full_00631,full,What is the dominant color in this image?,the dominant color in this image is purple,purple | purple | purple,True,1.0,1.0,1.0,False,1,the dominant color in this image is purple,the dominant color is purple,purple,0.9236,0.5106,0.4013,0.0,45.5,9.049,2,image+text
synth_full_00632,full,Is there a blue shape in this image?,yes,yes | yes | yes,True,1.0,1.0,1.0,False,1,yes,yes,yes,0.4854,0.2603,0.2146,0.0,44.5,9.049,2,image+text
synth_full_00633,full,Is there a red shape in this image?,yes,yes | yes | yes,True,1.0,1.0,1.0,False,1,yes,yes,yes,0.5338,0.3049,0.2186,0.0,43.0,9.049,2,image+text
synth_full_00634,full,What color is the background?,gray,gray | gray | grey,True,0.6667,1.0,1.0,False,1,gray,gray,gray,0.4392,0.214,0.2146,0.0,44.0,9.049,2,image+text
synth_full_00635,full,What is the dominant color in this image?,the dominant color in this image is yellow,yellow | yellow | yellow,True,1.0,0.6,0.6667,False,1,the dominant color in this image is yellow,a dominant color in this image,yellow,1.164,0.4916,0.4463,0.2135,43.0,9.049,3,image+text
synth_full_00636,full,What is the dominant color in this image?,burgundy,maroon | maroon | dark red,False,0.0,1.0,1.0,True,1,burgundy,burgundy,burgundy,0.7136,0.3994,0.3028,0.0,43.5,9.049,2,image+text
synth_full_00637,full,Is the circle on the left or right side?,a circle on the left side,right | right | right,False,0.0,0.6,0.6667,True,1,a circle on the left side,right side,left,1.0114,0.4836,0.2107,0.3054,48.0,9.049,3,image+text
synth_full_00638,full,Is there a red shape in this image?,yes,yes | yes | yes,True,1.0,1.0,1.0,False,1,yes,yes,yes,0.5333,0.3074,0.2153,0.0,47.5,9.049,2,image+text
synth_full_00639,full,What is the dominant color in this image?,red is the dominant color in this image,red | red | red,True,1.0,1.0,1.0,False,1,red is the dominant color in this image,red is the dominant color in this image,red,0.993,0.4903,0.4918,0.0,42.5,9.049,2,image+text
synth_full_00640,full,Is there a red shape in this image?,no,no | no | no,True,1.0,0.6,0.6667,False,2,yes,no,no,0.6637,0.2751,0.2112,0.1651,34.0,9.049,3,image+text
synth_full_00641,full,What is the dominant color in this image?,red is the dominant color in this image,red | red | red,True,1.0,1.0,1.0,False,1,red is the dominant color in this image,red is the dominant color in this image,red,0.9912,0.489,0.4916,0.0,42.5,9.049,2,image+text
synth_full_00642,full,What is the dominant color in this image?,a blue background,navy | navy | blue | dark blue,True,0.6667,1.0,1.0,False,1,a blue background,navy blue,blue,0.5444,0.3196,0.2142,0.0,42.5,9.049,2,image+text
synth_full_00643,full,What is the dominant color in this image?,the dominant color in this image is green,green | green | green,True,1.0,1.0,1.0,False,1,the dominant color in this image is green,the dominant color is green,green,0.8729,0.4865,0.3754,0.0,43.5,9.049,2,image+text
synth_full_00644,full,What is the dominant color in this image?,the dominant color in this image is yellow,yellow | yellow | yellow,True,1.0,0.6,0.6667,False,1,the dominant color in this image is yellow,a dominant color in this image,yellow,1.1707,0.4898,0.4555,0.2137,43.0,9.049,3,image+text
synth_full_00645,full,What color is the large rectangle?,the large rectangle is white,white | white | white,True,1.0,1.0,1.0,False,1,the large rectangle is white,the large rectangle is white,white,0.7322,0.3498,0.3716,0.0,46.5,9.049,2,image+text
synth_full_00646,full,Is the background color light or dark?,light,light | light | light,True,1.0,0.6,0.6667,False,2,dark,light,light,0.6624,0.2164,0.2169,0.2171,46.5,9.049,3,image+text
synth_full_00647,full,What is the dominant color in this image?,orange,orange | orange | orange,True,1.0,0.6,0.6667,False,2,the dominant color in this image,orange,orange,0.9273,0.4032,0.3007,0.2115,46.5,9.049,3,image+text
synth_full_00648,full,Is the circle on the left or right side?,is the circle on the left side,left | left | left,True,1.0,1.0,1.0,False,1,is the circle on the left side,is the circle on the left side,left,0.9356,0.4384,0.4861,0.0,43.0,9.049,2,image+text
synth_full_00649,full,What color is the large rectangle?,the large rectangle is blue,teal | teal | green,False,0.0,1.0,1.0,True,1,the large rectangle is blue,the large rectangle is blue,blue,0.7212,0.3614,0.3491,0.0,41.5,9.049,2,image+text
synth_full_00650,full,What color is the large rectangle?,the large rectangle is purple,purple | purple | purple,True,1.0,1.0,1.0,False,1,the large rectangle is purple,the large rectangle is purple,purple,0.7195,0.3493,0.359,0.0,45.0,9.049,2,image+text
synth_full_00651,full,What color is the background?,the background is white,cream | white | beige,True,0.3333,1.0,1.0,False,1,the background is white,the background is white,white,0.6471,0.3079,0.3286,0.0,43.0,9.049,2,image+text
synth_full_00652,full,Is there a red shape in this image?,yes,yes | yes | yes,True,1.0,1.0,1.0,False,1,yes,yes,yes,0.5308,0.3063,0.2137,0.0,45.0,9.049,2,image+text
synth_full_00653,full,Is the circle on the left or right side?,a circle on the left side,right | right | right,False,0.0,0.6,0.6667,True,1,a circle on the left side,right side,left,1.0277,0.4902,0.223,0.3019,46.0,9.049,3,image+text
synth_full_00654,full,What is the dominant color in this image?,the dominant color in this image is green,green | green | green,True,1.0,1.0,1.0,False,1,the dominant color in this image is green,the dominant color is green,green,0.8485,0.4838,0.3535,0.0,44.5,9.049,2,image+text
synth_full_00655,full,What color is the background?,white,white | white | white,True,1.0,1.0,1.0,False,1,white,white,white,0.4887,0.3093,0.1689,0.0,41.5,9.049,2,image+text
synth_full_00656,full,What is the dominant color in this image?,blue is the dominant color in this image,blue | blue | blue,True,1.0,1.0,1.0,False,1,blue is the dominant color in this image,blue is the dominant color in this image,blue,0.9971,0.4939,0.4923,0.0,39.0,9.049,2,image+text
synth_full_00657,full,Is the background color light or dark?,light,light | light | light,True,1.0,0.6,0.6667,False,2,dark,light,light,0.657,0.2214,0.2126,0.2114,43.5,9.049,3,image+text
synth_full_00658,full,Is the background color light or dark?,light,light | light | light,True,1.0,0.6,0.6667,False,2,dark,light,light,0.6459,0.2104,0.211,0.213,48.0,9.049,3,image+text
synth_full_00659,full,What is the dominant color in this image?,blue is the dominant color in this image,blue | blue | blue,True,1.0,1.0,1.0,False,1,blue is the dominant color in this image,blue is the dominant color in this image,blue,1.0058,0.4935,0.5015,0.0,43.0,9.049,2,image+text
synth_full_00660,full,Is the background color light or dark?,dark blue,dark | dark | dark,False,0.0,1.0,1.0,True,1,dark blue,dark blue,blue,0.4633,0.2343,0.2174,0.0,35.0,9.049,2,image+text
synth_full_00661,full,Is there a red shape in this image?,no,no | no | no,True,1.0,0.6,0.6667,False,2,yes,no,no,0.6743,0.2575,0.2364,0.1688,43.0,9.049,3,image+text
synth_full_00662,full,What color is the background?,blue,blue | blue | blue,True,1.0,1.0,1.0,False,1,blue,blue,blue,0.5337,0.309,0.2139,0.0,43.0,9.049,2,image+text
synth_full_00663,full,Is the background color light or dark?,dark background,dark | dark | dark,True,1.0,1.0,1.0,False,1,dark background,dark background,dark,0.4853,0.2597,0.215,0.0,44.0,9.049,2,image+text
synth_full_00664,full,What color is the large rectangle?,navy blue,navy | dark blue | navy,True,0.3333,1.0,1.0,False,1,navy blue,navy blue,blue,0.4381,0.2125,0.215,0.0,46.5,9.049,2,image+text
synth_full_00665,full,Is there a red shape in this image?,no,no | no | no,True,1.0,0.6,0.6667,False,2,yes,no,no,0.69,0.2941,0.2159,0.1679,46.5,9.049,3,image+text
synth_full_00666,full,What is the dominant color in this image?,blue is the dominant color in this image,blue | blue | blue,True,1.0,1.0,1.0,False,1,blue is the dominant color in this image,blue is the dominant color in this image,blue,0.9973,0.4925,0.4936,0.0,43.5,9.049,2,image+text
synth_full_00667,full,What color is the circle?,the circle is green,cyan | cyan | teal | teal,False,0.0,1.0,1.0,True,1,the circle is green,the circle is green,green,0.6239,0.3072,0.306,0.0,42.0,9.049,2,image+text
synth_full_00668,full,What color is the large rectangle?,the large rectangle is green,olive | olive | dark yellow,False,0.0,1.0,1.0,True,1,the large rectangle is green,the large rectangle is green,green,0.7149,0.3512,0.353,0.0,44.5,9.049,2,image+text
synth_full_00669,full,What color is the background?,blue,blue | blue | blue,True,1.0,1.0,1.0,False,1,blue,blue,blue,0.5873,0.3382,0.2388,0.0,44.5,9.049,2,image+text
synth_full_00670,full,What color is the circle in this image?,yellow,yellow | yellow | yellow,True,1.0,1.0,1.0,False,1,yellow,yellow,yellow,0.579,0.3067,0.2614,0.0,44.0,9.049,2,image+text
synth_full_00671,full,Is there a red shape in this image?,yes,yes | yes | yes,True,1.0,1.0,1.0,False,1,yes,yes,yes,0.5342,0.3086,0.2147,0.0,47.0,9.049,2,image+text
synth_full_00672,full,Is the circle on the left or right side?,a circle on the left side,right | right | right,False,0.0,0.6,0.6667,True,1,a circle on the left side,right side,left,1.0202,0.4927,0.2135,0.3023,48.0,9.049,3,image+text
synth_full_00673,full,What color is the circle in this image?,blue,blue | blue | blue,True,1.0,1.0,1.0,False,1,blue,blue,blue,0.4818,0.2565,0.2148,0.0,45.5,9.049,2,image+text
synth_full_00674,full,What color is the background?,navy blue,navy | dark blue | blue,True,0.6667,1.0,1.0,False,1,navy blue,navy blue,blue,0.4397,0.2143,0.2147,0.0,44.5,9.049,2,image+text
synth_full_00675,full,What color is the background?,white,white | white | white,True,1.0,1.0,1.0,False,1,white,white,white,0.4888,0.3081,0.1691,0.0,44.5,9.049,2,image+text
synth_full_00676,full,Is the background color light or dark?,dark blue,dark | dark | dark,False,0.0,1.0,1.0,True,1,dark blue,dark blue,blue,0.4417,0.2146,0.2164,0.0,43.5,9.049,2,image+text
synth_full_00677,full,What color is the background?,gray,gray | gray | grey,True,0.6667,1.0,1.0,False,1,gray,gray,gray,0.443,0.2169,0.2153,0.0,45.0,9.049,2,image+text
synth_full_00678,full,Is the circle on the left or right side?,is the circle on the left side,left | left | left,True,1.0,1.0,1.0,False,1,is the circle on the left side,is the circle on the left side,left,0.9514,0.4451,0.4954,0.0,41.5,9.049,2,image+text
synth_full_00679,full,What color is the large rectangle?,the large rectangle is white,white | white | white,True,1.0,1.0,1.0,False,1,the large rectangle is white,the large rectangle is white,white,0.7286,0.3531,0.3647,0.0,38.0,9.049,2,image+text
synth_full_00680,full,Is the background color light or dark?,light blue,light | light | medium,False,0.0,1.0,1.0,True,1,light blue,light blue,blue,0.4688,0.2415,0.2143,0.0,33.0,9.049,2,image+text
synth_full_00681,full,What color is the large rectangle?,the large rectangle is green,olive | olive | dark yellow,False,0.0,1.0,1.0,True,1,the large rectangle is green,the large rectangle is green,green,0.7097,0.3491,0.3495,0.0,40.5,9.049,2,image+text
synth_full_00682,full,What color is the circle in this image?,red,red | red | red,True,1.0,1.0,1.0,False,1,red,red,red,0.4779,0.2565,0.2107,0.0,42.0,9.049,2,image+text
synth_full_00683,full,What color is the large rectangle?,the large rectangle is white,white | white | white,True,1.0,1.0,1.0,False,1,the large rectangle is white,the large rectangle is white,white,0.7404,0.3458,0.3834,0.0,38.5,9.049,2,image+text
synth_full_00684,full,What color is the circle in this image?,red,red | red | red,True,1.0,1.0,1.0,False,1,red,red,red,0.4785,0.2558,0.2123,0.0,38.0,9.049,2,image+text
synth_full_00685,full,Is there a blue shape in this image?,yes,yes | yes | yes,True,1.0,1.0,1.0,False,1,yes,yes,yes,0.4843,0.2595,0.2142,0.0,43.5,9.049,2,image+text
synth_full_00686,full,What is the dominant color in this image?,red is the dominant color in this image,red | red | red,True,1.0,1.0,1.0,False,1,red is the dominant color in this image,red is the dominant color in this image,red,0.9898,0.4888,0.4902,0.0,41.5,9.049,2,image+text
synth_full_00687,full,What color is the large rectangle?,blue,blue | blue | blue,True,1.0,1.0,1.0,False,1,blue,blue,blue,0.4769,0.2549,0.2115,0.0,41.5,9.049,2,image+text
synth_full_00688,full,What color is the background?,the background is white,cream | white | beige,True,0.3333,1.0,1.0,False,1,the background is white,the background is white,white,0.619,0.3019,0.3062,0.0,46.0,9.049,2,image+text
synth_full_00689,full,What color is the large rectangle?,the large rectangle is white,white | white | white,True,1.0,1.0,1.0,False,1,the large rectangle is white,the large rectangle is white,white,0.7144,0.3513,0.3527,0.0,43.5,9.049,2,image+text
synth_full_00690,full,What is the dominant color in this image?,red is the dominant color in this image,red | red | red,True,1.0,1.0,1.0,False,1,red is the dominant color in this image,red is the dominant color in this image,red,0.9921,0.492,0.4887,0.0,44.5,9.049,2,image+text
synth_full_00691,full,What color is the large rectangle?,red,maroon | maroon | dark red,True,0.3333,1.0,1.0,False,1,red,red,red,0.5287,0.3045,0.2135,0.0,43.5,9.049,2,image+text
synth_full_00692,full,What is the dominant color in this image?,blue,cyan | cyan | blue,True,0.3333,0.6,0.6667,False,2,cyan,blue,blue,0.7403,0.3046,0.2121,0.2112,46.5,9.049,3,image+text
synth_full_00693,full,What color is the large rectangle?,brown color,brown | brown | brown,True,1.0,1.0,1.0,False,1,brown color,brown color,brown,0.5259,0.2568,0.258,0.0,46.0,9.049,2,image+text
synth_full_00694,full,Is there a purple shape in this image?,yes,yes | yes | yes,True,1.0,1.0,1.0,False,1,yes,yes,yes,0.4796,0.2569,0.2123,0.0,44.0,9.049,2,image+text
synth_full_00695,full,What color is the circle in this image?,red,red | red | red,True,1.0,1.0,1.0,False,1,red,red,red,0.4797,0.2569,0.2124,0.0,44.0,9.049,2,image+text
synth_full_00696,full,What color is the background?,blue,blue | blue | blue,True,1.0,1.0,1.0,False,1,blue,blue,blue,0.5442,0.3094,0.2237,0.0,43.0,9.049,2,image+text
synth_full_00697,full,What is the dominant color in this image?,burgundy,maroon | maroon | dark red,False,0.0,1.0,1.0,True,1,burgundy,burgundy,burgundy,0.7106,0.3943,0.3058,0.0,44.0,9.049,2,image+text
synth_full_00698,full,What color is the large rectangle?,large rectangle,yellow | yellow | yellow,False,0.0,0.6,0.6667,True,2,a yellow square,large rectangle,large rectangle,0.837,0.3065,0.2131,0.3055,48.0,9.049,3,image+text
synth_full_00699,full,Is the circle on the left or right side?,is the circle on the left side,left | left | left,True,1.0,1.0,1.0,False,1,is the circle on the left side,Is the circle on the left side,left,0.9482,0.4452,0.4921,0.0,48.0,9.049,2,image+text
synth_full_00700,full,What is the dominant color in this image?,the dominant color is brown,brown | brown | brown,True,1.0,1.0,1.0,False,1,the dominant color is brown,the dominant color is brown,brown,0.8357,0.4265,0.3968,0.0,35.5,9.049,2,image+text
synth_full_00701,full,What is the dominant color in this image?,orange,orange | orange | orange,True,1.0,0.6,0.6667,False,2,the dominant color in this image,orange,orange,0.9158,0.3935,0.2998,0.2105,43.5,9.049,3,image+text
synth_full_00702,full,What color is the large rectangle?,navy blue,navy | dark blue | navy,True,0.3333,1.0,1.0,False,1,navy blue,navy blue,blue,0.4305,0.2094,0.2102,0.0,46.0,9.049,2,image+text
synth_full_00703,full,Is the circle on the left or right side?,is the circle on the left side,left | left | left,True,1.0,1.0,1.0,False,1,is the circle on the left side,is the circle on the left side,left,0.9491,0.4356,0.5025,0.0,41.5,9.049,2,image+text
synth_full_00704,full,What color is the large rectangle?,a large rectangle,pink | pink | pink,False,0.0,0.6,0.6667,True,1,a large rectangle,pink,large rectangle,0.8366,0.3051,0.2131,0.3065,39.5,9.049,3,image+text
synth_full_00705,full,Is the background color light or dark?,dark background,dark | dark | dark,True,1.0,1.0,1.0,False,1,dark background,dark background,dark,0.4873,0.262,0.2147,0.0,42.5,9.049,2,image+text
synth_full_00706,full,Is there a blue shape in this image?,yes,no | no | no,False,0.0,1.0,1.0,True,1,yes,yes,yes,0.4914,0.2597,0.2211,0.0,42.5,9.049,2,image+text
synth_full_00707,full,Is the circle on the left or right side?,a circle on the left side,right | right | right,False,0.0,0.6,0.6667,True,1,a circle on the left side,right side,left,1.0249,0.491,0.2147,0.3071,44.0,9.049,3,image+text
synth_full_00708,full,What is the dominant color in this image?,orange,orange | orange | orange,True,1.0,0.6,0.6667,False,2,the dominant color in this image,orange,orange,0.9254,0.3932,0.3025,0.2176,41.0,9.049,3,image+text
synth_full_00709,full,What is the dominant color in this image?,red is the dominant color in this image,red | red | red,True,1.0,1.0,1.0,False,1,red is the dominant color in this image,red is the dominant color in this image,red,1.01,0.4967,0.5023,0.0,37.5,9.049,2,image+text
synth_full_00710,full,What is the dominant color in this image?,the dominant color in this image is purple,purple | purple | purple,True,1.0,1.0,1.0,False,1,the dominant color in this image is purple,the dominant color is purple,purple,0.8932,0.4851,0.3968,0.0,40.5,9.049,2,image+text
synth_full_00711,full,What color is the large rectangle?,large rectangle,yellow | yellow | yellow,False,0.0,0.6,0.6667,True,2,a yellow square,large rectangle,large rectangle,0.8526,0.318,0.2143,0.307,45.5,9.049,3,image+text
synth_full_00712,full,Is the circle on the left or right side?,is the circle on the left side,left | left | center,True,0.6667,0.6,0.6667,False,1,is the circle on the left side,right side,left,0.9761,0.4453,0.3062,0.2129,43.5,9.049,3,image+text
synth_full_00713,full,Is the background color light or dark?,dark blue,dark | dark | dark,False,0.0,1.0,1.0,True,1,dark blue,dark blue,blue,0.4396,0.213,0.216,0.0,42.0,9.049,2,image+text
synth_full_00714,full,Is there a red shape in this image?,no,no | no | no,True,1.0,0.6,0.6667,False,2,yes,no,no,0.659,0.2619,0.2159,0.1694,44.5,9.049,3,image+text
synth_full_00715,full,Is the background color light or dark?,dark,dark | dark | dark,True,1.0,1.0,1.0,False,1,dark,dark,dark,0.4474,0.2165,0.2202,0.0,44.0,9.049,2,image+text
synth_full_00716,full,What color is the circle?,the circle is green,olive | olive | brown,False,0.0,1.0,1.0,True,1,the circle is green,the circle is green,green,0.6214,0.3051,0.3056,0.0,45.0,9.049,2,image+text
synth_full_00717,full,What is the dominant color in this image?,blue is the dominant color in this image,blue | blue | blue,True,1.0,1.0,1.0,False,1,blue is the dominant color in this image,blue is the dominant color in this image,blue,0.9891,0.4945,0.4835,0.0,42.5,9.049,2,image+text
synth_full_00718,full,What color is the circle?,the circle is green,olive | olive | brown,False,0.0,1.0,1.0,True,1,the circle is green,the circle is green,green,0.6154,0.3024,0.3027,0.0,42.5,9.049,2,image+text
synth_full_00719,full,What color is the circle?,pink,pink | pink | pink,True,1.0,1.0,1.0,False,1,pink,pink,pink,0.5269,0.2565,0.2601,0.0,47.0,9.049,2,image+text
synth_full_00720,full,Is there a purple shape in this image?,yes,no | no | no,False,0.0,1.0,1.0,True,1,yes,yes,yes,0.5036,0.279,0.213,0.0,33.0,9.049,2,image+text
synth_full_00721,full,What color is the large rectangle?,blue,blue | blue | blue,True,1.0,1.0,1.0,False,1,blue,blue,blue,0.4817,0.2578,0.2134,0.0,43.0,9.049,2,image+text
synth_full_00722,full,Is the circle on the left or right side?,is the circle on the left side,left | left | left,True,1.0,1.0,1.0,False,1,is the circle on the left side,Is the circle on the left side,left,0.9387,0.4375,0.4905,0.0,42.5,9.049,2,image+text
synth_full_00723,full,Is the background color light or dark?,light,light | light | light,True,1.0,0.6,0.6667,False,2,dark,light,light,0.6512,0.2124,0.2135,0.2133,42.5,9.049,3,image+text
synth_full_00724,full,What color is the large rectangle?,the large rectangle is green,green | green | green,True,1.0,1.0,1.0,False,1,the large rectangle is green,the large rectangle is green,green,0.7179,0.3529,0.3542,0.0,47.0,9.049,2,image+text
synth_full_00725,full,Is there a purple shape in this image?,yes,yes | yes | yes,True,1.0,1.0,1.0,False,1,yes,yes,yes,0.4832,0.2589,0.2138,0.0,47.0,9.049,2,image+text
synth_full_00726,full,What color is the large rectangle?,the large rectangle is green,green | green | green,True,1.0,1.0,1.0,False,1,the large rectangle is green,the large rectangle is green,green,0.7186,0.3551,0.3525,0.0,47.0,9.049,2,image+text
synth_full_00727,full,Is the background color light or dark?,dark background,dark | dark | dark,True,1.0,1.0,1.0,False,1,dark background,dark background,dark,0.4855,0.2591,0.2159,0.0,46.5,9.049,2,image+text
synth_full_00728,full,What color is the background?,navy blue,navy | dark blue | blue,True,0.6667,1.0,1.0,False,1,navy blue,navy blue,blue,0.4419,0.2161,0.2151,0.0,45.5,9.049,2,image+text
synth_full_00729,full,What is the dominant color in this image?,the dominant color in this image is green,green | green | green,True,1.0,1.0,1.0,False,1,the dominant color in this image is green,the dominant color is green,green,0.8553,0.4907,0.3533,0.0,46.0,9.049,2,image+text
synth_full_00730,full,Is the circle on the left or right side?,a circle on the left side,right | right | right,False,0.0,0.6,0.6667,True,1,a circle on the left side,right side,left,1.0118,0.4852,0.2116,0.3025,47.0,9.049,3,image+text
synth_full_00731,full,Is the background color light or dark?,light blue,light | light | medium,False,0.0,1.0,1.0,True,1,light blue,light blue,blue,0.4346,0.2115,0.2126,0.0,44.0,9.049,2,image+text
synth_full_00732,full,What color is the circle in this image?,yellow,yellow | yellow | yellow,True,1.0,1.0,1.0,False,1,yellow,yellow,yellow,0.5745,0.3039,0.2601,0.0,44.0,9.049,2,image+text
synth_full_00733,full,What color is the circle?,pink,pink | pink | pink,True,1.0,1.0,1.0,False,1,pink,pink,pink,0.529,0.2596,0.2589,0.0,43.0,9.049,2,image+text
synth_full_00734,full,What is the dominant color in this image?,the dominant color is brown,brown | brown | brown,True,1.0,1.0,1.0,False,1,the dominant color is brown,the dominant color is brown,brown,0.826,0.4012,0.4133,0.0,44.5,9.049,2,image+text
synth_full_00735,full,What color is the large rectangle?,red,red | red | red,True,1.0,1.0,1.0,False,1,red,red,red,0.5275,0.3044,0.2126,0.0,44.5,9.049,2,image+text
synth_full_00736,full,What is the dominant color in this image?,the dominant color in this image is green,green | green | green,True,1.0,1.0,1.0,False,1,the dominant color in this image is green,the dominant color is green,green,0.8643,0.4998,0.3534,0.0,46.0,9.049,2,image+text
synth_full_00737,full,What color is the large rectangle?,blue,blue | blue | blue,True,1.0,1.0,1.0,False,1,blue,blue,blue,0.4948,0.2696,0.2146,0.0,47.0,9.049,2,image+text
synth_full_00738,full,What color is the background?,blue,blue | blue | blue,True,1.0,1.0,1.0,False,1,blue,blue,blue,0.5351,0.3096,0.2142,0.0,46.5,9.049,2,image+text
synth_full_00739,full,What color is the large rectangle?,the large rectangle is white,white | white | white,True,1.0,1.0,1.0,False,1,the large rectangle is white,the large rectangle is white,white,0.7182,0.3536,0.3538,0.0,46.0,9.049,2,image+text
synth_full_00740,full,What color is the circle in this image?,red,red | red | red,True,1.0,1.0,1.0,False,1,red,red,red,0.5039,0.2797,0.2128,0.0,39.0,9.049,2,image+text
synth_full_00741,full,Is there a blue shape in this image?,yes,yes | yes | yes,True,1.0,1.0,1.0,False,1,yes,yes,yes,0.4852,0.2591,0.2158,0.0,42.5,9.049,2,image+text
synth_full_00742,full,What color is the large rectangle?,the large rectangle is white,white | white | white,True,1.0,1.0,1.0,False,1,the large rectangle is white,the large rectangle is white,white,0.7156,0.3508,0.3539,0.0,41.5,9.049,2,image+text
synth_full_00743,full,What is the dominant color in this image?,the dominant color in this image is yellow,yellow | yellow | yellow,True,1.0,0.6,0.6667,False,1,the dominant color in this image is yellow,a dominant color in this image,yellow,1.1639,0.483,0.4382,0.2305,38.5,9.049,3,image+text
synth_full_00744,full,What color is the background?,white,white | white | white,True,1.0,1.0,1.0,False,1,white,white,white,0.484,0.3054,0.1677,0.0,40.0,9.049,2,image+text
synth_full_00745,full,What is the dominant color in this image?,orange,orange | orange | orange,True,1.0,0.6,0.6667,False,2,the dominant color in this image,orange,orange,0.9221,0.3981,0.3013,0.2107,45.0,9.049,3,image+text
synth_full_00746,full,What is the dominant color in this image?,red is the dominant color in this image,red | red | red,True,1.0,1.0,1.0,False,1,red is the dominant color in this image,red is the dominant color in this image,red,0.9827,0.4839,0.4874,0.0,45.0,9.049,2,image+text
synth_full_00747,full,Is there a green shape in this image?,yes,yes | yes | yes,True,1.0,1.0,1.0,False,1,yes,yes,yes,0.5251,0.2564,0.2585,0.0,44.5,9.049,2,image+text
synth_full_00748,full,Is there a blue shape in this image?,yes,no | no | no,False,0.0,1.0,1.0,True,1,yes,yes,yes,0.4847,0.2592,0.2148,0.0,47.0,9.049,2,image+text
synth_full_00749,full,Is the background color light or dark?,dark,dark | dark | dark,True,1.0,1.0,1.0,False,1,dark,dark,dark,0.4442,0.2144,0.2194,0.0,47.0,9.049,2,image+text
synth_full_00750,full,Is there a green shape in this image?,yes,no | no | no,False,0.0,1.0,1.0,True,1,yes,yes,yes,0.4793,0.2567,0.2114,0.0,45.0,9.049,2,image+text
synth_full_00751,full,What is the dominant color in this image?,the dominant color in this image is green,olive | olive | green | dark green,True,0.6667,1.0,1.0,False,1,the dominant color in this image is green,the dominant color in this image is green,green,1.0153,0.4912,0.5132,0.0,41.0,9.049,2,image+text
synth_full_00752,full,What color is the background?,blue,blue | blue | blue,True,1.0,1.0,1.0,False,1,blue,blue,blue,0.5318,0.3062,0.2152,0.0,41.5,9.049,2,image+text
synth_full_00753,full,Is there a red shape in this image?,yes,yes | yes | yes,True,1.0,1.0,1.0,False,1,yes,yes,yes,0.5312,0.3066,0.2139,0.0,45.5,9.049,2,image+text
synth_full_00754,full,What color is the large rectangle?,the color orange,orange | orange | orange,True,1.0,1.0,1.0,False,1,the color orange,the color orange,orange,0.5781,0.3061,0.2606,0.0,46.0,9.049,2,image+text
synth_full_00755,full,Is there a purple shape in this image?,yes,yes | yes | yes,True,1.0,1.0,1.0,False,1,yes,yes,yes,0.485,0.2601,0.2144,0.0,45.0,9.049,2,image+text
synth_full_00756,full,What color is the circle in this image?,blue,blue | blue | blue,True,1.0,1.0,1.0,False,1,blue,blue,blue,0.4855,0.2588,0.2164,0.0,43.0,9.049,2,image+text
synth_full_00757,full,What color is the circle in this image?,yellow,yellow | yellow | yellow,True,1.0,1.0,1.0,False,1,yellow,yellow,yellow,0.5762,0.3058,0.2596,0.0,42.5,9.049,2,image+text
synth_full_00758,full,Is the background color light or dark?,dark blue,dark | dark | dark,False,0.0,1.0,1.0,True,1,dark blue,dark blue,blue,0.4369,0.2129,0.2128,0.0,45.5,9.049,2,image+text
synth_full_00759,full,What is the dominant color in this image?,the dominant color in this image is blue,teal | teal | cyan | blue-green,False,0.0,1.0,1.0,True,1,the dominant color in this image is blue,the dominant color is blue,blue,0.9012,0.4917,0.3984,0.0,44.5,9.049,2,image+text
synth_full_00760,full,What color is the circle in this image?,red,red | red | red,True,1.0,1.0,1.0,False,1,red,red,red,0.511,0.2843,0.2147,0.0,38.0,9.049,2,image+text
synth_full_00761,full,What color is the background?,white,white | white | white,True,1.0,1.0,1.0,False,1,white,white,white,0.4829,0.3035,0.169,0.0,40.5,9.049,2,image+text
synth_full_00762,full,What is the dominant color in this image?,the dominant color in this image is purple,purple | purple | purple,True,1.0,1.0,1.0,False,1,the dominant color in this image is purple,the dominant color is purple,purple,0.9071,0.4903,0.406,0.0,39.0,9.049,2,image+text
synth_full_00763,full,What color is the small circle?,green,lime | lime | yellow-green,False,0.0,1.0,1.0,True,1,green,green,green,0.5222,0.301,0.2104,0.0,39.0,9.049,2,image+text
synth_full_00764,full,What color is the large rectangle?,the large rectangle is blue,teal | teal | green,False,0.0,1.0,1.0,True,1,the large rectangle is blue,the large rectangle is blue,blue,0.7136,0.3469,0.3561,0.0,41.5,9.049,2,image+text
synth_full_00765,full,What color is the circle in this image?,blue,blue | blue | blue,True,1.0,1.0,1.0,False,1,blue,blue,blue,0.4884,0.2624,0.2153,0.0,41.5,9.049,2,image+text
synth_full_00766,full,What is the dominant color in this image?,red is the dominant color in this image,red | red | red,True,1.0,1.0,1.0,False,1,red is the dominant color in this image,red is the dominant color in this image,red,1.0107,0.5083,0.4914,0.0,40.0,9.049,2,image+text
synth_full_00767,full,What is the dominant color in this image?,blue is the dominant color in this image,blue | blue | blue,True,1.0,1.0,1.0,False,1,blue is the dominant color in this image,blue is the dominant color in this image,blue,0.9944,0.4913,0.4923,0.0,38.5,9.049,2,image+text
synth_full_00768,full,What color is the background?,blue,blue | blue | blue,True,1.0,1.0,1.0,False,1,blue,blue,blue,0.5356,0.3101,0.2151,0.0,41.5,9.049,2,image+text
synth_full_00769,full,What color is the circle in this image?,red,red | red | red,True,1.0,1.0,1.0,False,1,red,red,red,0.4871,0.2603,0.216,0.0,42.5,9.049,2,image+text
synth_full_00770,full,What color is the large rectangle?,red,maroon | maroon | dark red,True,0.3333,1.0,1.0,False,1,red,red,red,0.532,0.3053,0.2156,0.0,44.0,9.049,2,image+text
synth_full_00771,full,What color is the large rectangle?,blue,blue | blue | blue,True,1.0,1.0,1.0,False,1,blue,blue,blue,0.479,0.2559,0.2114,0.0,43.5,9.049,2,image+text
synth_full_00772,full,What color is the large rectangle?,the large rectangle is green,green | green | green,True,1.0,1.0,1.0,False,1,the large rectangle is green,the large rectangle is green,green,0.7125,0.3508,0.3511,0.0,47.0,9.049,2,image+text
synth_full_00773,full,What is the dominant color in this image?,a blue background,navy | navy | blue | dark blue,True,0.6667,1.0,1.0,False,1,a blue background,navy blue,blue,0.5301,0.3053,0.2135,0.0,46.5,9.049,2,image+text
synth_full_00774,full,What color is the large rectangle?,red,maroon | maroon | dark red,True,0.3333,1.0,1.0,False,1,red,red,red,0.5502,0.3045,0.2353,0.0,44.5,9.049,2,image+text
synth_full_00775,full,Is there a green shape in this image?,yes,yes | yes | yes,True,1.0,1.0,1.0,False,1,yes,yes,yes,0.5479,0.2585,0.2788,0.0,43.5,9.049,2,image+text
synth_full_00776,full,Is the background color light or dark?,a dark background,dark | dark | medium,True,0.6667,1.0,1.0,False,1,a dark background,a dark background,dark,0.6129,0.3004,0.3017,0.0,45.0,9.049,2,image+text
synth_full_00777,full,What color is the circle in this image?,yellow,yellow | yellow | yellow,True,1.0,1.0,1.0,False,1,yellow,yellow,yellow,0.579,0.306,0.2621,0.0,44.5,9.049,2,image+text
synth_full_00778,full,Is the background color light or dark?,dark background,dark | dark | dark,True,1.0,1.0,1.0,False,1,dark background,dark background,dark,0.4905,0.2626,0.2172,0.0,45.0,9.049,2,image+text
synth_full_00779,full,What color is the circle in this image?,blue,blue | blue | blue,True,1.0,1.0,1.0,False,1,blue,blue,blue,0.4944,0.2681,0.2143,0.0,44.5,9.049,2,image+text
synth_full_00780,full,What color is the background?,blue,blue | blue | blue,True,1.0,1.0,1.0,False,1,blue,blue,blue,0.5713,0.3241,0.2355,0.0,41.5,9.049,2,image+text
synth_full_00781,full,Is the background color light or dark?,dark background,dark | dark | dark,True,1.0,1.0,1.0,False,1,dark background,dark background,dark,0.4856,0.2598,0.2152,0.0,45.0,9.049,2,image+text
synth_full_00782,full,Is there a red shape in this image?,no,no | no | no,True,1.0,0.6,0.6667,False,2,yes,no,no,0.6495,0.2603,0.2128,0.165,46.5,9.049,3,image+text
synth_full_00783,full,Is there a blue shape in this image?,yes,yes | yes | yes,True,1.0,1.0,1.0,False,1,yes,yes,yes,0.4777,0.2559,0.2113,0.0,44.5,9.049,2,image+text
synth_full_00784,full,What color is the large rectangle?,large rectangle,yellow | yellow | yellow,False,0.0,0.6,0.6667,True,2,a yellow square,large rectangle,large rectangle,0.8253,0.3009,0.2098,0.3028,45.0,9.049,3,image+text
synth_full_00785,full,What color is the large rectangle?,the large rectangle is green,green | green | green,True,1.0,1.0,1.0,False,1,the large rectangle is green,the large rectangle is green,green,0.7136,0.3496,0.3533,0.0,45.5,9.049,2,image+text
synth_full_00786,full,What is the dominant color in this image?,orange,orange | orange | orange,True,1.0,0.6,0.6667,False,2,the dominant color in this image,orange,orange,0.9312,0.3983,0.3071,0.2131,45.5,9.049,3,image+text
synth_full_00787,full,What color is the large rectangle?,a large rectangle,pink | pink | pink,False,0.0,0.6,0.6667,True,1,a large rectangle,pink,large rectangle,0.8372,0.3063,0.2114,0.3072,46.5,9.049,3,image+text
synth_full_00788,full,What color is the large rectangle?,the large rectangle is green,green | green | green,True,1.0,1.0,1.0,False,1,the large rectangle is green,the large rectangle is green,green,0.7162,0.3517,0.3532,0.0,46.5,9.049,2,image+text
synth_full_00789,full,What color is the circle in this image?,red,red | red | red,True,1.0,1.0,1.0,False,1,red,red,red,0.486,0.2597,0.216,0.0,47.0,9.049,2,image+text
synth_full_00790,full,What color is the background?,white,white | white | white,True,1.0,1.0,1.0,False,1,white,white,white,0.4864,0.3071,0.1681,0.0,44.5,9.049,2,image+text
synth_full_00791,full,What is the dominant color in this image?,the dominant color in this image is yellow,yellow | yellow | yellow,True,1.0,0.6,0.6667,False,1,the dominant color in this image is yellow,a dominant color in this image,yellow,1.1528,0.4868,0.4422,0.2114,41.0,9.049,3,image+text
synth_full_00792,full,Is the background color light or dark?,dark background,dark | dark | dark,True,1.0,1.0,1.0,False,1,dark background,dark background,dark,0.4789,0.2563,0.2114,0.0,44.0,9.049,2,image+text
synth_full_00793,full,What is the dominant color in this image?,the dominant color in this image is green,green | green | green,True,1.0,1.0,1.0,False,1,the dominant color in this image is green,the dominant color is green,green,0.8534,0.4932,0.3495,0.0,47.0,9.049,2,image+text
synth_full_00794,full,What color is the large rectangle?,the large rectangle is white,white | white | white,True,1.0,1.0,1.0,False,1,the large rectangle is white,the large rectangle is white,white,0.7166,0.3502,0.3555,0.0,46.0,9.049,2,image+text
synth_full_00795,full,What color is the large rectangle?,large rectangle,yellow | yellow | yellow,False,0.0,0.6,0.6667,True,2,a yellow square,large rectangle,large rectangle,0.8452,0.3049,0.2132,0.3155,45.5,9.049,3,image+text
synth_full_00796,full,What color is the large rectangle?,green,lime | lime | green,True,0.3333,1.0,1.0,False,1,green,green,green,0.488,0.3087,0.1688,0.0,41.0,9.049,2,image+text
synth_full_00797,full,What color is the background?,blue,blue | blue | blue,True,1.0,1.0,1.0,False,1,blue,blue,blue,0.542,0.3086,0.2223,0.0,42.0,9.049,2,image+text
synth_full_00798,full,What color is the circle in this image?,blue,blue | blue | blue,True,1.0,1.0,1.0,False,1,blue,blue,blue,0.505,0.263,0.2311,0.0,44.0,9.049,2,image+text
synth_full_00799,full,What is the dominant color in this image?,the dominant color in this image is purple,purple | purple | purple,True,1.0,1.0,1.0,False,1,the dominant color in this image is purple,the dominant color is purple,purple,0.923,0.5119,0.4002,0.0,41.0,9.049,2,image+text
synth_full_00800,full,What is the dominant color in this image?,blue,cyan | cyan | blue,True,0.3333,0.6,0.6667,False,2,cyan,blue,blue,0.7678,0.3265,0.2147,0.2139,41.0,9.049,3,image+text
synth_full_00801,full,Is the background color light or dark?,light,light | light | light,True,1.0,0.6,0.6667,False,2,dark,light,light,0.6559,0.2159,0.2145,0.2139,45.5,9.049,3,image+text
synth_full_00802,full,What color is the large rectangle?,large rectangle,yellow | yellow | yellow,False,0.0,0.6,0.6667,True,2,a yellow square,large rectangle,large rectangle,0.8428,0.3068,0.2138,0.3102,42.0,9.049,3,image+text
synth_full_00803,full,What is the dominant color in this image?,orange,orange | orange | orange,True,1.0,0.6,0.6667,False,2,the dominant color in this image,orange,orange,0.9249,0.3977,0.3047,0.2111,41.5,9.049,3,image+text
synth_full_00804,full,What is the dominant color in this image?,red is the dominant color in this image,red | red | red,True,1.0,1.0,1.0,False,1,red is the dominant color in this image,red is the dominant color in this image,red,0.9939,0.4911,0.4914,0.0,41.0,9.049,2,image+text
synth_full_00805,full,What color is the large rectangle?,large rectangle,yellow | yellow | yellow,False,0.0,0.6,0.6667,True,2,a yellow square,large rectangle,large rectangle,0.8323,0.3051,0.2115,0.3039,42.5,9.049,3,image+text
synth_full_00806,full,What color is the circle in this image?,yellow,yellow | yellow | yellow,True,1.0,1.0,1.0,False,1,yellow,yellow,yellow,0.5718,0.3041,0.2572,0.0,47.0,9.049,2,image+text
synth_full_00807,full,What color is the large rectangle?,blue,blue | blue | blue,True,1.0,1.0,1.0,False,1,blue,blue,blue,0.4803,0.257,0.2129,0.0,46.0,9.049,2,image+text
synth_full_00808,full,What color is the background?,the background is white,cream | white | beige,True,0.3333,1.0,1.0,False,1,the background is white,the background is white,white,0.6256,0.3085,0.3066,0.0,43.0,9.049,2,image+text
synth_full_00809,full,What color is the large rectangle?,the large rectangle is white,white | white | white,True,1.0,1.0,1.0,False,1,the large rectangle is white,the large rectangle is white,white,0.7181,0.3525,0.3542,0.0,45.5,9.049,2,image+text
synth_full_00810,full,What color is the circle?,pink,pink | pink | pink,True,1.0,1.0,1.0,False,1,pink,pink,pink,0.5315,0.2605,0.2599,0.0,47.0,9.049,2,image+text
synth_full_00811,full,What color is the large rectangle?,large rectangle,yellow | yellow | yellow,False,0.0,0.6,0.6667,True,2,a yellow square,large rectangle,large rectangle,0.8373,0.3054,0.2146,0.3055,47.0,9.049,3,image+text
synth_full_00812,full,Is the background color light or dark?,light blue,light | light | medium,False,0.0,1.0,1.0,True,1,light blue,light blue,blue,0.4369,0.2125,0.214,0.0,45.5,9.049,2,image+text
synth_full_00813,full,What color is the large rectangle?,green,lime | lime | green,True,0.3333,1.0,1.0,False,1,green,green,green,0.4859,0.3067,0.1687,0.0,43.5,9.049,2,image+text
synth_full_00814,full,What is the dominant color in this image?,a blue background,navy | navy | blue | dark blue,True,0.6667,1.0,1.0,False,1,a blue background,navy blue,blue,0.5339,0.3076,0.2147,0.0,41.5,9.049,2,image+text
synth_full_00815,full,Is the background color light or dark?,light,light | light | light,True,1.0,0.6,0.6667,False,2,dark,light,light,0.6499,0.2137,0.2122,0.2125,43.5,9.049,3,image+text
synth_full_00816,full,What color is the circle in this image?,yellow,yellow | yellow | yellow,True,1.0,1.0,1.0,False,1,yellow,yellow,yellow,0.5762,0.3068,0.2588,0.0,42.5,9.049,2,image+text
synth_full_00817,full,What is the dominant color in this image?,blue,cyan | cyan | blue,True,0.3333,0.6,0.6667,False,2,cyan,blue,blue,0.7447,0.3051,0.2142,0.2136,41.0,9.049,3,image+text
synth_full_00818,full,What color is the large rectangle?,red,red | red | red,True,1.0,1.0,1.0,False,1,red,red,red,0.5292,0.3047,0.214,0.0,46.0,9.049,2,image+text
synth_full_00819,full,Is there a green shape in this image?,yes,yes | yes | yes,True,1.0,1.0,1.0,False,1,yes,yes,yes,0.5286,0.2577,0.2604,0.0,45.5,9.049,2,image+text
synth_full_00820,full,What color is the circle in this image?,yellow,yellow | yellow | yellow,True,1.0,1.0,1.0,False,1,yellow,yellow,yellow,0.5978,0.3261,0.2601,0.0,35.5,9.049,2,image+text
synth_full_00821,full,What color is the small circle?,green,lime | lime | yellow-green,False,0.0,1.0,1.0,True,1,green,green,green,0.5317,0.3056,0.2153,0.0,42.5,9.049,2,image+text
synth_full_00822,full,Is there a blue shape in this image?,yes,no | no | no,False,0.0,1.0,1.0,True,1,yes,yes,yes,0.4847,0.2588,0.2152,0.0,42.0,9.049,2,image+text
synth_full_00823,full,What is the dominant color in this image?,red is the dominant color in this image,red | red | red,True,1.0,1.0,1.0,False,1,red is the dominant color in this image,red is the dominant color in this image,red,0.9989,0.4926,0.4949,0.0,41.5,9.049,2,image+text
synth_full_00824,full,Is there a red shape in this image?,yes,yes | yes | yes,True,1.0,1.0,1.0,False,1,yes,yes,yes,0.5257,0.3007,0.2146,0.0,38.5,9.049,2,image+text
synth_full_00825,full,Is there a red shape in this image?,no,no | no | no,True,1.0,0.6,0.6667,False,2,yes,no,no,0.656,0.2587,0.2197,0.1661,42.5,9.049,3,image+text
synth_full_00826,full,What color is the large rectangle?,red,maroon | maroon | dark red,True,0.3333,1.0,1.0,False,1,red,red,red,0.5263,0.3033,0.2126,0.0,46.5,9.049,2,image+text
synth_full_00827,full,What color is the background?,the background is white,cream | white | beige,True,0.3333,1.0,1.0,False,1,the background is white,the background is white,white,0.6318,0.3033,0.3178,0.0,45.0,9.049,2,image+text
synth_full_00828,full,What is the dominant color in this image?,a blue background,navy | navy | blue | dark blue,True,0.6667,1.0,1.0,False,1,a blue background,navy blue,blue,0.5302,0.3055,0.2135,0.0,41.0,9.049,2,image+text
synth_full_00829,full,What color is the small circle?,green,lime | lime | yellow-green,False,0.0,1.0,1.0,True,1,green,green,green,0.533,0.3052,0.2167,0.0,43.0,9.049,2,image+text
synth_full_00830,full,Is there a red shape in this image?,no,no | no | no,True,1.0,0.6,0.6667,False,2,yes,no,no,0.6536,0.2601,0.2143,0.1673,46.5,9.049,3,image+text
synth_full_00831,full,Is there a purple shape in this image?,yes,yes | yes | yes,True,1.0,1.0,1.0,False,1,yes,yes,yes,0.4853,0.2606,0.2139,0.0,46.5,9.049,2,image+text
synth_full_00832,full,What color is the large rectangle?,the large rectangle is green,green | green | green,True,1.0,1.0,1.0,False,1,the large rectangle is green,the large rectangle is green,green,0.7174,0.3518,0.3547,0.0,47.0,9.049,2,image+text
synth_full_00833,full,What color is the large rectangle?,the large rectangle is green,green | green | green,True,1.0,1.0,1.0,False,1,the large rectangle is green,the large rectangle is green,green,0.727,0.3649,0.3513,0.0,41.0,9.049,2,image+text
synth_full_00834,full,What color is the large rectangle?,the large rectangle is green,green | green | green,True,1.0,1.0,1.0,False,1,the large rectangle is green,the large rectangle is green,green,0.7221,0.3585,0.3523,0.0,42.0,9.049,2,image+text
synth_full_00835,full,What color is the circle in this image?,blue,blue | blue | blue,True,1.0,1.0,1.0,False,1,blue,blue,blue,0.4867,0.2564,0.2199,0.0,42.0,9.049,2,image+text
synth_full_00836,full,What color is the large rectangle?,red,red | red | red,True,1.0,1.0,1.0,False,1,red,red,red,0.53,0.3052,0.214,0.0,44.5,9.049,2,image+text
synth_full_00837,full,What color is the large rectangle?,the large rectangle is purple,purple | purple | purple,True,1.0,1.0,1.0,False,1,the large rectangle is purple,the large rectangle is purple,purple,0.7276,0.3655,0.3513,0.0,46.0,9.049,2,image+text
synth_full_00838,full,What color is the large rectangle?,a large rectangle,pink | pink | pink,False,0.0,0.6,0.6667,True,1,a large rectangle,pink,large rectangle,0.8445,0.3029,0.2102,0.3188,38.0,9.049,3,image+text
synth_full_00839,full,What color is the large rectangle?,blue,blue | blue | blue,True,1.0,1.0,1.0,False,1,blue,blue,blue,0.483,0.2581,0.2139,0.0,41.5,9.049,2,image+text
synth_full_00840,full,Is the background color light or dark?,light,light | light | light,True,1.0,0.6,0.6667,False,2,dark,light,light,0.6756,0.2356,0.2139,0.2134,43.0,9.049,3,image+text
synth_full_00841,full,What color is the large rectangle?,the large rectangle is green,green | green | green,True,1.0,1.0,1.0,False,1,the large rectangle is green,the large rectangle is green,green,0.7164,0.3518,0.3536,0.0,47.0,9.049,2,image+text
synth_full_00842,full,What color is the background?,the background is white,cream | white | beige,True,0.3333,1.0,1.0,False,1,the background is white,the background is white,white,0.6239,0.3071,0.3061,0.0,46.5,9.049,2,image+text
synth_full_00843,full,Is the circle on the left or right side?,a circle on the left side,right | right | right,False,0.0,0.6,0.6667,True,1,a circle on the left side,right side,left,1.04,0.4902,0.2136,0.3241,47.0,9.049,3,image+text
synth_full_00844,full,Is the background color light or dark?,light blue,light | light | medium,False,0.0,1.0,1.0,True,1,light blue,light blue,blue,0.4374,0.2134,0.2136,0.0,46.0,9.049,2,image+text
synth_full_00845,full,What is the dominant color in this image?,the dominant color in this image is yellow,yellow | yellow | yellow,True,1.0,0.6,0.6667,False,1,the dominant color in this image is yellow,a dominant color in this image,yellow,1.182,0.4888,0.467,0.2141,46.0,9.049,3,image+text
synth_full_00846,full,What color is the large rectangle?,the large rectangle is blue,teal | teal | green,False,0.0,1.0,1.0,True,1,the large rectangle is blue,the large rectangle is blue,blue,0.7184,0.3538,0.3538,0.0,47.5,9.049,2,image+text
synth_full_00847,full,What color is the circle?,red,maroon | dark red | red,True,0.6667,1.0,1.0,False,1,red,red,red,0.4782,0.3018,0.1655,0.0,46.5,9.049,2,image+text
synth_full_00848,full,Is the circle on the left or right side?,is the circle on the left side,left | left | center,True,0.6667,0.6,0.6667,False,1,is the circle on the left side,right side,left,0.9624,0.4383,0.3024,0.2102,43.0,9.049,3,image+text
synth_full_00849,full,What color is the large rectangle?,large rectangle,yellow | yellow | yellow,False,0.0,0.6,0.6667,True,2,a yellow square,large rectangle,large rectangle,0.842,0.3072,0.2144,0.3083,43.5,9.049,3,image+text
synth_full_00850,full,Is there a red shape in this image?,yes,yes | yes | yes,True,1.0,1.0,1.0,False,1,yes,yes,yes,0.547,0.3214,0.2143,0.0,46.5,9.049,2,image+text
synth_full_00851,full,What color is the background?,the background is white,cream | white | beige,True,0.3333,1.0,1.0,False,1,the background is white,the background is white,white,0.6209,0.3046,0.3058,0.0,44.0,9.049,2,image+text
synth_full_00852,full,What color is the background?,white,white | white | white,True,1.0,1.0,1.0,False,1,white,white,white,0.4825,0.3054,0.1666,0.0,40.5,9.049,2,image+text
synth_full_00853,full,What color is the circle?,the circle is green,cyan | cyan | teal | teal,False,0.0,1.0,1.0,True,1,the circle is green,the circle is green,green,0.6148,0.3028,0.3009,0.0,44.0,9.049,2,image+text
synth_full_00854,full,What color is the large rectangle?,red,red | red | red,True,1.0,1.0,1.0,False,1,red,red,red,0.5291,0.3066,0.212,0.0,45.5,9.049,2,image+text
synth_full_00855,full,What color is the circle in this image?,red,red | red | red,True,1.0,1.0,1.0,False,1,red,red,red,0.4808,0.2566,0.2138,0.0,43.0,9.049,2,image+text
synth_full_00856,full,What color is the large rectangle?,the large rectangle is white,white | white | white,True,1.0,1.0,1.0,False,1,the large rectangle is white,the large rectangle is white,white,0.7092,0.3503,0.3483,0.0,41.5,9.049,2,image+text
synth_full_00857,full,What is the dominant color in this image?,burgundy,maroon | maroon | dark red,False,0.0,1.0,1.0,True,1,burgundy,burgundy,burgundy,0.704,0.3921,0.3008,0.0,44.0,9.049,2,image+text
synth_full_00858,full,What color is the large rectangle?,the large rectangle is green,green | green | green,True,1.0,1.0,1.0,False,1,the large rectangle is green,the large rectangle is green,green,0.707,0.3487,0.3479,0.0,45.0,9.049,2,image+text
synth_full_00859,full,Is there a blue shape in this image?,yes,no | no | no,False,0.0,1.0,1.0,True,1,yes,yes,yes,0.4835,0.2592,0.2122,0.0,42.0,9.049,2,image+text
synth_full_00860,full,What color is the circle?,the circle is green,cyan | cyan | teal | teal,False,0.0,1.0,1.0,True,1,the circle is green,the circle is green,green,0.6421,0.3237,0.3065,0.0,42.0,9.049,2,image+text
synth_full_00861,full,What color is the circle?,a red circle,brown | brown | maroon,False,0.0,0.6,0.6667,True,1,a red circle,maroon,red,0.7927,0.3038,0.2602,0.2167,40.5,9.049,3,image+text
synth_full_00862,full,Is the background color light or dark?,light,light | light | light,True,1.0,0.6,0.6667,False,2,dark,light,light,0.6675,0.2122,0.2125,0.231,43.0,9.049,3,image+text
synth_full_00863,full,What color is the background?,blue,blue | blue | blue,True,1.0,1.0,1.0,False,1,blue,blue,blue,0.5427,0.3129,0.2188,0.0,42.0,9.049,2,image+text
synth_full_00864,full,Is there a green shape in this image?,yes,no | no | no,False,0.0,1.0,1.0,True,1,yes,yes,yes,0.4916,0.2624,0.2184,0.0,42.0,9.049,2,image+text
synth_full_00865,full,Is there a purple shape in this image?,yes,no | no | no,False,0.0,1.0,1.0,True,1,yes,yes,yes,0.4907,0.2646,0.2154,0.0,42.0,9.049,2,image+text
synth_full_00866,full,What color is the circle in this image?,yellow,yellow | yellow | yellow,True,1.0,1.0,1.0,False,1,yellow,yellow,yellow,0.582,0.3072,0.264,0.0,45.5,9.049,2,image+text
synth_full_00867,full,What color is the large rectangle?,the large rectangle is green,green | green | green,True,1.0,1.0,1.0,False,1,the large rectangle is green,the large rectangle is green,green,0.7363,0.3744,0.3509,0.0,44.0,9.049,2,image+text
synth_full_00868,full,Is there a red shape in this image?,yes,yes | yes | yes,True,1.0,1.0,1.0,False,1,yes,yes,yes,0.529,0.3032,0.2154,0.0,44.0,9.049,2,image+text
synth_full_00869,full,Is the background color light or dark?,dark,dark | dark | dark,True,1.0,1.0,1.0,False,1,dark,dark,dark,0.442,0.2171,0.2144,0.0,44.5,9.049,2,image+text
synth_full_00870,full,Is the circle on the left or right side?,is the circle on the left side,right | right | right,False,0.0,0.6,0.6667,True,1,is the circle on the left side,right side,left,0.9955,0.4683,0.3032,0.2119,45.0,9.049,3,image+text
synth_full_00871,full,What color is the large rectangle?,green,lime | lime | green,True,0.3333,1.0,1.0,False,1,green,green,green,0.4827,0.3032,0.1683,0.0,44.0,9.049,2,image+text
synth_full_00872,full,What color is the circle in this image?,yellow,yellow | yellow | yellow,True,1.0,1.0,1.0,False,1,yellow,yellow,yellow,0.5787,0.3069,0.2604,0.0,43.0,9.049,2,image+text
synth_full_00873,full,Is there a red shape in this image?,yes,yes | yes | yes,True,1.0,1.0,1.0,False,1,yes,yes,yes,0.5319,0.3062,0.2148,0.0,43.0,9.049,2,image+text
synth_full_00874,full,What color is the circle?,the circle is green,cyan | cyan | teal | teal,False,0.0,1.0,1.0,True,1,the circle is green,the circle is green,green,0.628,0.3064,0.3106,0.0,45.0,9.049,2,image+text
synth_full_00875,full,Is the circle on the left or right side?,a circle on the left side,right | right | right,False,0.0,0.6,0.6667,True,1,a circle on the left side,right side,left,1.0277,0.4935,0.2144,0.3076,46.5,9.049,3,image+text
synth_full_00876,full,What color is the small circle?,green,olive | olive | green,True,0.3333,1.0,1.0,False,1,green,green,green,0.4888,0.3089,0.1693,0.0,47.0,9.049,2,image+text
synth_full_00877,full,Is there a blue shape in this image?,yes,no | no | no,False,0.0,1.0,1.0,True,1,yes,yes,yes,0.4873,0.2606,0.2156,0.0,42.5,9.049,2,image+text
synth_full_00878,full,What is the dominant color in this image?,the dominant color in this image is blue,teal | teal | cyan | blue-green,False,0.0,1.0,1.0,True,1,the dominant color in this image is blue,the dominant color is blue,blue,0.9066,0.4949,0.4005,0.0,39.5,9.049,2,image+text
synth_full_00879,full,Is the circle on the left or right side?,is the circle on the left side,left | left | center,True,0.6667,0.6,0.6667,False,1,is the circle on the left side,right side,left,0.9757,0.4438,0.3059,0.2138,40.0,9.049,3,image+text
synth_full_00880,full,What color is the large rectangle?,the color orange,orange | orange | orange,True,1.0,1.0,1.0,False,1,the color orange,the color orange,orange,0.6105,0.3384,0.2604,0.0,29.5,9.049,2,image+text
synth_full_00881,full,Is the background color light or dark?,dark,dark | dark | dark,True,1.0,1.0,1.0,False,1,dark,dark,dark,0.4383,0.2129,0.2148,0.0,46.5,9.049,2,image+text
synth_full_00882,full,What color is the large rectangle?,red,red | red | red,True,1.0,1.0,1.0,False,1,red,red,red,0.533,0.3072,0.2153,0.0,46.5,9.049,2,image+text
synth_full_00883,full,Is the circle on the left or right side?,a circle on the left side,right | right | right,False,0.0,0.6,0.6667,True,1,a circle on the left side,right side,left,1.0261,0.491,0.2168,0.3056,46.0,9.049,3,image+text
synth_full_00884,full,What is the dominant color in this image?,orange,orange | orange | orange,True,1.0,0.6,0.6667,False,2,the dominant color in this image,orange,orange,0.9436,0.3967,0.3186,0.2161,46.0,9.049,3,image+text
synth_full_00885,full,Is the circle on the left or right side?,a circle on the left side,right | right | right,False,0.0,0.6,0.6667,True,1,a circle on the left side,right side,left,1.0299,0.4914,0.2161,0.3099,46.0,9.049,3,image+text
synth_full_00886,full,What is the dominant color in this image?,the dominant color in this image is purple,purple | purple | purple,True,1.0,1.0,1.0,False,1,the dominant color in this image is purple,the dominant color is purple,purple,0.9068,0.5003,0.3955,0.0,45.0,9.049,2,image+text
synth_full_00887,full,What color is the background?,blue,blue | blue | blue,True,1.0,1.0,1.0,False,1,blue,blue,blue,0.5271,0.3027,0.2136,0.0,46.0,9.049,2,image+text
synth_full_00888,full,What is the dominant color in this image?,the dominant color in this image is green,green | green | green,True,1.0,1.0,1.0,False,1,the dominant color in this image is green,the dominant color is green,green,0.8551,0.4943,0.3501,0.0,47.0,9.049,2,image+text
synth_full_00889,full,What color is the large rectangle?,blue,blue | blue | blue,True,1.0,1.0,1.0,False,1,blue,blue,blue,0.4871,0.2606,0.2156,0.0,45.5,9.049,2,image+text
synth_full_00890,full,Is the background color light or dark?,a dark background,dark | dark | medium,True,0.6667,1.0,1.0,False,1,a dark background,a dark background,dark,0.6317,0.3117,0.3088,0.0,46.5,9.049,2,image+text
synth_full_00891,full,What color is the background?,white,white | white | white,True,1.0,1.0,1.0,False,1,white,white,white,0.4821,0.3045,0.1665,0.0,44.0,9.049,2,image+text
synth_full_00892,full,What color is the large rectangle?,red,red | red | red,True,1.0,1.0,1.0,False,1,red,red,red,0.5268,0.3035,0.213,0.0,43.0,9.049,2,image+text
synth_full_00893,full,What color is the circle?,the circle is green,cyan | cyan | teal | teal,False,0.0,1.0,1.0,True,1,the circle is green,the circle is green,green,0.626,0.3077,0.3075,0.0,46.0,9.049,2,image+text
synth_full_00894,full,Is the background color light or dark?,dark,dark | dark | dark,True,1.0,1.0,1.0,False,1,dark,dark,dark,0.4384,0.2136,0.2139,0.0,47.5,9.049,2,image+text
synth_full_00895,full,What color is the circle in this image?,blue,blue | blue | blue,True,1.0,1.0,1.0,False,1,blue,blue,blue,0.4868,0.261,0.2146,0.0,47.5,9.049,2,image+text
synth_full_00896,full,What color is the background?,blue,blue | blue | blue,True,1.0,1.0,1.0,False,1,blue,blue,blue,0.533,0.3071,0.2154,0.0,42.0,9.049,2,image+text
synth_full_00897,full,What is the dominant color in this image?,a blue background,navy | navy | blue | dark blue,True,0.6667,1.0,1.0,False,1,a blue background,navy blue,blue,0.528,0.3035,0.2135,0.0,40.5,9.049,2,image+text
synth_full_00898,full,Is the background color light or dark?,light,light | light | light,True,1.0,0.6,0.6667,False,2,dark,light,light,0.6503,0.2119,0.2125,0.2144,46.0,9.049,3,image+text
synth_full_00899,full,What color is the large rectangle?,red,red | red | red,True,1.0,1.0,1.0,False,1,red,red,red,0.5279,0.3035,0.2134,0.0,46.5,9.049,2,image+text
synth_full_00900,full,What color is the large rectangle?,a large rectangle,pink | pink | pink,False,0.0,0.6,0.6667,True,1,a large rectangle,pink,large rectangle,0.8616,0.3273,0.2136,0.3079,40.5,9.049,3,image+text
synth_full_00901,full,What is the dominant color in this image?,orange,orange | orange | orange,True,1.0,0.6,0.6667,False,2,the dominant color in this image,orange,orange,0.9627,0.424,0.3104,0.2159,43.0,9.049,3,image+text
synth_full_00902,full,What color is the large rectangle?,the large rectangle is green,green | green | green,True,1.0,1.0,1.0,False,1,the large rectangle is green,the large rectangle is green,green,0.72,0.3553,0.3532,0.0,41.0,9.049,2,image+text
synth_full_00903,full,What is the dominant color in this image?,the dominant color in this image is green,olive | olive | green | dark green,True,0.6667,1.0,1.0,False,1,the dominant color in this image is green,the dominant color in this image is green,green,1.0232,0.5112,0.5003,0.0,40.0,9.049,2,image+text
synth_full_00904,full,What color is the large rectangle?,a large rectangle,pink | pink | pink,False,0.0,0.6,0.6667,True,1,a large rectangle,pink,large rectangle,0.8483,0.3084,0.2174,0.3103,42.5,9.049,3,image+text
synth_full_00905,full,Is there a blue shape in this image?,yes,no | no | no,False,0.0,1.0,1.0,True,1,yes,yes,yes,0.4876,0.2616,0.2136,0.0,45.5,9.049,2,image+text
synth_full_00906,full,What color is the background?,blue,blue | blue | blue,True,1.0,1.0,1.0,False,1,blue,blue,blue,0.5324,0.3067,0.2152,0.0,42.0,9.049,2,image+text
synth_full_00907,full,What color is the circle?,the circle is green,cyan | cyan | teal | teal,False,0.0,1.0,1.0,True,1,the circle is green,the circle is green,green,0.6245,0.3072,0.3067,0.0,42.5,9.049,2,image+text
synth_full_00908,full,Is there a red shape in this image?,yes,yes | yes | yes,True,1.0,1.0,1.0,False,1,yes,yes,yes,0.5551,0.329,0.2149,0.0,38.0,9.049,2,image+text
synth_full_00909,full,What color is the large rectangle?,the color orange,orange | orange | orange,True,1.0,1.0,1.0,False,1,the color orange,the color orange,orange,0.5825,0.3087,0.2625,0.0,41.5,9.049,2,image+text
synth_full_00910,full,What is the dominant color in this image?,burgundy,maroon | maroon | dark red,False,0.0,1.0,1.0,True,1,burgundy,burgundy,burgundy,0.7107,0.3942,0.3054,0.0,47.0,9.049,2,image+text
synth_full_00911,full,What color is the large rectangle?,the large rectangle is blue,teal | teal | green,False,0.0,1.0,1.0,True,1,the large rectangle is blue,the large rectangle is blue,blue,0.7143,0.3528,0.3505,0.0,47.5,9.049,2,image+text
synth_full_00912,full,Is the circle on the left or right side?,is the circle on the left side,left | left | left,True,1.0,1.0,1.0,False,1,is the circle on the left side,Is the circle on the left side,left,0.9437,0.4416,0.4904,0.0,38.0,9.049,2,image+text
synth_full_00913,full,Is the circle on the left or right side?,is the circle on the left side,left | left | left,True,1.0,1.0,1.0,False,1,is the circle on the left side,is the circle on the left side,left,0.9702,0.4684,0.4911,0.0,38.0,9.049,2,image+text
synth_full_00914,full,What is the dominant color in this image?,the dominant color in this image is yellow,yellow | yellow | yellow,True,1.0,0.6,0.6667,False,1,the dominant color in this image is yellow,a dominant color in this image,yellow,1.158,0.4899,0.4439,0.2117,43.0,9.049,3,image+text
synth_full_00915,full,What is the dominant color in this image?,the dominant color is brown,brown | brown | brown,True,1.0,1.0,1.0,False,1,the dominant color is brown,the dominant color is brown,brown,0.8115,0.4015,0.3987,0.0,43.5,9.049,2,image+text
synth_full_00916,full,What is the dominant color in this image?,blue is the dominant color in this image,blue | blue | blue,True,1.0,1.0,1.0,False,1,blue is the dominant color in this image,blue is the dominant color in this image,blue,0.9903,0.4894,0.4899,0.0,38.5,9.049,2,image+text
synth_full_00917,full,Is the background color light or dark?,dark background,dark | dark | dark,True,1.0,1.0,1.0,False,1,dark background,dark background,dark,0.4826,0.2596,0.2119,0.0,40.0,9.049,2,image+text
synth_full_00918,full,What is the dominant color in this image?,blue,cyan | cyan | blue,True,0.3333,0.6,0.6667,False,2,cyan,blue,blue,0.7382,0.3026,0.2119,0.2116,44.0,9.049,3,image+text
synth_full_00919,full,What is the dominant color in this image?,the dominant color in this image is purple,purple | purple | purple,True,1.0,1.0,1.0,False,1,the dominant color in this image is purple,the dominant color is purple,purple,0.9018,0.4873,0.4036,0.0,41.5,9.049,2,image+text
synth_full_00920,full,Is the circle on the left or right side?,a circle on the left side,right | right | right,False,0.0,0.6,0.6667,True,1,a circle on the left side,right side,left,1.0492,0.5143,0.2146,0.3074,30.0,9.049,3,image+text
synth_full_00921,full,Is there a blue shape in this image?,yes,yes | yes | yes,True,1.0,1.0,1.0,False,1,yes,yes,yes,0.5067,0.2784,0.218,0.0,41.5,9.049,2,image+text
synth_full_00922,full,What color is the circle?,red,maroon | dark red | red,True,0.6667,1.0,1.0,False,1,red,red,red,0.4843,0.3064,0.1675,0.0,42.0,9.049,2,image+text
synth_full_00923,full,What is the dominant color in this image?,the dominant color in this image is green,green | green | green,True,1.0,1.0,1.0,False,1,the dominant color in this image is green,the dominant color is green,green,0.8582,0.4918,0.3551,0.0,45.5,9.049,2,image+text
synth_full_00924,full,Is the background color light or dark?,dark background,dark | dark | dark,True,1.0,1.0,1.0,False,1,dark background,dark background,dark,0.4873,0.2621,0.2145,0.0,46.5,9.049,2,image+text
synth_full_00925,full,What is the dominant color in this image?,orange,orange | orange | orange,True,1.0,0.6,0.6667,False,2,the dominant color in this image,orange,orange,0.9411,0.405,0.3095,0.2144,43.0,9.049,3,image+text
synth_full_00926,full,Is the background color light or dark?,a dark background,dark | dark | medium,True,0.6667,1.0,1.0,False,1,a dark background,a dark background,dark,0.6264,0.3063,0.3088,0.0,42.5,9.049,2,image+text
synth_full_00927,full,Is there a red shape in this image?,yes,yes | yes | yes,True,1.0,1.0,1.0,False,1,yes,yes,yes,0.5288,0.3057,0.2119,0.0,45.5,9.049,2,image+text
synth_full_00928,full,Is the background color light or dark?,a dark background,dark | dark | medium,True,0.6667,1.0,1.0,False,1,a dark background,a dark background,dark,0.6157,0.3018,0.3034,0.0,46.5,9.049,2,image+text
synth_full_00929,full,What color is the large rectangle?,red,maroon | maroon | dark red,True,0.3333,1.0,1.0,False,1,red,red,red,0.5422,0.3155,0.2156,0.0,47.5,9.049,2,image+text
synth_full_00930,full,What color is the large rectangle?,the large rectangle is white,white | white | white,True,1.0,1.0,1.0,False,1,the large rectangle is white,the large rectangle is white,white,0.7213,0.3551,0.355,0.0,46.5,9.049,2,image+text
synth_full_00931,full,Is there a purple shape in this image?,yes,yes | yes | yes,True,1.0,1.0,1.0,False,1,yes,yes,yes,0.4868,0.2625,0.214,0.0,45.0,9.049,2,image+text
synth_full_00932,full,Is the circle on the left or right side?,is the circle on the left side,left | left | center,True,0.6667,0.6,0.6667,False,1,is the circle on the left side,right side,left,0.9972,0.461,0.308,0.2164,44.0,9.049,3,image+text
synth_full_00933,full,Is the background color light or dark?,light blue,light | light | medium,False,0.0,1.0,1.0,True,1,light blue,light blue,blue,0.4592,0.2248,0.2239,0.0,44.0,9.049,2,image+text
synth_full_00934,full,Is the circle on the left or right side?,is the circle on the left side,left | left | left,True,1.0,1.0,1.0,False,1,is the circle on the left side,Is the circle on the left side,left,0.9415,0.4395,0.4903,0.0,41.0,9.049,2,image+text
synth_full_00935,full,Is the background color light or dark?,dark background,dark | dark | dark,True,1.0,1.0,1.0,False,1,dark background,dark background,dark,0.4831,0.2595,0.2127,0.0,41.0,9.049,2,image+text
synth_full_00936,full,What color is the large rectangle?,green,lime | lime | green,True,0.3333,1.0,1.0,False,1,green,green,green,0.4825,0.3036,0.1685,0.0,43.0,9.049,2,image+text
synth_full_00937,full,Is there a red shape in this image?,yes,yes | yes | yes,True,1.0,1.0,1.0,False,1,yes,yes,yes,0.5405,0.3049,0.2247,0.0,44.0,9.049,2,image+text
synth_full_00938,full,What color is the circle?,pink,pink | pink | pink,True,1.0,1.0,1.0,False,1,pink,pink,pink,0.5341,0.2615,0.2608,0.0,44.5,9.049,2,image+text
synth_full_00939,full,What color is the large rectangle?,large rectangle,yellow | yellow | yellow,False,0.0,0.6,0.6667,True,2,a yellow square,large rectangle,large rectangle,0.8424,0.3102,0.2126,0.3077,44.5,9.049,3,image+text
synth_full_00940,full,Is the circle on the left or right side?,is the circle on the left side,left | left | left,True,1.0,1.0,1.0,False,1,is the circle on the left side,Is the circle on the left side,left,0.9982,0.4662,0.5203,0.0,40.0,9.049,2,image+text
synth_full_00941,full,What color is the large rectangle?,the large rectangle is purple,purple | purple | purple,True,1.0,1.0,1.0,False,1,the large rectangle is purple,the large rectangle is purple,purple,0.7222,0.3544,0.3566,0.0,43.0,9.049,2,image+text
synth_full_00942,full,What color is the large rectangle?,the large rectangle is green,green | green | green,True,1.0,1.0,1.0,False,1,the large rectangle is green,the large rectangle is green,green,0.7379,0.3717,0.3546,0.0,46.0,9.049,2,image+text
synth_full_00943,full,What color is the large rectangle?,a large rectangle,pink | pink | pink,False,0.0,0.6,0.6667,True,1,a large rectangle,pink,large rectangle,0.8476,0.3152,0.2138,0.3065,46.0,9.049,3,image+text
synth_full_00944,full,What color is the large rectangle?,red,red | red | red,True,1.0,1.0,1.0,False,1,red,red,red,0.5583,0.3272,0.2201,0.0,44.5,9.049,2,image+text
synth_full_00945,full,What is the dominant color in this image?,red is the dominant color in this image,red | red | red,True,1.0,1.0,1.0,False,1,red is the dominant color in this image,red is the dominant color in this image,red,1.0144,0.4929,0.5102,0.0,40.0,9.049,2,image+text
synth_full_00946,full,What color is the background?,navy blue,navy | dark blue | blue,True,0.6667,1.0,1.0,False,1,navy blue,navy blue,blue,0.4441,0.2165,0.2167,0.0,41.5,9.049,2,image+text
synth_full_00947,full,What color is the circle in this image?,yellow,yellow | yellow | yellow,True,1.0,1.0,1.0,False,1,yellow,yellow,yellow,0.5787,0.3084,0.2591,0.0,45.5,9.049,2,image+text
synth_full_00948,full,Is the circle on the left or right side?,is the circle on the left side,left | left | left,True,1.0,1.0,1.0,False,1,is the circle on the left side,is the circle on the left side,left,0.9426,0.4411,0.4905,0.0,42.0,9.049,2,image+text
synth_full_00949,full,What is the dominant color in this image?,the dominant color in this image is green,green | green | green,True,1.0,1.0,1.0,False,1,the dominant color in this image is green,the dominant color is green,green,0.8522,0.486,0.3557,0.0,43.0,9.049,2,image+text
synth_full_00950,full,What color is the circle in this image?,blue,blue | blue | blue,True,1.0,1.0,1.0,False,1,blue,blue,blue,0.4892,0.2626,0.2157,0.0,47.0,9.049,2,image+text
synth_full_00951,full,Is the circle on the left or right side?,is the circle on the left side,left | left | center,True,0.6667,0.6,0.6667,False,1,is the circle on the left side,right side,left,0.9817,0.4453,0.3085,0.2148,46.5,9.049,3,image+text
synth_full_00952,full,What is the dominant color in this image?,the dominant color in this image is green,olive | olive | green | dark green,True,0.6667,1.0,1.0,False,1,the dominant color in this image is green,the dominant color in this image is green,green,0.9987,0.4932,0.4939,0.0,45.5,9.049,2,image+text
synth_full_00953,full,What color is the circle?,pink,pink | pink | pink,True,1.0,1.0,1.0,False,1,pink,pink,pink,0.5412,0.2664,0.2641,0.0,39.0,9.049,2,image+text
synth_full_00954,full,What color is the circle?,pink,pink | pink | pink,True,1.0,1.0,1.0,False,1,pink,pink,pink,0.5266,0.2574,0.2583,0.0,43.5,9.049,2,image+text
synth_full_00955,full,Is the background color light or dark?,a dark background,dark | dark | medium,True,0.6667,1.0,1.0,False,1,a dark background,a dark background,dark,0.624,0.3077,0.3055,0.0,47.0,9.049,2,image+text
synth_full_00956,full,What color is the large rectangle?,red,red | red | red,True,1.0,1.0,1.0,False,1,red,red,red,0.5247,0.3021,0.2114,0.0,47.0,9.049,2,image+text
synth_full_00957,full,Is the background color light or dark?,light,light | light | light,True,1.0,0.6,0.6667,False,2,dark,light,light,0.646,0.2115,0.2116,0.2111,46.5,9.049,3,image+text
synth_full_00958,full,Is the background color light or dark?,dark background,dark | dark | dark,True,1.0,1.0,1.0,False,1,dark background,dark background,dark,0.4821,0.257,0.2143,0.0,44.5,9.049,2,image+text
synth_full_00959,full,What color is the large rectangle?,the large rectangle is green,green | green | green,True,1.0,1.0,1.0,False,1,the large rectangle is green,the large rectangle is green,green,0.724,0.3565,0.3563,0.0,44.5,9.049,2,image+text
synth_full_00960,full,Is there a purple shape in this image?,yes,no | no | no,False,0.0,1.0,1.0,True,1,yes,yes,yes,0.5081,0.2819,0.2143,0.0,41.5,9.049,2,image+text
synth_full_00961,full,Is the background color light or dark?,light,light | light | light,True,1.0,0.6,0.6667,False,2,dark,light,light,0.6567,0.215,0.2153,0.2149,46.5,9.049,3,image+text
synth_full_00962,full,What is the dominant color in this image?,the dominant color in this image is yellow,yellow | yellow | yellow,True,1.0,0.6,0.6667,False,1,the dominant color in this image is yellow,a dominant color in this image,yellow,1.182,0.4966,0.4524,0.2199,45.5,9.049,3,image+text
synth_full_00963,full,What color is the circle?,the circle is green,olive | olive | brown,False,0.0,1.0,1.0,True,1,the circle is green,the circle is green,green,0.6271,0.3075,0.3085,0.0,46.0,9.049,2,image+text
synth_full_00964,full,What color is the large rectangle?,green,lime | lime | green,True,0.3333,1.0,1.0,False,1,green,green,green,0.4991,0.3189,0.169,0.0,46.0,9.049,2,image+text
synth_full_00965,full,What color is the circle in this image?,blue,blue | blue | blue,True,1.0,1.0,1.0,False,1,blue,blue,blue,0.4858,0.2597,0.2151,0.0,44.5,9.049,2,image+text
synth_full_00966,full,What color is the small circle?,green,lime | lime | yellow-green,False,0.0,1.0,1.0,True,1,green,green,green,0.5318,0.3063,0.2146,0.0,45.5,9.049,2,image+text
synth_full_00967,full,Is the background color light or dark?,dark background,dark | dark | dark,True,1.0,1.0,1.0,False,1,dark background,dark background,dark,0.4879,0.2651,0.212,0.0,44.0,9.049,2,image+text
synth_full_00968,full,What color is the circle in this image?,blue,blue | blue | blue,True,1.0,1.0,1.0,False,1,blue,blue,blue,0.5246,0.2851,0.2289,0.0,42.0,9.049,2,image+text
synth_full_00969,full,What color is the circle in this image?,blue,blue | blue | blue,True,1.0,1.0,1.0,False,1,blue,blue,blue,0.4911,0.2621,0.2183,0.0,41.5,9.049,2,image+text
synth_full_00970,full,Is there a blue shape in this image?,yes,no | no | no,False,0.0,1.0,1.0,True,1,yes,yes,yes,0.5044,0.266,0.2276,0.0,41.5,9.049,2,image+text
synth_full_00971,full,What color is the large rectangle?,brown color,brown | brown | brown,True,1.0,1.0,1.0,False,1,brown color,brown color,brown,0.5366,0.2608,0.2647,0.0,42.0,9.049,2,image+text
synth_full_00972,full,What color is the circle in this image?,red,red | red | red,True,1.0,1.0,1.0,False,1,red,red,red,0.4882,0.262,0.2153,0.0,42.0,9.049,2,image+text
synth_full_00973,full,What color is the large rectangle?,the color orange,orange | orange | orange,True,1.0,1.0,1.0,False,1,the color orange,the color orange,orange,0.5878,0.3105,0.2665,0.0,44.5,9.049,2,image+text
synth_full_00974,full,Is there a purple shape in this image?,yes,no | no | no,False,0.0,1.0,1.0,True,1,yes,yes,yes,0.4813,0.2592,0.2113,0.0,44.5,9.049,2,image+text
synth_full_00975,full,What is the dominant color in this image?,a blue background,navy | navy | blue | dark blue,True,0.6667,1.0,1.0,False,1,a blue background,navy blue,blue,0.5383,0.3043,0.2233,0.0,43.0,9.049,2,image+text
synth_full_00976,full,What color is the circle in this image?,blue,blue | blue | blue,True,1.0,1.0,1.0,False,1,blue,blue,blue,0.4821,0.2577,0.2119,0.0,43.5,9.049,2,image+text
synth_full_00977,full,What is the dominant color in this image?,orange,orange | orange | orange,True,1.0,0.6,0.6667,False,2,the dominant color in this image,orange,orange,0.9362,0.4056,0.3062,0.2124,42.0,9.049,3,image+text
synth_full_00978,full,Is the background color light or dark?,dark,dark | dark | dark,True,1.0,1.0,1.0,False,1,dark,dark,dark,0.4362,0.2132,0.2123,0.0,42.5,9.049,2,image+text
synth_full_00979,full,Is the circle on the left or right side?,a circle on the left side,right | right | right,False,0.0,0.6,0.6667,True,1,a circle on the left side,right side,left,1.0477,0.49,0.2121,0.3333,45.5,9.049,3,image+text
synth_full_00980,full,What is the dominant color in this image?,the dominant color in this image is green,green | green | green,True,1.0,1.0,1.0,False,1,the dominant color in this image is green,the dominant color is green,green,0.8814,0.5127,0.3564,0.0,33.5,9.049,2,image+text
synth_full_00981,full,What color is the circle in this image?,blue,blue | blue | blue,True,1.0,1.0,1.0,False,1,blue,blue,blue,0.4872,0.2615,0.2139,0.0,47.0,9.049,2,image+text
synth_full_00982,full,What is the dominant color in this image?,red is the dominant color in this image,red | red | red,True,1.0,1.0,1.0,False,1,red is the dominant color in this image,red is the dominant color in this image,red,0.9973,0.4925,0.494,0.0,46.0,9.049,2,image+text
synth_full_00983,full,What color is the small circle?,green,olive | olive | green,True,0.3333,1.0,1.0,False,1,green,green,green,0.4864,0.3074,0.1687,0.0,39.5,9.049,2,image+text
synth_full_00984,full,What color is the circle in this image?,yellow,yellow | yellow | yellow,True,1.0,1.0,1.0,False,1,yellow,yellow,yellow,0.58,0.3076,0.2617,0.0,44.0,9.049,2,image+text
synth_full_00985,full,What color is the circle?,the circle is green,cyan | cyan | teal | teal,False,0.0,1.0,1.0,True,1,the circle is green,the circle is green,green,0.6291,0.3106,0.3073,0.0,46.5,9.049,2,image+text
synth_full_00986,full,What color is the background?,white,white | white | white,True,1.0,1.0,1.0,False,1,white,white,white,0.4832,0.3051,0.1668,0.0,46.5,9.049,2,image+text
synth_full_00987,full,What is the dominant color in this image?,the dominant color in this image is purple,purple | purple | purple,True,1.0,1.0,1.0,False,1,the dominant color in this image is purple,the dominant color is purple,purple,0.9187,0.5063,0.4015,0.0,46.0,9.049,2,image+text
synth_full_00988,full,What color is the circle in this image?,yellow,yellow | yellow | yellow,True,1.0,1.0,1.0,False,1,yellow,yellow,yellow,0.5886,0.3073,0.2708,0.0,45.0,9.049,2,image+text
synth_full_00989,full,What color is the background?,blue,blue | blue | blue,True,1.0,1.0,1.0,False,1,blue,blue,blue,0.5332,0.3069,0.2154,0.0,45.5,9.049,2,image+text
synth_full_00990,full,Is the background color light or dark?,dark blue,dark | dark | dark,False,0.0,1.0,1.0,True,1,dark blue,dark blue,blue,0.462,0.2392,0.2118,0.0,43.0,9.049,2,image+text
synth_full_00991,full,What color is the circle?,the circle is green,cyan | cyan | teal | teal,False,0.0,1.0,1.0,True,1,the circle is green,the circle is green,green,0.618,0.3033,0.3037,0.0,43.0,9.049,2,image+text
synth_full_00992,full,What is the dominant color in this image?,red is the dominant color in this image,red | red | red,True,1.0,1.0,1.0,False,1,red is the dominant color in this image,red is the dominant color in this image,red,1.0201,0.5103,0.4992,0.0,43.5,9.049,2,image+text
synth_full_00993,full,What color is the background?,gray,gray | gray | grey,True,0.6667,1.0,1.0,False,1,gray,gray,gray,0.4418,0.2162,0.2146,0.0,44.0,9.049,2,image+text
synth_full_00994,full,What color is the background?,blue,blue | blue | blue,True,1.0,1.0,1.0,False,1,blue,blue,blue,0.5349,0.3072,0.2161,0.0,42.5,9.049,2,image+text
synth_full_00995,full,What is the dominant color in this image?,the dominant color in this image is green,green | green | green,True,1.0,1.0,1.0,False,1,the dominant color in this image is green,the dominant color is green,green,0.8566,0.4921,0.3534,0.0,39.0,9.049,2,image+text
synth_full_00996,full,What color is the large rectangle?,a large rectangle,pink | pink | pink,False,0.0,0.6,0.6667,True,1,a large rectangle,pink,large rectangle,0.8366,0.3027,0.2157,0.3065,43.5,9.049,3,image+text
synth_full_00997,full,What is the dominant color in this image?,the dominant color is brown,brown | brown | brown,True,1.0,1.0,1.0,False,1,the dominant color is brown,the dominant color is brown,brown,0.8133,0.4008,0.4015,0.0,43.5,9.049,2,image+text
synth_full_00998,full,What color is the large rectangle?,the large rectangle is white,white | white | white,True,1.0,1.0,1.0,False,1,the large rectangle is white,the large rectangle is white,white,0.722,0.3535,0.3578,0.0,38.5,9.049,2,image+text
synth_full_00999,full,What color is the large rectangle?,blue,blue | blue | blue,True,1.0,1.0,1.0,False,1,blue,blue,blue,0.4939,0.2708,0.2119,0.0,41.0,9.049,2,image+text
