sample_id,condition,question,answer,ground_truth,is_correct,vqa_accuracy_score,confidence,consistency,hallucination_flag,selected_pass,pass1_answer,pass2_answer,pass3_answer,latency_total_s,latency_pass1_s,latency_pass2_s,latency_pass3_s,gpu_util_avg_pct,peak_gpu_mem_gb,num_model_calls,modality
synth_no_pass2_00000,no_pass2,What color is the background?,blue,blue | blue | blue,True,1.0,1.0,1.0,False,1,blue,blue,blue,1.3593,0.3624,0.0,0.0,18.5,9.14,1,image+text
synth_no_pass2_00001,no_pass2,What color is the large rectangle?,red,maroon | maroon | dark red,True,0.3333,1.0,1.0,False,1,red,red,red,0.3168,0.3071,0.0,0.0,40.5,9.14,1,image+text
synth_no_pass2_00002,no_pass2,What color is the circle?,a red circle,brown | brown | maroon,False,0.0,1.0,1.0,True,1,a red circle,a red circle,red,0.3277,0.3183,0.0,0.0,44.0,9.14,1,image+text
synth_no_pass2_00003,no_pass2,Is there a red shape in this image?,yes,no | no | no,False,0.0,1.0,1.0,True,1,yes,yes,yes,0.2725,0.2628,0.0,0.0,42.5,9.14,1,image+text
synth_no_pass2_00004,no_pass2,What color is the background?,navy blue,navy | dark blue | blue,True,0.6667,1.0,1.0,False,1,navy blue,navy blue,blue,0.2216,0.2123,0.0,0.0,40.5,9.14,1,image+text
synth_no_pass2_00005,no_pass2,What color is the circle in this image?,red,red | red | red,True,1.0,1.0,1.0,False,1,red,red,red,0.2655,0.2563,0.0,0.0,42.0,9.14,1,image+text
synth_no_pass2_00006,no_pass2,What is the dominant color in this image?,the dominant color in this image is green,green | green | green,True,1.0,1.0,1.0,False,1,the dominant color in this image is green,the dominant color in this image is green,green,0.4959,0.4865,0.0,0.0,41.0,9.14,1,image+text
synth_no_pass2_00007,no_pass2,What color is the background?,gray,gray | gray | grey,True,0.6667,1.0,1.0,False,1,gray,gray,gray,0.2218,0.2119,0.0,0.0,38.5,9.14,1,image+text
synth_no_pass2_00008,no_pass2,What color is the background?,the background is white,cream | white | beige,True,0.3333,1.0,1.0,False,1,the background is white,the background is white,white,0.3119,0.3026,0.0,0.0,43.5,9.14,1,image+text
synth_no_pass2_00009,no_pass2,What color is the large rectangle?,navy blue,navy | dark blue | navy,True,0.3333,1.0,1.0,False,1,navy blue,navy blue,blue,0.2196,0.2105,0.0,0.0,46.0,9.14,1,image+text
synth_no_pass2_00010,no_pass2,What color is the small circle?,green,olive | olive | green,True,0.3333,1.0,1.0,False,1,green,green,green,0.3129,0.3033,0.0,0.0,43.5,9.14,1,image+text
synth_no_pass2_00011,no_pass2,What color is the large rectangle?,the large rectangle is green,green | green | green,True,1.0,1.0,1.0,False,1,the large rectangle is green,the large rectangle is green,green,0.3669,0.3578,0.0,0.0,42.5,9.14,1,image+text
synth_no_pass2_00012,no_pass2,What is the dominant color in this image?,the dominant color in this image is green,green | green | green,True,1.0,1.0,1.0,False,1,the dominant color in this image is green,the dominant color in this image is green,green,0.5013,0.492,0.0,0.0,41.0,9.14,1,image+text
synth_no_pass2_00013,no_pass2,What color is the large rectangle?,the large rectangle is white,white | white | white,True,1.0,1.0,1.0,False,1,the large rectangle is white,the large rectangle is white,white,0.3627,0.3531,0.0,0.0,40.5,9.14,1,image+text
synth_no_pass2_00014,no_pass2,What color is the circle in this image?,yellow,yellow | yellow | yellow,True,1.0,1.0,1.0,False,1,yellow,yellow,yellow,0.3181,0.3086,0.0,0.0,44.0,9.14,1,image+text
synth_no_pass2_00015,no_pass2,What color is the circle?,the circle is green,olive | olive | brown,False,0.0,1.0,1.0,True,1,the circle is green,the circle is green,green,0.3194,0.3102,0.0,0.0,46.0,9.14,1,image+text
synth_no_pass2_00016,no_pass2,What is the dominant color in this image?,the dominant color in this image is purple,purple | purple | purple,True,1.0,1.0,1.0,False,1,the dominant color in this image is purple,the dominant color in this image is purple,purple,0.5049,0.4955,0.0,0.0,43.5,9.14,1,image+text
synth_no_pass2_00017,no_pass2,What color is the large rectangle?,the large rectangle is white,white | white | white,True,1.0,1.0,1.0,False,1,the large rectangle is white,the large rectangle is white,white,0.3614,0.3518,0.0,0.0,42.5,9.14,1,image+text
synth_no_pass2_00018,no_pass2,Is the background color light or dark?,a dark background,dark | dark | medium,True,0.6667,1.0,1.0,False,1,a dark background,a dark background,dark,0.315,0.3053,0.0,0.0,45.0,9.14,1,image+text
synth_no_pass2_00019,no_pass2,What color is the circle?,red,maroon | dark red | red,True,0.6667,1.0,1.0,False,1,red,red,red,0.3146,0.305,0.0,0.0,44.5,9.14,1,image+text
synth_no_pass2_00020,no_pass2,What color is the large rectangle?,the large rectangle is white,white | white | white,True,1.0,1.0,1.0,False,1,the large rectangle is white,the large rectangle is white,white,0.376,0.3661,0.0,0.0,34.5,9.049,1,image+text
synth_no_pass2_00021,no_pass2,What is the dominant color in this image?,the dominant color in this image is purple,purple | purple | purple,True,1.0,1.0,1.0,False,1,the dominant color in this image is purple,the dominant color in this image is purple,purple,0.5092,0.4995,0.0,0.0,34.0,9.049,1,image+text
synth_no_pass2_00022,no_pass2,Is the circle on the left or right side?,is the circle on the left side,left | left | left,True,1.0,1.0,1.0,False,1,is the circle on the left side,is the circle on the left side,left,0.4539,0.4441,0.0,0.0,41.0,9.049,1,image+text
synth_no_pass2_00023,no_pass2,What color is the circle in this image?,red,red | red | red,True,1.0,1.0,1.0,False,1,red,red,red,0.2686,0.2591,0.0,0.0,44.5,9.049,1,image+text
synth_no_pass2_00024,no_pass2,What is the dominant color in this image?,red is the dominant color in this image,red | red | red,True,1.0,1.0,1.0,False,1,red is the dominant color in this image,red is the dominant color in this image,red,0.5001,0.4904,0.0,0.0,41.5,9.049,1,image+text
synth_no_pass2_00025,no_pass2,Is the circle on the left or right side?,is the circle on the left side,right | right | right,False,0.0,1.0,1.0,True,1,is the circle on the left side,is the circle on the left side,left,0.4658,0.4559,0.0,0.0,42.5,9.049,1,image+text
synth_no_pass2_00026,no_pass2,Is the background color light or dark?,dark,light | light | light,False,0.0,1.0,1.0,True,1,dark,dark,dark,0.2283,0.2173,0.0,0.0,42.0,9.049,1,image+text
synth_no_pass2_00027,no_pass2,Is the background color light or dark?,dark background,dark | dark | dark,True,1.0,1.0,1.0,False,1,dark background,dark background,dark,0.269,0.2593,0.0,0.0,41.0,9.049,1,image+text
synth_no_pass2_00028,no_pass2,What is the dominant color in this image?,red is the dominant color in this image,red | red | red,True,1.0,1.0,1.0,False,1,red is the dominant color in this image,red is the dominant color in this image,red,0.5015,0.4919,0.0,0.0,41.5,9.049,1,image+text
synth_no_pass2_00029,no_pass2,Is there a blue shape in this image?,yes,yes | yes | yes,True,1.0,1.0,1.0,False,1,yes,yes,yes,0.2676,0.2583,0.0,0.0,41.5,9.049,1,image+text
synth_no_pass2_00030,no_pass2,What color is the circle in this image?,red,red | red | red,True,1.0,1.0,1.0,False,1,red,red,red,0.2666,0.2568,0.0,0.0,43.0,9.049,1,image+text
synth_no_pass2_00031,no_pass2,What is the dominant color in this image?,the dominant color in this image is green,green | green | green,True,1.0,1.0,1.0,False,1,the dominant color in this image is green,the dominant color in this image is green,green,0.5026,0.4927,0.0,0.0,39.0,9.049,1,image+text
synth_no_pass2_00032,no_pass2,What color is the circle in this image?,blue,blue | blue | blue,True,1.0,1.0,1.0,False,1,blue,blue,blue,0.2712,0.2609,0.0,0.0,40.0,9.049,1,image+text
synth_no_pass2_00033,no_pass2,What color is the small circle?,green,lime | lime | yellow-green,False,0.0,1.0,1.0,True,1,green,green,green,0.3158,0.3062,0.0,0.0,43.5,9.049,1,image+text
synth_no_pass2_00034,no_pass2,What is the dominant color in this image?,cyan,cyan | cyan | blue,True,0.6667,1.0,1.0,False,1,cyan,cyan,cyan,0.3159,0.3058,0.0,0.0,44.0,9.049,1,image+text
synth_no_pass2_00035,no_pass2,Is the background color light or dark?,light blue,light | light | medium,False,0.0,1.0,1.0,True,1,light blue,light blue,blue,0.2391,0.2297,0.0,0.0,41.0,9.049,1,image+text
synth_no_pass2_00036,no_pass2,What is the dominant color in this image?,a blue background,navy | navy | blue | dark blue,True,0.6667,1.0,1.0,False,1,a blue background,a blue background,blue,0.3202,0.3099,0.0,0.0,41.0,9.049,1,image+text
synth_no_pass2_00037,no_pass2,Is there a green shape in this image?,yes,yes | yes | yes,True,1.0,1.0,1.0,False,1,yes,yes,yes,0.2732,0.2637,0.0,0.0,41.5,9.049,1,image+text
synth_no_pass2_00038,no_pass2,Is the circle on the left or right side?,a circle on the left side,right | right | right,False,0.0,1.0,1.0,True,1,a circle on the left side,a circle on the left side,left,0.502,0.4915,0.0,0.0,38.5,9.049,1,image+text
synth_no_pass2_00039,no_pass2,Is the circle on the left or right side?,is the circle on the left side,left | left | left,True,1.0,1.0,1.0,False,1,is the circle on the left side,is the circle on the left side,left,0.4535,0.4437,0.0,0.0,41.0,9.049,1,image+text
synth_no_pass2_00040,no_pass2,What is the dominant color in this image?,burgundy,maroon | maroon | dark red,False,0.0,1.0,1.0,True,1,burgundy,burgundy,burgundy,0.4351,0.425,0.0,0.0,39.0,9.049,1,image+text
synth_no_pass2_00041,no_pass2,What is the dominant color in this image?,the dominant color in this image is purple,purple | purple | purple,True,1.0,1.0,1.0,False,1,the dominant color in this image is purple,the dominant color in this image is purple,purple,0.5063,0.4965,0.0,0.0,38.5,9.049,1,image+text
synth_no_pass2_00042,no_pass2,What is the dominant color in this image?,the dominant color in this image,orange | orange | orange,False,0.0,1.0,1.0,True,1,the dominant color in this image,the dominant color in this image,dominant color in this image,0.4162,0.4059,0.0,0.0,38.5,9.049,1,image+text
synth_no_pass2_00043,no_pass2,What is the dominant color in this image?,the dominant color in this image is blue,teal | teal | cyan | blue-green,False,0.0,1.0,1.0,True,1,the dominant color in this image is blue,the dominant color in this image is blue,blue,0.5064,0.4966,0.0,0.0,38.5,9.049,1,image+text
synth_no_pass2_00044,no_pass2,Is the background color light or dark?,a dark background,dark | dark | medium,True,0.6667,1.0,1.0,False,1,a dark background,a dark background,dark,0.3364,0.3268,0.0,0.0,40.0,9.049,1,image+text
synth_no_pass2_00045,no_pass2,What color is the circle in this image?,blue,blue | blue | blue,True,1.0,1.0,1.0,False,1,blue,blue,blue,0.273,0.2636,0.0,0.0,44.0,9.049,1,image+text
synth_no_pass2_00046,no_pass2,Is the background color light or dark?,dark background,dark | dark | dark,True,1.0,1.0,1.0,False,1,dark background,dark background,dark,0.2721,0.2621,0.0,0.0,44.5,9.049,1,image+text
synth_no_pass2_00047,no_pass2,What is the dominant color in this image?,the dominant color in this image,orange | orange | orange,False,0.0,1.0,1.0,True,1,the dominant color in this image,the dominant color in this image,dominant color in this image,0.4101,0.4,0.0,0.0,43.0,9.049,1,image+text
synth_no_pass2_00048,no_pass2,What color is the circle in this image?,yellow,yellow | yellow | yellow,True,1.0,1.0,1.0,False,1,yellow,yellow,yellow,0.3146,0.3054,0.0,0.0,40.5,9.049,1,image+text
synth_no_pass2_00049,no_pass2,What color is the large rectangle?,the large rectangle is green,green | green | green,True,1.0,1.0,1.0,False,1,the large rectangle is green,the large rectangle is green,green,0.3614,0.3519,0.0,0.0,42.0,9.049,1,image+text
synth_no_pass2_00050,no_pass2,Is there a purple shape in this image?,yes,no | no | no,False,0.0,1.0,1.0,True,1,yes,yes,yes,0.2862,0.2766,0.0,0.0,44.0,9.049,1,image+text
synth_no_pass2_00051,no_pass2,Is there a green shape in this image?,yes,yes | yes | yes,True,1.0,1.0,1.0,False,1,yes,yes,yes,0.272,0.262,0.0,0.0,41.5,9.049,1,image+text
synth_no_pass2_00052,no_pass2,What color is the large rectangle?,the large rectangle is white,white | white | white,True,1.0,1.0,1.0,False,1,the large rectangle is white,the large rectangle is white,white,0.3636,0.3538,0.0,0.0,43.0,9.049,1,image+text
synth_no_pass2_00053,no_pass2,What color is the large rectangle?,red,red | red | red,True,1.0,1.0,1.0,False,1,red,red,red,0.3161,0.3065,0.0,0.0,45.5,9.049,1,image+text
synth_no_pass2_00054,no_pass2,What color is the background?,white,white | white | white,True,1.0,1.0,1.0,False,1,white,white,white,0.3154,0.3059,0.0,0.0,45.0,9.049,1,image+text
synth_no_pass2_00055,no_pass2,What color is the background?,the background is white,cream | white | beige,True,0.3333,1.0,1.0,False,1,the background is white,the background is white,white,0.3185,0.3087,0.0,0.0,45.0,9.049,1,image+text
synth_no_pass2_00056,no_pass2,What color is the large rectangle?,a large rectangle,pink | pink | pink,False,0.0,1.0,1.0,True,1,a large rectangle,a large rectangle,large rectangle,0.3171,0.3074,0.0,0.0,44.0,9.049,1,image+text
synth_no_pass2_00057,no_pass2,Is there a red shape in this image?,yes,yes | yes | yes,True,1.0,1.0,1.0,False,1,yes,yes,yes,0.3184,0.3089,0.0,0.0,43.5,9.049,1,image+text
synth_no_pass2_00058,no_pass2,What color is the large rectangle?,red,red | red | red,True,1.0,1.0,1.0,False,1,red,red,red,0.3158,0.3062,0.0,0.0,42.0,9.049,1,image+text
synth_no_pass2_00059,no_pass2,What is the dominant color in this image?,blue is the dominant color in this image,blue | blue | blue,True,1.0,1.0,1.0,False,1,blue is the dominant color in this image,blue is the dominant color in this image,blue,0.5012,0.4914,0.0,0.0,39.0,9.049,1,image+text
synth_no_pass2_00060,no_pass2,What color is the large rectangle?,red,red | red | red,True,1.0,1.0,1.0,False,1,red,red,red,0.3347,0.3246,0.0,0.0,40.0,9.049,1,image+text
synth_no_pass2_00061,no_pass2,What is the dominant color in this image?,the dominant color in this image is yellow,yellow | yellow | yellow,True,1.0,1.0,1.0,False,1,the dominant color in this image is yellow,the dominant color in this image is yellow,yellow,0.5242,0.5143,0.0,0.0,38.0,9.049,1,image+text
synth_no_pass2_00062,no_pass2,What color is the circle in this image?,red,red | red | red,True,1.0,1.0,1.0,False,1,red,red,red,0.2697,0.2603,0.0,0.0,35.5,9.049,1,image+text
synth_no_pass2_00063,no_pass2,What is the dominant color in this image?,the dominant color in this image is green,green | green | green,True,1.0,1.0,1.0,False,1,the dominant color in this image is green,the dominant color in this image is green,green,0.5077,0.4977,0.0,0.0,42.5,9.049,1,image+text
synth_no_pass2_00064,no_pass2,What is the dominant color in this image?,the dominant color in this image is green,green | green | green,True,1.0,1.0,1.0,False,1,the dominant color in this image is green,the dominant color in this image is green,green,0.5069,0.4953,0.0,0.0,38.0,9.049,1,image+text
synth_no_pass2_00065,no_pass2,Is there a purple shape in this image?,yes,yes | yes | yes,True,1.0,1.0,1.0,False,1,yes,yes,yes,0.2703,0.2598,0.0,0.0,41.0,9.049,1,image+text
synth_no_pass2_00066,no_pass2,What color is the circle in this image?,blue,blue | blue | blue,True,1.0,1.0,1.0,False,1,blue,blue,blue,0.2717,0.2623,0.0,0.0,41.5,9.049,1,image+text
synth_no_pass2_00067,no_pass2,Is there a red shape in this image?,yes,no | no | no,False,0.0,1.0,1.0,True,1,yes,yes,yes,0.2724,0.2629,0.0,0.0,42.0,9.049,1,image+text
synth_no_pass2_00068,no_pass2,What is the dominant color in this image?,blue is the dominant color in this image,blue | blue | blue,True,1.0,1.0,1.0,False,1,blue is the dominant color in this image,blue is the dominant color in this image,blue,0.5064,0.497,0.0,0.0,42.0,9.049,1,image+text
synth_no_pass2_00069,no_pass2,What color is the large rectangle?,red,red | red | red,True,1.0,1.0,1.0,False,1,red,red,red,0.3263,0.3163,0.0,0.0,41.0,9.049,1,image+text
synth_no_pass2_00070,no_pass2,What is the dominant color in this image?,the dominant color in this image is green,olive | olive | green | dark green,True,0.6667,1.0,1.0,False,1,the dominant color in this image is green,the dominant color in this image is green,green,0.5042,0.4942,0.0,0.0,40.0,9.049,1,image+text
synth_no_pass2_00071,no_pass2,What color is the circle in this image?,blue,blue | blue | blue,True,1.0,1.0,1.0,False,1,blue,blue,blue,0.274,0.264,0.0,0.0,40.5,9.049,1,image+text
synth_no_pass2_00072,no_pass2,Is the circle on the left or right side?,a circle on the left side,right | right | right,False,0.0,1.0,1.0,True,1,a circle on the left side,a circle on the left side,left,0.5016,0.4915,0.0,0.0,42.5,9.049,1,image+text
synth_no_pass2_00073,no_pass2,What color is the large rectangle?,red,maroon | maroon | dark red,True,0.3333,1.0,1.0,False,1,red,red,red,0.3158,0.3061,0.0,0.0,43.0,9.049,1,image+text
synth_no_pass2_00074,no_pass2,What color is the circle in this image?,blue,blue | blue | blue,True,1.0,1.0,1.0,False,1,blue,blue,blue,0.2882,0.2787,0.0,0.0,42.0,9.049,1,image+text
synth_no_pass2_00075,no_pass2,What color is the large rectangle?,blue,blue | blue | blue,True,1.0,1.0,1.0,False,1,blue,blue,blue,0.2667,0.2573,0.0,0.0,42.5,9.049,1,image+text
synth_no_pass2_00076,no_pass2,What is the dominant color in this image?,the dominant color in this image is blue,teal | teal | cyan | blue-green,False,0.0,1.0,1.0,True,1,the dominant color in this image is blue,the dominant color in this image is blue,blue,0.4926,0.4829,0.0,0.0,43.0,9.049,1,image+text
synth_no_pass2_00077,no_pass2,What color is the large rectangle?,the large rectangle is white,white | white | white,True,1.0,1.0,1.0,False,1,the large rectangle is white,the large rectangle is white,white,0.3593,0.3497,0.0,0.0,44.0,9.049,1,image+text
synth_no_pass2_00078,no_pass2,Is the background color light or dark?,a dark background,dark | dark | medium,True,0.6667,1.0,1.0,False,1,a dark background,a dark background,dark,0.3136,0.304,0.0,0.0,46.5,9.049,1,image+text
synth_no_pass2_00079,no_pass2,What color is the circle in this image?,blue,blue | blue | blue,True,1.0,1.0,1.0,False,1,blue,blue,blue,0.272,0.2627,0.0,0.0,45.0,9.049,1,image+text
synth_no_pass2_00080,no_pass2,What color is the large rectangle?,blue,blue | blue | blue,True,1.0,1.0,1.0,False,1,blue,blue,blue,0.292,0.2812,0.0,0.0,27.5,9.049,1,image+text
synth_no_pass2_00081,no_pass2,What color is the large rectangle?,red,red | red | red,True,1.0,1.0,1.0,False,1,red,red,red,0.3173,0.3073,0.0,0.0,31.5,9.049,1,image+text
synth_no_pass2_00082,no_pass2,What color is the circle in this image?,blue,blue | blue | blue,True,1.0,1.0,1.0,False,1,blue,blue,blue,0.2721,0.2624,0.0,0.0,42.5,9.049,1,image+text
synth_no_pass2_00083,no_pass2,What color is the large rectangle?,a yellow square,yellow | yellow | yellow,True,1.0,1.0,1.0,False,1,a yellow square,a yellow square,yellow,0.3188,0.3093,0.0,0.0,42.5,9.049,1,image+text
synth_no_pass2_00084,no_pass2,Is the background color light or dark?,dark background,dark | dark | dark,True,1.0,1.0,1.0,False,1,dark background,dark background,dark,0.2728,0.2629,0.0,0.0,43.0,9.049,1,image+text
synth_no_pass2_00085,no_pass2,What color is the circle in this image?,red,red | red | red,True,1.0,1.0,1.0,False,1,red,red,red,0.2711,0.2616,0.0,0.0,43.5,9.049,1,image+text
synth_no_pass2_00086,no_pass2,What is the dominant color in this image?,blue is the dominant color in this image,blue | blue | blue,True,1.0,1.0,1.0,False,1,blue is the dominant color in this image,blue is the dominant color in this image,blue,0.5105,0.5008,0.0,0.0,41.0,9.049,1,image+text
synth_no_pass2_00087,no_pass2,What color is the circle in this image?,blue,blue | blue | blue,True,1.0,1.0,1.0,False,1,blue,blue,blue,0.2701,0.2605,0.0,0.0,41.5,9.049,1,image+text
synth_no_pass2_00088,no_pass2,What color is the large rectangle?,the large rectangle is white,white | white | white,True,1.0,1.0,1.0,False,1,the large rectangle is white,the large rectangle is white,white,0.363,0.3533,0.0,0.0,45.5,9.049,1,image+text
synth_no_pass2_00089,no_pass2,Is the background color light or dark?,dark,light | light | light,False,0.0,1.0,1.0,True,1,dark,dark,dark,0.2225,0.2127,0.0,0.0,41.0,9.049,1,image+text
synth_no_pass2_00090,no_pass2,What color is the large rectangle?,the large rectangle is white,white | white | white,True,1.0,1.0,1.0,False,1,the large rectangle is white,the large rectangle is white,white,0.3624,0.3525,0.0,0.0,41.0,9.049,1,image+text
synth_no_pass2_00091,no_pass2,What color is the large rectangle?,red,maroon | maroon | dark red,True,0.3333,1.0,1.0,False,1,red,red,red,0.3156,0.306,0.0,0.0,44.5,9.049,1,image+text
synth_no_pass2_00092,no_pass2,What color is the large rectangle?,the large rectangle is white,white | white | white,True,1.0,1.0,1.0,False,1,the large rectangle is white,the large rectangle is white,white,0.3754,0.3659,0.0,0.0,42.5,9.049,1,image+text
synth_no_pass2_00093,no_pass2,What color is the small circle?,green,olive | olive | green,True,0.3333,1.0,1.0,False,1,green,green,green,0.3116,0.3019,0.0,0.0,41.5,9.049,1,image+text
synth_no_pass2_00094,no_pass2,What color is the background?,navy blue,navy | dark blue | blue,True,0.6667,1.0,1.0,False,1,navy blue,navy blue,blue,0.2206,0.2106,0.0,0.0,41.5,9.049,1,image+text
synth_no_pass2_00095,no_pass2,What color is the large rectangle?,the large rectangle is white,white | white | white,True,1.0,1.0,1.0,False,1,the large rectangle is white,the large rectangle is white,white,0.3629,0.3535,0.0,0.0,45.0,9.049,1,image+text
synth_no_pass2_00096,no_pass2,Is the background color light or dark?,dark background,dark | dark | dark,True,1.0,1.0,1.0,False,1,dark background,dark background,dark,0.2828,0.271,0.0,0.0,41.0,9.049,1,image+text
synth_no_pass2_00097,no_pass2,What color is the background?,blue,blue | blue | blue,True,1.0,1.0,1.0,False,1,blue,blue,blue,0.3164,0.307,0.0,0.0,44.0,9.049,1,image+text
synth_no_pass2_00098,no_pass2,Is there a blue shape in this image?,yes,no | no | no,False,0.0,1.0,1.0,True,1,yes,yes,yes,0.2872,0.2772,0.0,0.0,44.0,9.049,1,image+text
synth_no_pass2_00099,no_pass2,What color is the background?,white,white | white | white,True,1.0,1.0,1.0,False,1,white,white,white,0.3179,0.3083,0.0,0.0,41.0,9.049,1,image+text
synth_no_pass2_00100,no_pass2,What color is the large rectangle?,the large rectangle is green,olive | olive | dark yellow,False,0.0,1.0,1.0,True,1,the large rectangle is green,the large rectangle is green,green,0.3858,0.3754,0.0,0.0,41.0,9.049,1,image+text
synth_no_pass2_00101,no_pass2,What color is the large rectangle?,the large rectangle is green,green | green | green,True,1.0,1.0,1.0,False,1,the large rectangle is green,the large rectangle is green,green,0.362,0.352,0.0,0.0,44.5,9.049,1,image+text
synth_no_pass2_00102,no_pass2,What is the dominant color in this image?,the dominant color in this image is purple,purple | purple | purple,True,1.0,1.0,1.0,False,1,the dominant color in this image is purple,the dominant color in this image is purple,purple,0.5008,0.4907,0.0,0.0,45.0,9.049,1,image+text
synth_no_pass2_00103,no_pass2,What color is the background?,white,white | white | white,True,1.0,1.0,1.0,False,1,white,white,white,0.3167,0.3069,0.0,0.0,44.5,9.049,1,image+text
synth_no_pass2_00104,no_pass2,What color is the large rectangle?,the large rectangle is white,white | white | white,True,1.0,1.0,1.0,False,1,the large rectangle is white,the large rectangle is white,white,0.3664,0.3567,0.0,0.0,44.0,9.049,1,image+text
synth_no_pass2_00105,no_pass2,What color is the large rectangle?,a large rectangle,pink | pink | pink,False,0.0,1.0,1.0,True,1,a large rectangle,a large rectangle,large rectangle,0.3237,0.3138,0.0,0.0,42.5,9.049,1,image+text
synth_no_pass2_00106,no_pass2,What color is the circle?,pink,pink | pink | pink,True,1.0,1.0,1.0,False,1,pink,pink,pink,0.273,0.2621,0.0,0.0,43.0,9.049,1,image+text
synth_no_pass2_00107,no_pass2,What color is the large rectangle?,red,red | red | red,True,1.0,1.0,1.0,False,1,red,red,red,0.3166,0.3065,0.0,0.0,43.0,9.049,1,image+text
synth_no_pass2_00108,no_pass2,Is the background color light or dark?,dark,light | light | light,False,0.0,1.0,1.0,True,1,dark,dark,dark,0.2215,0.2121,0.0,0.0,44.0,9.049,1,image+text
synth_no_pass2_00109,no_pass2,What color is the large rectangle?,red,red | red | red,True,1.0,1.0,1.0,False,1,red,red,red,0.3143,0.3049,0.0,0.0,45.5,9.049,1,image+text
synth_no_pass2_00110,no_pass2,Is there a red shape in this image?,yes,no | no | no,False,0.0,1.0,1.0,True,1,yes,yes,yes,0.2677,0.2579,0.0,0.0,46.5,9.049,1,image+text
synth_no_pass2_00111,no_pass2,What color is the large rectangle?,the large rectangle is purple,purple | purple | purple,True,1.0,1.0,1.0,False,1,the large rectangle is purple,the large rectangle is purple,purple,0.3587,0.3488,0.0,0.0,46.5,9.049,1,image+text
synth_no_pass2_00112,no_pass2,Is the background color light or dark?,dark background,dark | dark | dark,True,1.0,1.0,1.0,False,1,dark background,dark background,dark,0.265,0.2558,0.0,0.0,41.5,9.049,1,image+text
synth_no_pass2_00113,no_pass2,What is the dominant color in this image?,a blue background,navy | navy | blue | dark blue,True,0.6667,1.0,1.0,False,1,a blue background,a blue background,blue,0.3123,0.303,0.0,0.0,45.0,9.049,1,image+text
synth_no_pass2_00114,no_pass2,What color is the circle in this image?,blue,blue | blue | blue,True,1.0,1.0,1.0,False,1,blue,blue,blue,0.2808,0.2709,0.0,0.0,41.0,9.049,1,image+text
synth_no_pass2_00115,no_pass2,What color is the circle in this image?,blue,blue | blue | blue,True,1.0,1.0,1.0,False,1,blue,blue,blue,0.2655,0.2561,0.0,0.0,41.0,9.049,1,image+text
synth_no_pass2_00116,no_pass2,Is there a green shape in this image?,yes,no | no | no,False,0.0,1.0,1.0,True,1,yes,yes,yes,0.2663,0.2568,0.0,0.0,42.0,9.049,1,image+text
synth_no_pass2_00117,no_pass2,What color is the circle in this image?,red,red | red | red,True,1.0,1.0,1.0,False,1,red,red,red,0.2668,0.2572,0.0,0.0,42.0,9.049,1,image+text
synth_no_pass2_00118,no_pass2,What color is the circle?,red,maroon | dark red | red,True,0.6667,1.0,1.0,False,1,red,red,red,0.3129,0.3034,0.0,0.0,45.0,9.049,1,image+text
synth_no_pass2_00119,no_pass2,What color is the circle in this image?,yellow,yellow | yellow | yellow,True,1.0,1.0,1.0,False,1,yellow,yellow,yellow,0.3307,0.321,0.0,0.0,44.5,9.049,1,image+text
synth_no_pass2_00120,no_pass2,What is the dominant color in this image?,the dominant color in this image is blue,teal | teal | cyan | blue-green,False,0.0,1.0,1.0,True,1,the dominant color in this image is blue,the dominant color in this image is blue,blue,0.5254,0.5151,0.0,0.0,36.0,9.049,1,image+text
synth_no_pass2_00121,no_pass2,What is the dominant color in this image?,the dominant color in this image,orange | orange | orange,False,0.0,1.0,1.0,True,1,the dominant color in this image,the dominant color in this image,dominant color in this image,0.4144,0.4042,0.0,0.0,38.0,9.049,1,image+text
synth_no_pass2_00122,no_pass2,What color is the circle in this image?,red,red | red | red,True,1.0,1.0,1.0,False,1,red,red,red,0.2661,0.2563,0.0,0.0,41.5,9.049,1,image+text
synth_no_pass2_00123,no_pass2,What color is the circle in this image?,blue,blue | blue | blue,True,1.0,1.0,1.0,False,1,blue,blue,blue,0.2647,0.2554,0.0,0.0,43.5,9.049,1,image+text
synth_no_pass2_00124,no_pass2,What color is the small circle?,green,lime | lime | yellow-green,False,0.0,1.0,1.0,True,1,green,green,green,0.3124,0.3028,0.0,0.0,45.0,9.049,1,image+text
synth_no_pass2_00125,no_pass2,Is there a purple shape in this image?,yes,yes | yes | yes,True,1.0,1.0,1.0,False,1,yes,yes,yes,0.2664,0.2569,0.0,0.0,46.0,9.049,1,image+text
synth_no_pass2_00126,no_pass2,What is the dominant color in this image?,the dominant color in this image is blue,teal | teal | cyan | blue-green,False,0.0,1.0,1.0,True,1,the dominant color in this image is blue,the dominant color in this image is blue,blue,0.4931,0.4835,0.0,0.0,44.0,9.049,1,image+text
synth_no_pass2_00127,no_pass2,What color is the large rectangle?,blue,blue | blue | blue,True,1.0,1.0,1.0,False,1,blue,blue,blue,0.2649,0.2552,0.0,0.0,44.5,9.049,1,image+text
synth_no_pass2_00128,no_pass2,What is the dominant color in this image?,the dominant color in this image is yellow,yellow | yellow | yellow,True,1.0,1.0,1.0,False,1,the dominant color in this image is yellow,the dominant color in this image is yellow,yellow,0.499,0.4895,0.0,0.0,43.5,9.049,1,image+text
synth_no_pass2_00129,no_pass2,Is the background color light or dark?,dark blue,dark | dark | dark,False,0.0,1.0,1.0,True,1,dark blue,dark blue,blue,0.2232,0.2131,0.0,0.0,41.5,9.049,1,image+text
synth_no_pass2_00130,no_pass2,Is there a green shape in this image?,yes,yes | yes | yes,True,1.0,1.0,1.0,False,1,yes,yes,yes,0.2705,0.2605,0.0,0.0,44.0,9.049,1,image+text
synth_no_pass2_00131,no_pass2,What color is the circle?,the circle is green,cyan | cyan | teal | teal,False,0.0,1.0,1.0,True,1,the circle is green,the circle is green,green,0.3262,0.3165,0.0,0.0,42.0,9.049,1,image+text
synth_no_pass2_00132,no_pass2,What is the dominant color in this image?,blue is the dominant color in this image,blue | blue | blue,True,1.0,1.0,1.0,False,1,blue is the dominant color in this image,blue is the dominant color in this image,blue,0.5034,0.4924,0.0,0.0,39.5,9.049,1,image+text
synth_no_pass2_00133,no_pass2,What color is the large rectangle?,a yellow square,yellow | yellow | yellow,True,1.0,1.0,1.0,False,1,a yellow square,a yellow square,yellow,0.3159,0.3062,0.0,0.0,41.0,9.049,1,image+text
synth_no_pass2_00134,no_pass2,What is the dominant color in this image?,the dominant color is brown,brown | brown | brown,True,1.0,1.0,1.0,False,1,the dominant color is brown,the dominant color is brown,brown,0.4052,0.3955,0.0,0.0,41.0,9.049,1,image+text
synth_no_pass2_00135,no_pass2,What color is the circle in this image?,yellow,yellow | yellow | yellow,True,1.0,1.0,1.0,False,1,yellow,yellow,yellow,0.3121,0.3024,0.0,0.0,41.5,9.049,1,image+text
synth_no_pass2_00136,no_pass2,Is the background color light or dark?,dark background,dark | dark | dark,True,1.0,1.0,1.0,False,1,dark background,dark background,dark,0.2631,0.2539,0.0,0.0,46.0,9.049,1,image+text
synth_no_pass2_00137,no_pass2,What color is the small circle?,green,lime | lime | yellow-green,False,0.0,1.0,1.0,True,1,green,green,green,0.3136,0.3042,0.0,0.0,46.0,9.049,1,image+text
synth_no_pass2_00138,no_pass2,Is the background color light or dark?,dark,light | light | light,False,0.0,1.0,1.0,True,1,dark,dark,dark,0.2217,0.2122,0.0,0.0,41.5,9.049,1,image+text
synth_no_pass2_00139,no_pass2,What is the dominant color in this image?,the dominant color in this image,orange | orange | orange,False,0.0,1.0,1.0,True,1,the dominant color in this image,the dominant color in this image,dominant color in this image,0.4093,0.3995,0.0,0.0,42.0,9.049,1,image+text
synth_no_pass2_00140,no_pass2,What is the dominant color in this image?,blue is the dominant color in this image,blue | blue | blue,True,1.0,1.0,1.0,False,1,blue is the dominant color in this image,blue is the dominant color in this image,blue,0.5177,0.5072,0.0,0.0,38.0,9.049,1,image+text
synth_no_pass2_00141,no_pass2,What color is the large rectangle?,blue,blue | blue | blue,True,1.0,1.0,1.0,False,1,blue,blue,blue,0.265,0.2555,0.0,0.0,40.5,9.049,1,image+text
synth_no_pass2_00142,no_pass2,Is there a purple shape in this image?,yes,yes | yes | yes,True,1.0,1.0,1.0,False,1,yes,yes,yes,0.2683,0.2583,0.0,0.0,44.0,9.049,1,image+text
synth_no_pass2_00143,no_pass2,Is the background color light or dark?,dark,light | light | light,False,0.0,1.0,1.0,True,1,dark,dark,dark,0.2236,0.2139,0.0,0.0,45.0,9.049,1,image+text
synth_no_pass2_00144,no_pass2,What color is the large rectangle?,the large rectangle is green,green | green | green,True,1.0,1.0,1.0,False,1,the large rectangle is green,the large rectangle is green,green,0.3586,0.3491,0.0,0.0,45.0,9.049,1,image+text
synth_no_pass2_00145,no_pass2,What color is the large rectangle?,the large rectangle is green,olive | olive | dark yellow,False,0.0,1.0,1.0,True,1,the large rectangle is green,the large rectangle is green,green,0.3591,0.3497,0.0,0.0,45.5,9.049,1,image+text
synth_no_pass2_00146,no_pass2,Is there a green shape in this image?,yes,yes | yes | yes,True,1.0,1.0,1.0,False,1,yes,yes,yes,0.2661,0.2567,0.0,0.0,40.5,9.049,1,image+text
synth_no_pass2_00147,no_pass2,Is the background color light or dark?,dark,light | light | light,False,0.0,1.0,1.0,True,1,dark,dark,dark,0.2209,0.2107,0.0,0.0,42.0,9.049,1,image+text
synth_no_pass2_00148,no_pass2,What is the dominant color in this image?,the dominant color in this image,orange | orange | orange,False,0.0,1.0,1.0,True,1,the dominant color in this image,the dominant color in this image,dominant color in this image,0.4056,0.3957,0.0,0.0,43.5,9.049,1,image+text
synth_no_pass2_00149,no_pass2,What color is the circle in this image?,blue,blue | blue | blue,True,1.0,1.0,1.0,False,1,blue,blue,blue,0.2825,0.273,0.0,0.0,40.5,9.049,1,image+text
synth_no_pass2_00150,no_pass2,What color is the circle?,a red circle,brown | brown | maroon,False,0.0,1.0,1.0,True,1,a red circle,a red circle,red,0.3162,0.3063,0.0,0.0,44.0,9.049,1,image+text
synth_no_pass2_00151,no_pass2,What color is the background?,white,white | white | white,True,1.0,1.0,1.0,False,1,white,white,white,0.3155,0.306,0.0,0.0,44.5,9.049,1,image+text
synth_no_pass2_00152,no_pass2,What color is the large rectangle?,the large rectangle is white,white | white | white,True,1.0,1.0,1.0,False,1,the large rectangle is white,the large rectangle is white,white,0.3631,0.3535,0.0,0.0,44.5,9.049,1,image+text
synth_no_pass2_00153,no_pass2,What color is the circle?,the circle is green,olive | olive | brown,False,0.0,1.0,1.0,True,1,the circle is green,the circle is green,green,0.3168,0.3074,0.0,0.0,44.5,9.049,1,image+text
synth_no_pass2_00154,no_pass2,What color is the large rectangle?,red,red | red | red,True,1.0,1.0,1.0,False,1,red,red,red,0.3167,0.307,0.0,0.0,44.0,9.049,1,image+text
synth_no_pass2_00155,no_pass2,Is there a red shape in this image?,yes,no | no | no,False,0.0,1.0,1.0,True,1,yes,yes,yes,0.2708,0.2616,0.0,0.0,44.5,9.049,1,image+text
synth_no_pass2_00156,no_pass2,What is the dominant color in this image?,the dominant color in this image is purple,purple | purple | purple,True,1.0,1.0,1.0,False,1,the dominant color in this image is purple,the dominant color in this image is purple,purple,0.511,0.5004,0.0,0.0,42.0,9.049,1,image+text
synth_no_pass2_00157,no_pass2,What color is the large rectangle?,green,lime | lime | green,True,0.3333,1.0,1.0,False,1,green,green,green,0.3157,0.306,0.0,0.0,43.0,9.049,1,image+text
synth_no_pass2_00158,no_pass2,Is the background color light or dark?,dark,light | light | light,False,0.0,1.0,1.0,True,1,dark,dark,dark,0.2238,0.2142,0.0,0.0,44.5,9.049,1,image+text
synth_no_pass2_00159,no_pass2,What color is the large rectangle?,the large rectangle is green,green | green | green,True,1.0,1.0,1.0,False,1,the large rectangle is green,the large rectangle is green,green,0.3637,0.354,0.0,0.0,42.5,9.049,1,image+text
synth_no_pass2_00160,no_pass2,What is the dominant color in this image?,the dominant color in this image is yellow,yellow | yellow | yellow,True,1.0,1.0,1.0,False,1,the dominant color in this image is yellow,the dominant color in this image is yellow,yellow,0.5296,0.519,0.0,0.0,39.0,9.049,1,image+text
synth_no_pass2_00161,no_pass2,Is the background color light or dark?,light blue,light | light | medium,False,0.0,1.0,1.0,True,1,light blue,light blue,blue,0.2224,0.2125,0.0,0.0,41.5,9.049,1,image+text
synth_no_pass2_00162,no_pass2,What is the dominant color in this image?,the dominant color in this image is yellow,yellow | yellow | yellow,True,1.0,1.0,1.0,False,1,the dominant color in this image is yellow,the dominant color in this image is yellow,yellow,0.4969,0.4869,0.0,0.0,41.5,9.049,1,image+text
synth_no_pass2_00163,no_pass2,What color is the circle?,the circle is green,cyan | cyan | teal | teal,False,0.0,1.0,1.0,True,1,the circle is green,the circle is green,green,0.3128,0.303,0.0,0.0,40.5,9.049,1,image+text
synth_no_pass2_00164,no_pass2,What is the dominant color in this image?,the dominant color is brown,brown | brown | brown,True,1.0,1.0,1.0,False,1,the dominant color is brown,the dominant color is brown,brown,0.4033,0.3936,0.0,0.0,44.5,9.049,1,image+text
synth_no_pass2_00165,no_pass2,Is the circle on the left or right side?,a circle on the left side,right | right | right,False,0.0,1.0,1.0,True,1,a circle on the left side,a circle on the left side,left,0.521,0.5114,0.0,0.0,38.0,9.049,1,image+text
synth_no_pass2_00166,no_pass2,What color is the large rectangle?,a yellow square,yellow | yellow | yellow,True,1.0,1.0,1.0,False,1,a yellow square,a yellow square,yellow,0.3207,0.3095,0.0,0.0,41.5,9.049,1,image+text
synth_no_pass2_00167,no_pass2,What color is the large rectangle?,blue,blue | blue | blue,True,1.0,1.0,1.0,False,1,blue,blue,blue,0.2696,0.2594,0.0,0.0,44.0,9.049,1,image+text
synth_no_pass2_00168,no_pass2,What color is the large rectangle?,the large rectangle is white,white | white | white,True,1.0,1.0,1.0,False,1,the large rectangle is white,the large rectangle is white,white,0.3606,0.3512,0.0,0.0,43.5,9.049,1,image+text
synth_no_pass2_00169,no_pass2,What is the dominant color in this image?,blue is the dominant color in this image,blue | blue | blue,True,1.0,1.0,1.0,False,1,blue is the dominant color in this image,blue is the dominant color in this image,blue,0.5001,0.4906,0.0,0.0,41.0,9.049,1,image+text
synth_no_pass2_00170,no_pass2,What color is the small circle?,green,lime | lime | yellow-green,False,0.0,1.0,1.0,True,1,green,green,green,0.3145,0.3046,0.0,0.0,40.5,9.049,1,image+text
synth_no_pass2_00171,no_pass2,Is the circle on the left or right side?,is the circle on the left side,left | left | left,True,1.0,1.0,1.0,False,1,is the circle on the left side,is the circle on the left side,left,0.4616,0.4517,0.0,0.0,43.0,9.049,1,image+text
synth_no_pass2_00172,no_pass2,Is the background color light or dark?,dark background,dark | dark | dark,True,1.0,1.0,1.0,False,1,dark background,dark background,dark,0.2692,0.2597,0.0,0.0,44.0,9.049,1,image+text
synth_no_pass2_00173,no_pass2,What is the dominant color in this image?,red is the dominant color in this image,red | red | red,True,1.0,1.0,1.0,False,1,red is the dominant color in this image,red is the dominant color in this image,red,0.5135,0.5038,0.0,0.0,42.0,9.049,1,image+text
synth_no_pass2_00174,no_pass2,Is the circle on the left or right side?,is the circle on the left side,left | left | center,True,0.6667,1.0,1.0,False,1,is the circle on the left side,is the circle on the left side,left,0.4533,0.4436,0.0,0.0,42.5,9.049,1,image+text
synth_no_pass2_00175,no_pass2,What is the dominant color in this image?,the dominant color in this image is yellow,yellow | yellow | yellow,True,1.0,1.0,1.0,False,1,the dominant color in this image is yellow,the dominant color in this image is yellow,yellow,0.4938,0.4846,0.0,0.0,38.5,9.049,1,image+text
synth_no_pass2_00176,no_pass2,What is the dominant color in this image?,a blue background,navy | navy | blue | dark blue,True,0.6667,1.0,1.0,False,1,a blue background,a blue background,blue,0.315,0.3052,0.0,0.0,38.5,9.049,1,image+text
synth_no_pass2_00177,no_pass2,What color is the circle in this image?,yellow,yellow | yellow | yellow,True,1.0,1.0,1.0,False,1,yellow,yellow,yellow,0.3146,0.3051,0.0,0.0,41.5,9.049,1,image+text
synth_no_pass2_00178,no_pass2,Is there a red shape in this image?,yes,no | no | no,False,0.0,1.0,1.0,True,1,yes,yes,yes,0.2695,0.2598,0.0,0.0,41.0,9.049,1,image+text
synth_no_pass2_00179,no_pass2,Is there a red shape in this image?,yes,yes | yes | yes,True,1.0,1.0,1.0,False,1,yes,yes,yes,0.3163,0.3069,0.0,0.0,41.0,9.049,1,image+text
synth_no_pass2_00180,no_pass2,What color is the background?,blue,blue | blue | blue,True,1.0,1.0,1.0,False,1,blue,blue,blue,0.3359,0.3256,0.0,0.0,41.5,9.049,1,image+text
synth_no_pass2_00181,no_pass2,What color is the circle?,pink,pink | pink | pink,True,1.0,1.0,1.0,False,1,pink,pink,pink,0.2715,0.2621,0.0,0.0,42.5,9.049,1,image+text
synth_no_pass2_00182,no_pass2,What is the dominant color in this image?,the dominant color in this image is purple,purple | purple | purple,True,1.0,1.0,1.0,False,1,the dominant color in this image is purple,the dominant color in this image is purple,purple,0.5013,0.4917,0.0,0.0,41.0,9.049,1,image+text
synth_no_pass2_00183,no_pass2,What color is the large rectangle?,the large rectangle is white,white | white | white,True,1.0,1.0,1.0,False,1,the large rectangle is white,the large rectangle is white,white,0.362,0.3523,0.0,0.0,41.5,9.049,1,image+text
synth_no_pass2_00184,no_pass2,What color is the circle?,the circle is green,cyan | cyan | teal | teal,False,0.0,1.0,1.0,True,1,the circle is green,the circle is green,green,0.3152,0.3056,0.0,0.0,45.0,9.049,1,image+text
synth_no_pass2_00185,no_pass2,What color is the background?,the background is white,cream | white | beige,True,0.3333,1.0,1.0,False,1,the background is white,the background is white,white,0.3151,0.3057,0.0,0.0,41.5,9.049,1,image+text
synth_no_pass2_00186,no_pass2,Is the background color light or dark?,a dark background,dark | dark | medium,True,0.6667,1.0,1.0,False,1,a dark background,a dark background,dark,0.3147,0.3051,0.0,0.0,41.5,9.049,1,image+text
synth_no_pass2_00187,no_pass2,What is the dominant color in this image?,the dominant color in this image is purple,purple | purple | purple,True,1.0,1.0,1.0,False,1,the dominant color in this image is purple,the dominant color in this image is purple,purple,0.4947,0.4849,0.0,0.0,45.5,9.049,1,image+text
synth_no_pass2_00188,no_pass2,What color is the circle in this image?,yellow,yellow | yellow | yellow,True,1.0,1.0,1.0,False,1,yellow,yellow,yellow,0.3101,0.3004,0.0,0.0,45.5,9.049,1,image+text
synth_no_pass2_00189,no_pass2,What color is the circle?,red,maroon | dark red | red,True,0.6667,1.0,1.0,False,1,red,red,red,0.3135,0.3041,0.0,0.0,46.0,9.049,1,image+text
synth_no_pass2_00190,no_pass2,What is the dominant color in this image?,the dominant color in this image is green,green | green | green,True,1.0,1.0,1.0,False,1,the dominant color in this image is green,the dominant color in this image is green,green,0.4941,0.4843,0.0,0.0,44.0,9.049,1,image+text
synth_no_pass2_00191,no_pass2,What is the dominant color in this image?,cyan,cyan | cyan | blue,True,0.6667,1.0,1.0,False,1,cyan,cyan,cyan,0.3098,0.3001,0.0,0.0,43.5,9.049,1,image+text
synth_no_pass2_00192,no_pass2,Is there a purple shape in this image?,yes,yes | yes | yes,True,1.0,1.0,1.0,False,1,yes,yes,yes,0.2666,0.2571,0.0,0.0,44.5,9.049,1,image+text
synth_no_pass2_00193,no_pass2,What color is the background?,the background is white,cream | white | beige,True,0.3333,1.0,1.0,False,1,the background is white,the background is white,white,0.3144,0.3049,0.0,0.0,44.5,9.049,1,image+text
synth_no_pass2_00194,no_pass2,What color is the background?,white,white | white | white,True,1.0,1.0,1.0,False,1,white,white,white,0.3157,0.306,0.0,0.0,44.5,9.049,1,image+text
synth_no_pass2_00195,no_pass2,Is the background color light or dark?,dark,dark | dark | dark,True,1.0,1.0,1.0,False,1,dark,dark,dark,0.2218,0.2124,0.0,0.0,41.0,9.049,1,image+text
synth_no_pass2_00196,no_pass2,What color is the circle?,red,maroon | dark red | red,True,0.6667,1.0,1.0,False,1,red,red,red,0.3152,0.3053,0.0,0.0,42.0,9.049,1,image+text
synth_no_pass2_00197,no_pass2,What color is the large rectangle?,the large rectangle is green,green | green | green,True,1.0,1.0,1.0,False,1,the large rectangle is green,the large rectangle is green,green,0.3599,0.3503,0.0,0.0,45.0,9.049,1,image+text
synth_no_pass2_00198,no_pass2,Is there a blue shape in this image?,yes,no | no | no,False,0.0,1.0,1.0,True,1,yes,yes,yes,0.2665,0.2566,0.0,0.0,43.5,9.049,1,image+text
synth_no_pass2_00199,no_pass2,What is the dominant color in this image?,red is the dominant color in this image,red | red | red,True,1.0,1.0,1.0,False,1,red is the dominant color in this image,red is the dominant color in this image,red,0.4965,0.4871,0.0,0.0,40.0,9.049,1,image+text
synth_no_pass2_00200,no_pass2,What is the dominant color in this image?,the dominant color in this image,orange | orange | orange,False,0.0,1.0,1.0,True,1,the dominant color in this image,the dominant color in this image,dominant color in this image,0.4259,0.4154,0.0,0.0,32.0,9.049,1,image+text
synth_no_pass2_00201,no_pass2,What is the dominant color in this image?,burgundy,maroon | maroon | dark red,False,0.0,1.0,1.0,True,1,burgundy,burgundy,burgundy,0.4136,0.4039,0.0,0.0,38.5,9.049,1,image+text
synth_no_pass2_00202,no_pass2,Is the circle on the left or right side?,a circle on the left side,right | right | right,False,0.0,1.0,1.0,True,1,a circle on the left side,a circle on the left side,left,0.5332,0.5229,0.0,0.0,38.0,9.049,1,image+text
synth_no_pass2_00203,no_pass2,What color is the large rectangle?,the large rectangle is green,green | green | green,True,1.0,1.0,1.0,False,1,the large rectangle is green,the large rectangle is green,green,0.3609,0.3513,0.0,0.0,41.0,9.049,1,image+text
synth_no_pass2_00204,no_pass2,What color is the background?,the background is white,cream | white | beige,True,0.3333,1.0,1.0,False,1,the background is white,the background is white,white,0.3133,0.3039,0.0,0.0,45.0,9.049,1,image+text
synth_no_pass2_00205,no_pass2,What is the dominant color in this image?,the dominant color is brown,brown | brown | brown,True,1.0,1.0,1.0,False,1,the dominant color is brown,the dominant color is brown,brown,0.4067,0.3972,0.0,0.0,43.0,9.049,1,image+text
synth_no_pass2_00206,no_pass2,What color is the large rectangle?,the large rectangle is white,white | white | white,True,1.0,1.0,1.0,False,1,the large rectangle is white,the large rectangle is white,white,0.3763,0.3669,0.0,0.0,41.5,9.049,1,image+text
synth_no_pass2_00207,no_pass2,Is the background color light or dark?,dark,dark | dark | dark,True,1.0,1.0,1.0,False,1,dark,dark,dark,0.2191,0.2094,0.0,0.0,40.5,9.049,1,image+text
synth_no_pass2_00208,no_pass2,Is the circle on the left or right side?,is the circle on the left side,left | left | center,True,0.6667,1.0,1.0,False,1,is the circle on the left side,is the circle on the left side,left,0.4498,0.44,0.0,0.0,42.5,9.049,1,image+text
synth_no_pass2_00209,no_pass2,Is there a red shape in this image?,yes,yes | yes | yes,True,1.0,1.0,1.0,False,1,yes,yes,yes,0.3128,0.3033,0.0,0.0,44.0,9.049,1,image+text
synth_no_pass2_00210,no_pass2,What color is the large rectangle?,brown color,brown | brown | brown,True,1.0,1.0,1.0,False,1,brown color,brown color,brown,0.2678,0.2579,0.0,0.0,44.0,9.049,1,image+text
synth_no_pass2_00211,no_pass2,Is the background color light or dark?,dark background,dark | dark | dark,True,1.0,1.0,1.0,False,1,dark background,dark background,dark,0.2708,0.261,0.0,0.0,41.5,9.049,1,image+text
synth_no_pass2_00212,no_pass2,What color is the large rectangle?,navy blue,navy | dark blue | navy,True,0.3333,1.0,1.0,False,1,navy blue,navy blue,blue,0.2217,0.2121,0.0,0.0,42.5,9.049,1,image+text
synth_no_pass2_00213,no_pass2,What is the dominant color in this image?,the dominant color in this image,orange | orange | orange,False,0.0,1.0,1.0,True,1,the dominant color in this image,the dominant color in this image,dominant color in this image,0.4055,0.3958,0.0,0.0,44.5,9.049,1,image+text
synth_no_pass2_00214,no_pass2,Is there a purple shape in this image?,yes,yes | yes | yes,True,1.0,1.0,1.0,False,1,yes,yes,yes,0.2743,0.2644,0.0,0.0,45.0,9.049,1,image+text
synth_no_pass2_00215,no_pass2,What is the dominant color in this image?,a blue background,navy | navy | blue | dark blue,True,0.6667,1.0,1.0,False,1,a blue background,a blue background,blue,0.3226,0.3129,0.0,0.0,41.5,9.049,1,image+text
synth_no_pass2_00216,no_pass2,Is there a blue shape in this image?,yes,yes | yes | yes,True,1.0,1.0,1.0,False,1,yes,yes,yes,0.267,0.2574,0.0,0.0,42.0,9.049,1,image+text
synth_no_pass2_00217,no_pass2,What color is the large rectangle?,brown color,brown | brown | brown,True,1.0,1.0,1.0,False,1,brown color,brown color,brown,0.2702,0.2603,0.0,0.0,43.0,9.049,1,image+text
synth_no_pass2_00218,no_pass2,What color is the small circle?,green,lime | lime | yellow-green,False,0.0,1.0,1.0,True,1,green,green,green,0.3188,0.3091,0.0,0.0,44.0,9.049,1,image+text
synth_no_pass2_00219,no_pass2,Is the circle on the left or right side?,is the circle on the left side,left | left | left,True,1.0,1.0,1.0,False,1,is the circle on the left side,is the circle on the left side,left,0.4556,0.4455,0.0,0.0,43.5,9.049,1,image+text
synth_no_pass2_00220,no_pass2,Is there a blue shape in this image?,yes,yes | yes | yes,True,1.0,1.0,1.0,False,1,yes,yes,yes,0.2898,0.2798,0.0,0.0,39.5,9.049,1,image+text
synth_no_pass2_00221,no_pass2,What color is the large rectangle?,red,red | red | red,True,1.0,1.0,1.0,False,1,red,red,red,0.3116,0.3023,0.0,0.0,43.0,9.049,1,image+text
synth_no_pass2_00222,no_pass2,What color is the circle in this image?,blue,blue | blue | blue,True,1.0,1.0,1.0,False,1,blue,blue,blue,0.2674,0.2579,0.0,0.0,42.0,9.049,1,image+text
synth_no_pass2_00223,no_pass2,Is the circle on the left or right side?,a circle on the left side,right | right | right,False,0.0,1.0,1.0,True,1,a circle on the left side,a circle on the left side,left,0.4953,0.4858,0.0,0.0,38.5,9.049,1,image+text
synth_no_pass2_00224,no_pass2,What color is the large rectangle?,brown color,brown | brown | brown,True,1.0,1.0,1.0,False,1,brown color,brown color,brown,0.27,0.2606,0.0,0.0,38.5,9.049,1,image+text
synth_no_pass2_00225,no_pass2,What color is the background?,the background is white,cream | white | beige,True,0.3333,1.0,1.0,False,1,the background is white,the background is white,white,0.3152,0.3055,0.0,0.0,42.0,9.049,1,image+text
synth_no_pass2_00226,no_pass2,What is the dominant color in this image?,the dominant color in this image,orange | orange | orange,False,0.0,1.0,1.0,True,1,the dominant color in this image,the dominant color in this image,dominant color in this image,0.4053,0.3955,0.0,0.0,43.5,9.049,1,image+text
synth_no_pass2_00227,no_pass2,Is there a purple shape in this image?,yes,no | no | no,False,0.0,1.0,1.0,True,1,yes,yes,yes,0.2713,0.2614,0.0,0.0,41.0,9.049,1,image+text
synth_no_pass2_00228,no_pass2,Is the circle on the left or right side?,a circle on the left side,right | right | right,False,0.0,1.0,1.0,True,1,a circle on the left side,a circle on the left side,left,0.5018,0.4924,0.0,0.0,39.0,9.049,1,image+text
synth_no_pass2_00229,no_pass2,Is the background color light or dark?,dark,dark | dark | dark,True,1.0,1.0,1.0,False,1,dark,dark,dark,0.2239,0.2146,0.0,0.0,40.5,9.049,1,image+text
synth_no_pass2_00230,no_pass2,What is the dominant color in this image?,red is the dominant color in this image,red | red | red,True,1.0,1.0,1.0,False,1,red is the dominant color in this image,red is the dominant color in this image,red,0.5055,0.4956,0.0,0.0,43.5,9.049,1,image+text
synth_no_pass2_00231,no_pass2,What color is the small circle?,green,olive | olive | green,True,0.3333,1.0,1.0,False,1,green,green,green,0.3175,0.3077,0.0,0.0,44.5,9.049,1,image+text
synth_no_pass2_00232,no_pass2,Is the background color light or dark?,dark background,dark | dark | dark,True,1.0,1.0,1.0,False,1,dark background,dark background,dark,0.2708,0.2611,0.0,0.0,41.5,9.049,1,image+text
synth_no_pass2_00233,no_pass2,Is there a blue shape in this image?,yes,yes | yes | yes,True,1.0,1.0,1.0,False,1,yes,yes,yes,0.2702,0.2602,0.0,0.0,41.5,9.049,1,image+text
synth_no_pass2_00234,no_pass2,What color is the background?,white,white | white | white,True,1.0,1.0,1.0,False,1,white,white,white,0.317,0.3075,0.0,0.0,43.5,9.049,1,image+text
synth_no_pass2_00235,no_pass2,What is the dominant color in this image?,the dominant color in this image is purple,purple | purple | purple,True,1.0,1.0,1.0,False,1,the dominant color in this image is purple,the dominant color in this image is purple,purple,0.4942,0.4847,0.0,0.0,40.0,9.049,1,image+text
synth_no_pass2_00236,no_pass2,What color is the large rectangle?,the large rectangle is purple,purple | purple | purple,True,1.0,1.0,1.0,False,1,the large rectangle is purple,the large rectangle is purple,purple,0.361,0.3513,0.0,0.0,40.0,9.049,1,image+text
synth_no_pass2_00237,no_pass2,Is the circle on the left or right side?,is the circle on the left side,left | left | left,True,1.0,1.0,1.0,False,1,is the circle on the left side,is the circle on the left side,left,0.4739,0.4641,0.0,0.0,38.5,9.049,1,image+text
synth_no_pass2_00238,no_pass2,What is the dominant color in this image?,a blue background,navy | navy | blue | dark blue,True,0.6667,1.0,1.0,False,1,a blue background,a blue background,blue,0.3158,0.3055,0.0,0.0,39.5,9.049,1,image+text
synth_no_pass2_00239,no_pass2,Is the background color light or dark?,dark,dark | dark | dark,True,1.0,1.0,1.0,False,1,dark,dark,dark,0.2223,0.213,0.0,0.0,44.5,9.049,1,image+text
synth_no_pass2_00240,no_pass2,What color is the large rectangle?,a yellow square,yellow | yellow | yellow,True,1.0,1.0,1.0,False,1,a yellow square,a yellow square,yellow,0.3549,0.3446,0.0,0.0,25.5,9.049,1,image+text
synth_no_pass2_00241,no_pass2,What color is the background?,blue,blue | blue | blue,True,1.0,1.0,1.0,False,1,blue,blue,blue,0.3166,0.3065,0.0,0.0,33.0,9.049,1,image+text
synth_no_pass2_00242,no_pass2,What is the dominant color in this image?,cyan,cyan | cyan | blue,True,0.6667,1.0,1.0,False,1,cyan,cyan,cyan,0.3153,0.3057,0.0,0.0,42.0,9.049,1,image+text
synth_no_pass2_00243,no_pass2,Is the circle on the left or right side?,a circle on the left side,right | right | right,False,0.0,1.0,1.0,True,1,a circle on the left side,a circle on the left side,left,0.4983,0.4887,0.0,0.0,41.0,9.049,1,image+text
synth_no_pass2_00244,no_pass2,Is the circle on the left or right side?,a circle on the left side,right | right | right,False,0.0,1.0,1.0,True,1,a circle on the left side,a circle on the left side,left,0.501,0.491,0.0,0.0,38.0,9.049,1,image+text
synth_no_pass2_00245,no_pass2,Is the circle on the left or right side?,is the circle on the left side,left | left | left,True,1.0,1.0,1.0,False,1,is the circle on the left side,is the circle on the left side,left,0.4476,0.4376,0.0,0.0,38.5,9.049,1,image+text
synth_no_pass2_00246,no_pass2,What is the dominant color in this image?,cyan,cyan | cyan | blue,True,0.6667,1.0,1.0,False,1,cyan,cyan,cyan,0.3093,0.2996,0.0,0.0,40.0,9.049,1,image+text
synth_no_pass2_00247,no_pass2,What color is the background?,white,white | white | white,True,1.0,1.0,1.0,False,1,white,white,white,0.3115,0.3022,0.0,0.0,43.5,9.049,1,image+text
synth_no_pass2_00248,no_pass2,What color is the background?,white,white | white | white,True,1.0,1.0,1.0,False,1,white,white,white,0.315,0.3055,0.0,0.0,42.0,9.049,1,image+text
synth_no_pass2_00249,no_pass2,What is the dominant color in this image?,the dominant color in this image is green,olive | olive | green | dark green,True,0.6667,1.0,1.0,False,1,the dominant color in this image is green,the dominant color in this image is green,green,0.4985,0.4889,0.0,0.0,41.0,9.049,1,image+text
synth_no_pass2_00250,no_pass2,What color is the large rectangle?,red,maroon | maroon | dark red,True,0.3333,1.0,1.0,False,1,red,red,red,0.3159,0.3058,0.0,0.0,36.0,9.049,1,image+text
synth_no_pass2_00251,no_pass2,What color is the large rectangle?,the large rectangle is white,white | white | white,True,1.0,1.0,1.0,False,1,the large rectangle is white,the large rectangle is white,white,0.3567,0.3467,0.0,0.0,43.0,9.049,1,image+text
synth_no_pass2_00252,no_pass2,What color is the large rectangle?,the large rectangle is white,white | white | white,True,1.0,1.0,1.0,False,1,the large rectangle is white,the large rectangle is white,white,0.3563,0.3469,0.0,0.0,42.5,9.049,1,image+text
synth_no_pass2_00253,no_pass2,Is there a blue shape in this image?,yes,no | no | no,False,0.0,1.0,1.0,True,1,yes,yes,yes,0.284,0.2744,0.0,0.0,43.5,9.049,1,image+text
synth_no_pass2_00254,no_pass2,What color is the large rectangle?,the large rectangle is blue,teal | teal | green,False,0.0,1.0,1.0,True,1,the large rectangle is blue,the large rectangle is blue,blue,0.3605,0.3508,0.0,0.0,40.5,9.049,1,image+text
synth_no_pass2_00255,no_pass2,What color is the small circle?,green,olive | olive | green,True,0.3333,1.0,1.0,False,1,green,green,green,0.3174,0.3075,0.0,0.0,42.0,9.049,1,image+text
synth_no_pass2_00256,no_pass2,Is there a purple shape in this image?,yes,no | no | no,False,0.0,1.0,1.0,True,1,yes,yes,yes,0.2691,0.2594,0.0,0.0,41.0,9.049,1,image+text
synth_no_pass2_00257,no_pass2,What is the dominant color in this image?,blue is the dominant color in this image,blue | blue | blue,True,1.0,1.0,1.0,False,1,blue is the dominant color in this image,blue is the dominant color in this image,blue,0.5181,0.5088,0.0,0.0,36.0,9.049,1,image+text
synth_no_pass2_00258,no_pass2,What is the dominant color in this image?,blue is the dominant color in this image,blue | blue | blue,True,1.0,1.0,1.0,False,1,blue is the dominant color in this image,blue is the dominant color in this image,blue,0.4964,0.4864,0.0,0.0,36.5,9.049,1,image+text
synth_no_pass2_00259,no_pass2,What color is the circle?,pink,pink | pink | pink,True,1.0,1.0,1.0,False,1,pink,pink,pink,0.2657,0.256,0.0,0.0,41.5,9.049,1,image+text
synth_no_pass2_00260,no_pass2,What color is the background?,gray,gray | gray | grey,True,0.6667,1.0,1.0,False,1,gray,gray,gray,0.2387,0.2287,0.0,0.0,27.5,9.049,1,image+text
synth_no_pass2_00261,no_pass2,What color is the background?,gray,gray | gray | grey,True,0.6667,1.0,1.0,False,1,gray,gray,gray,0.2209,0.2117,0.0,0.0,30.0,9.049,1,image+text
synth_no_pass2_00262,no_pass2,What is the dominant color in this image?,the dominant color in this image is yellow,yellow | yellow | yellow,True,1.0,1.0,1.0,False,1,the dominant color in this image is yellow,the dominant color in this image is yellow,yellow,0.4966,0.4873,0.0,0.0,39.5,9.049,1,image+text
synth_no_pass2_00263,no_pass2,What color is the small circle?,green,lime | lime | yellow-green,False,0.0,1.0,1.0,True,1,green,green,green,0.3113,0.3016,0.0,0.0,41.5,9.049,1,image+text
synth_no_pass2_00264,no_pass2,What is the dominant color in this image?,the dominant color in this image,orange | orange | orange,False,0.0,1.0,1.0,True,1,the dominant color in this image,the dominant color in this image,dominant color in this image,0.4119,0.402,0.0,0.0,46.0,9.049,1,image+text
synth_no_pass2_00265,no_pass2,What is the dominant color in this image?,red is the dominant color in this image,red | red | red,True,1.0,1.0,1.0,False,1,red is the dominant color in this image,red is the dominant color in this image,red,0.5056,0.4959,0.0,0.0,42.0,9.049,1,image+text
synth_no_pass2_00266,no_pass2,Is there a red shape in this image?,yes,no | no | no,False,0.0,1.0,1.0,True,1,yes,yes,yes,0.2701,0.2602,0.0,0.0,39.5,9.049,1,image+text
synth_no_pass2_00267,no_pass2,What is the dominant color in this image?,the dominant color in this image is yellow,yellow | yellow | yellow,True,1.0,1.0,1.0,False,1,the dominant color in this image is yellow,the dominant color in this image is yellow,yellow,0.4993,0.4897,0.0,0.0,40.0,9.049,1,image+text
synth_no_pass2_00268,no_pass2,Is the background color light or dark?,dark background,dark | dark | dark,True,1.0,1.0,1.0,False,1,dark background,dark background,dark,0.2672,0.2576,0.0,0.0,41.5,9.049,1,image+text
synth_no_pass2_00269,no_pass2,Is there a red shape in this image?,yes,yes | yes | yes,True,1.0,1.0,1.0,False,1,yes,yes,yes,0.313,0.3034,0.0,0.0,45.0,9.049,1,image+text
synth_no_pass2_00270,no_pass2,Is there a red shape in this image?,yes,no | no | no,False,0.0,1.0,1.0,True,1,yes,yes,yes,0.2685,0.2587,0.0,0.0,44.0,9.049,1,image+text
synth_no_pass2_00271,no_pass2,What color is the large rectangle?,a yellow square,yellow | yellow | yellow,True,1.0,1.0,1.0,False,1,a yellow square,a yellow square,yellow,0.3141,0.3046,0.0,0.0,44.0,9.049,1,image+text
synth_no_pass2_00272,no_pass2,What is the dominant color in this image?,the dominant color in this image,orange | orange | orange,False,0.0,1.0,1.0,True,1,the dominant color in this image,the dominant color in this image,dominant color in this image,0.4094,0.3994,0.0,0.0,41.0,9.049,1,image+text
synth_no_pass2_00273,no_pass2,What color is the background?,gray,gray | gray | grey,True,0.6667,1.0,1.0,False,1,gray,gray,gray,0.2235,0.2139,0.0,0.0,41.0,9.049,1,image+text
synth_no_pass2_00274,no_pass2,What is the dominant color in this image?,blue is the dominant color in this image,blue | blue | blue,True,1.0,1.0,1.0,False,1,blue is the dominant color in this image,blue is the dominant color in this image,blue,0.4998,0.4906,0.0,0.0,42.5,9.049,1,image+text
synth_no_pass2_00275,no_pass2,What is the dominant color in this image?,red is the dominant color in this image,red | red | red,True,1.0,1.0,1.0,False,1,red is the dominant color in this image,red is the dominant color in this image,red,0.5098,0.5002,0.0,0.0,38.5,9.049,1,image+text
synth_no_pass2_00276,no_pass2,What color is the background?,white,white | white | white,True,1.0,1.0,1.0,False,1,white,white,white,0.3189,0.3094,0.0,0.0,38.5,9.049,1,image+text
synth_no_pass2_00277,no_pass2,What color is the large rectangle?,the large rectangle is white,white | white | white,True,1.0,1.0,1.0,False,1,the large rectangle is white,the large rectangle is white,white,0.3688,0.3587,0.0,0.0,42.5,9.049,1,image+text
synth_no_pass2_00278,no_pass2,What is the dominant color in this image?,red is the dominant color in this image,red | red | red,True,1.0,1.0,1.0,False,1,red is the dominant color in this image,red is the dominant color in this image,red,0.5011,0.49,0.0,0.0,41.5,9.049,1,image+text
synth_no_pass2_00279,no_pass2,What color is the circle in this image?,red,red | red | red,True,1.0,1.0,1.0,False,1,red,red,red,0.2663,0.2569,0.0,0.0,41.0,9.049,1,image+text
synth_no_pass2_00280,no_pass2,What color is the large rectangle?,the large rectangle is green,green | green | green,True,1.0,1.0,1.0,False,1,the large rectangle is green,the large rectangle is green,green,0.3837,0.3733,0.0,0.0,41.0,9.049,1,image+text
synth_no_pass2_00281,no_pass2,What color is the large rectangle?,green,lime | lime | green,True,0.3333,1.0,1.0,False,1,green,green,green,0.3177,0.3079,0.0,0.0,39.0,9.049,1,image+text
synth_no_pass2_00282,no_pass2,Is the background color light or dark?,dark,dark | dark | dark,True,1.0,1.0,1.0,False,1,dark,dark,dark,0.2192,0.2093,0.0,0.0,41.0,9.049,1,image+text
synth_no_pass2_00283,no_pass2,What is the dominant color in this image?,the dominant color in this image is green,green | green | green,True,1.0,1.0,1.0,False,1,the dominant color in this image is green,the dominant color in this image is green,green,0.4994,0.4899,0.0,0.0,41.5,9.049,1,image+text
synth_no_pass2_00284,no_pass2,What color is the background?,blue,blue | blue | blue,True,1.0,1.0,1.0,False,1,blue,blue,blue,0.3154,0.3059,0.0,0.0,42.5,9.049,1,image+text
synth_no_pass2_00285,no_pass2,What is the dominant color in this image?,blue is the dominant color in this image,blue | blue | blue,True,1.0,1.0,1.0,False,1,blue is the dominant color in this image,blue is the dominant color in this image,blue,0.5048,0.495,0.0,0.0,43.5,9.049,1,image+text
synth_no_pass2_00286,no_pass2,Is there a blue shape in this image?,yes,yes | yes | yes,True,1.0,1.0,1.0,False,1,yes,yes,yes,0.2691,0.2597,0.0,0.0,42.5,9.049,1,image+text
synth_no_pass2_00287,no_pass2,What color is the large rectangle?,red,red | red | red,True,1.0,1.0,1.0,False,1,red,red,red,0.3146,0.3046,0.0,0.0,45.0,9.049,1,image+text
synth_no_pass2_00288,no_pass2,What color is the large rectangle?,the large rectangle is green,olive | olive | dark yellow,False,0.0,1.0,1.0,True,1,the large rectangle is green,the large rectangle is green,green,0.3603,0.3506,0.0,0.0,46.0,9.049,1,image+text
synth_no_pass2_00289,no_pass2,Is the background color light or dark?,dark,light | light | light,False,0.0,1.0,1.0,True,1,dark,dark,dark,0.2224,0.2129,0.0,0.0,42.5,9.049,1,image+text
synth_no_pass2_00290,no_pass2,Is the circle on the left or right side?,is the circle on the left side,left | left | center,True,0.6667,1.0,1.0,False,1,is the circle on the left side,is the circle on the left side,left,0.453,0.4429,0.0,0.0,43.0,9.049,1,image+text
synth_no_pass2_00291,no_pass2,What is the dominant color in this image?,blue is the dominant color in this image,blue | blue | blue,True,1.0,1.0,1.0,False,1,blue is the dominant color in this image,blue is the dominant color in this image,blue,0.5214,0.5118,0.0,0.0,40.5,9.049,1,image+text
synth_no_pass2_00292,no_pass2,Is the background color light or dark?,dark blue,dark | dark | dark,False,0.0,1.0,1.0,True,1,dark blue,dark blue,blue,0.2198,0.2103,0.0,0.0,36.5,9.049,1,image+text
synth_no_pass2_00293,no_pass2,What color is the small circle?,green,olive | olive | green,True,0.3333,1.0,1.0,False,1,green,green,green,0.3112,0.3016,0.0,0.0,44.0,9.049,1,image+text
synth_no_pass2_00294,no_pass2,What color is the circle?,pink,pink | pink | pink,True,1.0,1.0,1.0,False,1,pink,pink,pink,0.2927,0.2834,0.0,0.0,45.0,9.049,1,image+text
synth_no_pass2_00295,no_pass2,What color is the circle in this image?,red,red | red | red,True,1.0,1.0,1.0,False,1,red,red,red,0.2676,0.2583,0.0,0.0,44.5,9.049,1,image+text
synth_no_pass2_00296,no_pass2,What color is the background?,blue,blue | blue | blue,True,1.0,1.0,1.0,False,1,blue,blue,blue,0.3137,0.3042,0.0,0.0,46.0,9.049,1,image+text
synth_no_pass2_00297,no_pass2,What color is the large rectangle?,blue,blue | blue | blue,True,1.0,1.0,1.0,False,1,blue,blue,blue,0.2678,0.2584,0.0,0.0,41.5,9.049,1,image+text
synth_no_pass2_00298,no_pass2,Is the background color light or dark?,a dark background,dark | dark | medium,True,0.6667,1.0,1.0,False,1,a dark background,a dark background,dark,0.3127,0.3031,0.0,0.0,42.0,9.049,1,image+text
synth_no_pass2_00299,no_pass2,What color is the large rectangle?,green,lime | lime | green,True,0.3333,1.0,1.0,False,1,green,green,green,0.3132,0.3037,0.0,0.0,42.5,9.049,1,image+text
synth_no_pass2_00300,no_pass2,What color is the large rectangle?,green,lime | lime | green,True,0.3333,1.0,1.0,False,1,green,green,green,0.3351,0.3247,0.0,0.0,37.5,9.049,1,image+text
synth_no_pass2_00301,no_pass2,What color is the large rectangle?,green,lime | lime | green,True,0.3333,1.0,1.0,False,1,green,green,green,0.3112,0.3011,0.0,0.0,39.0,9.049,1,image+text
synth_no_pass2_00302,no_pass2,What is the dominant color in this image?,blue is the dominant color in this image,blue | blue | blue,True,1.0,1.0,1.0,False,1,blue is the dominant color in this image,blue is the dominant color in this image,blue,0.4953,0.4856,0.0,0.0,44.0,9.049,1,image+text
synth_no_pass2_00303,no_pass2,What color is the large rectangle?,a yellow square,yellow | yellow | yellow,True,1.0,1.0,1.0,False,1,a yellow square,a yellow square,yellow,0.3137,0.3043,0.0,0.0,43.0,9.049,1,image+text
synth_no_pass2_00304,no_pass2,Is there a green shape in this image?,yes,yes | yes | yes,True,1.0,1.0,1.0,False,1,yes,yes,yes,0.2675,0.2581,0.0,0.0,43.5,9.049,1,image+text
synth_no_pass2_00305,no_pass2,What is the dominant color in this image?,cyan,cyan | cyan | blue,True,0.6667,1.0,1.0,False,1,cyan,cyan,cyan,0.3228,0.3132,0.0,0.0,44.0,9.049,1,image+text
synth_no_pass2_00306,no_pass2,Is there a red shape in this image?,yes,yes | yes | yes,True,1.0,1.0,1.0,False,1,yes,yes,yes,0.3306,0.3193,0.0,0.0,41.5,9.049,1,image+text
synth_no_pass2_00307,no_pass2,What color is the large rectangle?,brown color,brown | brown | brown,True,1.0,1.0,1.0,False,1,brown color,brown color,brown,0.2671,0.2577,0.0,0.0,41.5,9.049,1,image+text
synth_no_pass2_00308,no_pass2,What is the dominant color in this image?,the dominant color in this image,orange | orange | orange,False,0.0,1.0,1.0,True,1,the dominant color in this image,the dominant color in this image,dominant color in this image,0.4068,0.3968,0.0,0.0,43.5,9.049,1,image+text
synth_no_pass2_00309,no_pass2,What color is the large rectangle?,red,red | red | red,True,1.0,1.0,1.0,False,1,red,red,red,0.314,0.3046,0.0,0.0,41.0,9.049,1,image+text
synth_no_pass2_00310,no_pass2,What color is the circle in this image?,blue,blue | blue | blue,True,1.0,1.0,1.0,False,1,blue,blue,blue,0.2684,0.2585,0.0,0.0,42.0,9.049,1,image+text
synth_no_pass2_00311,no_pass2,What color is the background?,gray,gray | gray | grey,True,0.6667,1.0,1.0,False,1,gray,gray,gray,0.2221,0.2128,0.0,0.0,42.5,9.049,1,image+text
synth_no_pass2_00312,no_pass2,What color is the background?,navy blue,navy | dark blue | blue,True,0.6667,1.0,1.0,False,1,navy blue,navy blue,blue,0.2215,0.2121,0.0,0.0,42.0,9.049,1,image+text
synth_no_pass2_00313,no_pass2,Is there a red shape in this image?,yes,no | no | no,False,0.0,1.0,1.0,True,1,yes,yes,yes,0.2674,0.2582,0.0,0.0,44.0,9.049,1,image+text
synth_no_pass2_00314,no_pass2,What color is the large rectangle?,a large rectangle,pink | pink | pink,False,0.0,1.0,1.0,True,1,a large rectangle,a large rectangle,large rectangle,0.316,0.3057,0.0,0.0,45.5,9.049,1,image+text
synth_no_pass2_00315,no_pass2,What color is the background?,navy blue,navy | dark blue | blue,True,0.6667,1.0,1.0,False,1,navy blue,navy blue,blue,0.2216,0.2123,0.0,0.0,41.5,9.049,1,image+text
synth_no_pass2_00316,no_pass2,Is the circle on the left or right side?,is the circle on the left side,right | right | right,False,0.0,1.0,1.0,True,1,is the circle on the left side,is the circle on the left side,left,0.4543,0.4442,0.0,0.0,41.5,9.049,1,image+text
synth_no_pass2_00317,no_pass2,Is the background color light or dark?,a dark background,dark | dark | medium,True,0.6667,1.0,1.0,False,1,a dark background,a dark background,dark,0.3153,0.3057,0.0,0.0,45.0,9.049,1,image+text
synth_no_pass2_00318,no_pass2,What color is the circle in this image?,yellow,yellow | yellow | yellow,True,1.0,1.0,1.0,False,1,yellow,yellow,yellow,0.3163,0.3065,0.0,0.0,45.0,9.049,1,image+text
synth_no_pass2_00319,no_pass2,What color is the large rectangle?,navy blue,navy | dark blue | navy,True,0.3333,1.0,1.0,False,1,navy blue,navy blue,blue,0.2215,0.2119,0.0,0.0,45.0,9.049,1,image+text
synth_no_pass2_00320,no_pass2,What color is the circle?,the circle is green,cyan | cyan | teal | teal,False,0.0,1.0,1.0,True,1,the circle is green,the circle is green,green,0.3319,0.3217,0.0,0.0,27.5,9.049,1,image+text
synth_no_pass2_00321,no_pass2,Is the circle on the left or right side?,is the circle on the left side,left | left | left,True,1.0,1.0,1.0,False,1,is the circle on the left side,is the circle on the left side,left,0.4633,0.4534,0.0,0.0,33.5,9.049,1,image+text
synth_no_pass2_00322,no_pass2,What color is the small circle?,green,lime | lime | yellow-green,False,0.0,1.0,1.0,True,1,green,green,green,0.3152,0.3056,0.0,0.0,40.5,9.049,1,image+text
synth_no_pass2_00323,no_pass2,Is there a purple shape in this image?,yes,no | no | no,False,0.0,1.0,1.0,True,1,yes,yes,yes,0.2681,0.2588,0.0,0.0,38.5,9.049,1,image+text
synth_no_pass2_00324,no_pass2,What color is the large rectangle?,the large rectangle is white,white | white | white,True,1.0,1.0,1.0,False,1,the large rectangle is white,the large rectangle is white,white,0.365,0.3555,0.0,0.0,36.0,9.049,1,image+text
synth_no_pass2_00325,no_pass2,Is there a green shape in this image?,yes,yes | yes | yes,True,1.0,1.0,1.0,False,1,yes,yes,yes,0.2688,0.2591,0.0,0.0,41.0,9.049,1,image+text
synth_no_pass2_00326,no_pass2,Is the background color light or dark?,dark,light | light | light,False,0.0,1.0,1.0,True,1,dark,dark,dark,0.222,0.2126,0.0,0.0,44.5,9.049,1,image+text
synth_no_pass2_00327,no_pass2,What color is the large rectangle?,blue,blue | blue | blue,True,1.0,1.0,1.0,False,1,blue,blue,blue,0.2693,0.2597,0.0,0.0,43.5,9.049,1,image+text
synth_no_pass2_00328,no_pass2,What color is the small circle?,green,olive | olive | green,True,0.3333,1.0,1.0,False,1,green,green,green,0.3142,0.3046,0.0,0.0,45.5,9.049,1,image+text
synth_no_pass2_00329,no_pass2,What color is the large rectangle?,the large rectangle is green,green | green | green,True,1.0,1.0,1.0,False,1,the large rectangle is green,the large rectangle is green,green,0.3563,0.3466,0.0,0.0,44.0,9.049,1,image+text
synth_no_pass2_00330,no_pass2,What color is the large rectangle?,green,lime | lime | green,True,0.3333,1.0,1.0,False,1,green,green,green,0.3131,0.3032,0.0,0.0,41.0,9.049,1,image+text
synth_no_pass2_00331,no_pass2,What is the dominant color in this image?,the dominant color in this image is yellow,yellow | yellow | yellow,True,1.0,1.0,1.0,False,1,the dominant color in this image is yellow,the dominant color in this image is yellow,yellow,0.5021,0.4927,0.0,0.0,39.5,9.049,1,image+text
synth_no_pass2_00332,no_pass2,What color is the circle in this image?,yellow,yellow | yellow | yellow,True,1.0,1.0,1.0,False,1,yellow,yellow,yellow,0.3157,0.3064,0.0,0.0,40.5,9.049,1,image+text
synth_no_pass2_00333,no_pass2,What color is the background?,gray,gray | gray | grey,True,0.6667,1.0,1.0,False,1,gray,gray,gray,0.2251,0.2152,0.0,0.0,44.5,9.049,1,image+text
synth_no_pass2_00334,no_pass2,What is the dominant color in this image?,the dominant color in this image is green,green | green | green,True,1.0,1.0,1.0,False,1,the dominant color in this image is green,the dominant color in this image is green,green,0.5095,0.4998,0.0,0.0,40.5,9.049,1,image+text
synth_no_pass2_00335,no_pass2,What color is the large rectangle?,blue,blue | blue | blue,True,1.0,1.0,1.0,False,1,blue,blue,blue,0.2644,0.2549,0.0,0.0,37.5,9.049,1,image+text
synth_no_pass2_00336,no_pass2,Is the circle on the left or right side?,is the circle on the left side,left | left | left,True,1.0,1.0,1.0,False,1,is the circle on the left side,is the circle on the left side,left,0.4503,0.4399,0.0,0.0,42.0,9.049,1,image+text
synth_no_pass2_00337,no_pass2,What is the dominant color in this image?,blue is the dominant color in this image,blue | blue | blue,True,1.0,1.0,1.0,False,1,blue is the dominant color in this image,blue is the dominant color in this image,blue,0.5025,0.4929,0.0,0.0,38.0,9.049,1,image+text
synth_no_pass2_00338,no_pass2,What color is the large rectangle?,navy blue,navy | dark blue | navy,True,0.3333,1.0,1.0,False,1,navy blue,navy blue,blue,0.2228,0.2135,0.0,0.0,38.5,9.049,1,image+text
synth_no_pass2_00339,no_pass2,What color is the background?,blue,blue | blue | blue,True,1.0,1.0,1.0,False,1,blue,blue,blue,0.3178,0.3081,0.0,0.0,43.0,9.049,1,image+text
synth_no_pass2_00340,no_pass2,What color is the large rectangle?,the large rectangle is green,green | green | green,True,1.0,1.0,1.0,False,1,the large rectangle is green,the large rectangle is green,green,0.3793,0.369,0.0,0.0,27.0,9.049,1,image+text
synth_no_pass2_00341,no_pass2,Is the background color light or dark?,dark,light | light | light,False,0.0,1.0,1.0,True,1,dark,dark,dark,0.2225,0.2125,0.0,0.0,34.0,9.049,1,image+text
synth_no_pass2_00342,no_pass2,Is the background color light or dark?,dark,light | light | light,False,0.0,1.0,1.0,True,1,dark,dark,dark,0.2277,0.2179,0.0,0.0,44.0,9.049,1,image+text
synth_no_pass2_00343,no_pass2,Is there a red shape in this image?,yes,yes | yes | yes,True,1.0,1.0,1.0,False,1,yes,yes,yes,0.3145,0.3048,0.0,0.0,43.0,9.049,1,image+text
synth_no_pass2_00344,no_pass2,What color is the large rectangle?,a yellow square,yellow | yellow | yellow,True,1.0,1.0,1.0,False,1,a yellow square,a yellow square,yellow,0.3137,0.3043,0.0,0.0,44.0,9.049,1,image+text
synth_no_pass2_00345,no_pass2,Is the background color light or dark?,dark,light | light | light,False,0.0,1.0,1.0,True,1,dark,dark,dark,0.2222,0.2128,0.0,0.0,42.0,9.049,1,image+text
synth_no_pass2_00346,no_pass2,What is the dominant color in this image?,red is the dominant color in this image,red | red | red,True,1.0,1.0,1.0,False,1,red is the dominant color in this image,red is the dominant color in this image,red,0.5164,0.5069,0.0,0.0,38.5,9.049,1,image+text
synth_no_pass2_00347,no_pass2,Is the circle on the left or right side?,is the circle on the left side,left | left | center,True,0.6667,1.0,1.0,False,1,is the circle on the left side,is the circle on the left side,left,0.4559,0.4459,0.0,0.0,39.0,9.049,1,image+text
synth_no_pass2_00348,no_pass2,What color is the background?,blue,blue | blue | blue,True,1.0,1.0,1.0,False,1,blue,blue,blue,0.314,0.3046,0.0,0.0,39.5,9.049,1,image+text
synth_no_pass2_00349,no_pass2,Is there a blue shape in this image?,yes,yes | yes | yes,True,1.0,1.0,1.0,False,1,yes,yes,yes,0.2686,0.2588,0.0,0.0,42.0,9.049,1,image+text
synth_no_pass2_00350,no_pass2,What color is the circle in this image?,blue,blue | blue | blue,True,1.0,1.0,1.0,False,1,blue,blue,blue,0.2698,0.2598,0.0,0.0,44.5,9.049,1,image+text
synth_no_pass2_00351,no_pass2,What color is the large rectangle?,the large rectangle is green,green | green | green,True,1.0,1.0,1.0,False,1,the large rectangle is green,the large rectangle is green,green,0.3686,0.359,0.0,0.0,44.0,9.049,1,image+text
synth_no_pass2_00352,no_pass2,Is the background color light or dark?,dark background,dark | dark | dark,True,1.0,1.0,1.0,False,1,dark background,dark background,dark,0.2666,0.2571,0.0,0.0,45.0,9.049,1,image+text
synth_no_pass2_00353,no_pass2,What color is the circle in this image?,red,red | red | red,True,1.0,1.0,1.0,False,1,red,red,red,0.2686,0.2592,0.0,0.0,45.5,9.049,1,image+text
synth_no_pass2_00354,no_pass2,Is there a red shape in this image?,yes,yes | yes | yes,True,1.0,1.0,1.0,False,1,yes,yes,yes,0.3215,0.3122,0.0,0.0,42.5,9.049,1,image+text
synth_no_pass2_00355,no_pass2,What color is the circle in this image?,yellow,yellow | yellow | yellow,True,1.0,1.0,1.0,False,1,yellow,yellow,yellow,0.3126,0.3032,0.0,0.0,42.0,9.049,1,image+text
synth_no_pass2_00356,no_pass2,What color is the circle?,the circle is green,cyan | cyan | teal | teal,False,0.0,1.0,1.0,True,1,the circle is green,the circle is green,green,0.3105,0.301,0.0,0.0,41.5,9.049,1,image+text
synth_no_pass2_00357,no_pass2,Is there a blue shape in this image?,yes,no | no | no,False,0.0,1.0,1.0,True,1,yes,yes,yes,0.2665,0.2572,0.0,0.0,42.0,9.049,1,image+text
synth_no_pass2_00358,no_pass2,What color is the background?,white,white | white | white,True,1.0,1.0,1.0,False,1,white,white,white,0.3286,0.3187,0.0,0.0,43.5,9.049,1,image+text
synth_no_pass2_00359,no_pass2,What color is the circle?,a red circle,brown | brown | maroon,False,0.0,1.0,1.0,True,1,a red circle,a red circle,red,0.3173,0.3072,0.0,0.0,43.0,9.049,1,image+text
synth_no_pass2_00360,no_pass2,What color is the large rectangle?,brown color,brown | brown | brown,True,1.0,1.0,1.0,False,1,brown color,brown color,brown,0.2926,0.2822,0.0,0.0,40.0,9.049,1,image+text
synth_no_pass2_00361,no_pass2,What color is the large rectangle?,red,maroon | maroon | dark red,True,0.3333,1.0,1.0,False,1,red,red,red,0.3155,0.3058,0.0,0.0,43.5,9.049,1,image+text
synth_no_pass2_00362,no_pass2,What is the dominant color in this image?,the dominant color in this image is green,green | green | green,True,1.0,1.0,1.0,False,1,the dominant color in this image is green,the dominant color in this image is green,green,0.4957,0.4865,0.0,0.0,41.5,9.049,1,image+text
synth_no_pass2_00363,no_pass2,Is the circle on the left or right side?,is the circle on the left side,left | left | center,True,0.6667,1.0,1.0,False,1,is the circle on the left side,is the circle on the left side,left,0.4557,0.4461,0.0,0.0,38.5,9.049,1,image+text
synth_no_pass2_00364,no_pass2,What is the dominant color in this image?,the dominant color in this image,orange | orange | orange,False,0.0,1.0,1.0,True,1,the dominant color in this image,the dominant color in this image,dominant color in this image,0.4123,0.4026,0.0,0.0,41.5,9.049,1,image+text
synth_no_pass2_00365,no_pass2,Is the background color light or dark?,dark,dark | dark | dark,True,1.0,1.0,1.0,False,1,dark,dark,dark,0.2294,0.2181,0.0,0.0,40.0,9.049,1,image+text
synth_no_pass2_00366,no_pass2,What color is the circle?,the circle is green,cyan | cyan | teal | teal,False,0.0,1.0,1.0,True,1,the circle is green,the circle is green,green,0.3147,0.3051,0.0,0.0,40.5,9.049,1,image+text
synth_no_pass2_00367,no_pass2,What is the dominant color in this image?,blue is the dominant color in this image,blue | blue | blue,True,1.0,1.0,1.0,False,1,blue is the dominant color in this image,blue is the dominant color in this image,blue,0.5033,0.494,0.0,0.0,42.5,9.049,1,image+text
synth_no_pass2_00368,no_pass2,What color is the circle?,red,maroon | dark red | red,True,0.6667,1.0,1.0,False,1,red,red,red,0.3155,0.3061,0.0,0.0,42.5,9.049,1,image+text
synth_no_pass2_00369,no_pass2,Is there a green shape in this image?,yes,yes | yes | yes,True,1.0,1.0,1.0,False,1,yes,yes,yes,0.2651,0.2559,0.0,0.0,42.0,9.049,1,image+text
synth_no_pass2_00370,no_pass2,What color is the large rectangle?,the large rectangle is white,white | white | white,True,1.0,1.0,1.0,False,1,the large rectangle is white,the large rectangle is white,white,0.3581,0.3482,0.0,0.0,40.5,9.049,1,image+text
synth_no_pass2_00371,no_pass2,Is there a purple shape in this image?,yes,no | no | no,False,0.0,1.0,1.0,True,1,yes,yes,yes,0.2686,0.2593,0.0,0.0,44.0,9.049,1,image+text
synth_no_pass2_00372,no_pass2,What color is the large rectangle?,a yellow square,yellow | yellow | yellow,True,1.0,1.0,1.0,False,1,a yellow square,a yellow square,yellow,0.3147,0.3049,0.0,0.0,45.5,9.049,1,image+text
synth_no_pass2_00373,no_pass2,What color is the circle in this image?,blue,blue | blue | blue,True,1.0,1.0,1.0,False,1,blue,blue,blue,0.2686,0.259,0.0,0.0,42.0,9.049,1,image+text
synth_no_pass2_00374,no_pass2,What color is the background?,gray,gray | gray | grey,True,0.6667,1.0,1.0,False,1,gray,gray,gray,0.223,0.2132,0.0,0.0,41.5,9.049,1,image+text
synth_no_pass2_00375,no_pass2,What color is the large rectangle?,the large rectangle is green,green | green | green,True,1.0,1.0,1.0,False,1,the large rectangle is green,the large rectangle is green,green,0.3609,0.3512,0.0,0.0,45.0,9.049,1,image+text
synth_no_pass2_00376,no_pass2,Is there a blue shape in this image?,yes,no | no | no,False,0.0,1.0,1.0,True,1,yes,yes,yes,0.2695,0.2594,0.0,0.0,45.0,9.049,1,image+text
synth_no_pass2_00377,no_pass2,What is the dominant color in this image?,the dominant color in this image,orange | orange | orange,False,0.0,1.0,1.0,True,1,the dominant color in this image,the dominant color in this image,dominant color in this image,0.4094,0.3996,0.0,0.0,42.0,9.049,1,image+text
synth_no_pass2_00378,no_pass2,What color is the circle in this image?,yellow,yellow | yellow | yellow,True,1.0,1.0,1.0,False,1,yellow,yellow,yellow,0.3128,0.3027,0.0,0.0,39.5,9.049,1,image+text
synth_no_pass2_00379,no_pass2,What color is the background?,white,white | white | white,True,1.0,1.0,1.0,False,1,white,white,white,0.3103,0.3012,0.0,0.0,43.0,9.049,1,image+text
synth_no_pass2_00380,no_pass2,What is the dominant color in this image?,a blue background,navy | navy | blue | dark blue,True,0.6667,1.0,1.0,False,1,a blue background,a blue background,blue,0.3337,0.3234,0.0,0.0,37.0,9.049,1,image+text
synth_no_pass2_00381,no_pass2,What color is the background?,white,white | white | white,True,1.0,1.0,1.0,False,1,white,white,white,0.3154,0.3057,0.0,0.0,42.0,9.049,1,image+text
synth_no_pass2_00382,no_pass2,What color is the large rectangle?,the large rectangle is green,green | green | green,True,1.0,1.0,1.0,False,1,the large rectangle is green,the large rectangle is green,green,0.3631,0.3532,0.0,0.0,44.5,9.049,1,image+text
synth_no_pass2_00383,no_pass2,Is the background color light or dark?,dark,light | light | light,False,0.0,1.0,1.0,True,1,dark,dark,dark,0.2236,0.2139,0.0,0.0,41.5,9.049,1,image+text
synth_no_pass2_00384,no_pass2,What is the dominant color in this image?,the dominant color in this image,orange | orange | orange,False,0.0,1.0,1.0,True,1,the dominant color in this image,the dominant color in this image,dominant color in this image,0.4074,0.3974,0.0,0.0,41.5,9.049,1,image+text
synth_no_pass2_00385,no_pass2,Is the circle on the left or right side?,is the circle on the left side,left | left | left,True,1.0,1.0,1.0,False,1,is the circle on the left side,is the circle on the left side,left,0.4585,0.4488,0.0,0.0,41.0,9.049,1,image+text
synth_no_pass2_00386,no_pass2,What is the dominant color in this image?,burgundy,maroon | maroon | dark red,False,0.0,1.0,1.0,True,1,burgundy,burgundy,burgundy,0.4315,0.4219,0.0,0.0,37.5,9.049,1,image+text
synth_no_pass2_00387,no_pass2,What color is the circle?,pink,pink | pink | pink,True,1.0,1.0,1.0,False,1,pink,pink,pink,0.2713,0.2617,0.0,0.0,41.0,9.049,1,image+text
synth_no_pass2_00388,no_pass2,What color is the circle in this image?,red,red | red | red,True,1.0,1.0,1.0,False,1,red,red,red,0.2948,0.2851,0.0,0.0,42.0,9.049,1,image+text
synth_no_pass2_00389,no_pass2,What is the dominant color in this image?,blue is the dominant color in this image,blue | blue | blue,True,1.0,1.0,1.0,False,1,blue is the dominant color in this image,blue is the dominant color in this image,blue,0.5074,0.4977,0.0,0.0,38.0,9.049,1,image+text
synth_no_pass2_00390,no_pass2,What color is the large rectangle?,a yellow square,yellow | yellow | yellow,True,1.0,1.0,1.0,False,1,a yellow square,a yellow square,yellow,0.3198,0.3098,0.0,0.0,36.0,9.049,1,image+text
synth_no_pass2_00391,no_pass2,What color is the large rectangle?,green,lime | lime | green,True,0.3333,1.0,1.0,False,1,green,green,green,0.3182,0.3083,0.0,0.0,40.0,9.049,1,image+text
synth_no_pass2_00392,no_pass2,What color is the large rectangle?,a yellow square,yellow | yellow | yellow,True,1.0,1.0,1.0,False,1,a yellow square,a yellow square,yellow,0.3184,0.3086,0.0,0.0,45.5,9.049,1,image+text
synth_no_pass2_00393,no_pass2,Is the background color light or dark?,dark blue,dark | dark | dark,False,0.0,1.0,1.0,True,1,dark blue,dark blue,blue,0.2218,0.2126,0.0,0.0,44.0,9.049,1,image+text
synth_no_pass2_00394,no_pass2,Is the circle on the left or right side?,is the circle on the left side,left | left | left,True,1.0,1.0,1.0,False,1,is the circle on the left side,is the circle on the left side,left,0.4524,0.4425,0.0,0.0,43.0,9.049,1,image+text
synth_no_pass2_00395,no_pass2,Is the background color light or dark?,light blue,light | light | medium,False,0.0,1.0,1.0,True,1,light blue,light blue,blue,0.2187,0.2091,0.0,0.0,39.5,9.049,1,image+text
synth_no_pass2_00396,no_pass2,Is the background color light or dark?,a dark background,dark | dark | medium,True,0.6667,1.0,1.0,False,1,a dark background,a dark background,dark,0.3101,0.2998,0.0,0.0,40.5,9.049,1,image+text
synth_no_pass2_00397,no_pass2,What color is the large rectangle?,the large rectangle is green,olive | olive | dark yellow,False,0.0,1.0,1.0,True,1,the large rectangle is green,the large rectangle is green,green,0.354,0.3447,0.0,0.0,44.5,9.049,1,image+text
synth_no_pass2_00398,no_pass2,Is there a red shape in this image?,yes,no | no | no,False,0.0,1.0,1.0,True,1,yes,yes,yes,0.2664,0.2563,0.0,0.0,44.5,9.049,1,image+text
synth_no_pass2_00399,no_pass2,What color is the large rectangle?,the color orange,orange | orange | orange,True,1.0,1.0,1.0,False,1,the color orange,the color orange,orange,0.3161,0.306,0.0,0.0,45.5,9.049,1,image+text
synth_no_pass2_00400,no_pass2,What color is the large rectangle?,the color orange,orange | orange | orange,True,1.0,1.0,1.0,False,1,the color orange,the color orange,orange,0.3362,0.3261,0.0,0.0,27.0,9.049,1,image+text
synth_no_pass2_00401,no_pass2,Is the circle on the left or right side?,is the circle on the left side,left | left | left,True,1.0,1.0,1.0,False,1,is the circle on the left side,is the circle on the left side,left,0.4472,0.4374,0.0,0.0,40.0,9.049,1,image+text
synth_no_pass2_00402,no_pass2,Is the background color light or dark?,dark,light | light | light,False,0.0,1.0,1.0,True,1,dark,dark,dark,0.2201,0.2105,0.0,0.0,43.0,9.049,1,image+text
synth_no_pass2_00403,no_pass2,What is the dominant color in this image?,the dominant color is brown,brown | brown | brown,True,1.0,1.0,1.0,False,1,the dominant color is brown,the dominant color is brown,brown,0.4016,0.3921,0.0,0.0,42.0,9.049,1,image+text
synth_no_pass2_00404,no_pass2,What color is the large rectangle?,the large rectangle is purple,purple | purple | purple,True,1.0,1.0,1.0,False,1,the large rectangle is purple,the large rectangle is purple,purple,0.3602,0.3505,0.0,0.0,42.0,9.049,1,image+text
synth_no_pass2_00405,no_pass2,What is the dominant color in this image?,the dominant color in this image is yellow,yellow | yellow | yellow,True,1.0,1.0,1.0,False,1,the dominant color in this image is yellow,the dominant color in this image is yellow,yellow,0.5029,0.4929,0.0,0.0,38.0,9.049,1,image+text
synth_no_pass2_00406,no_pass2,What color is the circle?,red,maroon | dark red | red,True,0.6667,1.0,1.0,False,1,red,red,red,0.3155,0.3048,0.0,0.0,38.5,9.049,1,image+text
synth_no_pass2_00407,no_pass2,Is the circle on the left or right side?,is the circle on the left side,left | left | left,True,1.0,1.0,1.0,False,1,is the circle on the left side,is the circle on the left side,left,0.4562,0.4465,0.0,0.0,40.0,9.049,1,image+text
synth_no_pass2_00408,no_pass2,Is the circle on the left or right side?,is the circle on the left side,left | left | center,True,0.6667,1.0,1.0,False,1,is the circle on the left side,is the circle on the left side,left,0.4599,0.45,0.0,0.0,38.5,9.049,1,image+text
synth_no_pass2_00409,no_pass2,Is the circle on the left or right side?,is the circle on the left side,left | left | left,True,1.0,1.0,1.0,False,1,is the circle on the left side,is the circle on the left side,left,0.4448,0.4354,0.0,0.0,42.0,9.049,1,image+text
synth_no_pass2_00410,no_pass2,Is the circle on the left or right side?,is the circle on the left side,left | left | left,True,1.0,1.0,1.0,False,1,is the circle on the left side,is the circle on the left side,left,0.4466,0.4367,0.0,0.0,39.0,9.049,1,image+text
synth_no_pass2_00411,no_pass2,Is the background color light or dark?,dark,dark | dark | dark,True,1.0,1.0,1.0,False,1,dark,dark,dark,0.2226,0.2131,0.0,0.0,42.0,9.049,1,image+text
synth_no_pass2_00412,no_pass2,What color is the circle in this image?,blue,blue | blue | blue,True,1.0,1.0,1.0,False,1,blue,blue,blue,0.2672,0.2578,0.0,0.0,44.0,9.049,1,image+text
synth_no_pass2_00413,no_pass2,Is there a red shape in this image?,yes,no | no | no,False,0.0,1.0,1.0,True,1,yes,yes,yes,0.268,0.2586,0.0,0.0,42.0,9.049,1,image+text
synth_no_pass2_00414,no_pass2,What color is the background?,the background is white,cream | white | beige,True,0.3333,1.0,1.0,False,1,the background is white,the background is white,white,0.3172,0.3077,0.0,0.0,43.0,9.049,1,image+text
synth_no_pass2_00415,no_pass2,What color is the large rectangle?,the color orange,orange | orange | orange,True,1.0,1.0,1.0,False,1,the color orange,the color orange,orange,0.3111,0.3019,0.0,0.0,41.5,9.049,1,image+text
synth_no_pass2_00416,no_pass2,What is the dominant color in this image?,red is the dominant color in this image,red | red | red,True,1.0,1.0,1.0,False,1,red is the dominant color in this image,red is the dominant color in this image,red,0.4931,0.4836,0.0,0.0,38.5,9.049,1,image+text
synth_no_pass2_00417,no_pass2,Is the circle on the left or right side?,is the circle on the left side,left | left | center,True,0.6667,1.0,1.0,False,1,is the circle on the left side,is the circle on the left side,left,0.4516,0.4421,0.0,0.0,41.5,9.049,1,image+text
synth_no_pass2_00418,no_pass2,Is the background color light or dark?,dark background,dark | dark | dark,True,1.0,1.0,1.0,False,1,dark background,dark background,dark,0.2654,0.2559,0.0,0.0,44.5,9.049,1,image+text
synth_no_pass2_00419,no_pass2,What color is the large rectangle?,a yellow square,yellow | yellow | yellow,True,1.0,1.0,1.0,False,1,a yellow square,a yellow square,yellow,0.3099,0.3007,0.0,0.0,45.0,9.049,1,image+text
synth_no_pass2_00420,no_pass2,What color is the circle in this image?,blue,blue | blue | blue,True,1.0,1.0,1.0,False,1,blue,blue,blue,0.2855,0.2752,0.0,0.0,24.5,9.049,1,image+text
synth_no_pass2_00421,no_pass2,Is the background color light or dark?,dark,light | light | light,False,0.0,1.0,1.0,True,1,dark,dark,dark,0.2203,0.2107,0.0,0.0,45.5,9.049,1,image+text
synth_no_pass2_00422,no_pass2,Is there a red shape in this image?,yes,yes | yes | yes,True,1.0,1.0,1.0,False,1,yes,yes,yes,0.3145,0.3051,0.0,0.0,45.0,9.049,1,image+text
synth_no_pass2_00423,no_pass2,Is there a green shape in this image?,yes,yes | yes | yes,True,1.0,1.0,1.0,False,1,yes,yes,yes,0.2684,0.2589,0.0,0.0,44.5,9.049,1,image+text
synth_no_pass2_00424,no_pass2,What color is the large rectangle?,red,red | red | red,True,1.0,1.0,1.0,False,1,red,red,red,0.314,0.3045,0.0,0.0,45.0,9.049,1,image+text
synth_no_pass2_00425,no_pass2,What color is the background?,blue,blue | blue | blue,True,1.0,1.0,1.0,False,1,blue,blue,blue,0.3136,0.3043,0.0,0.0,46.0,9.049,1,image+text
synth_no_pass2_00426,no_pass2,What color is the circle?,the circle is green,cyan | cyan | teal | teal,False,0.0,1.0,1.0,True,1,the circle is green,the circle is green,green,0.3166,0.3072,0.0,0.0,45.0,9.049,1,image+text
synth_no_pass2_00427,no_pass2,What color is the large rectangle?,blue,blue | blue | blue,True,1.0,1.0,1.0,False,1,blue,blue,blue,0.2668,0.2573,0.0,0.0,44.0,9.049,1,image+text
synth_no_pass2_00428,no_pass2,Is the circle on the left or right side?,is the circle on the left side,left | left | left,True,1.0,1.0,1.0,False,1,is the circle on the left side,is the circle on the left side,left,0.4498,0.4405,0.0,0.0,42.0,9.049,1,image+text
synth_no_pass2_00429,no_pass2,What color is the background?,white,white | white | white,True,1.0,1.0,1.0,False,1,white,white,white,0.3122,0.3027,0.0,0.0,39.0,9.049,1,image+text
synth_no_pass2_00430,no_pass2,What color is the circle in this image?,blue,blue | blue | blue,True,1.0,1.0,1.0,False,1,blue,blue,blue,0.2655,0.2558,0.0,0.0,43.5,9.049,1,image+text
synth_no_pass2_00431,no_pass2,What is the dominant color in this image?,red is the dominant color in this image,red | red | red,True,1.0,1.0,1.0,False,1,red is the dominant color in this image,red is the dominant color in this image,red,0.4941,0.4848,0.0,0.0,40.0,9.049,1,image+text
synth_no_pass2_00432,no_pass2,What color is the large rectangle?,red,red | red | red,True,1.0,1.0,1.0,False,1,red,red,red,0.3148,0.3053,0.0,0.0,41.5,9.049,1,image+text
synth_no_pass2_00433,no_pass2,Is there a green shape in this image?,yes,no | no | no,False,0.0,1.0,1.0,True,1,yes,yes,yes,0.2681,0.2586,0.0,0.0,41.5,9.049,1,image+text
synth_no_pass2_00434,no_pass2,What color is the large rectangle?,blue,blue | blue | blue,True,1.0,1.0,1.0,False,1,blue,blue,blue,0.2675,0.2582,0.0,0.0,45.0,9.049,1,image+text
synth_no_pass2_00435,no_pass2,What color is the large rectangle?,the large rectangle is purple,purple | purple | purple,True,1.0,1.0,1.0,False,1,the large rectangle is purple,the large rectangle is purple,purple,0.375,0.3635,0.0,0.0,42.5,9.049,1,image+text
synth_no_pass2_00436,no_pass2,What is the dominant color in this image?,the dominant color is brown,brown | brown | brown,True,1.0,1.0,1.0,False,1,the dominant color is brown,the dominant color is brown,brown,0.4095,0.3995,0.0,0.0,39.0,9.049,1,image+text
synth_no_pass2_00437,no_pass2,Is the circle on the left or right side?,is the circle on the left side,left | left | left,True,1.0,1.0,1.0,False,1,is the circle on the left side,is the circle on the left side,left,0.4563,0.4464,0.0,0.0,38.0,9.049,1,image+text
synth_no_pass2_00438,no_pass2,What is the dominant color in this image?,the dominant color in this image is purple,purple | purple | purple,True,1.0,1.0,1.0,False,1,the dominant color in this image is purple,the dominant color in this image is purple,purple,0.5006,0.4905,0.0,0.0,40.5,9.049,1,image+text
synth_no_pass2_00439,no_pass2,Is there a red shape in this image?,yes,yes | yes | yes,True,1.0,1.0,1.0,False,1,yes,yes,yes,0.3185,0.309,0.0,0.0,43.5,9.049,1,image+text
synth_no_pass2_00440,no_pass2,Is the background color light or dark?,light blue,light | light | medium,False,0.0,1.0,1.0,True,1,light blue,light blue,blue,0.2659,0.2557,0.0,0.0,25.0,9.049,1,image+text
synth_no_pass2_00441,no_pass2,What color is the circle?,the circle is green,cyan | cyan | teal | teal,False,0.0,1.0,1.0,True,1,the circle is green,the circle is green,green,0.3187,0.3092,0.0,0.0,40.5,9.049,1,image+text
synth_no_pass2_00442,no_pass2,What color is the background?,blue,blue | blue | blue,True,1.0,1.0,1.0,False,1,blue,blue,blue,0.3194,0.3099,0.0,0.0,43.5,9.049,1,image+text
synth_no_pass2_00443,no_pass2,What color is the circle in this image?,yellow,yellow | yellow | yellow,True,1.0,1.0,1.0,False,1,yellow,yellow,yellow,0.3107,0.3011,0.0,0.0,44.0,9.049,1,image+text
synth_no_pass2_00444,no_pass2,Is the background color light or dark?,dark blue,dark | dark | dark,False,0.0,1.0,1.0,True,1,dark blue,dark blue,blue,0.2185,0.2092,0.0,0.0,42.0,9.049,1,image+text
synth_no_pass2_00445,no_pass2,Is the background color light or dark?,light blue,light | light | medium,False,0.0,1.0,1.0,True,1,light blue,light blue,blue,0.221,0.2117,0.0,0.0,40.5,9.049,1,image+text
synth_no_pass2_00446,no_pass2,What color is the large rectangle?,the large rectangle is blue,teal | teal | green,False,0.0,1.0,1.0,True,1,the large rectangle is blue,the large rectangle is blue,blue,0.3601,0.3507,0.0,0.0,43.5,9.049,1,image+text
synth_no_pass2_00447,no_pass2,Is there a red shape in this image?,yes,yes | yes | yes,True,1.0,1.0,1.0,False,1,yes,yes,yes,0.315,0.3052,0.0,0.0,45.0,9.049,1,image+text
synth_no_pass2_00448,no_pass2,What is the dominant color in this image?,blue is the dominant color in this image,blue | blue | blue,True,1.0,1.0,1.0,False,1,blue is the dominant color in this image,blue is the dominant color in this image,blue,0.4985,0.4893,0.0,0.0,42.0,9.049,1,image+text
synth_no_pass2_00449,no_pass2,What color is the large rectangle?,the large rectangle is green,green | green | green,True,1.0,1.0,1.0,False,1,the large rectangle is green,the large rectangle is green,green,0.3592,0.3496,0.0,0.0,43.5,9.049,1,image+text
synth_no_pass2_00450,no_pass2,What color is the background?,white,white | white | white,True,1.0,1.0,1.0,False,1,white,white,white,0.3166,0.3069,0.0,0.0,42.0,9.049,1,image+text
synth_no_pass2_00451,no_pass2,Is the circle on the left or right side?,is the circle on the left side,right | right | right,False,0.0,1.0,1.0,True,1,is the circle on the left side,is the circle on the left side,left,0.4572,0.4475,0.0,0.0,41.0,9.049,1,image+text
synth_no_pass2_00452,no_pass2,What is the dominant color in this image?,blue is the dominant color in this image,blue | blue | blue,True,1.0,1.0,1.0,False,1,blue is the dominant color in this image,blue is the dominant color in this image,blue,0.5011,0.4914,0.0,0.0,38.0,9.049,1,image+text
synth_no_pass2_00453,no_pass2,What color is the background?,gray,gray | gray | grey,True,0.6667,1.0,1.0,False,1,gray,gray,gray,0.2208,0.2115,0.0,0.0,42.0,9.049,1,image+text
synth_no_pass2_00454,no_pass2,Is there a blue shape in this image?,yes,yes | yes | yes,True,1.0,1.0,1.0,False,1,yes,yes,yes,0.27,0.2606,0.0,0.0,45.5,9.049,1,image+text
synth_no_pass2_00455,no_pass2,What is the dominant color in this image?,the dominant color in this image is yellow,yellow | yellow | yellow,True,1.0,1.0,1.0,False,1,the dominant color in this image is yellow,the dominant color in this image is yellow,yellow,0.4954,0.486,0.0,0.0,44.5,9.049,1,image+text
synth_no_pass2_00456,no_pass2,Is the circle on the left or right side?,is the circle on the left side,left | left | left,True,1.0,1.0,1.0,False,1,is the circle on the left side,is the circle on the left side,left,0.4641,0.4531,0.0,0.0,37.5,9.049,1,image+text
synth_no_pass2_00457,no_pass2,What color is the circle in this image?,blue,blue | blue | blue,True,1.0,1.0,1.0,False,1,blue,blue,blue,0.2648,0.2552,0.0,0.0,39.5,9.049,1,image+text
synth_no_pass2_00458,no_pass2,Is there a red shape in this image?,yes,yes | yes | yes,True,1.0,1.0,1.0,False,1,yes,yes,yes,0.3093,0.2992,0.0,0.0,44.0,9.049,1,image+text
synth_no_pass2_00459,no_pass2,What color is the circle?,the circle is green,olive | olive | brown,False,0.0,1.0,1.0,True,1,the circle is green,the circle is green,green,0.3084,0.2992,0.0,0.0,45.5,9.049,1,image+text
synth_no_pass2_00460,no_pass2,Is there a purple shape in this image?,yes,yes | yes | yes,True,1.0,1.0,1.0,False,1,yes,yes,yes,0.2872,0.2769,0.0,0.0,40.0,9.049,1,image+text
synth_no_pass2_00461,no_pass2,What color is the large rectangle?,a yellow square,yellow | yellow | yellow,True,1.0,1.0,1.0,False,1,a yellow square,a yellow square,yellow,0.3129,0.303,0.0,0.0,45.0,9.049,1,image+text
synth_no_pass2_00462,no_pass2,Is there a red shape in this image?,yes,yes | yes | yes,True,1.0,1.0,1.0,False,1,yes,yes,yes,0.3184,0.3088,0.0,0.0,40.0,9.049,1,image+text
synth_no_pass2_00463,no_pass2,Is there a red shape in this image?,yes,yes | yes | yes,True,1.0,1.0,1.0,False,1,yes,yes,yes,0.3104,0.3008,0.0,0.0,45.5,9.049,1,image+text
synth_no_pass2_00464,no_pass2,Is there a red shape in this image?,yes,no | no | no,False,0.0,1.0,1.0,True,1,yes,yes,yes,0.2653,0.2557,0.0,0.0,44.0,9.049,1,image+text
synth_no_pass2_00465,no_pass2,Is there a red shape in this image?,yes,no | no | no,False,0.0,1.0,1.0,True,1,yes,yes,yes,0.2642,0.2548,0.0,0.0,45.0,9.049,1,image+text
synth_no_pass2_00466,no_pass2,Is the background color light or dark?,dark,light | light | light,False,0.0,1.0,1.0,True,1,dark,dark,dark,0.2193,0.2099,0.0,0.0,42.0,9.049,1,image+text
synth_no_pass2_00467,no_pass2,What color is the background?,gray,gray | gray | grey,True,0.6667,1.0,1.0,False,1,gray,gray,gray,0.2181,0.2089,0.0,0.0,43.0,9.049,1,image+text
synth_no_pass2_00468,no_pass2,What is the dominant color in this image?,blue is the dominant color in this image,blue | blue | blue,True,1.0,1.0,1.0,False,1,blue is the dominant color in this image,blue is the dominant color in this image,blue,0.4891,0.4798,0.0,0.0,42.5,9.049,1,image+text
synth_no_pass2_00469,no_pass2,What color is the large rectangle?,blue,blue | blue | blue,True,1.0,1.0,1.0,False,1,blue,blue,blue,0.2691,0.2596,0.0,0.0,41.5,9.049,1,image+text
synth_no_pass2_00470,no_pass2,What is the dominant color in this image?,the dominant color in this image,orange | orange | orange,False,0.0,1.0,1.0,True,1,the dominant color in this image,the dominant color in this image,dominant color in this image,0.4081,0.3977,0.0,0.0,44.5,9.049,1,image+text
synth_no_pass2_00471,no_pass2,What color is the large rectangle?,a yellow square,yellow | yellow | yellow,True,1.0,1.0,1.0,False,1,a yellow square,a yellow square,yellow,0.3144,0.3048,0.0,0.0,45.0,9.049,1,image+text
synth_no_pass2_00472,no_pass2,What color is the background?,navy blue,navy | dark blue | blue,True,0.6667,1.0,1.0,False,1,navy blue,navy blue,blue,0.2228,0.2131,0.0,0.0,44.5,9.049,1,image+text
synth_no_pass2_00473,no_pass2,What color is the large rectangle?,blue,blue | blue | blue,True,1.0,1.0,1.0,False,1,blue,blue,blue,0.2665,0.2567,0.0,0.0,43.0,9.049,1,image+text
synth_no_pass2_00474,no_pass2,Is the background color light or dark?,dark,light | light | light,False,0.0,1.0,1.0,True,1,dark,dark,dark,0.2203,0.2104,0.0,0.0,41.0,9.049,1,image+text
synth_no_pass2_00475,no_pass2,What is the dominant color in this image?,the dominant color in this image is purple,purple | purple | purple,True,1.0,1.0,1.0,False,1,the dominant color in this image is purple,the dominant color in this image is purple,purple,0.4958,0.4862,0.0,0.0,38.5,9.049,1,image+text
synth_no_pass2_00476,no_pass2,What is the dominant color in this image?,the dominant color in this image is yellow,yellow | yellow | yellow,True,1.0,1.0,1.0,False,1,the dominant color in this image is yellow,the dominant color in this image is yellow,yellow,0.4975,0.4875,0.0,0.0,39.0,9.049,1,image+text
synth_no_pass2_00477,no_pass2,Is the circle on the left or right side?,is the circle on the left side,right | right | right,False,0.0,1.0,1.0,True,1,is the circle on the left side,is the circle on the left side,left,0.4533,0.4434,0.0,0.0,39.0,9.049,1,image+text
synth_no_pass2_00478,no_pass2,What color is the background?,white,white | white | white,True,1.0,1.0,1.0,False,1,white,white,white,0.3179,0.3084,0.0,0.0,41.0,9.049,1,image+text
synth_no_pass2_00479,no_pass2,What color is the background?,white,white | white | white,True,1.0,1.0,1.0,False,1,white,white,white,0.3147,0.3051,0.0,0.0,44.5,9.049,1,image+text
synth_no_pass2_00480,no_pass2,What color is the background?,navy blue,navy | dark blue | blue,True,0.6667,1.0,1.0,False,1,navy blue,navy blue,blue,0.2381,0.228,0.0,0.0,27.0,9.049,1,image+text
synth_no_pass2_00481,no_pass2,What color is the large rectangle?,the large rectangle is green,green | green | green,True,1.0,1.0,1.0,False,1,the large rectangle is green,the large rectangle is green,green,0.3628,0.3529,0.0,0.0,34.0,9.049,1,image+text
synth_no_pass2_00482,no_pass2,What is the dominant color in this image?,red is the dominant color in this image,red | red | red,True,1.0,1.0,1.0,False,1,red is the dominant color in this image,red is the dominant color in this image,red,0.5034,0.4937,0.0,0.0,40.5,9.049,1,image+text
synth_no_pass2_00483,no_pass2,Is there a green shape in this image?,yes,no | no | no,False,0.0,1.0,1.0,True,1,yes,yes,yes,0.2681,0.2588,0.0,0.0,37.5,9.049,1,image+text
synth_no_pass2_00484,no_pass2,What color is the circle in this image?,red,red | red | red,True,1.0,1.0,1.0,False,1,red,red,red,0.2675,0.2579,0.0,0.0,40.5,9.049,1,image+text
synth_no_pass2_00485,no_pass2,What color is the large rectangle?,brown color,brown | brown | brown,True,1.0,1.0,1.0,False,1,brown color,brown color,brown,0.2685,0.2588,0.0,0.0,42.5,9.049,1,image+text
synth_no_pass2_00486,no_pass2,Is there a blue shape in this image?,yes,no | no | no,False,0.0,1.0,1.0,True,1,yes,yes,yes,0.2677,0.2585,0.0,0.0,43.0,9.049,1,image+text
synth_no_pass2_00487,no_pass2,Is the circle on the left or right side?,a circle on the left side,right | right | right,False,0.0,1.0,1.0,True,1,a circle on the left side,a circle on the left side,left,0.4956,0.4859,0.0,0.0,42.0,9.049,1,image+text
synth_no_pass2_00488,no_pass2,Is there a blue shape in this image?,yes,yes | yes | yes,True,1.0,1.0,1.0,False,1,yes,yes,yes,0.2653,0.256,0.0,0.0,38.5,9.049,1,image+text
synth_no_pass2_00489,no_pass2,What color is the large rectangle?,red,maroon | maroon | dark red,True,0.3333,1.0,1.0,False,1,red,red,red,0.3115,0.3021,0.0,0.0,42.5,9.049,1,image+text
synth_no_pass2_00490,no_pass2,Is the circle on the left or right side?,is the circle on the left side,left | left | left,True,1.0,1.0,1.0,False,1,is the circle on the left side,is the circle on the left side,left,0.4494,0.4394,0.0,0.0,45.0,9.049,1,image+text
synth_no_pass2_00491,no_pass2,Is there a red shape in this image?,yes,no | no | no,False,0.0,1.0,1.0,True,1,yes,yes,yes,0.2668,0.2572,0.0,0.0,41.0,9.049,1,image+text
synth_no_pass2_00492,no_pass2,Is there a red shape in this image?,yes,no | no | no,False,0.0,1.0,1.0,True,1,yes,yes,yes,0.2778,0.2684,0.0,0.0,45.0,9.049,1,image+text
synth_no_pass2_00493,no_pass2,What color is the large rectangle?,the large rectangle is green,green | green | green,True,1.0,1.0,1.0,False,1,the large rectangle is green,the large rectangle is green,green,0.3555,0.3462,0.0,0.0,44.5,9.049,1,image+text
synth_no_pass2_00494,no_pass2,What color is the small circle?,green,olive | olive | green,True,0.3333,1.0,1.0,False,1,green,green,green,0.3102,0.3009,0.0,0.0,42.5,9.049,1,image+text
synth_no_pass2_00495,no_pass2,What is the dominant color in this image?,the dominant color in this image is yellow,yellow | yellow | yellow,True,1.0,1.0,1.0,False,1,the dominant color in this image is yellow,the dominant color in this image is yellow,yellow,0.4959,0.4865,0.0,0.0,39.5,9.049,1,image+text
synth_no_pass2_00496,no_pass2,Is the circle on the left or right side?,is the circle on the left side,left | left | center,True,0.6667,1.0,1.0,False,1,is the circle on the left side,is the circle on the left side,left,0.4517,0.4413,0.0,0.0,40.5,9.049,1,image+text
synth_no_pass2_00497,no_pass2,What is the dominant color in this image?,the dominant color in this image is purple,purple | purple | purple,True,1.0,1.0,1.0,False,1,the dominant color in this image is purple,the dominant color in this image is purple,purple,0.4985,0.4889,0.0,0.0,40.5,9.049,1,image+text
synth_no_pass2_00498,no_pass2,What is the dominant color in this image?,the dominant color in this image is green,olive | olive | green | dark green,True,0.6667,1.0,1.0,False,1,the dominant color in this image is green,the dominant color in this image is green,green,0.4918,0.4823,0.0,0.0,38.5,9.049,1,image+text
synth_no_pass2_00499,no_pass2,Is the circle on the left or right side?,is the circle on the left side,left | left | left,True,1.0,1.0,1.0,False,1,is the circle on the left side,is the circle on the left side,left,0.4461,0.4365,0.0,0.0,42.5,9.049,1,image+text
synth_no_pass2_00500,no_pass2,Is the background color light or dark?,dark,dark | dark | dark,True,1.0,1.0,1.0,False,1,dark,dark,dark,0.24,0.23,0.0,0.0,26.5,9.049,1,image+text
synth_no_pass2_00501,no_pass2,What color is the large rectangle?,the color orange,orange | orange | orange,True,1.0,1.0,1.0,False,1,the color orange,the color orange,orange,0.3112,0.3017,0.0,0.0,30.0,9.049,1,image+text
synth_no_pass2_00502,no_pass2,What color is the large rectangle?,blue,blue | blue | blue,True,1.0,1.0,1.0,False,1,blue,blue,blue,0.2696,0.2603,0.0,0.0,44.5,9.049,1,image+text
synth_no_pass2_00503,no_pass2,What color is the large rectangle?,red,red | red | red,True,1.0,1.0,1.0,False,1,red,red,red,0.3167,0.307,0.0,0.0,44.5,9.049,1,image+text
synth_no_pass2_00504,no_pass2,What color is the background?,white,white | white | white,True,1.0,1.0,1.0,False,1,white,white,white,0.3154,0.306,0.0,0.0,44.5,9.049,1,image+text
synth_no_pass2_00505,no_pass2,What color is the circle?,pink,pink | pink | pink,True,1.0,1.0,1.0,False,1,pink,pink,pink,0.2717,0.2621,0.0,0.0,44.0,9.049,1,image+text
synth_no_pass2_00506,no_pass2,What color is the large rectangle?,the large rectangle is blue,teal | teal | green,False,0.0,1.0,1.0,True,1,the large rectangle is blue,the large rectangle is blue,blue,0.3591,0.3492,0.0,0.0,44.5,9.049,1,image+text
synth_no_pass2_00507,no_pass2,What color is the circle in this image?,red,red | red | red,True,1.0,1.0,1.0,False,1,red,red,red,0.2734,0.2639,0.0,0.0,43.5,9.049,1,image+text
synth_no_pass2_00508,no_pass2,What color is the large rectangle?,blue,blue | blue | blue,True,1.0,1.0,1.0,False,1,blue,blue,blue,0.2642,0.255,0.0,0.0,40.0,9.049,1,image+text
synth_no_pass2_00509,no_pass2,Is there a red shape in this image?,yes,no | no | no,False,0.0,1.0,1.0,True,1,yes,yes,yes,0.2677,0.2583,0.0,0.0,42.0,9.049,1,image+text
synth_no_pass2_00510,no_pass2,What color is the circle?,pink,pink | pink | pink,True,1.0,1.0,1.0,False,1,pink,pink,pink,0.2684,0.2585,0.0,0.0,40.5,9.049,1,image+text
synth_no_pass2_00511,no_pass2,What is the dominant color in this image?,red is the dominant color in this image,red | red | red,True,1.0,1.0,1.0,False,1,red is the dominant color in this image,red is the dominant color in this image,red,0.5009,0.4915,0.0,0.0,36.5,9.049,1,image+text
synth_no_pass2_00512,no_pass2,What color is the circle in this image?,red,red | red | red,True,1.0,1.0,1.0,False,1,red,red,red,0.3008,0.2909,0.0,0.0,38.0,9.049,1,image+text
synth_no_pass2_00513,no_pass2,Is the circle on the left or right side?,is the circle on the left side,left | left | left,True,1.0,1.0,1.0,False,1,is the circle on the left side,is the circle on the left side,left,0.4494,0.4399,0.0,0.0,38.0,9.049,1,image+text
synth_no_pass2_00514,no_pass2,What color is the large rectangle?,brown color,brown | brown | brown,True,1.0,1.0,1.0,False,1,brown color,brown color,brown,0.2722,0.2626,0.0,0.0,41.5,9.049,1,image+text
synth_no_pass2_00515,no_pass2,What color is the large rectangle?,the large rectangle is green,green | green | green,True,1.0,1.0,1.0,False,1,the large rectangle is green,the large rectangle is green,green,0.3798,0.3695,0.0,0.0,44.0,9.049,1,image+text
synth_no_pass2_00516,no_pass2,What color is the background?,white,white | white | white,True,1.0,1.0,1.0,False,1,white,white,white,0.314,0.304,0.0,0.0,42.5,9.049,1,image+text
synth_no_pass2_00517,no_pass2,Is the background color light or dark?,dark,light | light | light,False,0.0,1.0,1.0,True,1,dark,dark,dark,0.2217,0.212,0.0,0.0,41.5,9.049,1,image+text
synth_no_pass2_00518,no_pass2,Is the circle on the left or right side?,is the circle on the left side,left | left | left,True,1.0,1.0,1.0,False,1,is the circle on the left side,is the circle on the left side,left,0.4482,0.4377,0.0,0.0,42.0,9.049,1,image+text
synth_no_pass2_00519,no_pass2,What color is the large rectangle?,the large rectangle is purple,purple | purple | purple,True,1.0,1.0,1.0,False,1,the large rectangle is purple,the large rectangle is purple,purple,0.3557,0.3461,0.0,0.0,41.5,9.049,1,image+text
synth_no_pass2_00520,no_pass2,What is the dominant color in this image?,the dominant color in this image,orange | orange | orange,False,0.0,1.0,1.0,True,1,the dominant color in this image,the dominant color in this image,dominant color in this image,0.4216,0.4112,0.0,0.0,30.0,9.049,1,image+text
synth_no_pass2_00521,no_pass2,What is the dominant color in this image?,the dominant color is brown,brown | brown | brown,True,1.0,1.0,1.0,False,1,the dominant color is brown,the dominant color is brown,brown,0.4028,0.393,0.0,0.0,38.5,9.049,1,image+text
synth_no_pass2_00522,no_pass2,What color is the circle?,a red circle,brown | brown | maroon,False,0.0,1.0,1.0,True,1,a red circle,a red circle,red,0.3163,0.3065,0.0,0.0,42.0,9.049,1,image+text
synth_no_pass2_00523,no_pass2,What color is the circle?,pink,pink | pink | pink,True,1.0,1.0,1.0,False,1,pink,pink,pink,0.2643,0.2548,0.0,0.0,45.5,9.049,1,image+text
synth_no_pass2_00524,no_pass2,What color is the background?,white,white | white | white,True,1.0,1.0,1.0,False,1,white,white,white,0.3093,0.3001,0.0,0.0,46.0,9.049,1,image+text
synth_no_pass2_00525,no_pass2,Is there a red shape in this image?,yes,no | no | no,False,0.0,1.0,1.0,True,1,yes,yes,yes,0.2684,0.2586,0.0,0.0,42.0,9.049,1,image+text
synth_no_pass2_00526,no_pass2,What color is the circle in this image?,red,red | red | red,True,1.0,1.0,1.0,False,1,red,red,red,0.2733,0.2623,0.0,0.0,41.0,9.049,1,image+text
synth_no_pass2_00527,no_pass2,What is the dominant color in this image?,the dominant color in this image is purple,purple | purple | purple,True,1.0,1.0,1.0,False,1,the dominant color in this image is purple,the dominant color in this image is purple,purple,0.5003,0.4905,0.0,0.0,42.5,9.049,1,image+text
synth_no_pass2_00528,no_pass2,What color is the large rectangle?,a yellow square,yellow | yellow | yellow,True,1.0,1.0,1.0,False,1,a yellow square,a yellow square,yellow,0.3261,0.3167,0.0,0.0,42.5,9.049,1,image+text
synth_no_pass2_00529,no_pass2,Is the circle on the left or right side?,is the circle on the left side,left | left | left,True,1.0,1.0,1.0,False,1,is the circle on the left side,is the circle on the left side,left,0.4463,0.4361,0.0,0.0,45.0,9.049,1,image+text
synth_no_pass2_00530,no_pass2,What is the dominant color in this image?,burgundy,maroon | maroon | dark red,False,0.0,1.0,1.0,True,1,burgundy,burgundy,burgundy,0.4045,0.3946,0.0,0.0,40.0,9.049,1,image+text
synth_no_pass2_00531,no_pass2,What color is the large rectangle?,red,red | red | red,True,1.0,1.0,1.0,False,1,red,red,red,0.3236,0.3142,0.0,0.0,41.0,9.049,1,image+text
synth_no_pass2_00532,no_pass2,What color is the large rectangle?,red,red | red | red,True,1.0,1.0,1.0,False,1,red,red,red,0.316,0.3062,0.0,0.0,44.5,9.049,1,image+text
synth_no_pass2_00533,no_pass2,Is there a green shape in this image?,yes,no | no | no,False,0.0,1.0,1.0,True,1,yes,yes,yes,0.2673,0.2577,0.0,0.0,45.0,9.049,1,image+text
synth_no_pass2_00534,no_pass2,Is the circle on the left or right side?,is the circle on the left side,left | left | left,True,1.0,1.0,1.0,False,1,is the circle on the left side,is the circle on the left side,left,0.4858,0.476,0.0,0.0,44.5,9.049,1,image+text
synth_no_pass2_00535,no_pass2,Is the background color light or dark?,dark background,dark | dark | dark,True,1.0,1.0,1.0,False,1,dark background,dark background,dark,0.2681,0.2587,0.0,0.0,44.5,9.049,1,image+text
synth_no_pass2_00536,no_pass2,What color is the large rectangle?,blue,blue | blue | blue,True,1.0,1.0,1.0,False,1,blue,blue,blue,0.2683,0.2588,0.0,0.0,44.5,9.049,1,image+text
synth_no_pass2_00537,no_pass2,What color is the large rectangle?,a yellow square,yellow | yellow | yellow,True,1.0,1.0,1.0,False,1,a yellow square,a yellow square,yellow,0.3156,0.3058,0.0,0.0,42.0,9.049,1,image+text
synth_no_pass2_00538,no_pass2,What is the dominant color in this image?,the dominant color in this image,orange | orange | orange,False,0.0,1.0,1.0,True,1,the dominant color in this image,the dominant color in this image,dominant color in this image,0.4061,0.3962,0.0,0.0,39.0,9.049,1,image+text
synth_no_pass2_00539,no_pass2,Is the background color light or dark?,dark blue,dark | dark | dark,False,0.0,1.0,1.0,True,1,dark blue,dark blue,blue,0.2216,0.2121,0.0,0.0,41.5,9.049,1,image+text
synth_no_pass2_00540,no_pass2,What is the dominant color in this image?,the dominant color in this image is blue,teal | teal | cyan | blue-green,False,0.0,1.0,1.0,True,1,the dominant color in this image is blue,the dominant color in this image is blue,blue,0.5179,0.5075,0.0,0.0,35.0,9.049,1,image+text
synth_no_pass2_00541,no_pass2,Is the background color light or dark?,dark background,dark | dark | dark,True,1.0,1.0,1.0,False,1,dark background,dark background,dark,0.2663,0.2567,0.0,0.0,42.0,9.049,1,image+text
synth_no_pass2_00542,no_pass2,What is the dominant color in this image?,a blue background,navy | navy | blue | dark blue,True,0.6667,1.0,1.0,False,1,a blue background,a blue background,blue,0.3287,0.3191,0.0,0.0,43.5,9.049,1,image+text
synth_no_pass2_00543,no_pass2,What is the dominant color in this image?,red is the dominant color in this image,red | red | red,True,1.0,1.0,1.0,False,1,red is the dominant color in this image,red is the dominant color in this image,red,0.4975,0.4882,0.0,0.0,40.0,9.049,1,image+text
synth_no_pass2_00544,no_pass2,Is there a red shape in this image?,yes,yes | yes | yes,True,1.0,1.0,1.0,False,1,yes,yes,yes,0.3151,0.3055,0.0,0.0,40.0,9.049,1,image+text
synth_no_pass2_00545,no_pass2,Is there a blue shape in this image?,yes,yes | yes | yes,True,1.0,1.0,1.0,False,1,yes,yes,yes,0.2709,0.2616,0.0,0.0,43.5,9.049,1,image+text
synth_no_pass2_00546,no_pass2,What is the dominant color in this image?,blue is the dominant color in this image,blue | blue | blue,True,1.0,1.0,1.0,False,1,blue is the dominant color in this image,blue is the dominant color in this image,blue,0.5128,0.5032,0.0,0.0,43.0,9.049,1,image+text
synth_no_pass2_00547,no_pass2,What is the dominant color in this image?,the dominant color in this image is green,green | green | green,True,1.0,1.0,1.0,False,1,the dominant color in this image is green,the dominant color in this image is green,green,0.5205,0.5107,0.0,0.0,39.5,9.049,1,image+text
synth_no_pass2_00548,no_pass2,Is the circle on the left or right side?,a circle on the left side,right | right | right,False,0.0,1.0,1.0,True,1,a circle on the left side,a circle on the left side,left,0.4999,0.4902,0.0,0.0,38.0,9.049,1,image+text
synth_no_pass2_00549,no_pass2,What color is the large rectangle?,the color orange,orange | orange | orange,True,1.0,1.0,1.0,False,1,the color orange,the color orange,orange,0.3328,0.3226,0.0,0.0,40.5,9.049,1,image+text
synth_no_pass2_00550,no_pass2,What color is the circle in this image?,yellow,yellow | yellow | yellow,True,1.0,1.0,1.0,False,1,yellow,yellow,yellow,0.3148,0.3051,0.0,0.0,44.5,9.049,1,image+text
synth_no_pass2_00551,no_pass2,What color is the large rectangle?,a yellow square,yellow | yellow | yellow,True,1.0,1.0,1.0,False,1,a yellow square,a yellow square,yellow,0.3173,0.3071,0.0,0.0,44.5,9.049,1,image+text
synth_no_pass2_00552,no_pass2,Is the circle on the left or right side?,is the circle on the left side,left | left | left,True,1.0,1.0,1.0,False,1,is the circle on the left side,is the circle on the left side,left,0.4656,0.4559,0.0,0.0,40.0,9.049,1,image+text
synth_no_pass2_00553,no_pass2,What color is the circle in this image?,red,red | red | red,True,1.0,1.0,1.0,False,1,red,red,red,0.2707,0.2611,0.0,0.0,40.0,9.049,1,image+text
synth_no_pass2_00554,no_pass2,What is the dominant color in this image?,the dominant color in this image is purple,purple | purple | purple,True,1.0,1.0,1.0,False,1,the dominant color in this image is purple,the dominant color in this image is purple,purple,0.5042,0.4946,0.0,0.0,40.5,9.049,1,image+text
synth_no_pass2_00555,no_pass2,What is the dominant color in this image?,blue is the dominant color in this image,blue | blue | blue,True,1.0,1.0,1.0,False,1,blue is the dominant color in this image,blue is the dominant color in this image,blue,0.4993,0.4896,0.0,0.0,38.0,9.049,1,image+text
synth_no_pass2_00556,no_pass2,Is the background color light or dark?,dark background,dark | dark | dark,True,1.0,1.0,1.0,False,1,dark background,dark background,dark,0.268,0.2584,0.0,0.0,38.0,9.049,1,image+text
synth_no_pass2_00557,no_pass2,What color is the circle in this image?,red,red | red | red,True,1.0,1.0,1.0,False,1,red,red,red,0.2714,0.2616,0.0,0.0,45.0,9.049,1,image+text
synth_no_pass2_00558,no_pass2,What color is the large rectangle?,red,maroon | maroon | dark red,True,0.3333,1.0,1.0,False,1,red,red,red,0.3189,0.3092,0.0,0.0,43.0,9.049,1,image+text
synth_no_pass2_00559,no_pass2,What is the dominant color in this image?,blue is the dominant color in this image,blue | blue | blue,True,1.0,1.0,1.0,False,1,blue is the dominant color in this image,blue is the dominant color in this image,blue,0.504,0.4946,0.0,0.0,39.5,9.049,1,image+text
synth_no_pass2_00560,no_pass2,What is the dominant color in this image?,a blue background,navy | navy | blue | dark blue,True,0.6667,1.0,1.0,False,1,a blue background,a blue background,blue,0.333,0.3226,0.0,0.0,25.0,9.049,1,image+text
synth_no_pass2_00561,no_pass2,Is there a red shape in this image?,yes,yes | yes | yes,True,1.0,1.0,1.0,False,1,yes,yes,yes,0.32,0.3099,0.0,0.0,29.0,9.049,1,image+text
synth_no_pass2_00562,no_pass2,What color is the circle in this image?,yellow,yellow | yellow | yellow,True,1.0,1.0,1.0,False,1,yellow,yellow,yellow,0.3148,0.3051,0.0,0.0,46.0,9.049,1,image+text
synth_no_pass2_00563,no_pass2,What is the dominant color in this image?,the dominant color in this image is yellow,yellow | yellow | yellow,True,1.0,1.0,1.0,False,1,the dominant color in this image is yellow,the dominant color in this image is yellow,yellow,0.4912,0.4816,0.0,0.0,44.0,9.049,1,image+text
synth_no_pass2_00564,no_pass2,What color is the large rectangle?,red,red | red | red,True,1.0,1.0,1.0,False,1,red,red,red,0.3093,0.2997,0.0,0.0,43.5,9.049,1,image+text
synth_no_pass2_00565,no_pass2,What color is the large rectangle?,a large rectangle,pink | pink | pink,False,0.0,1.0,1.0,True,1,a large rectangle,a large rectangle,large rectangle,0.3133,0.3038,0.0,0.0,44.5,9.049,1,image+text
synth_no_pass2_00566,no_pass2,What is the dominant color in this image?,the dominant color in this image is green,green | green | green,True,1.0,1.0,1.0,False,1,the dominant color in this image is green,the dominant color in this image is green,green,0.4961,0.4866,0.0,0.0,40.5,9.049,1,image+text
synth_no_pass2_00567,no_pass2,Is the circle on the left or right side?,a circle on the left side,right | right | right,False,0.0,1.0,1.0,True,1,a circle on the left side,a circle on the left side,left,0.4986,0.4889,0.0,0.0,38.0,9.049,1,image+text
synth_no_pass2_00568,no_pass2,What color is the large rectangle?,red,red | red | red,True,1.0,1.0,1.0,False,1,red,red,red,0.3137,0.3043,0.0,0.0,41.5,9.049,1,image+text
synth_no_pass2_00569,no_pass2,What color is the large rectangle?,the large rectangle is white,white | white | white,True,1.0,1.0,1.0,False,1,the large rectangle is white,the large rectangle is white,white,0.3592,0.3495,0.0,0.0,44.5,9.049,1,image+text
synth_no_pass2_00570,no_pass2,Is the background color light or dark?,dark,light | light | light,False,0.0,1.0,1.0,True,1,dark,dark,dark,0.2252,0.2153,0.0,0.0,40.5,9.049,1,image+text
synth_no_pass2_00571,no_pass2,Is the circle on the left or right side?,is the circle on the left side,left | left | left,True,1.0,1.0,1.0,False,1,is the circle on the left side,is the circle on the left side,left,0.4516,0.442,0.0,0.0,41.0,9.049,1,image+text
synth_no_pass2_00572,no_pass2,What color is the large rectangle?,the large rectangle is green,olive | olive | dark yellow,False,0.0,1.0,1.0,True,1,the large rectangle is green,the large rectangle is green,green,0.3585,0.349,0.0,0.0,45.0,9.049,1,image+text
synth_no_pass2_00573,no_pass2,What color is the small circle?,green,lime | lime | yellow-green,False,0.0,1.0,1.0,True,1,green,green,green,0.3223,0.313,0.0,0.0,44.0,9.049,1,image+text
synth_no_pass2_00574,no_pass2,What color is the circle in this image?,blue,blue | blue | blue,True,1.0,1.0,1.0,False,1,blue,blue,blue,0.2679,0.2585,0.0,0.0,43.5,9.049,1,image+text
synth_no_pass2_00575,no_pass2,What color is the large rectangle?,blue,blue | blue | blue,True,1.0,1.0,1.0,False,1,blue,blue,blue,0.2687,0.259,0.0,0.0,41.5,9.049,1,image+text
synth_no_pass2_00576,no_pass2,What is the dominant color in this image?,blue is the dominant color in this image,blue | blue | blue,True,1.0,1.0,1.0,False,1,blue is the dominant color in this image,blue is the dominant color in this image,blue,0.4948,0.4857,0.0,0.0,38.5,9.049,1,image+text
synth_no_pass2_00577,no_pass2,Is the background color light or dark?,light blue,light | light | medium,False,0.0,1.0,1.0,True,1,light blue,light blue,blue,0.2183,0.2085,0.0,0.0,40.5,9.049,1,image+text
synth_no_pass2_00578,no_pass2,Is there a red shape in this image?,yes,yes | yes | yes,True,1.0,1.0,1.0,False,1,yes,yes,yes,0.3101,0.3003,0.0,0.0,44.0,9.049,1,image+text
synth_no_pass2_00579,no_pass2,What color is the circle in this image?,yellow,yellow | yellow | yellow,True,1.0,1.0,1.0,False,1,yellow,yellow,yellow,0.3209,0.3115,0.0,0.0,44.5,9.049,1,image+text
synth_no_pass2_00580,no_pass2,What color is the circle in this image?,yellow,yellow | yellow | yellow,True,1.0,1.0,1.0,False,1,yellow,yellow,yellow,0.3349,0.3248,0.0,0.0,38.0,9.049,1,image+text
synth_no_pass2_00581,no_pass2,What is the dominant color in this image?,the dominant color in this image,orange | orange | orange,False,0.0,1.0,1.0,True,1,the dominant color in this image,the dominant color in this image,dominant color in this image,0.4051,0.3954,0.0,0.0,40.5,9.049,1,image+text
synth_no_pass2_00582,no_pass2,Is the background color light or dark?,dark blue,dark | dark | dark,False,0.0,1.0,1.0,True,1,dark blue,dark blue,blue,0.2409,0.2314,0.0,0.0,39.0,9.049,1,image+text
synth_no_pass2_00583,no_pass2,What color is the circle?,red,maroon | dark red | red,True,0.6667,1.0,1.0,False,1,red,red,red,0.3087,0.2995,0.0,0.0,40.0,9.049,1,image+text
synth_no_pass2_00584,no_pass2,Is there a blue shape in this image?,yes,no | no | no,False,0.0,1.0,1.0,True,1,yes,yes,yes,0.2632,0.254,0.0,0.0,45.5,9.049,1,image+text
synth_no_pass2_00585,no_pass2,What color is the background?,navy blue,navy | dark blue | blue,True,0.6667,1.0,1.0,False,1,navy blue,navy blue,blue,0.219,0.2099,0.0,0.0,44.0,9.049,1,image+text
synth_no_pass2_00586,no_pass2,What color is the background?,white,white | white | white,True,1.0,1.0,1.0,False,1,white,white,white,0.3136,0.3043,0.0,0.0,42.0,9.049,1,image+text
synth_no_pass2_00587,no_pass2,What is the dominant color in this image?,red is the dominant color in this image,red | red | red,True,1.0,1.0,1.0,False,1,red is the dominant color in this image,red is the dominant color in this image,red,0.5022,0.4927,0.0,0.0,40.0,9.049,1,image+text
synth_no_pass2_00588,no_pass2,What color is the circle in this image?,red,red | red | red,True,1.0,1.0,1.0,False,1,red,red,red,0.2824,0.2712,0.0,0.0,41.0,9.049,1,image+text
synth_no_pass2_00589,no_pass2,What is the dominant color in this image?,the dominant color in this image is green,green | green | green,True,1.0,1.0,1.0,False,1,the dominant color in this image is green,the dominant color in this image is green,green,0.4989,0.4893,0.0,0.0,41.0,9.049,1,image+text
synth_no_pass2_00590,no_pass2,What color is the large rectangle?,brown color,brown | brown | brown,True,1.0,1.0,1.0,False,1,brown color,brown color,brown,0.2667,0.2568,0.0,0.0,41.5,9.049,1,image+text
synth_no_pass2_00591,no_pass2,What is the dominant color in this image?,red is the dominant color in this image,red | red | red,True,1.0,1.0,1.0,False,1,red is the dominant color in this image,red is the dominant color in this image,red,0.4908,0.4817,0.0,0.0,41.5,9.049,1,image+text
synth_no_pass2_00592,no_pass2,What color is the large rectangle?,a yellow square,yellow | yellow | yellow,True,1.0,1.0,1.0,False,1,a yellow square,a yellow square,yellow,0.3092,0.2999,0.0,0.0,39.0,9.049,1,image+text
synth_no_pass2_00593,no_pass2,What color is the large rectangle?,the color orange,orange | orange | orange,True,1.0,1.0,1.0,False,1,the color orange,the color orange,orange,0.3242,0.3148,0.0,0.0,42.5,9.049,1,image+text
synth_no_pass2_00594,no_pass2,What color is the large rectangle?,the large rectangle is purple,purple | purple | purple,True,1.0,1.0,1.0,False,1,the large rectangle is purple,the large rectangle is purple,purple,0.3556,0.3461,0.0,0.0,45.0,9.049,1,image+text
synth_no_pass2_00595,no_pass2,What color is the large rectangle?,a yellow square,yellow | yellow | yellow,True,1.0,1.0,1.0,False,1,a yellow square,a yellow square,yellow,0.3114,0.3014,0.0,0.0,43.0,9.049,1,image+text
synth_no_pass2_00596,no_pass2,Is there a blue shape in this image?,yes,no | no | no,False,0.0,1.0,1.0,True,1,yes,yes,yes,0.2696,0.2597,0.0,0.0,43.0,9.049,1,image+text
synth_no_pass2_00597,no_pass2,What is the dominant color in this image?,the dominant color in this image is blue,teal | teal | cyan | blue-green,False,0.0,1.0,1.0,True,1,the dominant color in this image is blue,the dominant color in this image is blue,blue,0.5136,0.5042,0.0,0.0,41.5,9.049,1,image+text
synth_no_pass2_00598,no_pass2,What color is the large rectangle?,a yellow square,yellow | yellow | yellow,True,1.0,1.0,1.0,False,1,a yellow square,a yellow square,yellow,0.3095,0.2997,0.0,0.0,42.0,9.049,1,image+text
synth_no_pass2_00599,no_pass2,What color is the large rectangle?,the color orange,orange | orange | orange,True,1.0,1.0,1.0,False,1,the color orange,the color orange,orange,0.3123,0.3029,0.0,0.0,43.5,9.049,1,image+text
synth_no_pass2_00600,no_pass2,What color is the circle?,pink,pink | pink | pink,True,1.0,1.0,1.0,False,1,pink,pink,pink,0.2838,0.2736,0.0,0.0,38.0,9.049,1,image+text
synth_no_pass2_00601,no_pass2,Is the background color light or dark?,dark,light | light | light,False,0.0,1.0,1.0,True,1,dark,dark,dark,0.2204,0.2109,0.0,0.0,36.5,9.049,1,image+text
synth_no_pass2_00602,no_pass2,Is the circle on the left or right side?,is the circle on the left side,left | left | center,True,0.6667,1.0,1.0,False,1,is the circle on the left side,is the circle on the left side,left,0.4481,0.4386,0.0,0.0,42.5,9.049,1,image+text
synth_no_pass2_00603,no_pass2,Is the circle on the left or right side?,is the circle on the left side,right | right | right,False,0.0,1.0,1.0,True,1,is the circle on the left side,is the circle on the left side,left,0.4468,0.4372,0.0,0.0,38.5,9.049,1,image+text
synth_no_pass2_00604,no_pass2,Is there a red shape in this image?,yes,yes | yes | yes,True,1.0,1.0,1.0,False,1,yes,yes,yes,0.3137,0.3042,0.0,0.0,42.0,9.049,1,image+text
synth_no_pass2_00605,no_pass2,What is the dominant color in this image?,the dominant color in this image is green,green | green | green,True,1.0,1.0,1.0,False,1,the dominant color in this image is green,the dominant color in this image is green,green,0.5017,0.4919,0.0,0.0,42.0,9.049,1,image+text
synth_no_pass2_00606,no_pass2,Is the circle on the left or right side?,is the circle on the left side,left | left | left,True,1.0,1.0,1.0,False,1,is the circle on the left side,is the circle on the left side,left,0.4729,0.4635,0.0,0.0,36.5,9.049,1,image+text
synth_no_pass2_00607,no_pass2,What is the dominant color in this image?,the dominant color in this image is purple,purple | purple | purple,True,1.0,1.0,1.0,False,1,the dominant color in this image is purple,the dominant color in this image is purple,purple,0.4982,0.4888,0.0,0.0,40.0,9.049,1,image+text
synth_no_pass2_00608,no_pass2,What color is the circle?,the circle is green,olive | olive | brown,False,0.0,1.0,1.0,True,1,the circle is green,the circle is green,green,0.3141,0.3046,0.0,0.0,45.0,9.049,1,image+text
synth_no_pass2_00609,no_pass2,What is the dominant color in this image?,the dominant color in this image is purple,purple | purple | purple,True,1.0,1.0,1.0,False,1,the dominant color in this image is purple,the dominant color in this image is purple,purple,0.4985,0.4891,0.0,0.0,41.5,9.049,1,image+text
synth_no_pass2_00610,no_pass2,Is the circle on the left or right side?,is the circle on the left side,left | left | left,True,1.0,1.0,1.0,False,1,is the circle on the left side,is the circle on the left side,left,0.447,0.4372,0.0,0.0,38.5,9.049,1,image+text
synth_no_pass2_00611,no_pass2,What color is the circle in this image?,red,red | red | red,True,1.0,1.0,1.0,False,1,red,red,red,0.2672,0.2569,0.0,0.0,39.5,9.049,1,image+text
synth_no_pass2_00612,no_pass2,Is the background color light or dark?,dark background,dark | dark | dark,True,1.0,1.0,1.0,False,1,dark background,dark background,dark,0.2672,0.2575,0.0,0.0,43.0,9.049,1,image+text
synth_no_pass2_00613,no_pass2,What color is the large rectangle?,navy blue,navy | dark blue | navy,True,0.3333,1.0,1.0,False,1,navy blue,navy blue,blue,0.2197,0.2102,0.0,0.0,46.0,9.049,1,image+text
synth_no_pass2_00614,no_pass2,Is the circle on the left or right side?,a circle on the left side,right | right | right,False,0.0,1.0,1.0,True,1,a circle on the left side,a circle on the left side,left,0.4982,0.4885,0.0,0.0,43.0,9.049,1,image+text
synth_no_pass2_00615,no_pass2,What is the dominant color in this image?,red is the dominant color in this image,red | red | red,True,1.0,1.0,1.0,False,1,red is the dominant color in this image,red is the dominant color in this image,red,0.4982,0.4885,0.0,0.0,44.0,9.049,1,image+text
synth_no_pass2_00616,no_pass2,What color is the large rectangle?,the large rectangle is blue,teal | teal | green,False,0.0,1.0,1.0,True,1,the large rectangle is blue,the large rectangle is blue,blue,0.3611,0.3513,0.0,0.0,43.5,9.049,1,image+text
synth_no_pass2_00617,no_pass2,What color is the large rectangle?,the large rectangle is purple,purple | purple | purple,True,1.0,1.0,1.0,False,1,the large rectangle is purple,the large rectangle is purple,purple,0.3592,0.3496,0.0,0.0,42.0,9.049,1,image+text
synth_no_pass2_00618,no_pass2,Is the background color light or dark?,dark,light | light | light,False,0.0,1.0,1.0,True,1,dark,dark,dark,0.2206,0.2112,0.0,0.0,41.5,9.049,1,image+text
synth_no_pass2_00619,no_pass2,What color is the large rectangle?,red,red | red | red,True,1.0,1.0,1.0,False,1,red,red,red,0.3115,0.3022,0.0,0.0,42.0,9.049,1,image+text
synth_no_pass2_00620,no_pass2,Is the circle on the left or right side?,a circle on the left side,right | right | right,False,0.0,1.0,1.0,True,1,a circle on the left side,a circle on the left side,left,0.514,0.5024,0.0,0.0,40.5,9.049,1,image+text
synth_no_pass2_00621,no_pass2,Is the circle on the left or right side?,a circle on the left side,right | right | right,False,0.0,1.0,1.0,True,1,a circle on the left side,a circle on the left side,left,0.4933,0.4836,0.0,0.0,40.5,9.049,1,image+text
synth_no_pass2_00622,no_pass2,Is the circle on the left or right side?,a circle on the left side,right | right | right,False,0.0,1.0,1.0,True,1,a circle on the left side,a circle on the left side,left,0.5005,0.491,0.0,0.0,38.5,9.049,1,image+text
synth_no_pass2_00623,no_pass2,Is the background color light or dark?,dark blue,dark | dark | dark,False,0.0,1.0,1.0,True,1,dark blue,dark blue,blue,0.223,0.2135,0.0,0.0,41.5,9.049,1,image+text
synth_no_pass2_00624,no_pass2,Is the background color light or dark?,dark,dark | dark | dark,True,1.0,1.0,1.0,False,1,dark,dark,dark,0.2237,0.2135,0.0,0.0,44.5,9.049,1,image+text
synth_no_pass2_00625,no_pass2,Is the background color light or dark?,dark background,dark | dark | dark,True,1.0,1.0,1.0,False,1,dark background,dark background,dark,0.2688,0.2592,0.0,0.0,43.5,9.049,1,image+text
synth_no_pass2_00626,no_pass2,What is the dominant color in this image?,the dominant color in this image is purple,purple | purple | purple,True,1.0,1.0,1.0,False,1,the dominant color in this image is purple,the dominant color in this image is purple,purple,0.497,0.4875,0.0,0.0,40.5,9.049,1,image+text
synth_no_pass2_00627,no_pass2,What color is the large rectangle?,the large rectangle is green,olive | olive | dark yellow,False,0.0,1.0,1.0,True,1,the large rectangle is green,the large rectangle is green,green,0.3681,0.3582,0.0,0.0,41.5,9.049,1,image+text
synth_no_pass2_00628,no_pass2,Is there a purple shape in this image?,yes,no | no | no,False,0.0,1.0,1.0,True,1,yes,yes,yes,0.2672,0.2578,0.0,0.0,45.5,9.049,1,image+text
synth_no_pass2_00629,no_pass2,Is there a red shape in this image?,yes,yes | yes | yes,True,1.0,1.0,1.0,False,1,yes,yes,yes,0.3145,0.3048,0.0,0.0,43.5,9.049,1,image+text
synth_no_pass2_00630,no_pass2,What color is the circle?,the circle is green,olive | olive | brown,False,0.0,1.0,1.0,True,1,the circle is green,the circle is green,green,0.315,0.3048,0.0,0.0,40.5,9.049,1,image+text
synth_no_pass2_00631,no_pass2,Is the circle on the left or right side?,is the circle on the left side,left | left | left,True,1.0,1.0,1.0,False,1,is the circle on the left side,is the circle on the left side,left,0.4478,0.4382,0.0,0.0,42.5,9.049,1,image+text
synth_no_pass2_00632,no_pass2,What color is the large rectangle?,red,red | red | red,True,1.0,1.0,1.0,False,1,red,red,red,0.3107,0.3013,0.0,0.0,45.0,9.049,1,image+text
synth_no_pass2_00633,no_pass2,Is the background color light or dark?,dark,light | light | light,False,0.0,1.0,1.0,True,1,dark,dark,dark,0.2381,0.2289,0.0,0.0,43.0,9.049,1,image+text
synth_no_pass2_00634,no_pass2,Is there a red shape in this image?,yes,no | no | no,False,0.0,1.0,1.0,True,1,yes,yes,yes,0.2644,0.2552,0.0,0.0,40.5,9.049,1,image+text
synth_no_pass2_00635,no_pass2,What is the dominant color in this image?,the dominant color in this image is purple,purple | purple | purple,True,1.0,1.0,1.0,False,1,the dominant color in this image is purple,the dominant color in this image is purple,purple,0.492,0.4826,0.0,0.0,39.0,9.049,1,image+text
synth_no_pass2_00636,no_pass2,What color is the background?,blue,blue | blue | blue,True,1.0,1.0,1.0,False,1,blue,blue,blue,0.3266,0.3173,0.0,0.0,40.0,9.049,1,image+text
synth_no_pass2_00637,no_pass2,What color is the background?,blue,blue | blue | blue,True,1.0,1.0,1.0,False,1,blue,blue,blue,0.3096,0.3001,0.0,0.0,43.5,9.049,1,image+text
synth_no_pass2_00638,no_pass2,Is there a blue shape in this image?,yes,no | no | no,False,0.0,1.0,1.0,True,1,yes,yes,yes,0.263,0.2537,0.0,0.0,45.0,9.049,1,image+text
synth_no_pass2_00639,no_pass2,What color is the large rectangle?,the large rectangle is blue,teal | teal | green,False,0.0,1.0,1.0,True,1,the large rectangle is blue,the large rectangle is blue,blue,0.3551,0.3458,0.0,0.0,45.5,9.049,1,image+text
synth_no_pass2_00640,no_pass2,Is there a purple shape in this image?,yes,no | no | no,False,0.0,1.0,1.0,True,1,yes,yes,yes,0.2835,0.2736,0.0,0.0,40.0,9.049,1,image+text
synth_no_pass2_00641,no_pass2,Is the circle on the left or right side?,is the circle on the left side,left | left | left,True,1.0,1.0,1.0,False,1,is the circle on the left side,is the circle on the left side,left,0.4456,0.4359,0.0,0.0,42.0,9.049,1,image+text
synth_no_pass2_00642,no_pass2,What is the dominant color in this image?,the dominant color in this image,orange | orange | orange,False,0.0,1.0,1.0,True,1,the dominant color in this image,the dominant color in this image,dominant color in this image,0.4054,0.3956,0.0,0.0,40.0,9.049,1,image+text
synth_no_pass2_00643,no_pass2,What is the dominant color in this image?,the dominant color in this image is green,green | green | green,True,1.0,1.0,1.0,False,1,the dominant color in this image is green,the dominant color in this image is green,green,0.4985,0.4891,0.0,0.0,39.5,9.049,1,image+text
synth_no_pass2_00644,no_pass2,What color is the large rectangle?,red,red | red | red,True,1.0,1.0,1.0,False,1,red,red,red,0.3098,0.3005,0.0,0.0,42.0,9.049,1,image+text
synth_no_pass2_00645,no_pass2,What color is the large rectangle?,blue,blue | blue | blue,True,1.0,1.0,1.0,False,1,blue,blue,blue,0.2639,0.2545,0.0,0.0,43.0,9.049,1,image+text
synth_no_pass2_00646,no_pass2,What color is the circle?,a red circle,brown | brown | maroon,False,0.0,1.0,1.0,True,1,a red circle,a red circle,red,0.3105,0.3012,0.0,0.0,43.0,9.049,1,image+text
synth_no_pass2_00647,no_pass2,Is the background color light or dark?,dark background,dark | dark | dark,True,1.0,1.0,1.0,False,1,dark background,dark background,dark,0.2662,0.2568,0.0,0.0,44.5,9.049,1,image+text
synth_no_pass2_00648,no_pass2,Is the background color light or dark?,a dark background,dark | dark | medium,True,0.6667,1.0,1.0,False,1,a dark background,a dark background,dark,0.3129,0.3035,0.0,0.0,45.0,9.049,1,image+text
synth_no_pass2_00649,no_pass2,What color is the large rectangle?,brown color,brown | brown | brown,True,1.0,1.0,1.0,False,1,brown color,brown color,brown,0.2673,0.2579,0.0,0.0,45.5,9.049,1,image+text
synth_no_pass2_00650,no_pass2,What color is the circle?,pink,pink | pink | pink,True,1.0,1.0,1.0,False,1,pink,pink,pink,0.2716,0.2617,0.0,0.0,38.0,9.049,1,image+text
synth_no_pass2_00651,no_pass2,Is the circle on the left or right side?,is the circle on the left side,left | left | left,True,1.0,1.0,1.0,False,1,is the circle on the left side,is the circle on the left side,left,0.4528,0.4433,0.0,0.0,35.0,9.049,1,image+text
synth_no_pass2_00652,no_pass2,What color is the circle in this image?,red,red | red | red,True,1.0,1.0,1.0,False,1,red,red,red,0.2683,0.2589,0.0,0.0,40.0,9.049,1,image+text
synth_no_pass2_00653,no_pass2,Is there a red shape in this image?,yes,yes | yes | yes,True,1.0,1.0,1.0,False,1,yes,yes,yes,0.3138,0.3043,0.0,0.0,45.0,9.049,1,image+text
synth_no_pass2_00654,no_pass2,What color is the circle in this image?,yellow,yellow | yellow | yellow,True,1.0,1.0,1.0,False,1,yellow,yellow,yellow,0.3143,0.3049,0.0,0.0,45.5,9.049,1,image+text
synth_no_pass2_00655,no_pass2,What is the dominant color in this image?,red is the dominant color in this image,red | red | red,True,1.0,1.0,1.0,False,1,red is the dominant color in this image,red is the dominant color in this image,red,0.4958,0.4865,0.0,0.0,40.5,9.049,1,image+text
synth_no_pass2_00656,no_pass2,Is there a purple shape in this image?,yes,yes | yes | yes,True,1.0,1.0,1.0,False,1,yes,yes,yes,0.2678,0.2577,0.0,0.0,40.0,9.049,1,image+text
synth_no_pass2_00657,no_pass2,Is there a green shape in this image?,yes,no | no | no,False,0.0,1.0,1.0,True,1,yes,yes,yes,0.2642,0.255,0.0,0.0,41.0,9.049,1,image+text
synth_no_pass2_00658,no_pass2,What color is the large rectangle?,the large rectangle is blue,teal | teal | green,False,0.0,1.0,1.0,True,1,the large rectangle is blue,the large rectangle is blue,blue,0.3573,0.3471,0.0,0.0,43.0,9.049,1,image+text
synth_no_pass2_00659,no_pass2,What color is the background?,the background is white,cream | white | beige,True,0.3333,1.0,1.0,False,1,the background is white,the background is white,white,0.312,0.3026,0.0,0.0,42.0,9.049,1,image+text
synth_no_pass2_00660,no_pass2,What is the dominant color in this image?,the dominant color is brown,brown | brown | brown,True,1.0,1.0,1.0,False,1,the dominant color is brown,the dominant color is brown,brown,0.4236,0.4133,0.0,0.0,36.0,9.049,1,image+text
synth_no_pass2_00661,no_pass2,Is the circle on the left or right side?,a circle on the left side,right | right | right,False,0.0,1.0,1.0,True,1,a circle on the left side,a circle on the left side,left,0.4985,0.4887,0.0,0.0,42.0,9.049,1,image+text
synth_no_pass2_00662,no_pass2,What is the dominant color in this image?,the dominant color is brown,brown | brown | brown,True,1.0,1.0,1.0,False,1,the dominant color is brown,the dominant color is brown,brown,0.402,0.3921,0.0,0.0,45.5,9.049,1,image+text
synth_no_pass2_00663,no_pass2,What color is the large rectangle?,the color orange,orange | orange | orange,True,1.0,1.0,1.0,False,1,the color orange,the color orange,orange,0.3186,0.3071,0.0,0.0,45.0,9.049,1,image+text
synth_no_pass2_00664,no_pass2,Is there a green shape in this image?,yes,no | no | no,False,0.0,1.0,1.0,True,1,yes,yes,yes,0.2707,0.2616,0.0,0.0,42.0,9.049,1,image+text
synth_no_pass2_00665,no_pass2,Is the background color light or dark?,dark,light | light | light,False,0.0,1.0,1.0,True,1,dark,dark,dark,0.222,0.2124,0.0,0.0,42.5,9.049,1,image+text
synth_no_pass2_00666,no_pass2,What color is the circle?,red,maroon | dark red | red,True,0.6667,1.0,1.0,False,1,red,red,red,0.3131,0.3038,0.0,0.0,45.0,9.049,1,image+text
synth_no_pass2_00667,no_pass2,What color is the circle in this image?,yellow,yellow | yellow | yellow,True,1.0,1.0,1.0,False,1,yellow,yellow,yellow,0.3259,0.3159,0.0,0.0,45.5,9.049,1,image+text
synth_no_pass2_00668,no_pass2,What color is the background?,blue,blue | blue | blue,True,1.0,1.0,1.0,False,1,blue,blue,blue,0.3153,0.3057,0.0,0.0,43.5,9.049,1,image+text
synth_no_pass2_00669,no_pass2,What color is the large rectangle?,the large rectangle is green,green | green | green,True,1.0,1.0,1.0,False,1,the large rectangle is green,the large rectangle is green,green,0.3601,0.3505,0.0,0.0,43.0,9.049,1,image+text
synth_no_pass2_00670,no_pass2,What is the dominant color in this image?,the dominant color in this image is green,olive | olive | green | dark green,True,0.6667,1.0,1.0,False,1,the dominant color in this image is green,the dominant color in this image is green,green,0.5048,0.4949,0.0,0.0,41.5,9.049,1,image+text
synth_no_pass2_00671,no_pass2,Is the circle on the left or right side?,a circle on the left side,right | right | right,False,0.0,1.0,1.0,True,1,a circle on the left side,a circle on the left side,left,0.4982,0.4888,0.0,0.0,39.5,9.049,1,image+text
synth_no_pass2_00672,no_pass2,What color is the large rectangle?,red,red | red | red,True,1.0,1.0,1.0,False,1,red,red,red,0.315,0.3052,0.0,0.0,41.5,9.049,1,image+text
synth_no_pass2_00673,no_pass2,Is the background color light or dark?,dark blue,dark | dark | dark,False,0.0,1.0,1.0,True,1,dark blue,dark blue,blue,0.225,0.2151,0.0,0.0,42.5,9.049,1,image+text
synth_no_pass2_00674,no_pass2,What color is the large rectangle?,navy blue,navy | dark blue | navy,True,0.3333,1.0,1.0,False,1,navy blue,navy blue,blue,0.225,0.2153,0.0,0.0,41.5,9.049,1,image+text
synth_no_pass2_00675,no_pass2,What is the dominant color in this image?,cyan,cyan | cyan | blue,True,0.6667,1.0,1.0,False,1,cyan,cyan,cyan,0.3187,0.309,0.0,0.0,44.5,9.049,1,image+text
synth_no_pass2_00676,no_pass2,Is there a purple shape in this image?,yes,yes | yes | yes,True,1.0,1.0,1.0,False,1,yes,yes,yes,0.2922,0.2827,0.0,0.0,44.5,9.049,1,image+text
synth_no_pass2_00677,no_pass2,What is the dominant color in this image?,the dominant color in this image is green,green | green | green,True,1.0,1.0,1.0,False,1,the dominant color in this image is green,the dominant color in this image is green,green,0.4984,0.4889,0.0,0.0,40.5,9.049,1,image+text
synth_no_pass2_00678,no_pass2,What is the dominant color in this image?,burgundy,maroon | maroon | dark red,False,0.0,1.0,1.0,True,1,burgundy,burgundy,burgundy,0.4455,0.4361,0.0,0.0,36.5,9.049,1,image+text
synth_no_pass2_00679,no_pass2,What is the dominant color in this image?,cyan,cyan | cyan | blue,True,0.6667,1.0,1.0,False,1,cyan,cyan,cyan,0.3177,0.308,0.0,0.0,39.0,9.049,1,image+text
synth_no_pass2_00680,no_pass2,Is there a red shape in this image?,yes,no | no | no,False,0.0,1.0,1.0,True,1,yes,yes,yes,0.2887,0.2784,0.0,0.0,26.0,9.049,1,image+text
synth_no_pass2_00681,no_pass2,What is the dominant color in this image?,cyan,cyan | cyan | blue,True,0.6667,1.0,1.0,False,1,cyan,cyan,cyan,0.3154,0.3058,0.0,0.0,38.0,9.049,1,image+text
synth_no_pass2_00682,no_pass2,What color is the large rectangle?,a large rectangle,pink | pink | pink,False,0.0,1.0,1.0,True,1,a large rectangle,a large rectangle,large rectangle,0.3119,0.3023,0.0,0.0,45.5,9.049,1,image+text
synth_no_pass2_00683,no_pass2,What is the dominant color in this image?,the dominant color in this image,orange | orange | orange,False,0.0,1.0,1.0,True,1,the dominant color in this image,the dominant color in this image,dominant color in this image,0.4084,0.3989,0.0,0.0,46.5,9.049,1,image+text
synth_no_pass2_00684,no_pass2,Is there a red shape in this image?,yes,no | no | no,False,0.0,1.0,1.0,True,1,yes,yes,yes,0.2694,0.26,0.0,0.0,40.5,9.049,1,image+text
synth_no_pass2_00685,no_pass2,What is the dominant color in this image?,the dominant color is brown,brown | brown | brown,True,1.0,1.0,1.0,False,1,the dominant color is brown,the dominant color is brown,brown,0.4061,0.3967,0.0,0.0,39.5,9.049,1,image+text
synth_no_pass2_00686,no_pass2,Is there a red shape in this image?,yes,yes | yes | yes,True,1.0,1.0,1.0,False,1,yes,yes,yes,0.3135,0.3042,0.0,0.0,45.5,9.049,1,image+text
synth_no_pass2_00687,no_pass2,Is there a green shape in this image?,yes,no | no | no,False,0.0,1.0,1.0,True,1,yes,yes,yes,0.2692,0.2597,0.0,0.0,46.5,9.049,1,image+text
synth_no_pass2_00688,no_pass2,What is the dominant color in this image?,the dominant color in this image is yellow,yellow | yellow | yellow,True,1.0,1.0,1.0,False,1,the dominant color in this image is yellow,the dominant color in this image is yellow,yellow,0.4967,0.4873,0.0,0.0,43.0,9.049,1,image+text
synth_no_pass2_00689,no_pass2,Is there a red shape in this image?,yes,no | no | no,False,0.0,1.0,1.0,True,1,yes,yes,yes,0.2645,0.2551,0.0,0.0,38.5,9.049,1,image+text
synth_no_pass2_00690,no_pass2,Is the circle on the left or right side?,is the circle on the left side,left | left | left,True,1.0,1.0,1.0,False,1,is the circle on the left side,is the circle on the left side,left,0.4532,0.4434,0.0,0.0,42.0,9.049,1,image+text
synth_no_pass2_00691,no_pass2,What color is the background?,the background is white,cream | white | beige,True,0.3333,1.0,1.0,False,1,the background is white,the background is white,white,0.3144,0.3049,0.0,0.0,40.5,9.049,1,image+text
synth_no_pass2_00692,no_pass2,What color is the large rectangle?,navy blue,navy | dark blue | navy,True,0.3333,1.0,1.0,False,1,navy blue,navy blue,blue,0.2211,0.2116,0.0,0.0,41.0,9.049,1,image+text
synth_no_pass2_00693,no_pass2,What color is the large rectangle?,the large rectangle is green,green | green | green,True,1.0,1.0,1.0,False,1,the large rectangle is green,the large rectangle is green,green,0.3594,0.35,0.0,0.0,42.0,9.049,1,image+text
synth_no_pass2_00694,no_pass2,What color is the background?,gray,gray | gray | grey,True,0.6667,1.0,1.0,False,1,gray,gray,gray,0.2206,0.2111,0.0,0.0,45.5,9.049,1,image+text
synth_no_pass2_00695,no_pass2,What color is the background?,blue,blue | blue | blue,True,1.0,1.0,1.0,False,1,blue,blue,blue,0.3125,0.3029,0.0,0.0,45.5,9.049,1,image+text
synth_no_pass2_00696,no_pass2,Is there a purple shape in this image?,yes,yes | yes | yes,True,1.0,1.0,1.0,False,1,yes,yes,yes,0.2686,0.2587,0.0,0.0,43.0,9.049,1,image+text
synth_no_pass2_00697,no_pass2,What color is the large rectangle?,the large rectangle is green,green | green | green,True,1.0,1.0,1.0,False,1,the large rectangle is green,the large rectangle is green,green,0.3603,0.3508,0.0,0.0,43.5,9.049,1,image+text
synth_no_pass2_00698,no_pass2,What is the dominant color in this image?,the dominant color in this image,orange | orange | orange,False,0.0,1.0,1.0,True,1,the dominant color in this image,the dominant color in this image,dominant color in this image,0.4187,0.4081,0.0,0.0,45.0,9.049,1,image+text
synth_no_pass2_00699,no_pass2,What color is the large rectangle?,the large rectangle is green,green | green | green,True,1.0,1.0,1.0,False,1,the large rectangle is green,the large rectangle is green,green,0.3602,0.3506,0.0,0.0,45.5,9.049,1,image+text
synth_no_pass2_00700,no_pass2,What color is the large rectangle?,the large rectangle is blue,teal | teal | green,False,0.0,1.0,1.0,True,1,the large rectangle is blue,the large rectangle is blue,blue,0.3813,0.3712,0.0,0.0,40.0,9.049,1,image+text
synth_no_pass2_00701,no_pass2,What color is the circle?,pink,pink | pink | pink,True,1.0,1.0,1.0,False,1,pink,pink,pink,0.2684,0.259,0.0,0.0,41.5,9.049,1,image+text
synth_no_pass2_00702,no_pass2,Is there a blue shape in this image?,yes,no | no | no,False,0.0,1.0,1.0,True,1,yes,yes,yes,0.2678,0.2581,0.0,0.0,43.5,9.049,1,image+text
synth_no_pass2_00703,no_pass2,What is the dominant color in this image?,the dominant color in this image is purple,purple | purple | purple,True,1.0,1.0,1.0,False,1,the dominant color in this image is purple,the dominant color in this image is purple,purple,0.4932,0.4836,0.0,0.0,42.5,9.049,1,image+text
synth_no_pass2_00704,no_pass2,Is the circle on the left or right side?,a circle on the left side,right | right | right,False,0.0,1.0,1.0,True,1,a circle on the left side,a circle on the left side,left,0.4977,0.488,0.0,0.0,41.5,9.049,1,image+text
synth_no_pass2_00705,no_pass2,Is the circle on the left or right side?,a circle on the left side,right | right | right,False,0.0,1.0,1.0,True,1,a circle on the left side,a circle on the left side,left,0.503,0.4934,0.0,0.0,41.0,9.049,1,image+text
synth_no_pass2_00706,no_pass2,What is the dominant color in this image?,the dominant color in this image,orange | orange | orange,False,0.0,1.0,1.0,True,1,the dominant color in this image,the dominant color in this image,dominant color in this image,0.4095,0.3999,0.0,0.0,40.5,9.049,1,image+text
synth_no_pass2_00707,no_pass2,What color is the background?,navy blue,navy | dark blue | blue,True,0.6667,1.0,1.0,False,1,navy blue,navy blue,blue,0.2223,0.2127,0.0,0.0,40.0,9.049,1,image+text
synth_no_pass2_00708,no_pass2,Is there a green shape in this image?,yes,yes | yes | yes,True,1.0,1.0,1.0,False,1,yes,yes,yes,0.2686,0.2589,0.0,0.0,41.5,9.049,1,image+text
synth_no_pass2_00709,no_pass2,What is the dominant color in this image?,cyan,cyan | cyan | blue,True,0.6667,1.0,1.0,False,1,cyan,cyan,cyan,0.3295,0.3201,0.0,0.0,45.5,9.049,1,image+text
synth_no_pass2_00710,no_pass2,What color is the circle in this image?,yellow,yellow | yellow | yellow,True,1.0,1.0,1.0,False,1,yellow,yellow,yellow,0.3137,0.3038,0.0,0.0,43.0,9.049,1,image+text
synth_no_pass2_00711,no_pass2,What color is the large rectangle?,a yellow square,yellow | yellow | yellow,True,1.0,1.0,1.0,False,1,a yellow square,a yellow square,yellow,0.3137,0.3044,0.0,0.0,40.0,9.049,1,image+text
synth_no_pass2_00712,no_pass2,What color is the large rectangle?,blue,blue | blue | blue,True,1.0,1.0,1.0,False,1,blue,blue,blue,0.2692,0.2593,0.0,0.0,42.0,9.049,1,image+text
synth_no_pass2_00713,no_pass2,What color is the background?,the background is white,cream | white | beige,True,0.3333,1.0,1.0,False,1,the background is white,the background is white,white,0.3158,0.3061,0.0,0.0,43.0,9.049,1,image+text
synth_no_pass2_00714,no_pass2,Is there a red shape in this image?,yes,yes | yes | yes,True,1.0,1.0,1.0,False,1,yes,yes,yes,0.3144,0.305,0.0,0.0,43.5,9.049,1,image+text
synth_no_pass2_00715,no_pass2,What color is the large rectangle?,the large rectangle is purple,purple | purple | purple,True,1.0,1.0,1.0,False,1,the large rectangle is purple,the large rectangle is purple,purple,0.3796,0.3702,0.0,0.0,43.5,9.049,1,image+text
synth_no_pass2_00716,no_pass2,What color is the circle?,red,maroon | dark red | red,True,0.6667,1.0,1.0,False,1,red,red,red,0.3159,0.3062,0.0,0.0,42.0,9.049,1,image+text
synth_no_pass2_00717,no_pass2,What is the dominant color in this image?,blue is the dominant color in this image,blue | blue | blue,True,1.0,1.0,1.0,False,1,blue is the dominant color in this image,blue is the dominant color in this image,blue,0.5048,0.4956,0.0,0.0,40.5,9.049,1,image+text
synth_no_pass2_00718,no_pass2,Is there a red shape in this image?,yes,no | no | no,False,0.0,1.0,1.0,True,1,yes,yes,yes,0.2718,0.2622,0.0,0.0,40.5,9.049,1,image+text
synth_no_pass2_00719,no_pass2,What is the dominant color in this image?,the dominant color in this image is green,green | green | green,True,1.0,1.0,1.0,False,1,the dominant color in this image is green,the dominant color in this image is green,green,0.4964,0.4867,0.0,0.0,40.5,9.049,1,image+text
synth_no_pass2_00720,no_pass2,What color is the background?,blue,blue | blue | blue,True,1.0,1.0,1.0,False,1,blue,blue,blue,0.3456,0.3339,0.0,0.0,38.5,9.049,1,image+text
synth_no_pass2_00721,no_pass2,What is the dominant color in this image?,a blue background,navy | navy | blue | dark blue,True,0.6667,1.0,1.0,False,1,a blue background,a blue background,blue,0.3197,0.3096,0.0,0.0,42.5,9.049,1,image+text
synth_no_pass2_00722,no_pass2,What is the dominant color in this image?,the dominant color in this image is yellow,yellow | yellow | yellow,True,1.0,1.0,1.0,False,1,the dominant color in this image is yellow,the dominant color in this image is yellow,yellow,0.5071,0.4974,0.0,0.0,40.5,9.049,1,image+text
synth_no_pass2_00723,no_pass2,What is the dominant color in this image?,the dominant color in this image is green,green | green | green,True,1.0,1.0,1.0,False,1,the dominant color in this image is green,the dominant color in this image is green,green,0.5056,0.4957,0.0,0.0,38.5,9.049,1,image+text
synth_no_pass2_00724,no_pass2,What color is the circle?,the circle is green,olive | olive | brown,False,0.0,1.0,1.0,True,1,the circle is green,the circle is green,green,0.3163,0.3068,0.0,0.0,42.5,9.049,1,image+text
synth_no_pass2_00725,no_pass2,What color is the circle in this image?,blue,blue | blue | blue,True,1.0,1.0,1.0,False,1,blue,blue,blue,0.2707,0.2609,0.0,0.0,44.5,9.049,1,image+text
synth_no_pass2_00726,no_pass2,Is the background color light or dark?,light blue,light | light | medium,False,0.0,1.0,1.0,True,1,light blue,light blue,blue,0.2234,0.2139,0.0,0.0,44.5,9.049,1,image+text
synth_no_pass2_00727,no_pass2,Is there a purple shape in this image?,yes,no | no | no,False,0.0,1.0,1.0,True,1,yes,yes,yes,0.265,0.2554,0.0,0.0,45.5,9.049,1,image+text
synth_no_pass2_00728,no_pass2,What color is the large rectangle?,the large rectangle is white,white | white | white,True,1.0,1.0,1.0,False,1,the large rectangle is white,the large rectangle is white,white,0.3559,0.3463,0.0,0.0,43.0,9.049,1,image+text
synth_no_pass2_00729,no_pass2,What is the dominant color in this image?,the dominant color in this image is green,olive | olive | green | dark green,True,0.6667,1.0,1.0,False,1,the dominant color in this image is green,the dominant color in this image is green,green,0.4912,0.4817,0.0,0.0,39.5,9.049,1,image+text
synth_no_pass2_00730,no_pass2,What color is the large rectangle?,blue,blue | blue | blue,True,1.0,1.0,1.0,False,1,blue,blue,blue,0.265,0.2551,0.0,0.0,35.0,9.049,1,image+text
synth_no_pass2_00731,no_pass2,Is there a green shape in this image?,yes,no | no | no,False,0.0,1.0,1.0,True,1,yes,yes,yes,0.2664,0.2568,0.0,0.0,46.5,9.049,1,image+text
synth_no_pass2_00732,no_pass2,What color is the large rectangle?,a large rectangle,pink | pink | pink,False,0.0,1.0,1.0,True,1,a large rectangle,a large rectangle,large rectangle,0.3141,0.3046,0.0,0.0,44.0,9.049,1,image+text
synth_no_pass2_00733,no_pass2,What color is the large rectangle?,the large rectangle is green,green | green | green,True,1.0,1.0,1.0,False,1,the large rectangle is green,the large rectangle is green,green,0.3595,0.3501,0.0,0.0,44.0,9.049,1,image+text
synth_no_pass2_00734,no_pass2,What color is the circle?,the circle is green,olive | olive | brown,False,0.0,1.0,1.0,True,1,the circle is green,the circle is green,green,0.3136,0.3042,0.0,0.0,47.0,9.049,1,image+text
synth_no_pass2_00735,no_pass2,What color is the large rectangle?,green,lime | lime | green,True,0.3333,1.0,1.0,False,1,green,green,green,0.3137,0.3044,0.0,0.0,45.5,9.049,1,image+text
synth_no_pass2_00736,no_pass2,What color is the circle?,a red circle,brown | brown | maroon,False,0.0,1.0,1.0,True,1,a red circle,a red circle,red,0.3149,0.3047,0.0,0.0,44.0,9.049,1,image+text
synth_no_pass2_00737,no_pass2,Is there a blue shape in this image?,yes,yes | yes | yes,True,1.0,1.0,1.0,False,1,yes,yes,yes,0.2691,0.26,0.0,0.0,42.5,9.049,1,image+text
synth_no_pass2_00738,no_pass2,What color is the background?,the background is white,cream | white | beige,True,0.3333,1.0,1.0,False,1,the background is white,the background is white,white,0.3163,0.3045,0.0,0.0,44.0,9.049,1,image+text
synth_no_pass2_00739,no_pass2,What color is the circle in this image?,red,red | red | red,True,1.0,1.0,1.0,False,1,red,red,red,0.2673,0.2579,0.0,0.0,43.5,9.049,1,image+text
synth_no_pass2_00740,no_pass2,What color is the large rectangle?,a large rectangle,pink | pink | pink,False,0.0,1.0,1.0,True,1,a large rectangle,a large rectangle,large rectangle,0.3354,0.3252,0.0,0.0,41.0,9.049,1,image+text
synth_no_pass2_00741,no_pass2,What color is the large rectangle?,blue,blue | blue | blue,True,1.0,1.0,1.0,False,1,blue,blue,blue,0.268,0.2584,0.0,0.0,41.5,9.049,1,image+text
synth_no_pass2_00742,no_pass2,What color is the large rectangle?,navy blue,navy | dark blue | navy,True,0.3333,1.0,1.0,False,1,navy blue,navy blue,blue,0.2227,0.2134,0.0,0.0,41.0,9.049,1,image+text
synth_no_pass2_00743,no_pass2,What is the dominant color in this image?,blue is the dominant color in this image,blue | blue | blue,True,1.0,1.0,1.0,False,1,blue is the dominant color in this image,blue is the dominant color in this image,blue,0.5003,0.4909,0.0,0.0,40.0,9.049,1,image+text
synth_no_pass2_00744,no_pass2,Is the circle on the left or right side?,a circle on the left side,right | right | right,False,0.0,1.0,1.0,True,1,a circle on the left side,a circle on the left side,left,0.5005,0.4902,0.0,0.0,40.0,9.049,1,image+text
synth_no_pass2_00745,no_pass2,Is there a red shape in this image?,yes,no | no | no,False,0.0,1.0,1.0,True,1,yes,yes,yes,0.2686,0.2592,0.0,0.0,43.5,9.049,1,image+text
synth_no_pass2_00746,no_pass2,What is the dominant color in this image?,the dominant color in this image is green,olive | olive | green | dark green,True,0.6667,1.0,1.0,False,1,the dominant color in this image is green,the dominant color in this image is green,green,0.5128,0.5033,0.0,0.0,41.5,9.049,1,image+text
synth_no_pass2_00747,no_pass2,What is the dominant color in this image?,the dominant color in this image is green,green | green | green,True,1.0,1.0,1.0,False,1,the dominant color in this image is green,the dominant color in this image is green,green,0.4919,0.4824,0.0,0.0,38.5,9.049,1,image+text
synth_no_pass2_00748,no_pass2,What color is the large rectangle?,the large rectangle is blue,teal | teal | green,False,0.0,1.0,1.0,True,1,the large rectangle is blue,the large rectangle is blue,blue,0.3573,0.3479,0.0,0.0,39.5,9.049,1,image+text
synth_no_pass2_00749,no_pass2,What is the dominant color in this image?,the dominant color in this image is green,green | green | green,True,1.0,1.0,1.0,False,1,the dominant color in this image is green,the dominant color in this image is green,green,0.4962,0.4869,0.0,0.0,39.0,9.049,1,image+text
synth_no_pass2_00750,no_pass2,What color is the circle?,a red circle,brown | brown | maroon,False,0.0,1.0,1.0,True,1,a red circle,a red circle,red,0.3221,0.3122,0.0,0.0,42.5,9.049,1,image+text
synth_no_pass2_00751,no_pass2,What color is the background?,blue,blue | blue | blue,True,1.0,1.0,1.0,False,1,blue,blue,blue,0.3154,0.3058,0.0,0.0,44.0,9.049,1,image+text
synth_no_pass2_00752,no_pass2,What color is the background?,blue,blue | blue | blue,True,1.0,1.0,1.0,False,1,blue,blue,blue,0.3139,0.3047,0.0,0.0,43.0,9.049,1,image+text
synth_no_pass2_00753,no_pass2,What color is the large rectangle?,a large rectangle,pink | pink | pink,False,0.0,1.0,1.0,True,1,a large rectangle,a large rectangle,large rectangle,0.3131,0.3035,0.0,0.0,41.5,9.049,1,image+text
synth_no_pass2_00754,no_pass2,What color is the circle in this image?,yellow,yellow | yellow | yellow,True,1.0,1.0,1.0,False,1,yellow,yellow,yellow,0.3138,0.3042,0.0,0.0,41.5,9.049,1,image+text
synth_no_pass2_00755,no_pass2,What color is the background?,blue,blue | blue | blue,True,1.0,1.0,1.0,False,1,blue,blue,blue,0.32,0.3102,0.0,0.0,45.0,9.049,1,image+text
synth_no_pass2_00756,no_pass2,What color is the large rectangle?,blue,blue | blue | blue,True,1.0,1.0,1.0,False,1,blue,blue,blue,0.2697,0.2602,0.0,0.0,43.5,9.049,1,image+text
synth_no_pass2_00757,no_pass2,What color is the large rectangle?,the large rectangle is green,green | green | green,True,1.0,1.0,1.0,False,1,the large rectangle is green,the large rectangle is green,green,0.3615,0.3521,0.0,0.0,43.0,9.049,1,image+text
synth_no_pass2_00758,no_pass2,Is there a red shape in this image?,yes,yes | yes | yes,True,1.0,1.0,1.0,False,1,yes,yes,yes,0.3189,0.3091,0.0,0.0,43.0,9.049,1,image+text
synth_no_pass2_00759,no_pass2,What is the dominant color in this image?,red is the dominant color in this image,red | red | red,True,1.0,1.0,1.0,False,1,red is the dominant color in this image,red is the dominant color in this image,red,0.5137,0.504,0.0,0.0,39.5,9.049,1,image+text
synth_no_pass2_00760,no_pass2,Is the circle on the left or right side?,is the circle on the left side,left | left | left,True,1.0,1.0,1.0,False,1,is the circle on the left side,is the circle on the left side,left,0.4742,0.4637,0.0,0.0,37.0,9.049,1,image+text
synth_no_pass2_00761,no_pass2,Is the circle on the left or right side?,is the circle on the left side,left | left | left,True,1.0,1.0,1.0,False,1,is the circle on the left side,is the circle on the left side,left,0.4538,0.4439,0.0,0.0,40.0,9.049,1,image+text
synth_no_pass2_00762,no_pass2,What is the dominant color in this image?,the dominant color in this image is yellow,yellow | yellow | yellow,True,1.0,1.0,1.0,False,1,the dominant color in this image is yellow,the dominant color in this image is yellow,yellow,0.5006,0.4908,0.0,0.0,39.0,9.049,1,image+text
synth_no_pass2_00763,no_pass2,What color is the large rectangle?,a yellow square,yellow | yellow | yellow,True,1.0,1.0,1.0,False,1,a yellow square,a yellow square,yellow,0.3219,0.3119,0.0,0.0,42.5,9.049,1,image+text
synth_no_pass2_00764,no_pass2,Is the background color light or dark?,dark,light | light | light,False,0.0,1.0,1.0,True,1,dark,dark,dark,0.2277,0.2179,0.0,0.0,42.5,9.049,1,image+text
synth_no_pass2_00765,no_pass2,Is the background color light or dark?,dark background,dark | dark | dark,True,1.0,1.0,1.0,False,1,dark background,dark background,dark,0.2704,0.2607,0.0,0.0,42.0,9.049,1,image+text
synth_no_pass2_00766,no_pass2,What is the dominant color in this image?,the dominant color in this image is yellow,yellow | yellow | yellow,True,1.0,1.0,1.0,False,1,the dominant color in this image is yellow,the dominant color in this image is yellow,yellow,0.5042,0.4947,0.0,0.0,41.0,9.049,1,image+text
synth_no_pass2_00767,no_pass2,What is the dominant color in this image?,the dominant color in this image is green,green | green | green,True,1.0,1.0,1.0,False,1,the dominant color in this image is green,the dominant color in this image is green,green,0.522,0.5117,0.0,0.0,38.0,9.049,1,image+text
synth_no_pass2_00768,no_pass2,What color is the background?,blue,blue | blue | blue,True,1.0,1.0,1.0,False,1,blue,blue,blue,0.3283,0.3186,0.0,0.0,40.0,9.049,1,image+text
synth_no_pass2_00769,no_pass2,Is there a red shape in this image?,yes,yes | yes | yes,True,1.0,1.0,1.0,False,1,yes,yes,yes,0.3154,0.3053,0.0,0.0,45.0,9.049,1,image+text
synth_no_pass2_00770,no_pass2,What color is the large rectangle?,a yellow square,yellow | yellow | yellow,True,1.0,1.0,1.0,False,1,a yellow square,a yellow square,yellow,0.3163,0.3058,0.0,0.0,41.0,9.049,1,image+text
synth_no_pass2_00771,no_pass2,What is the dominant color in this image?,the dominant color is brown,brown | brown | brown,True,1.0,1.0,1.0,False,1,the dominant color is brown,the dominant color is brown,brown,0.4227,0.4128,0.0,0.0,39.0,9.049,1,image+text
synth_no_pass2_00772,no_pass2,What color is the background?,white,white | white | white,True,1.0,1.0,1.0,False,1,white,white,white,0.3142,0.3049,0.0,0.0,44.5,9.049,1,image+text
synth_no_pass2_00773,no_pass2,What is the dominant color in this image?,the dominant color in this image is purple,purple | purple | purple,True,1.0,1.0,1.0,False,1,the dominant color in this image is purple,the dominant color in this image is purple,purple,0.5013,0.4919,0.0,0.0,41.5,9.049,1,image+text
synth_no_pass2_00774,no_pass2,What is the dominant color in this image?,the dominant color in this image is green,olive | olive | green | dark green,True,0.6667,1.0,1.0,False,1,the dominant color in this image is green,the dominant color in this image is green,green,0.5128,0.5031,0.0,0.0,37.5,9.049,1,image+text
synth_no_pass2_00775,no_pass2,Is the circle on the left or right side?,is the circle on the left side,left | left | center,True,0.6667,1.0,1.0,False,1,is the circle on the left side,is the circle on the left side,left,0.4499,0.4403,0.0,0.0,37.5,9.049,1,image+text
synth_no_pass2_00776,no_pass2,What is the dominant color in this image?,the dominant color in this image,orange | orange | orange,False,0.0,1.0,1.0,True,1,the dominant color in this image,the dominant color in this image,dominant color in this image,0.4068,0.3965,0.0,0.0,38.0,9.049,1,image+text
synth_no_pass2_00777,no_pass2,Is the circle on the left or right side?,a circle on the left side,right | right | right,False,0.0,1.0,1.0,True,1,a circle on the left side,a circle on the left side,left,0.5019,0.4924,0.0,0.0,38.0,9.049,1,image+text
synth_no_pass2_00778,no_pass2,Is the circle on the left or right side?,is the circle on the left side,left | left | center,True,0.6667,1.0,1.0,False,1,is the circle on the left side,is the circle on the left side,left,0.4832,0.4735,0.0,0.0,40.5,9.049,1,image+text
synth_no_pass2_00779,no_pass2,Is the background color light or dark?,light blue,light | light | medium,False,0.0,1.0,1.0,True,1,light blue,light blue,blue,0.2209,0.2113,0.0,0.0,38.0,9.049,1,image+text
synth_no_pass2_00780,no_pass2,Is there a red shape in this image?,yes,no | no | no,False,0.0,1.0,1.0,True,1,yes,yes,yes,0.2868,0.2768,0.0,0.0,36.5,9.049,1,image+text
synth_no_pass2_00781,no_pass2,What is the dominant color in this image?,the dominant color in this image is green,olive | olive | green | dark green,True,0.6667,1.0,1.0,False,1,the dominant color in this image is green,the dominant color in this image is green,green,0.5007,0.4909,0.0,0.0,32.5,9.049,1,image+text
synth_no_pass2_00782,no_pass2,Is the circle on the left or right side?,a circle on the left side,right | right | right,False,0.0,1.0,1.0,True,1,a circle on the left side,a circle on the left side,left,0.5006,0.4911,0.0,0.0,38.0,9.049,1,image+text
synth_no_pass2_00783,no_pass2,What is the dominant color in this image?,red is the dominant color in this image,red | red | red,True,1.0,1.0,1.0,False,1,red is the dominant color in this image,red is the dominant color in this image,red,0.5018,0.4921,0.0,0.0,38.0,9.049,1,image+text
synth_no_pass2_00784,no_pass2,What color is the large rectangle?,a large rectangle,pink | pink | pink,False,0.0,1.0,1.0,True,1,a large rectangle,a large rectangle,large rectangle,0.3186,0.3089,0.0,0.0,41.5,9.049,1,image+text
synth_no_pass2_00785,no_pass2,Is the background color light or dark?,dark,dark | dark | dark,True,1.0,1.0,1.0,False,1,dark,dark,dark,0.2255,0.216,0.0,0.0,40.5,9.049,1,image+text
synth_no_pass2_00786,no_pass2,What color is the background?,white,white | white | white,True,1.0,1.0,1.0,False,1,white,white,white,0.3174,0.3074,0.0,0.0,40.0,9.049,1,image+text
synth_no_pass2_00787,no_pass2,Is the circle on the left or right side?,is the circle on the left side,right | right | right,False,0.0,1.0,1.0,True,1,is the circle on the left side,is the circle on the left side,left,0.4548,0.4443,0.0,0.0,44.0,9.049,1,image+text
synth_no_pass2_00788,no_pass2,What color is the background?,white,white | white | white,True,1.0,1.0,1.0,False,1,white,white,white,0.316,0.3068,0.0,0.0,45.0,9.049,1,image+text
synth_no_pass2_00789,no_pass2,What color is the circle in this image?,yellow,yellow | yellow | yellow,True,1.0,1.0,1.0,False,1,yellow,yellow,yellow,0.3183,0.3081,0.0,0.0,43.5,9.049,1,image+text
synth_no_pass2_00790,no_pass2,What color is the large rectangle?,the large rectangle is white,white | white | white,True,1.0,1.0,1.0,False,1,the large rectangle is white,the large rectangle is white,white,0.3622,0.3522,0.0,0.0,39.5,9.049,1,image+text
synth_no_pass2_00791,no_pass2,Is the background color light or dark?,dark,light | light | light,False,0.0,1.0,1.0,True,1,dark,dark,dark,0.2334,0.2236,0.0,0.0,40.5,9.049,1,image+text
synth_no_pass2_00792,no_pass2,Is the background color light or dark?,dark background,dark | dark | dark,True,1.0,1.0,1.0,False,1,dark background,dark background,dark,0.2717,0.2618,0.0,0.0,44.0,9.049,1,image+text
synth_no_pass2_00793,no_pass2,What color is the large rectangle?,blue,blue | blue | blue,True,1.0,1.0,1.0,False,1,blue,blue,blue,0.2699,0.259,0.0,0.0,42.0,9.049,1,image+text
synth_no_pass2_00794,no_pass2,What color is the background?,blue,blue | blue | blue,True,1.0,1.0,1.0,False,1,blue,blue,blue,0.3129,0.3033,0.0,0.0,42.0,9.049,1,image+text
synth_no_pass2_00795,no_pass2,Is there a green shape in this image?,yes,no | no | no,False,0.0,1.0,1.0,True,1,yes,yes,yes,0.2714,0.2619,0.0,0.0,43.5,9.049,1,image+text
synth_no_pass2_00796,no_pass2,What is the dominant color in this image?,the dominant color in this image is yellow,yellow | yellow | yellow,True,1.0,1.0,1.0,False,1,the dominant color in this image is yellow,the dominant color in this image is yellow,yellow,0.514,0.5029,0.0,0.0,39.5,9.049,1,image+text
synth_no_pass2_00797,no_pass2,Is there a red shape in this image?,yes,yes | yes | yes,True,1.0,1.0,1.0,False,1,yes,yes,yes,0.3165,0.3069,0.0,0.0,40.0,9.049,1,image+text
synth_no_pass2_00798,no_pass2,What color is the background?,white,white | white | white,True,1.0,1.0,1.0,False,1,white,white,white,0.3628,0.3528,0.0,0.0,41.0,9.049,1,image+text
synth_no_pass2_00799,no_pass2,What color is the circle in this image?,blue,blue | blue | blue,True,1.0,1.0,1.0,False,1,blue,blue,blue,0.27,0.2604,0.0,0.0,43.5,9.049,1,image+text
synth_no_pass2_00800,no_pass2,What color is the large rectangle?,the large rectangle is green,green | green | green,True,1.0,1.0,1.0,False,1,the large rectangle is green,the large rectangle is green,green,0.3837,0.3732,0.0,0.0,42.5,9.049,1,image+text
synth_no_pass2_00801,no_pass2,Is the background color light or dark?,dark background,dark | dark | dark,True,1.0,1.0,1.0,False,1,dark background,dark background,dark,0.2705,0.2601,0.0,0.0,41.0,9.049,1,image+text
synth_no_pass2_00802,no_pass2,Is there a red shape in this image?,yes,yes | yes | yes,True,1.0,1.0,1.0,False,1,yes,yes,yes,0.3159,0.3062,0.0,0.0,43.0,9.049,1,image+text
synth_no_pass2_00803,no_pass2,What color is the circle in this image?,red,red | red | red,True,1.0,1.0,1.0,False,1,red,red,red,0.2687,0.2594,0.0,0.0,43.0,9.049,1,image+text
synth_no_pass2_00804,no_pass2,What color is the circle?,a red circle,brown | brown | maroon,False,0.0,1.0,1.0,True,1,a red circle,a red circle,red,0.3131,0.3035,0.0,0.0,44.0,9.049,1,image+text
synth_no_pass2_00805,no_pass2,What color is the large rectangle?,navy blue,navy | dark blue | navy,True,0.3333,1.0,1.0,False,1,navy blue,navy blue,blue,0.2207,0.2109,0.0,0.0,42.0,9.049,1,image+text
synth_no_pass2_00806,no_pass2,What color is the circle in this image?,blue,blue | blue | blue,True,1.0,1.0,1.0,False,1,blue,blue,blue,0.273,0.2637,0.0,0.0,43.5,9.049,1,image+text
synth_no_pass2_00807,no_pass2,What color is the large rectangle?,brown color,brown | brown | brown,True,1.0,1.0,1.0,False,1,brown color,brown color,brown,0.2815,0.2703,0.0,0.0,41.0,9.049,1,image+text
synth_no_pass2_00808,no_pass2,What color is the background?,blue,blue | blue | blue,True,1.0,1.0,1.0,False,1,blue,blue,blue,0.3145,0.305,0.0,0.0,40.5,9.049,1,image+text
synth_no_pass2_00809,no_pass2,Is the circle on the left or right side?,a circle on the left side,right | right | right,False,0.0,1.0,1.0,True,1,a circle on the left side,a circle on the left side,left,0.5094,0.4998,0.0,0.0,43.0,9.049,1,image+text
synth_no_pass2_00810,no_pass2,What color is the large rectangle?,a yellow square,yellow | yellow | yellow,True,1.0,1.0,1.0,False,1,a yellow square,a yellow square,yellow,0.3123,0.3019,0.0,0.0,40.0,9.049,1,image+text
synth_no_pass2_00811,no_pass2,What color is the large rectangle?,the large rectangle is green,green | green | green,True,1.0,1.0,1.0,False,1,the large rectangle is green,the large rectangle is green,green,0.3582,0.3486,0.0,0.0,42.5,9.049,1,image+text
synth_no_pass2_00812,no_pass2,What is the dominant color in this image?,the dominant color in this image is yellow,yellow | yellow | yellow,True,1.0,1.0,1.0,False,1,the dominant color in this image is yellow,the dominant color in this image is yellow,yellow,0.5013,0.4919,0.0,0.0,44.5,9.049,1,image+text
synth_no_pass2_00813,no_pass2,What is the dominant color in this image?,a blue background,navy | navy | blue | dark blue,True,0.6667,1.0,1.0,False,1,a blue background,a blue background,blue,0.3101,0.3008,0.0,0.0,41.5,9.049,1,image+text
synth_no_pass2_00814,no_pass2,What is the dominant color in this image?,the dominant color in this image is blue,teal | teal | cyan | blue-green,False,0.0,1.0,1.0,True,1,the dominant color in this image is blue,the dominant color in this image is blue,blue,0.4936,0.4838,0.0,0.0,46.0,9.049,1,image+text
synth_no_pass2_00815,no_pass2,What color is the large rectangle?,red,red | red | red,True,1.0,1.0,1.0,False,1,red,red,red,0.3111,0.3017,0.0,0.0,46.0,9.049,1,image+text
synth_no_pass2_00816,no_pass2,Is there a red shape in this image?,yes,no | no | no,False,0.0,1.0,1.0,True,1,yes,yes,yes,0.2651,0.2553,0.0,0.0,42.5,9.049,1,image+text
synth_no_pass2_00817,no_pass2,What color is the large rectangle?,red,red | red | red,True,1.0,1.0,1.0,False,1,red,red,red,0.3119,0.3024,0.0,0.0,42.0,9.049,1,image+text
synth_no_pass2_00818,no_pass2,Is the circle on the left or right side?,is the circle on the left side,right | right | right,False,0.0,1.0,1.0,True,1,is the circle on the left side,is the circle on the left side,left,0.4525,0.4426,0.0,0.0,44.0,9.049,1,image+text
synth_no_pass2_00819,no_pass2,Is the circle on the left or right side?,a circle on the left side,right | right | right,False,0.0,1.0,1.0,True,1,a circle on the left side,a circle on the left side,left,0.501,0.4911,0.0,0.0,40.5,9.049,1,image+text
synth_no_pass2_00820,no_pass2,What is the dominant color in this image?,the dominant color in this image is green,green | green | green,True,1.0,1.0,1.0,False,1,the dominant color in this image is green,the dominant color in this image is green,green,0.5135,0.5032,0.0,0.0,33.5,9.049,1,image+text
synth_no_pass2_00821,no_pass2,What is the dominant color in this image?,the dominant color in this image is green,olive | olive | green | dark green,True,0.6667,1.0,1.0,False,1,the dominant color in this image is green,the dominant color in this image is green,green,0.496,0.4867,0.0,0.0,38.5,9.049,1,image+text
synth_no_pass2_00822,no_pass2,What is the dominant color in this image?,the dominant color in this image is yellow,yellow | yellow | yellow,True,1.0,1.0,1.0,False,1,the dominant color in this image is yellow,the dominant color in this image is yellow,yellow,0.4979,0.4878,0.0,0.0,39.5,9.049,1,image+text
synth_no_pass2_00823,no_pass2,What color is the circle in this image?,yellow,yellow | yellow | yellow,True,1.0,1.0,1.0,False,1,yellow,yellow,yellow,0.3148,0.3056,0.0,0.0,43.0,9.049,1,image+text
synth_no_pass2_00824,no_pass2,What is the dominant color in this image?,the dominant color is brown,brown | brown | brown,True,1.0,1.0,1.0,False,1,the dominant color is brown,the dominant color is brown,brown,0.4078,0.3978,0.0,0.0,43.0,9.049,1,image+text
synth_no_pass2_00825,no_pass2,What color is the large rectangle?,the large rectangle is green,olive | olive | dark yellow,False,0.0,1.0,1.0,True,1,the large rectangle is green,the large rectangle is green,green,0.3609,0.3513,0.0,0.0,41.5,9.049,1,image+text
synth_no_pass2_00826,no_pass2,What is the dominant color in this image?,the dominant color in this image,orange | orange | orange,False,0.0,1.0,1.0,True,1,the dominant color in this image,the dominant color in this image,dominant color in this image,0.4061,0.3961,0.0,0.0,40.5,9.049,1,image+text
synth_no_pass2_00827,no_pass2,What is the dominant color in this image?,red is the dominant color in this image,red | red | red,True,1.0,1.0,1.0,False,1,red is the dominant color in this image,red is the dominant color in this image,red,0.4957,0.4862,0.0,0.0,39.5,9.049,1,image+text
synth_no_pass2_00828,no_pass2,What color is the circle?,the circle is green,cyan | cyan | teal | teal,False,0.0,1.0,1.0,True,1,the circle is green,the circle is green,green,0.3099,0.3006,0.0,0.0,43.5,9.049,1,image+text
synth_no_pass2_00829,no_pass2,What color is the large rectangle?,the large rectangle is green,olive | olive | dark yellow,False,0.0,1.0,1.0,True,1,the large rectangle is green,the large rectangle is green,green,0.3611,0.351,0.0,0.0,45.0,9.049,1,image+text
synth_no_pass2_00830,no_pass2,What color is the large rectangle?,blue,blue | blue | blue,True,1.0,1.0,1.0,False,1,blue,blue,blue,0.2684,0.2584,0.0,0.0,38.5,9.049,1,image+text
synth_no_pass2_00831,no_pass2,What is the dominant color in this image?,the dominant color in this image is blue,teal | teal | cyan | blue-green,False,0.0,1.0,1.0,True,1,the dominant color in this image is blue,the dominant color in this image is blue,blue,0.4972,0.488,0.0,0.0,37.5,9.049,1,image+text
synth_no_pass2_00832,no_pass2,What color is the large rectangle?,blue,blue | blue | blue,True,1.0,1.0,1.0,False,1,blue,blue,blue,0.2668,0.2573,0.0,0.0,41.5,9.049,1,image+text
synth_no_pass2_00833,no_pass2,What color is the small circle?,green,olive | olive | green,True,0.3333,1.0,1.0,False,1,green,green,green,0.3135,0.3039,0.0,0.0,44.5,9.049,1,image+text
synth_no_pass2_00834,no_pass2,Is the background color light or dark?,dark blue,dark | dark | dark,False,0.0,1.0,1.0,True,1,dark blue,dark blue,blue,0.2206,0.2111,0.0,0.0,44.5,9.049,1,image+text
synth_no_pass2_00835,no_pass2,What color is the background?,blue,blue | blue | blue,True,1.0,1.0,1.0,False,1,blue,blue,blue,0.3266,0.317,0.0,0.0,44.0,9.049,1,image+text
synth_no_pass2_00836,no_pass2,What is the dominant color in this image?,red is the dominant color in this image,red | red | red,True,1.0,1.0,1.0,False,1,red is the dominant color in this image,red is the dominant color in this image,red,0.4914,0.4821,0.0,0.0,40.5,9.049,1,image+text
synth_no_pass2_00837,no_pass2,What is the dominant color in this image?,the dominant color in this image is purple,purple | purple | purple,True,1.0,1.0,1.0,False,1,the dominant color in this image is purple,the dominant color in this image is purple,purple,0.4943,0.4849,0.0,0.0,39.0,9.049,1,image+text
synth_no_pass2_00838,no_pass2,Is the background color light or dark?,dark background,dark | dark | dark,True,1.0,1.0,1.0,False,1,dark background,dark background,dark,0.2659,0.2564,0.0,0.0,37.5,9.049,1,image+text
synth_no_pass2_00839,no_pass2,What color is the circle?,the circle is green,cyan | cyan | teal | teal,False,0.0,1.0,1.0,True,1,the circle is green,the circle is green,green,0.3109,0.3014,0.0,0.0,40.0,9.049,1,image+text
synth_no_pass2_00840,no_pass2,What color is the large rectangle?,the large rectangle is blue,teal | teal | green,False,0.0,1.0,1.0,True,1,the large rectangle is blue,the large rectangle is blue,blue,0.3794,0.369,0.0,0.0,37.5,9.049,1,image+text
synth_no_pass2_00841,no_pass2,What is the dominant color in this image?,red is the dominant color in this image,red | red | red,True,1.0,1.0,1.0,False,1,red is the dominant color in this image,red is the dominant color in this image,red,0.5028,0.4931,0.0,0.0,40.0,9.049,1,image+text
synth_no_pass2_00842,no_pass2,What color is the circle in this image?,red,red | red | red,True,1.0,1.0,1.0,False,1,red,red,red,0.2675,0.2578,0.0,0.0,41.0,9.049,1,image+text
synth_no_pass2_00843,no_pass2,What color is the background?,blue,blue | blue | blue,True,1.0,1.0,1.0,False,1,blue,blue,blue,0.3341,0.3248,0.0,0.0,41.5,9.049,1,image+text
synth_no_pass2_00844,no_pass2,What is the dominant color in this image?,the dominant color in this image is green,green | green | green,True,1.0,1.0,1.0,False,1,the dominant color in this image is green,the dominant color in this image is green,green,0.4965,0.4871,0.0,0.0,38.0,9.049,1,image+text
synth_no_pass2_00845,no_pass2,Is the circle on the left or right side?,is the circle on the left side,left | left | left,True,1.0,1.0,1.0,False,1,is the circle on the left side,is the circle on the left side,left,0.4697,0.4599,0.0,0.0,38.0,9.049,1,image+text
synth_no_pass2_00846,no_pass2,What is the dominant color in this image?,the dominant color in this image is yellow,yellow | yellow | yellow,True,1.0,1.0,1.0,False,1,the dominant color in this image is yellow,the dominant color in this image is yellow,yellow,0.4982,0.4886,0.0,0.0,38.0,9.049,1,image+text
synth_no_pass2_00847,no_pass2,What color is the background?,navy blue,navy | dark blue | blue,True,0.6667,1.0,1.0,False,1,navy blue,navy blue,blue,0.2218,0.2121,0.0,0.0,39.0,9.049,1,image+text
synth_no_pass2_00848,no_pass2,What color is the large rectangle?,the color orange,orange | orange | orange,True,1.0,1.0,1.0,False,1,the color orange,the color orange,orange,0.3179,0.3083,0.0,0.0,41.5,9.049,1,image+text
synth_no_pass2_00849,no_pass2,What is the dominant color in this image?,the dominant color in this image is yellow,yellow | yellow | yellow,True,1.0,1.0,1.0,False,1,the dominant color in this image is yellow,the dominant color in this image is yellow,yellow,0.4969,0.4875,0.0,0.0,40.5,9.049,1,image+text
synth_no_pass2_00850,no_pass2,Is there a red shape in this image?,yes,yes | yes | yes,True,1.0,1.0,1.0,False,1,yes,yes,yes,0.3145,0.3045,0.0,0.0,41.5,9.049,1,image+text
synth_no_pass2_00851,no_pass2,What color is the background?,blue,blue | blue | blue,True,1.0,1.0,1.0,False,1,blue,blue,blue,0.3135,0.3041,0.0,0.0,43.5,9.049,1,image+text
synth_no_pass2_00852,no_pass2,What is the dominant color in this image?,the dominant color in this image is yellow,yellow | yellow | yellow,True,1.0,1.0,1.0,False,1,the dominant color in this image is yellow,the dominant color in this image is yellow,yellow,0.4972,0.4877,0.0,0.0,40.0,9.049,1,image+text
synth_no_pass2_00853,no_pass2,What color is the circle in this image?,blue,blue | blue | blue,True,1.0,1.0,1.0,False,1,blue,blue,blue,0.2766,0.2654,0.0,0.0,42.0,9.049,1,image+text
synth_no_pass2_00854,no_pass2,What color is the large rectangle?,blue,blue | blue | blue,True,1.0,1.0,1.0,False,1,blue,blue,blue,0.2639,0.2544,0.0,0.0,46.0,9.049,1,image+text
synth_no_pass2_00855,no_pass2,What is the dominant color in this image?,the dominant color in this image is green,green | green | green,True,1.0,1.0,1.0,False,1,the dominant color in this image is green,the dominant color in this image is green,green,0.4931,0.4836,0.0,0.0,42.0,9.049,1,image+text
synth_no_pass2_00856,no_pass2,Is there a green shape in this image?,yes,yes | yes | yes,True,1.0,1.0,1.0,False,1,yes,yes,yes,0.2647,0.2554,0.0,0.0,38.5,9.049,1,image+text
synth_no_pass2_00857,no_pass2,Is the circle on the left or right side?,is the circle on the left side,left | left | left,True,1.0,1.0,1.0,False,1,is the circle on the left side,is the circle on the left side,left,0.4478,0.4383,0.0,0.0,41.5,9.049,1,image+text
synth_no_pass2_00858,no_pass2,What is the dominant color in this image?,the dominant color in this image is purple,purple | purple | purple,True,1.0,1.0,1.0,False,1,the dominant color in this image is purple,the dominant color in this image is purple,purple,0.505,0.4956,0.0,0.0,37.5,9.049,1,image+text
synth_no_pass2_00859,no_pass2,What color is the large rectangle?,a yellow square,yellow | yellow | yellow,True,1.0,1.0,1.0,False,1,a yellow square,a yellow square,yellow,0.3099,0.3004,0.0,0.0,42.5,9.049,1,image+text
synth_no_pass2_00860,no_pass2,What color is the circle?,the circle is green,olive | olive | brown,False,0.0,1.0,1.0,True,1,the circle is green,the circle is green,green,0.3335,0.3234,0.0,0.0,34.0,9.049,1,image+text
synth_no_pass2_00861,no_pass2,What is the dominant color in this image?,cyan,cyan | cyan | blue,True,0.6667,1.0,1.0,False,1,cyan,cyan,cyan,0.3138,0.3043,0.0,0.0,41.5,9.049,1,image+text
synth_no_pass2_00862,no_pass2,Is the circle on the left or right side?,a circle on the left side,right | right | right,False,0.0,1.0,1.0,True,1,a circle on the left side,a circle on the left side,left,0.5054,0.4959,0.0,0.0,41.5,9.049,1,image+text
synth_no_pass2_00863,no_pass2,What color is the large rectangle?,brown color,brown | brown | brown,True,1.0,1.0,1.0,False,1,brown color,brown color,brown,0.2789,0.2696,0.0,0.0,40.0,9.049,1,image+text
synth_no_pass2_00864,no_pass2,Is there a green shape in this image?,yes,yes | yes | yes,True,1.0,1.0,1.0,False,1,yes,yes,yes,0.2643,0.2551,0.0,0.0,40.5,9.049,1,image+text
synth_no_pass2_00865,no_pass2,What color is the large rectangle?,the color orange,orange | orange | orange,True,1.0,1.0,1.0,False,1,the color orange,the color orange,orange,0.3097,0.3003,0.0,0.0,42.5,9.049,1,image+text
synth_no_pass2_00866,no_pass2,What color is the large rectangle?,the large rectangle is white,white | white | white,True,1.0,1.0,1.0,False,1,the large rectangle is white,the large rectangle is white,white,0.3585,0.3492,0.0,0.0,43.5,9.049,1,image+text
synth_no_pass2_00867,no_pass2,What is the dominant color in this image?,the dominant color in this image is green,green | green | green,True,1.0,1.0,1.0,False,1,the dominant color in this image is green,the dominant color in this image is green,green,0.4986,0.4892,0.0,0.0,39.5,9.049,1,image+text
synth_no_pass2_00868,no_pass2,What color is the large rectangle?,the large rectangle is purple,purple | purple | purple,True,1.0,1.0,1.0,False,1,the large rectangle is purple,the large rectangle is purple,purple,0.3597,0.3501,0.0,0.0,43.0,9.049,1,image+text
synth_no_pass2_00869,no_pass2,Is the circle on the left or right side?,is the circle on the left side,right | right | right,False,0.0,1.0,1.0,True,1,is the circle on the left side,is the circle on the left side,left,0.4515,0.4418,0.0,0.0,46.5,9.049,1,image+text
synth_no_pass2_00870,no_pass2,What color is the large rectangle?,a large rectangle,pink | pink | pink,False,0.0,1.0,1.0,True,1,a large rectangle,a large rectangle,large rectangle,0.3137,0.3037,0.0,0.0,42.5,9.049,1,image+text
synth_no_pass2_00871,no_pass2,What is the dominant color in this image?,red is the dominant color in this image,red | red | red,True,1.0,1.0,1.0,False,1,red is the dominant color in this image,red is the dominant color in this image,red,0.4977,0.4882,0.0,0.0,43.0,9.049,1,image+text
synth_no_pass2_00872,no_pass2,Is the circle on the left or right side?,is the circle on the left side,left | left | left,True,1.0,1.0,1.0,False,1,is the circle on the left side,is the circle on the left side,left,0.4511,0.4416,0.0,0.0,42.0,9.049,1,image+text
synth_no_pass2_00873,no_pass2,Is there a red shape in this image?,yes,no | no | no,False,0.0,1.0,1.0,True,1,yes,yes,yes,0.2671,0.2578,0.0,0.0,40.5,9.049,1,image+text
synth_no_pass2_00874,no_pass2,Is the background color light or dark?,dark blue,dark | dark | dark,False,0.0,1.0,1.0,True,1,dark blue,dark blue,blue,0.2194,0.2101,0.0,0.0,42.0,9.049,1,image+text
synth_no_pass2_00875,no_pass2,What is the dominant color in this image?,the dominant color in this image,orange | orange | orange,False,0.0,1.0,1.0,True,1,the dominant color in this image,the dominant color in this image,dominant color in this image,0.4008,0.3913,0.0,0.0,45.0,9.049,1,image+text
synth_no_pass2_00876,no_pass2,Is the background color light or dark?,dark background,dark | dark | dark,True,1.0,1.0,1.0,False,1,dark background,dark background,dark,0.2763,0.2665,0.0,0.0,47.5,9.049,1,image+text
synth_no_pass2_00877,no_pass2,Is the circle on the left or right side?,is the circle on the left side,right | right | right,False,0.0,1.0,1.0,True,1,is the circle on the left side,is the circle on the left side,left,0.4607,0.4504,0.0,0.0,42.0,9.049,1,image+text
synth_no_pass2_00878,no_pass2,Is the background color light or dark?,dark,light | light | light,False,0.0,1.0,1.0,True,1,dark,dark,dark,0.226,0.2157,0.0,0.0,39.0,9.049,1,image+text
synth_no_pass2_00879,no_pass2,What color is the circle in this image?,red,red | red | red,True,1.0,1.0,1.0,False,1,red,red,red,0.2718,0.2619,0.0,0.0,41.5,9.049,1,image+text
synth_no_pass2_00880,no_pass2,What color is the large rectangle?,the large rectangle is white,white | white | white,True,1.0,1.0,1.0,False,1,the large rectangle is white,the large rectangle is white,white,0.3828,0.3724,0.0,0.0,38.5,9.049,1,image+text
synth_no_pass2_00881,no_pass2,What color is the large rectangle?,the large rectangle is blue,teal | teal | green,False,0.0,1.0,1.0,True,1,the large rectangle is blue,the large rectangle is blue,blue,0.3725,0.363,0.0,0.0,39.5,9.049,1,image+text
synth_no_pass2_00882,no_pass2,What is the dominant color in this image?,the dominant color in this image,orange | orange | orange,False,0.0,1.0,1.0,True,1,the dominant color in this image,the dominant color in this image,dominant color in this image,0.4391,0.428,0.0,0.0,41.0,9.049,1,image+text
synth_no_pass2_00883,no_pass2,What is the dominant color in this image?,the dominant color in this image is blue,teal | teal | cyan | blue-green,False,0.0,1.0,1.0,True,1,the dominant color in this image is blue,the dominant color in this image is blue,blue,0.5093,0.5001,0.0,0.0,37.0,9.049,1,image+text
synth_no_pass2_00884,no_pass2,What color is the large rectangle?,green,lime | lime | green,True,0.3333,1.0,1.0,False,1,green,green,green,0.3328,0.3217,0.0,0.0,39.5,9.049,1,image+text
synth_no_pass2_00885,no_pass2,What color is the large rectangle?,red,red | red | red,True,1.0,1.0,1.0,False,1,red,red,red,0.3132,0.3039,0.0,0.0,43.5,9.049,1,image+text
synth_no_pass2_00886,no_pass2,Is the background color light or dark?,dark background,dark | dark | dark,True,1.0,1.0,1.0,False,1,dark background,dark background,dark,0.2672,0.2579,0.0,0.0,45.5,9.049,1,image+text
synth_no_pass2_00887,no_pass2,What is the dominant color in this image?,the dominant color in this image is green,green | green | green,True,1.0,1.0,1.0,False,1,the dominant color in this image is green,the dominant color in this image is green,green,0.5009,0.4916,0.0,0.0,42.0,9.049,1,image+text
synth_no_pass2_00888,no_pass2,What is the dominant color in this image?,a blue background,navy | navy | blue | dark blue,True,0.6667,1.0,1.0,False,1,a blue background,a blue background,blue,0.313,0.3031,0.0,0.0,38.5,9.049,1,image+text
synth_no_pass2_00889,no_pass2,What is the dominant color in this image?,blue is the dominant color in this image,blue | blue | blue,True,1.0,1.0,1.0,False,1,blue is the dominant color in this image,blue is the dominant color in this image,blue,0.4976,0.4883,0.0,0.0,39.0,9.049,1,image+text
synth_no_pass2_00890,no_pass2,What color is the large rectangle?,a yellow square,yellow | yellow | yellow,True,1.0,1.0,1.0,False,1,a yellow square,a yellow square,yellow,0.3173,0.3074,0.0,0.0,38.0,9.049,1,image+text
synth_no_pass2_00891,no_pass2,Is there a green shape in this image?,yes,yes | yes | yes,True,1.0,1.0,1.0,False,1,yes,yes,yes,0.2701,0.2608,0.0,0.0,40.5,9.049,1,image+text
synth_no_pass2_00892,no_pass2,Is there a red shape in this image?,yes,yes | yes | yes,True,1.0,1.0,1.0,False,1,yes,yes,yes,0.321,0.3109,0.0,0.0,42.0,9.049,1,image+text
synth_no_pass2_00893,no_pass2,What color is the circle?,pink,pink | pink | pink,True,1.0,1.0,1.0,False,1,pink,pink,pink,0.285,0.2742,0.0,0.0,40.5,9.049,1,image+text
synth_no_pass2_00894,no_pass2,Is the background color light or dark?,dark,light | light | light,False,0.0,1.0,1.0,True,1,dark,dark,dark,0.221,0.2111,0.0,0.0,39.5,9.049,1,image+text
synth_no_pass2_00895,no_pass2,What color is the circle?,a red circle,brown | brown | maroon,False,0.0,1.0,1.0,True,1,a red circle,a red circle,red,0.3129,0.3036,0.0,0.0,44.0,9.049,1,image+text
synth_no_pass2_00896,no_pass2,What color is the background?,blue,blue | blue | blue,True,1.0,1.0,1.0,False,1,blue,blue,blue,0.3239,0.3136,0.0,0.0,41.5,9.049,1,image+text
synth_no_pass2_00897,no_pass2,What color is the circle in this image?,red,red | red | red,True,1.0,1.0,1.0,False,1,red,red,red,0.266,0.2567,0.0,0.0,41.5,9.049,1,image+text
synth_no_pass2_00898,no_pass2,What color is the circle in this image?,yellow,yellow | yellow | yellow,True,1.0,1.0,1.0,False,1,yellow,yellow,yellow,0.3118,0.3021,0.0,0.0,45.0,9.049,1,image+text
synth_no_pass2_00899,no_pass2,What color is the large rectangle?,a large rectangle,pink | pink | pink,False,0.0,1.0,1.0,True,1,a large rectangle,a large rectangle,large rectangle,0.3123,0.3026,0.0,0.0,45.0,9.049,1,image+text
synth_no_pass2_00900,no_pass2,What color is the large rectangle?,the large rectangle is white,white | white | white,True,1.0,1.0,1.0,False,1,the large rectangle is white,the large rectangle is white,white,0.3779,0.3678,0.0,0.0,37.0,9.049,1,image+text
synth_no_pass2_00901,no_pass2,What color is the background?,navy blue,navy | dark blue | blue,True,0.6667,1.0,1.0,False,1,navy blue,navy blue,blue,0.221,0.2113,0.0,0.0,41.0,9.049,1,image+text
synth_no_pass2_00902,no_pass2,What color is the large rectangle?,the large rectangle is white,white | white | white,True,1.0,1.0,1.0,False,1,the large rectangle is white,the large rectangle is white,white,0.36,0.3503,0.0,0.0,42.5,9.049,1,image+text
synth_no_pass2_00903,no_pass2,What color is the large rectangle?,red,maroon | maroon | dark red,True,0.3333,1.0,1.0,False,1,red,red,red,0.3126,0.3031,0.0,0.0,42.5,9.049,1,image+text
synth_no_pass2_00904,no_pass2,Is there a blue shape in this image?,yes,no | no | no,False,0.0,1.0,1.0,True,1,yes,yes,yes,0.2681,0.2583,0.0,0.0,42.0,9.049,1,image+text
synth_no_pass2_00905,no_pass2,What color is the large rectangle?,the large rectangle is white,white | white | white,True,1.0,1.0,1.0,False,1,the large rectangle is white,the large rectangle is white,white,0.3565,0.3471,0.0,0.0,43.5,9.049,1,image+text
synth_no_pass2_00906,no_pass2,What color is the circle?,the circle is green,cyan | cyan | teal | teal,False,0.0,1.0,1.0,True,1,the circle is green,the circle is green,green,0.3095,0.2999,0.0,0.0,43.5,9.049,1,image+text
synth_no_pass2_00907,no_pass2,Is there a green shape in this image?,yes,no | no | no,False,0.0,1.0,1.0,True,1,yes,yes,yes,0.2634,0.254,0.0,0.0,46.5,9.049,1,image+text
synth_no_pass2_00908,no_pass2,What is the dominant color in this image?,red is the dominant color in this image,red | red | red,True,1.0,1.0,1.0,False,1,red is the dominant color in this image,red is the dominant color in this image,red,0.495,0.4852,0.0,0.0,43.0,9.049,1,image+text
synth_no_pass2_00909,no_pass2,What color is the circle in this image?,red,red | red | red,True,1.0,1.0,1.0,False,1,red,red,red,0.2655,0.2562,0.0,0.0,38.5,9.049,1,image+text
synth_no_pass2_00910,no_pass2,What is the dominant color in this image?,the dominant color in this image is green,green | green | green,True,1.0,1.0,1.0,False,1,the dominant color in this image is green,the dominant color in this image is green,green,0.5032,0.4935,0.0,0.0,38.5,9.049,1,image+text
synth_no_pass2_00911,no_pass2,What color is the circle in this image?,blue,blue | blue | blue,True,1.0,1.0,1.0,False,1,blue,blue,blue,0.266,0.2565,0.0,0.0,38.0,9.049,1,image+text
synth_no_pass2_00912,no_pass2,What color is the large rectangle?,the large rectangle is green,olive | olive | dark yellow,False,0.0,1.0,1.0,True,1,the large rectangle is green,the large rectangle is green,green,0.3636,0.3534,0.0,0.0,41.5,9.049,1,image+text
synth_no_pass2_00913,no_pass2,What is the dominant color in this image?,the dominant color in this image is purple,purple | purple | purple,True,1.0,1.0,1.0,False,1,the dominant color in this image is purple,the dominant color in this image is purple,purple,0.5025,0.4934,0.0,0.0,41.0,9.049,1,image+text
synth_no_pass2_00914,no_pass2,What is the dominant color in this image?,the dominant color is brown,brown | brown | brown,True,1.0,1.0,1.0,False,1,the dominant color is brown,the dominant color is brown,brown,0.4092,0.3989,0.0,0.0,38.0,9.049,1,image+text
synth_no_pass2_00915,no_pass2,What color is the large rectangle?,the large rectangle is green,green | green | green,True,1.0,1.0,1.0,False,1,the large rectangle is green,the large rectangle is green,green,0.363,0.3535,0.0,0.0,39.5,9.049,1,image+text
synth_no_pass2_00916,no_pass2,What is the dominant color in this image?,the dominant color in this image is purple,purple | purple | purple,True,1.0,1.0,1.0,False,1,the dominant color in this image is purple,the dominant color in this image is purple,purple,0.516,0.5059,0.0,0.0,37.5,9.049,1,image+text
synth_no_pass2_00917,no_pass2,What color is the background?,blue,blue | blue | blue,True,1.0,1.0,1.0,False,1,blue,blue,blue,0.3113,0.3015,0.0,0.0,41.5,9.049,1,image+text
synth_no_pass2_00918,no_pass2,What color is the large rectangle?,the large rectangle is purple,purple | purple | purple,True,1.0,1.0,1.0,False,1,the large rectangle is purple,the large rectangle is purple,purple,0.3582,0.3482,0.0,0.0,45.5,9.049,1,image+text
synth_no_pass2_00919,no_pass2,What color is the circle in this image?,yellow,yellow | yellow | yellow,True,1.0,1.0,1.0,False,1,yellow,yellow,yellow,0.312,0.3025,0.0,0.0,44.0,9.049,1,image+text
synth_no_pass2_00920,no_pass2,Is the circle on the left or right side?,a circle on the left side,right | right | right,False,0.0,1.0,1.0,True,1,a circle on the left side,a circle on the left side,left,0.5325,0.5222,0.0,0.0,35.0,9.049,1,image+text
synth_no_pass2_00921,no_pass2,What is the dominant color in this image?,the dominant color in this image is purple,purple | purple | purple,True,1.0,1.0,1.0,False,1,the dominant color in this image is purple,the dominant color in this image is purple,purple,0.4999,0.4898,0.0,0.0,39.5,9.049,1,image+text
synth_no_pass2_00922,no_pass2,What color is the circle in this image?,yellow,yellow | yellow | yellow,True,1.0,1.0,1.0,False,1,yellow,yellow,yellow,0.3154,0.3055,0.0,0.0,43.0,9.049,1,image+text
synth_no_pass2_00923,no_pass2,What color is the circle?,the circle is green,olive | olive | brown,False,0.0,1.0,1.0,True,1,the circle is green,the circle is green,green,0.3163,0.307,0.0,0.0,42.5,9.049,1,image+text
synth_no_pass2_00924,no_pass2,What is the dominant color in this image?,the dominant color in this image is purple,purple | purple | purple,True,1.0,1.0,1.0,False,1,the dominant color in this image is purple,the dominant color in this image is purple,purple,0.5018,0.4921,0.0,0.0,39.0,9.049,1,image+text
synth_no_pass2_00925,no_pass2,What is the dominant color in this image?,the dominant color in this image is purple,purple | purple | purple,True,1.0,1.0,1.0,False,1,the dominant color in this image is purple,the dominant color in this image is purple,purple,0.4935,0.484,0.0,0.0,38.5,9.049,1,image+text
synth_no_pass2_00926,no_pass2,What is the dominant color in this image?,a blue background,navy | navy | blue | dark blue,True,0.6667,1.0,1.0,False,1,a blue background,a blue background,blue,0.3132,0.3033,0.0,0.0,42.0,9.049,1,image+text
synth_no_pass2_00927,no_pass2,What color is the large rectangle?,the color orange,orange | orange | orange,True,1.0,1.0,1.0,False,1,the color orange,the color orange,orange,0.312,0.3021,0.0,0.0,44.5,9.049,1,image+text
synth_no_pass2_00928,no_pass2,Is the circle on the left or right side?,is the circle on the left side,left | left | left,True,1.0,1.0,1.0,False,1,is the circle on the left side,is the circle on the left side,left,0.4548,0.4452,0.0,0.0,41.0,9.049,1,image+text
synth_no_pass2_00929,no_pass2,What is the dominant color in this image?,the dominant color in this image is green,olive | olive | green | dark green,True,0.6667,1.0,1.0,False,1,the dominant color in this image is green,the dominant color in this image is green,green,0.5028,0.4929,0.0,0.0,40.5,9.049,1,image+text
synth_no_pass2_00930,no_pass2,What color is the background?,white,white | white | white,True,1.0,1.0,1.0,False,1,white,white,white,0.3246,0.3148,0.0,0.0,41.0,9.049,1,image+text
synth_no_pass2_00931,no_pass2,What color is the large rectangle?,the large rectangle is green,green | green | green,True,1.0,1.0,1.0,False,1,the large rectangle is green,the large rectangle is green,green,0.357,0.3475,0.0,0.0,42.5,9.049,1,image+text
synth_no_pass2_00932,no_pass2,What is the dominant color in this image?,burgundy,maroon | maroon | dark red,False,0.0,1.0,1.0,True,1,burgundy,burgundy,burgundy,0.4029,0.3935,0.0,0.0,45.5,9.049,1,image+text
synth_no_pass2_00933,no_pass2,What color is the circle in this image?,blue,blue | blue | blue,True,1.0,1.0,1.0,False,1,blue,blue,blue,0.2696,0.2602,0.0,0.0,42.0,9.049,1,image+text
synth_no_pass2_00934,no_pass2,What is the dominant color in this image?,cyan,cyan | cyan | blue,True,0.6667,1.0,1.0,False,1,cyan,cyan,cyan,0.3137,0.304,0.0,0.0,42.0,9.049,1,image+text
synth_no_pass2_00935,no_pass2,What is the dominant color in this image?,burgundy,maroon | maroon | dark red,False,0.0,1.0,1.0,True,1,burgundy,burgundy,burgundy,0.4204,0.4105,0.0,0.0,44.5,9.049,1,image+text
synth_no_pass2_00936,no_pass2,What is the dominant color in this image?,the dominant color in this image is purple,purple | purple | purple,True,1.0,1.0,1.0,False,1,the dominant color in this image is purple,the dominant color in this image is purple,purple,0.5004,0.4904,0.0,0.0,41.0,9.049,1,image+text
synth_no_pass2_00937,no_pass2,Is the background color light or dark?,dark background,dark | dark | dark,True,1.0,1.0,1.0,False,1,dark background,dark background,dark,0.2702,0.2604,0.0,0.0,41.5,9.049,1,image+text
synth_no_pass2_00938,no_pass2,What is the dominant color in this image?,the dominant color in this image is green,green | green | green,True,1.0,1.0,1.0,False,1,the dominant color in this image is green,the dominant color in this image is green,green,0.5145,0.5051,0.0,0.0,41.5,9.049,1,image+text
synth_no_pass2_00939,no_pass2,Is the background color light or dark?,dark,light | light | light,False,0.0,1.0,1.0,True,1,dark,dark,dark,0.2207,0.2113,0.0,0.0,41.5,9.049,1,image+text
synth_no_pass2_00940,no_pass2,What color is the background?,white,white | white | white,True,1.0,1.0,1.0,False,1,white,white,white,0.3449,0.3347,0.0,0.0,25.0,9.049,1,image+text
synth_no_pass2_00941,no_pass2,What color is the circle in this image?,blue,blue | blue | blue,True,1.0,1.0,1.0,False,1,blue,blue,blue,0.2704,0.2604,0.0,0.0,34.5,9.049,1,image+text
synth_no_pass2_00942,no_pass2,Is the background color light or dark?,a dark background,dark | dark | medium,True,0.6667,1.0,1.0,False,1,a dark background,a dark background,dark,0.3288,0.3195,0.0,0.0,41.5,9.049,1,image+text
synth_no_pass2_00943,no_pass2,What color is the large rectangle?,a yellow square,yellow | yellow | yellow,True,1.0,1.0,1.0,False,1,a yellow square,a yellow square,yellow,0.3119,0.3021,0.0,0.0,42.0,9.049,1,image+text
synth_no_pass2_00944,no_pass2,Is the circle on the left or right side?,is the circle on the left side,right | right | right,False,0.0,1.0,1.0,True,1,is the circle on the left side,is the circle on the left side,left,0.4567,0.4471,0.0,0.0,45.0,9.049,1,image+text
synth_no_pass2_00945,no_pass2,What color is the large rectangle?,red,maroon | maroon | dark red,True,0.3333,1.0,1.0,False,1,red,red,red,0.3173,0.3076,0.0,0.0,44.5,9.049,1,image+text
synth_no_pass2_00946,no_pass2,Is the circle on the left or right side?,is the circle on the left side,right | right | right,False,0.0,1.0,1.0,True,1,is the circle on the left side,is the circle on the left side,left,0.4505,0.4407,0.0,0.0,44.0,9.049,1,image+text
synth_no_pass2_00947,no_pass2,What color is the background?,gray,gray | gray | grey,True,0.6667,1.0,1.0,False,1,gray,gray,gray,0.2188,0.2093,0.0,0.0,40.0,9.049,1,image+text
synth_no_pass2_00948,no_pass2,Is there a blue shape in this image?,yes,no | no | no,False,0.0,1.0,1.0,True,1,yes,yes,yes,0.2684,0.2588,0.0,0.0,42.0,9.049,1,image+text
synth_no_pass2_00949,no_pass2,What is the dominant color in this image?,blue is the dominant color in this image,blue | blue | blue,True,1.0,1.0,1.0,False,1,blue is the dominant color in this image,blue is the dominant color in this image,blue,0.5002,0.4907,0.0,0.0,42.5,9.049,1,image+text
synth_no_pass2_00950,no_pass2,What color is the large rectangle?,the large rectangle is purple,purple | purple | purple,True,1.0,1.0,1.0,False,1,the large rectangle is purple,the large rectangle is purple,purple,0.3635,0.3538,0.0,0.0,38.0,9.049,1,image+text
synth_no_pass2_00951,no_pass2,What is the dominant color in this image?,blue is the dominant color in this image,blue | blue | blue,True,1.0,1.0,1.0,False,1,blue is the dominant color in this image,blue is the dominant color in this image,blue,0.5005,0.4909,0.0,0.0,41.0,9.049,1,image+text
synth_no_pass2_00952,no_pass2,What color is the circle in this image?,yellow,yellow | yellow | yellow,True,1.0,1.0,1.0,False,1,yellow,yellow,yellow,0.3149,0.3053,0.0,0.0,41.5,9.049,1,image+text
synth_no_pass2_00953,no_pass2,What color is the large rectangle?,red,red | red | red,True,1.0,1.0,1.0,False,1,red,red,red,0.3147,0.3051,0.0,0.0,46.0,9.049,1,image+text
synth_no_pass2_00954,no_pass2,What color is the large rectangle?,blue,blue | blue | blue,True,1.0,1.0,1.0,False,1,blue,blue,blue,0.2672,0.2576,0.0,0.0,45.0,9.049,1,image+text
synth_no_pass2_00955,no_pass2,What is the dominant color in this image?,red is the dominant color in this image,red | red | red,True,1.0,1.0,1.0,False,1,red is the dominant color in this image,red is the dominant color in this image,red,0.5,0.4903,0.0,0.0,40.5,9.049,1,image+text
synth_no_pass2_00956,no_pass2,What is the dominant color in this image?,the dominant color in this image is yellow,yellow | yellow | yellow,True,1.0,1.0,1.0,False,1,the dominant color in this image is yellow,the dominant color in this image is yellow,yellow,0.5008,0.4899,0.0,0.0,38.5,9.049,1,image+text
synth_no_pass2_00957,no_pass2,Is there a green shape in this image?,yes,no | no | no,False,0.0,1.0,1.0,True,1,yes,yes,yes,0.271,0.2606,0.0,0.0,43.0,9.049,1,image+text
synth_no_pass2_00958,no_pass2,What color is the large rectangle?,the large rectangle is blue,teal | teal | green,False,0.0,1.0,1.0,True,1,the large rectangle is blue,the large rectangle is blue,blue,0.3701,0.36,0.0,0.0,45.5,9.049,1,image+text
synth_no_pass2_00959,no_pass2,Is there a purple shape in this image?,yes,no | no | no,False,0.0,1.0,1.0,True,1,yes,yes,yes,0.2692,0.2595,0.0,0.0,44.5,9.049,1,image+text
synth_no_pass2_00960,no_pass2,What is the dominant color in this image?,blue is the dominant color in this image,blue | blue | blue,True,1.0,1.0,1.0,False,1,blue is the dominant color in this image,blue is the dominant color in this image,blue,0.5154,0.5051,0.0,0.0,34.0,9.049,1,image+text
synth_no_pass2_00961,no_pass2,What color is the large rectangle?,the color orange,orange | orange | orange,True,1.0,1.0,1.0,False,1,the color orange,the color orange,orange,0.3149,0.3047,0.0,0.0,42.5,9.049,1,image+text
synth_no_pass2_00962,no_pass2,Is the background color light or dark?,light blue,light | light | medium,False,0.0,1.0,1.0,True,1,light blue,light blue,blue,0.2226,0.2129,0.0,0.0,42.0,9.049,1,image+text
synth_no_pass2_00963,no_pass2,Is the circle on the left or right side?,is the circle on the left side,left | left | left,True,1.0,1.0,1.0,False,1,is the circle on the left side,is the circle on the left side,left,0.4557,0.446,0.0,0.0,38.0,9.049,1,image+text
synth_no_pass2_00964,no_pass2,What is the dominant color in this image?,burgundy,maroon | maroon | dark red,False,0.0,1.0,1.0,True,1,burgundy,burgundy,burgundy,0.4075,0.3978,0.0,0.0,41.5,9.049,1,image+text
synth_no_pass2_00965,no_pass2,What is the dominant color in this image?,the dominant color in this image is yellow,yellow | yellow | yellow,True,1.0,1.0,1.0,False,1,the dominant color in this image is yellow,the dominant color in this image is yellow,yellow,0.4967,0.4867,0.0,0.0,38.0,9.049,1,image+text
synth_no_pass2_00966,no_pass2,What is the dominant color in this image?,red is the dominant color in this image,red | red | red,True,1.0,1.0,1.0,False,1,red is the dominant color in this image,red is the dominant color in this image,red,0.5205,0.5111,0.0,0.0,40.0,9.049,1,image+text
synth_no_pass2_00967,no_pass2,Is the background color light or dark?,dark background,dark | dark | dark,True,1.0,1.0,1.0,False,1,dark background,dark background,dark,0.2669,0.257,0.0,0.0,43.5,9.049,1,image+text
synth_no_pass2_00968,no_pass2,What is the dominant color in this image?,the dominant color in this image,orange | orange | orange,False,0.0,1.0,1.0,True,1,the dominant color in this image,the dominant color in this image,dominant color in this image,0.4015,0.3919,0.0,0.0,43.0,9.049,1,image+text
synth_no_pass2_00969,no_pass2,Is there a purple shape in this image?,yes,yes | yes | yes,True,1.0,1.0,1.0,False,1,yes,yes,yes,0.2716,0.2616,0.0,0.0,41.5,9.049,1,image+text
synth_no_pass2_00970,no_pass2,What color is the circle?,a red circle,brown | brown | maroon,False,0.0,1.0,1.0,True,1,a red circle,a red circle,red,0.3153,0.3054,0.0,0.0,39.0,9.049,1,image+text
synth_no_pass2_00971,no_pass2,Is the background color light or dark?,dark,dark | dark | dark,True,1.0,1.0,1.0,False,1,dark,dark,dark,0.2239,0.2139,0.0,0.0,38.5,9.049,1,image+text
synth_no_pass2_00972,no_pass2,What color is the large rectangle?,the large rectangle is green,olive | olive | dark yellow,False,0.0,1.0,1.0,True,1,the large rectangle is green,the large rectangle is green,green,0.3661,0.3566,0.0,0.0,41.0,9.049,1,image+text
synth_no_pass2_00973,no_pass2,What color is the circle in this image?,yellow,yellow | yellow | yellow,True,1.0,1.0,1.0,False,1,yellow,yellow,yellow,0.3126,0.3027,0.0,0.0,41.0,9.049,1,image+text
synth_no_pass2_00974,no_pass2,What is the dominant color in this image?,the dominant color in this image is yellow,yellow | yellow | yellow,True,1.0,1.0,1.0,False,1,the dominant color in this image is yellow,the dominant color in this image is yellow,yellow,0.4947,0.4856,0.0,0.0,38.0,9.049,1,image+text
synth_no_pass2_00975,no_pass2,What color is the circle in this image?,red,red | red | red,True,1.0,1.0,1.0,False,1,red,red,red,0.2737,0.2638,0.0,0.0,38.0,9.049,1,image+text
synth_no_pass2_00976,no_pass2,Is there a red shape in this image?,yes,yes | yes | yes,True,1.0,1.0,1.0,False,1,yes,yes,yes,0.3172,0.3068,0.0,0.0,41.5,9.049,1,image+text
synth_no_pass2_00977,no_pass2,What is the dominant color in this image?,the dominant color in this image is yellow,yellow | yellow | yellow,True,1.0,1.0,1.0,False,1,the dominant color in this image is yellow,the dominant color in this image is yellow,yellow,0.5021,0.4926,0.0,0.0,41.5,9.049,1,image+text
synth_no_pass2_00978,no_pass2,Is there a red shape in this image?,yes,no | no | no,False,0.0,1.0,1.0,True,1,yes,yes,yes,0.2748,0.2651,0.0,0.0,41.0,9.049,1,image+text
synth_no_pass2_00979,no_pass2,What color is the circle in this image?,yellow,yellow | yellow | yellow,True,1.0,1.0,1.0,False,1,yellow,yellow,yellow,0.3174,0.3078,0.0,0.0,42.5,9.049,1,image+text
synth_no_pass2_00980,no_pass2,What color is the circle?,the circle is green,olive | olive | brown,False,0.0,1.0,1.0,True,1,the circle is green,the circle is green,green,0.3372,0.3273,0.0,0.0,25.0,9.049,1,image+text
synth_no_pass2_00981,no_pass2,Is the circle on the left or right side?,is the circle on the left side,right | right | right,False,0.0,1.0,1.0,True,1,is the circle on the left side,is the circle on the left side,left,0.4537,0.4433,0.0,0.0,38.5,9.049,1,image+text
synth_no_pass2_00982,no_pass2,Is the background color light or dark?,dark background,dark | dark | dark,True,1.0,1.0,1.0,False,1,dark background,dark background,dark,0.2675,0.2575,0.0,0.0,45.5,9.049,1,image+text
synth_no_pass2_00983,no_pass2,What color is the large rectangle?,red,red | red | red,True,1.0,1.0,1.0,False,1,red,red,red,0.3134,0.3043,0.0,0.0,43.5,9.049,1,image+text
synth_no_pass2_00984,no_pass2,What color is the large rectangle?,a yellow square,yellow | yellow | yellow,True,1.0,1.0,1.0,False,1,a yellow square,a yellow square,yellow,0.3152,0.3059,0.0,0.0,43.5,9.049,1,image+text
synth_no_pass2_00985,no_pass2,What color is the background?,white,white | white | white,True,1.0,1.0,1.0,False,1,white,white,white,0.3154,0.3058,0.0,0.0,41.5,9.049,1,image+text
synth_no_pass2_00986,no_pass2,What color is the small circle?,green,olive | olive | green,True,0.3333,1.0,1.0,False,1,green,green,green,0.3141,0.3047,0.0,0.0,41.5,9.049,1,image+text
synth_no_pass2_00987,no_pass2,What color is the circle in this image?,yellow,yellow | yellow | yellow,True,1.0,1.0,1.0,False,1,yellow,yellow,yellow,0.3101,0.3006,0.0,0.0,46.5,9.049,1,image+text
synth_no_pass2_00988,no_pass2,Is the background color light or dark?,dark blue,dark | dark | dark,False,0.0,1.0,1.0,True,1,dark blue,dark blue,blue,0.2202,0.2106,0.0,0.0,46.0,9.049,1,image+text
synth_no_pass2_00989,no_pass2,What color is the large rectangle?,blue,blue | blue | blue,True,1.0,1.0,1.0,False,1,blue,blue,blue,0.2645,0.2552,0.0,0.0,44.0,9.049,1,image+text
synth_no_pass2_00990,no_pass2,What is the dominant color in this image?,the dominant color in this image,orange | orange | orange,False,0.0,1.0,1.0,True,1,the dominant color in this image,the dominant color in this image,dominant color in this image,0.4013,0.391,0.0,0.0,40.0,9.049,1,image+text
synth_no_pass2_00991,no_pass2,What color is the circle?,red,maroon | dark red | red,True,0.6667,1.0,1.0,False,1,red,red,red,0.31,0.3008,0.0,0.0,44.5,9.049,1,image+text
synth_no_pass2_00992,no_pass2,What is the dominant color in this image?,burgundy,maroon | maroon | dark red,False,0.0,1.0,1.0,True,1,burgundy,burgundy,burgundy,0.4014,0.392,0.0,0.0,44.5,9.049,1,image+text
synth_no_pass2_00993,no_pass2,What color is the small circle?,green,lime | lime | yellow-green,False,0.0,1.0,1.0,True,1,green,green,green,0.315,0.3052,0.0,0.0,41.5,9.049,1,image+text
synth_no_pass2_00994,no_pass2,What color is the background?,blue,blue | blue | blue,True,1.0,1.0,1.0,False,1,blue,blue,blue,0.332,0.3223,0.0,0.0,43.0,9.049,1,image+text
synth_no_pass2_00995,no_pass2,Is there a blue shape in this image?,yes,yes | yes | yes,True,1.0,1.0,1.0,False,1,yes,yes,yes,0.2708,0.2611,0.0,0.0,38.5,9.049,1,image+text
synth_no_pass2_00996,no_pass2,What color is the circle?,a red circle,brown | brown | maroon,False,0.0,1.0,1.0,True,1,a red circle,a red circle,red,0.316,0.3056,0.0,0.0,39.0,9.049,1,image+text
synth_no_pass2_00997,no_pass2,Is the circle on the left or right side?,is the circle on the left side,left | left | left,True,1.0,1.0,1.0,False,1,is the circle on the left side,is the circle on the left side,left,0.4535,0.4438,0.0,0.0,44.5,9.049,1,image+text
synth_no_pass2_00998,no_pass2,Is the circle on the left or right side?,a circle on the left side,right | right | right,False,0.0,1.0,1.0,True,1,a circle on the left side,a circle on the left side,left,0.501,0.4908,0.0,0.0,41.0,9.049,1,image+text
synth_no_pass2_00999,no_pass2,Is there a red shape in this image?,yes,no | no | no,False,0.0,1.0,1.0,True,1,yes,yes,yes,0.2701,0.2601,0.0,0.0,38.5,9.049,1,image+text
