sample_id,condition,question,answer,ground_truth,is_correct,vqa_accuracy_score,confidence,consistency,hallucination_flag,selected_pass,pass1_answer,pass2_answer,pass3_answer,latency_total_s,latency_pass1_s,latency_pass2_s,latency_pass3_s,gpu_util_avg_pct,peak_gpu_mem_gb,num_model_calls,modality
synth_cot_baseline_00000,cot_baseline,Is the circle on the left or right side?,The circle is on the left side,left | left | left,True,1.0,0.75,1.0,False,1,The circle is on the left side,,,0.6181,0.6157,0.0,0.0,19.0,9.049,1,image+text
synth_cot_baseline_00001,cot_baseline,Is the circle on the left or right side?,The circle is on the left side,left | left | left,True,1.0,0.75,1.0,False,1,The circle is on the left side,,,0.5413,0.5402,0.0,0.0,38.0,9.049,1,image+text
synth_cot_baseline_00002,cot_baseline,Is the circle on the left or right side?,Is the circle on the left or right side,right | right | right,False,0.0,0.75,1.0,True,1,Is the circle on the left or right side,,,0.5913,0.59,0.0,0.0,37.5,9.049,1,image+text
synth_cot_baseline_00003,cot_baseline,What color is the large rectangle?,The large rectangle is blue.,blue | blue | blue,True,1.0,0.75,1.0,False,1,The large rectangle is blue.,,,0.4862,0.4849,0.0,0.0,37.5,9.049,1,image+text
synth_cot_baseline_00004,cot_baseline,What is the dominant color in this image?,red is the dominant color in this image,red | red | red,True,1.0,0.75,1.0,False,1,red is the dominant color in this image,,,0.488,0.4869,0.0,0.0,38.0,9.049,1,image+text
synth_cot_baseline_00005,cot_baseline,What is the dominant color in this image?,blue is the dominant color in this image,blue | blue | blue,True,1.0,0.75,1.0,False,1,blue is the dominant color in this image,,,0.4869,0.4857,0.0,0.0,38.5,9.049,1,image+text
synth_cot_baseline_00006,cot_baseline,What is the dominant color in this image?,The dominant color in this image is purple,purple | purple | purple,True,1.0,0.75,1.0,False,1,The dominant color in this image is purple,,,0.4937,0.4925,0.0,0.0,38.0,9.049,1,image+text
synth_cot_baseline_00007,cot_baseline,Is there a blue shape in this image?,Yes there is a blue shape in this image,yes | yes | yes,False,0.0,0.75,1.0,True,1,Yes there is a blue shape in this image,,,0.586,0.5848,0.0,0.0,37.5,9.049,1,image+text
synth_cot_baseline_00008,cot_baseline,Is the circle on the left or right side?,The circle is on the left side,left | left | left,True,1.0,0.75,1.0,False,1,The circle is on the left side,,,0.5414,0.54,0.0,0.0,38.0,9.049,1,image+text
synth_cot_baseline_00009,cot_baseline,What color is the circle?,a red circle with a black background,maroon | dark red | red,True,0.6667,0.75,1.0,False,1,a red circle with a black background,,,0.548,0.5469,0.0,0.0,37.0,9.049,1,image+text
synth_cot_baseline_00010,cot_baseline,What color is the large rectangle?,The large rectangle is blue.,blue | blue | blue,True,1.0,0.75,1.0,False,1,The large rectangle is blue.,,,0.4871,0.486,0.0,0.0,38.5,9.049,1,image+text
synth_cot_baseline_00011,cot_baseline,What color is the background?,a white background,white | white | white,True,1.0,0.8,1.0,False,1,a white background,,,0.3035,0.3024,0.0,0.0,44.0,9.049,1,image+text
synth_cot_baseline_00012,cot_baseline,What is the dominant color in this image?,The dominant color in this image is blue.,cyan | cyan | blue,True,0.3333,0.75,1.0,False,1,The dominant color in this image is blue.,,,0.5316,0.5304,0.0,0.0,43.5,9.049,1,image+text
synth_cot_baseline_00013,cot_baseline,What color is the large rectangle?,The large rectangle is green.,green | green | green,True,1.0,0.75,1.0,False,1,The large rectangle is green.,,,0.4936,0.4925,0.0,0.0,38.5,9.049,1,image+text
synth_cot_baseline_00014,cot_baseline,Is the circle on the left or right side?,The circle is on the left side,left | left | center,True,0.6667,0.75,1.0,False,1,The circle is on the left side,,,0.5021,0.5011,0.0,0.0,39.5,9.049,1,image+text
synth_cot_baseline_00015,cot_baseline,Is there a green shape in this image?,Yes there is a green shape in this image,yes | yes | yes,False,0.0,0.75,1.0,True,1,Yes there is a green shape in this image,,,0.6066,0.6055,0.0,0.0,38.0,9.049,1,image+text
synth_cot_baseline_00016,cot_baseline,What is the dominant color in this image?,The dominant color in this image is red.,maroon | maroon | dark red,True,0.3333,0.75,1.0,False,1,The dominant color in this image is red.,,,0.5418,0.5407,0.0,0.0,35.5,9.049,1,image+text
synth_cot_baseline_00017,cot_baseline,What color is the large rectangle?,The large rectangle is white.,white | white | white,True,1.0,0.75,1.0,False,1,The large rectangle is white.,,,0.6942,0.693,0.0,0.0,36.0,9.049,1,image+text
synth_cot_baseline_00018,cot_baseline,What color is the circle in this image?,The circle is red in this image,red | red | red,True,1.0,0.75,1.0,False,1,The circle is red in this image,,,0.4452,0.4441,0.0,0.0,36.5,9.049,1,image+text
synth_cot_baseline_00019,cot_baseline,What color is the large rectangle?,The large rectangle is red.,maroon | maroon | dark red,True,0.3333,0.75,1.0,False,1,The large rectangle is red.,,,0.4498,0.4487,0.0,0.0,39.5,9.049,1,image+text
synth_cot_baseline_00020,cot_baseline,What is the dominant color in this image?,blue is the dominant color in this image,blue | blue | blue,True,1.0,0.75,1.0,False,1,blue is the dominant color in this image,,,0.4973,0.4962,0.0,0.0,39.5,9.049,1,image+text
synth_cot_baseline_00021,cot_baseline,What is the dominant color in this image?,The dominant color in this image is purple,purple | purple | purple,True,1.0,0.75,1.0,False,1,The dominant color in this image is purple,,,0.4942,0.4931,0.0,0.0,38.0,9.049,1,image+text
synth_cot_baseline_00022,cot_baseline,Is there a red shape in this image?,"No, there is no red shape in this image",no | no | no,False,0.0,0.75,1.0,True,1,"No, there is no red shape in this image",,,0.5867,0.5856,0.0,0.0,38.0,9.049,1,image+text
synth_cot_baseline_00023,cot_baseline,Is the circle on the left or right side?,The circle is on the left side,left | left | center,True,0.6667,0.75,1.0,False,1,The circle is on the left side,,,0.5229,0.5218,0.0,0.0,40.5,9.049,1,image+text
synth_cot_baseline_00024,cot_baseline,What color is the circle in this image?,The circle is red in this image,red | red | red,True,1.0,0.75,1.0,False,1,The circle is red in this image,,,0.4451,0.4439,0.0,0.0,40.5,9.049,1,image+text
synth_cot_baseline_00025,cot_baseline,Is the circle on the left or right side?,The circle is on the left side,left | left | left,True,1.0,0.75,1.0,False,1,The circle is on the left side,,,0.5372,0.5361,0.0,0.0,38.0,9.049,1,image+text
synth_cot_baseline_00026,cot_baseline,Is the circle on the left or right side?,The circle is on the left side,left | left | left,True,1.0,0.75,1.0,False,1,The circle is on the left side,,,0.5364,0.5353,0.0,0.0,38.5,9.049,1,image+text
synth_cot_baseline_00027,cot_baseline,What color is the large rectangle?,The large rectangle is purple.,purple | purple | purple,True,1.0,0.75,1.0,False,1,The large rectangle is purple.,,,0.4465,0.4454,0.0,0.0,42.5,9.049,1,image+text
synth_cot_baseline_00028,cot_baseline,What is the dominant color in this image?,The dominant color in this image is red.,maroon | maroon | dark red,True,0.3333,0.75,1.0,False,1,The dominant color in this image is red.,,,0.5314,0.5303,0.0,0.0,42.0,9.049,1,image+text
synth_cot_baseline_00029,cot_baseline,What is the dominant color in this image?,red is the dominant color in this image,red | red | red,True,1.0,0.75,1.0,False,1,red is the dominant color in this image,,,0.4984,0.4973,0.0,0.0,38.0,9.049,1,image+text
synth_cot_baseline_00030,cot_baseline,What is the dominant color in this image?,The dominant color in this image is green,green | green | green,True,1.0,0.75,1.0,False,1,The dominant color in this image is green,,,0.4863,0.4851,0.0,0.0,38.0,9.049,1,image+text
synth_cot_baseline_00031,cot_baseline,What color is the large rectangle?,The large rectangle is white.,white | white | white,True,1.0,0.75,1.0,False,1,The large rectangle is white.,,,0.6812,0.68,0.0,0.0,37.5,9.049,1,image+text
synth_cot_baseline_00032,cot_baseline,Is there a red shape in this image?,"Yes, there is a red shape in this image",yes | yes | yes,False,0.0,0.75,1.0,True,1,"Yes, there is a red shape in this image",,,0.6323,0.6311,0.0,0.0,37.5,9.049,1,image+text
synth_cot_baseline_00033,cot_baseline,Is there a green shape in this image?,Yes there is a green shape in this image,yes | yes | yes,False,0.0,0.75,1.0,True,1,Yes there is a green shape in this image,,,0.5786,0.5773,0.0,0.0,38.0,9.049,1,image+text
synth_cot_baseline_00034,cot_baseline,What is the dominant color in this image?,The dominant color is orange.,orange | orange | orange,True,1.0,0.75,1.0,False,1,The dominant color is orange.,,,0.394,0.393,0.0,0.0,42.5,9.049,1,image+text
synth_cot_baseline_00035,cot_baseline,Is the background color light or dark?,The background color is light blue.,light | light | medium,False,0.0,0.75,1.0,True,1,The background color is light blue.,,,0.4393,0.4382,0.0,0.0,47.0,9.049,1,image+text
synth_cot_baseline_00036,cot_baseline,What color is the background?,a white background,white | white | white,True,1.0,0.8,1.0,False,1,a white background,,,0.3041,0.3031,0.0,0.0,42.5,9.049,1,image+text
synth_cot_baseline_00037,cot_baseline,What is the dominant color in this image?,The dominant color in this image is blue.,teal | teal | cyan | blue-green,False,0.0,0.75,1.0,True,1,The dominant color in this image is blue.,,,0.5412,0.54,0.0,0.0,42.0,9.049,1,image+text
synth_cot_baseline_00038,cot_baseline,What color is the circle?,The color of the circle is blue.,cyan | cyan | teal | teal,False,0.0,0.75,1.0,True,1,The color of the circle is blue.,,,0.4966,0.4955,0.0,0.0,37.0,9.049,1,image+text
synth_cot_baseline_00039,cot_baseline,What color is the large rectangle?,The large rectangle is purple.,purple | purple | purple,True,1.0,0.75,1.0,False,1,The large rectangle is purple.,,,0.4462,0.4451,0.0,0.0,37.5,9.049,1,image+text
synth_cot_baseline_00040,cot_baseline,What color is the large rectangle?,The large rectangle is white.,white | white | white,True,1.0,0.75,1.0,False,1,The large rectangle is white.,,,0.6811,0.6799,0.0,0.0,38.0,9.049,1,image+text
synth_cot_baseline_00041,cot_baseline,What is the dominant color in this image?,The dominant color in this image is red.,maroon | maroon | dark red,True,0.3333,0.75,1.0,False,1,The dominant color in this image is red.,,,0.538,0.5369,0.0,0.0,38.0,9.049,1,image+text
synth_cot_baseline_00042,cot_baseline,Is the circle on the left or right side?,Is the circle on the left or right side,right | right | right,False,0.0,0.75,1.0,True,1,Is the circle on the left or right side,,,0.6108,0.6096,0.0,0.0,36.5,9.049,1,image+text
synth_cot_baseline_00043,cot_baseline,What color is the large rectangle?,The large rectangle is the color of yellow,yellow | yellow | yellow,True,1.0,0.75,1.0,False,1,The large rectangle is the color of yellow,,,0.6419,0.6406,0.0,0.0,36.0,9.049,1,image+text
synth_cot_baseline_00044,cot_baseline,What color is the circle?,a circle is the shape of a circle,pink | pink | pink,False,0.0,0.75,1.0,True,1,a circle is the shape of a circle,,,0.7948,0.7938,0.0,0.0,37.5,9.049,1,image+text
synth_cot_baseline_00045,cot_baseline,What color is the circle?,The color of the circle is green.,olive | olive | brown,False,0.0,0.75,1.0,True,1,The color of the circle is green.,,,0.5004,0.4993,0.0,0.0,37.5,9.049,1,image+text
synth_cot_baseline_00046,cot_baseline,What color is the large rectangle?,The large rectangle is white.,white | white | white,True,1.0,0.75,1.0,False,1,The large rectangle is white.,,,0.6927,0.6914,0.0,0.0,37.0,9.049,1,image+text
synth_cot_baseline_00047,cot_baseline,What color is the large rectangle?,The large rectangle is red.,maroon | maroon | dark red,True,0.3333,0.75,1.0,False,1,The large rectangle is red.,,,0.4655,0.4644,0.0,0.0,40.0,9.049,1,image+text
synth_cot_baseline_00048,cot_baseline,What color is the large rectangle?,The large rectangle is red.,red | red | red,True,1.0,0.75,1.0,False,1,The large rectangle is red.,,,0.4829,0.4818,0.0,0.0,45.5,9.049,1,image+text
synth_cot_baseline_00049,cot_baseline,What color is the circle?,The color of the circle is green.,olive | olive | brown,False,0.0,0.75,1.0,True,1,The color of the circle is green.,,,0.4909,0.4898,0.0,0.0,39.0,9.049,1,image+text
synth_cot_baseline_00050,cot_baseline,What color is the large rectangle?,The large rectangle is the color of the large rectangle,teal | teal | green,False,0.0,0.75,1.0,True,1,The large rectangle is the color of the large rectangle,,,0.5798,0.5786,0.0,0.0,38.5,9.049,1,image+text
synth_cot_baseline_00051,cot_baseline,What color is the background?,The background is grey.,gray | gray | grey,True,0.3333,0.75,1.0,False,1,The background is grey.,,,0.3719,0.3708,0.0,0.0,39.0,9.049,1,image+text
synth_cot_baseline_00052,cot_baseline,What color is the large rectangle?,The large rectangle is the color orange,orange | orange | orange,True,1.0,0.75,1.0,False,1,The large rectangle is the color orange,,,0.4968,0.4955,0.0,0.0,41.5,9.049,1,image+text
synth_cot_baseline_00053,cot_baseline,What is the dominant color in this image?,The dominant color is orange.,orange | orange | orange,True,1.0,0.75,1.0,False,1,The dominant color is orange.,,,0.4089,0.4077,0.0,0.0,44.5,9.049,1,image+text
synth_cot_baseline_00054,cot_baseline,What color is the large rectangle?,The large rectangle is the color of the large rectangle.,pink | pink | pink,False,0.0,0.75,1.0,True,1,The large rectangle is the color of the large rectangle.,,,0.7142,0.7129,0.0,0.0,42.0,9.049,1,image+text
synth_cot_baseline_00055,cot_baseline,Is the circle on the left or right side?,Is the circle on the left or right side,right | right | right,False,0.0,0.75,1.0,True,1,Is the circle on the left or right side,,,0.6269,0.6257,0.0,0.0,36.0,9.049,1,image+text
synth_cot_baseline_00056,cot_baseline,What color is the circle in this image?,a blue circle,blue | blue | blue,True,1.0,0.8,1.0,False,1,a blue circle,,,0.3996,0.3985,0.0,0.0,40.5,9.049,1,image+text
synth_cot_baseline_00057,cot_baseline,What color is the circle?,a red circle with a white background,brown | brown | maroon,False,0.0,0.75,1.0,True,1,a red circle with a white background,,,0.5793,0.5781,0.0,0.0,42.5,9.049,1,image+text
synth_cot_baseline_00058,cot_baseline,What color is the large rectangle?,The large rectangle is purple.,purple | purple | purple,True,1.0,0.75,1.0,False,1,The large rectangle is purple.,,,0.441,0.4399,0.0,0.0,41.0,9.049,1,image+text
synth_cot_baseline_00059,cot_baseline,What color is the large rectangle?,The large rectangle is red.,red | red | red,True,1.0,0.75,1.0,False,1,The large rectangle is red.,,,0.4896,0.4884,0.0,0.0,41.0,9.049,1,image+text
synth_cot_baseline_00060,cot_baseline,What color is the circle in this image?,a blue circle,blue | blue | blue,True,1.0,0.8,1.0,False,1,a blue circle,,,0.3933,0.3922,0.0,0.0,39.0,9.049,1,image+text
synth_cot_baseline_00061,cot_baseline,What color is the large rectangle?,The large rectangle is green.,olive | olive | dark yellow,False,0.0,0.75,1.0,True,1,The large rectangle is green.,,,0.5413,0.5401,0.0,0.0,39.0,9.049,1,image+text
synth_cot_baseline_00062,cot_baseline,Is there a green shape in this image?,"No, there is no green shape in this image",no | no | no,False,0.0,0.75,1.0,True,1,"No, there is no green shape in this image",,,0.5846,0.5834,0.0,0.0,38.0,9.049,1,image+text
synth_cot_baseline_00063,cot_baseline,Is the circle on the left or right side?,The circle is on the left side,left | left | left,True,1.0,0.75,1.0,False,1,The circle is on the left side,,,0.539,0.5379,0.0,0.0,38.0,9.049,1,image+text
synth_cot_baseline_00064,cot_baseline,What color is the circle in this image?,The circle is red in this image,red | red | red,True,1.0,0.75,1.0,False,1,The circle is red in this image,,,0.4463,0.4452,0.0,0.0,41.5,9.049,1,image+text
synth_cot_baseline_00065,cot_baseline,What color is the background?,a white background,white | white | white,True,1.0,0.8,1.0,False,1,a white background,,,0.3107,0.3096,0.0,0.0,45.5,9.049,1,image+text
synth_cot_baseline_00066,cot_baseline,What color is the large rectangle?,The large rectangle is white.,white | white | white,True,1.0,0.75,1.0,False,1,The large rectangle is white.,,,0.6761,0.6749,0.0,0.0,42.0,9.049,1,image+text
synth_cot_baseline_00067,cot_baseline,What is the dominant color in this image?,The dominant color in this image is green,green | green | green,True,1.0,0.75,1.0,False,1,The dominant color in this image is green,,,0.4903,0.4892,0.0,0.0,43.0,9.049,1,image+text
synth_cot_baseline_00068,cot_baseline,Is the circle on the left or right side?,The circle is on the left side,left | left | left,True,1.0,0.75,1.0,False,1,The circle is on the left side,,,0.533,0.5319,0.0,0.0,43.5,9.049,1,image+text
synth_cot_baseline_00069,cot_baseline,Is there a blue shape in this image?,"Yes, there is a blue shape in this image",no | no | no,False,0.0,0.75,1.0,True,1,"Yes, there is a blue shape in this image",,,0.6239,0.6227,0.0,0.0,38.5,9.049,1,image+text
synth_cot_baseline_00070,cot_baseline,What color is the large rectangle?,The large rectangle is green.,lime | lime | green,True,0.3333,0.75,1.0,False,1,The large rectangle is green.,,,0.6764,0.6752,0.0,0.0,38.0,9.049,1,image+text
synth_cot_baseline_00071,cot_baseline,What color is the circle?,a red circle with a white background,brown | brown | maroon,False,0.0,0.75,1.0,True,1,a red circle with a white background,,,0.5818,0.5806,0.0,0.0,38.0,9.049,1,image+text
synth_cot_baseline_00072,cot_baseline,Is there a red shape in this image?,"No, there is no red shape in this image",no | no | no,False,0.0,0.75,1.0,True,1,"No, there is no red shape in this image",,,0.5812,0.5801,0.0,0.0,38.0,9.049,1,image+text
synth_cot_baseline_00073,cot_baseline,Is the background color light or dark?,Is the background light or dark?,light | light | light,True,1.0,0.75,1.0,False,1,Is the background light or dark?,,,0.4873,0.4862,0.0,0.0,38.0,9.049,1,image+text
synth_cot_baseline_00074,cot_baseline,What color is the background?,The background is blue.,blue | blue | blue,True,1.0,0.75,1.0,False,1,The background is blue.,,,0.3513,0.3502,0.0,0.0,41.0,9.049,1,image+text
synth_cot_baseline_00075,cot_baseline,Is the background color light or dark?,Is the background color light or dark,dark | dark | medium,False,0.0,0.75,1.0,True,1,Is the background color light or dark,,,0.4921,0.4909,0.0,0.0,42.5,9.049,1,image+text
synth_cot_baseline_00076,cot_baseline,What is the dominant color in this image?,blue is the dominant color in this image,blue | blue | blue,True,1.0,0.75,1.0,False,1,blue is the dominant color in this image,,,0.5062,0.505,0.0,0.0,38.0,9.049,1,image+text
synth_cot_baseline_00077,cot_baseline,What color is the circle in this image?,The circle is red in this image,red | red | red,True,1.0,0.75,1.0,False,1,The circle is red in this image,,,0.4503,0.4492,0.0,0.0,38.0,9.049,1,image+text
synth_cot_baseline_00078,cot_baseline,What is the dominant color in this image?,red is the dominant color in this image,red | red | red,True,1.0,0.75,1.0,False,1,red is the dominant color in this image,,,0.496,0.4948,0.0,0.0,39.5,9.049,1,image+text
synth_cot_baseline_00079,cot_baseline,What is the dominant color in this image?,The dominant color in this image is green,green | green | green,True,1.0,0.75,1.0,False,1,The dominant color in this image is green,,,0.4865,0.4854,0.0,0.0,38.0,9.049,1,image+text
synth_cot_baseline_00080,cot_baseline,What color is the large rectangle?,The large rectangle is red.,red | red | red,True,1.0,0.75,1.0,False,1,The large rectangle is red.,,,0.4849,0.4837,0.0,0.0,38.0,9.049,1,image+text
synth_cot_baseline_00081,cot_baseline,What color is the background?,a white background,white | white | white,True,1.0,0.8,1.0,False,1,a white background,,,0.3098,0.3088,0.0,0.0,42.0,9.049,1,image+text
synth_cot_baseline_00082,cot_baseline,Is there a red shape in this image?,"Yes, there is a red shape in this image",yes | yes | yes,False,0.0,0.75,1.0,True,1,"Yes, there is a red shape in this image",,,0.6342,0.633,0.0,0.0,42.0,9.049,1,image+text
synth_cot_baseline_00083,cot_baseline,What is the dominant color in this image?,The dominant color in this image is blue.,cyan | cyan | blue,True,0.3333,0.75,1.0,False,1,The dominant color in this image is blue.,,,0.5397,0.5385,0.0,0.0,37.5,9.049,1,image+text
synth_cot_baseline_00084,cot_baseline,Is the circle on the left or right side?,Is the circle on the left or right side,right | right | right,False,0.0,0.75,1.0,True,1,Is the circle on the left or right side,,,0.5971,0.5959,0.0,0.0,36.5,9.049,1,image+text
synth_cot_baseline_00085,cot_baseline,What color is the large rectangle?,The large rectangle is the color of the large rectangle.,pink | pink | pink,False,0.0,0.75,1.0,True,1,The large rectangle is the color of the large rectangle.,,,0.7141,0.7128,0.0,0.0,37.0,9.049,1,image+text
synth_cot_baseline_00086,cot_baseline,What color is the background?,a white background,white | white | white,True,1.0,0.8,1.0,False,1,a white background,,,0.3231,0.3221,0.0,0.0,40.5,9.049,1,image+text
synth_cot_baseline_00087,cot_baseline,What is the dominant color in this image?,The dominant color is orange.,orange | orange | orange,True,1.0,0.75,1.0,False,1,The dominant color is orange.,,,0.395,0.3938,0.0,0.0,43.5,9.049,1,image+text
synth_cot_baseline_00088,cot_baseline,What is the dominant color in this image?,The dominant color is orange.,orange | orange | orange,True,1.0,0.75,1.0,False,1,The dominant color is orange.,,,0.3932,0.3921,0.0,0.0,44.5,9.049,1,image+text
synth_cot_baseline_00089,cot_baseline,What is the dominant color in this image?,The dominant color in this image is blue.,cyan | cyan | blue,True,0.3333,0.75,1.0,False,1,The dominant color in this image is blue.,,,0.5308,0.5296,0.0,0.0,41.5,9.049,1,image+text
synth_cot_baseline_00090,cot_baseline,What is the dominant color in this image?,The dominant color in this image is green,green | green | green,True,1.0,0.75,1.0,False,1,The dominant color in this image is green,,,0.4846,0.4835,0.0,0.0,38.5,9.049,1,image+text
synth_cot_baseline_00091,cot_baseline,What color is the circle in this image?,The circle in this image is yellow.,yellow | yellow | yellow,True,1.0,0.75,1.0,False,1,The circle in this image is yellow.,,,0.8281,0.8272,0.0,0.0,38.0,9.049,1,image+text
synth_cot_baseline_00092,cot_baseline,What is the dominant color in this image?,The dominant color is orange.,orange | orange | orange,True,1.0,0.75,1.0,False,1,The dominant color is orange.,,,0.4079,0.4068,0.0,0.0,42.0,9.049,1,image+text
synth_cot_baseline_00093,cot_baseline,Is the background color light or dark?,a dark background,dark | dark | dark,True,1.0,0.8,1.0,False,1,a dark background,,,0.3076,0.3065,0.0,0.0,47.0,9.049,1,image+text
synth_cot_baseline_00094,cot_baseline,Is the background color light or dark?,Is the background color light or dark,dark | dark | dark,False,0.0,0.75,1.0,True,1,Is the background color light or dark,,,0.4927,0.4915,0.0,0.0,43.5,9.049,1,image+text
synth_cot_baseline_00095,cot_baseline,What color is the background?,a white background,white | white | white,True,1.0,0.8,1.0,False,1,a white background,,,0.3094,0.3083,0.0,0.0,43.0,9.049,1,image+text
synth_cot_baseline_00096,cot_baseline,Is there a purple shape in this image?,"No, there is no purple shape in this image",no | no | no,False,0.0,0.75,1.0,True,1,"No, there is no purple shape in this image",,,0.6325,0.6313,0.0,0.0,42.0,9.049,1,image+text
synth_cot_baseline_00097,cot_baseline,What color is the circle?,a red circle with a black background,maroon | dark red | red,True,0.6667,0.75,1.0,False,1,a red circle with a black background,,,0.5475,0.5464,0.0,0.0,38.0,9.049,1,image+text
synth_cot_baseline_00098,cot_baseline,What color is the large rectangle?,The large rectangle is the color of yellow,yellow | yellow | yellow,True,1.0,0.75,1.0,False,1,The large rectangle is the color of yellow,,,0.6307,0.6295,0.0,0.0,37.5,9.049,1,image+text
synth_cot_baseline_00099,cot_baseline,What is the dominant color in this image?,blue is the dominant color in this image,navy | navy | blue | dark blue,True,0.6667,0.75,1.0,False,1,blue is the dominant color in this image,,,0.4957,0.4946,0.0,0.0,37.5,9.049,1,image+text
synth_cot_baseline_00100,cot_baseline,Is the background color light or dark?,a dark background,dark | dark | dark,True,1.0,0.8,1.0,False,1,a dark background,,,0.3077,0.3066,0.0,0.0,42.0,9.049,1,image+text
synth_cot_baseline_00101,cot_baseline,What color is the large rectangle?,The large rectangle is blue.,blue | blue | blue,True,1.0,0.75,1.0,False,1,The large rectangle is blue.,,,0.4856,0.4844,0.0,0.0,44.5,9.049,1,image+text
synth_cot_baseline_00102,cot_baseline,What is the dominant color in this image?,red is the dominant color in this image,red | red | red,True,1.0,0.75,1.0,False,1,red is the dominant color in this image,,,0.4853,0.4841,0.0,0.0,40.5,9.049,1,image+text
synth_cot_baseline_00103,cot_baseline,What color is the circle in this image?,The circle in this image is yellow.,yellow | yellow | yellow,True,1.0,0.75,1.0,False,1,The circle in this image is yellow.,,,0.8212,0.82,0.0,0.0,38.0,9.049,1,image+text
synth_cot_baseline_00104,cot_baseline,What is the dominant color in this image?,The dominant color is orange.,orange | orange | orange,True,1.0,0.75,1.0,False,1,The dominant color is orange.,,,0.4008,0.3997,0.0,0.0,39.5,9.049,1,image+text
synth_cot_baseline_00105,cot_baseline,Is there a blue shape in this image?,"Yes, there is a blue shape in this image",no | no | no,False,0.0,0.75,1.0,True,1,"Yes, there is a blue shape in this image",,,0.6322,0.631,0.0,0.0,39.5,9.049,1,image+text
synth_cot_baseline_00106,cot_baseline,What color is the large rectangle?,The large rectangle is the color of the large rectangle,teal | teal | green,False,0.0,0.75,1.0,True,1,The large rectangle is the color of the large rectangle,,,0.5783,0.5772,0.0,0.0,38.0,9.049,1,image+text
synth_cot_baseline_00107,cot_baseline,What is the dominant color in this image?,blue is the dominant color in this image,blue | blue | blue,True,1.0,0.75,1.0,False,1,blue is the dominant color in this image,,,0.4872,0.4861,0.0,0.0,41.0,9.049,1,image+text
synth_cot_baseline_00108,cot_baseline,What color is the circle?,The color of the circle is blue.,cyan | cyan | teal | teal,False,0.0,0.75,1.0,True,1,The color of the circle is blue.,,,0.4957,0.4945,0.0,0.0,41.0,9.049,1,image+text
synth_cot_baseline_00109,cot_baseline,What is the dominant color in this image?,The dominant color in this image is blue.,teal | teal | cyan | blue-green,False,0.0,0.75,1.0,True,1,The dominant color in this image is blue.,,,0.565,0.5638,0.0,0.0,36.0,9.049,1,image+text
synth_cot_baseline_00110,cot_baseline,What color is the large rectangle?,The large rectangle is purple.,purple | purple | purple,True,1.0,0.75,1.0,False,1,The large rectangle is purple.,,,0.4568,0.4556,0.0,0.0,35.5,9.049,1,image+text
synth_cot_baseline_00111,cot_baseline,Is the circle on the left or right side?,Is the circle on the left or right side,right | right | right,False,0.0,0.75,1.0,True,1,Is the circle on the left or right side,,,0.5895,0.5883,0.0,0.0,37.0,9.049,1,image+text
synth_cot_baseline_00112,cot_baseline,Is there a green shape in this image?,"No, there is no green shape in this image",no | no | no,False,0.0,0.75,1.0,True,1,"No, there is no green shape in this image",,,0.5844,0.5832,0.0,0.0,37.5,9.049,1,image+text
synth_cot_baseline_00113,cot_baseline,What color is the background?,The background color is blue.,navy | dark blue | blue,True,0.6667,0.75,1.0,False,1,The background color is blue.,,,0.4098,0.4087,0.0,0.0,39.5,9.049,1,image+text
synth_cot_baseline_00114,cot_baseline,What is the dominant color in this image?,The dominant color in this image is yellow,yellow | yellow | yellow,True,1.0,0.75,1.0,False,1,The dominant color in this image is yellow,,,0.4962,0.4951,0.0,0.0,42.0,9.049,1,image+text
synth_cot_baseline_00115,cot_baseline,What color is the circle in this image?,a blue circle,blue | blue | blue,True,1.0,0.8,1.0,False,1,a blue circle,,,0.3991,0.398,0.0,0.0,45.0,9.049,1,image+text
synth_cot_baseline_00116,cot_baseline,What is the dominant color in this image?,The dominant color in this image is purple,purple | purple | purple,True,1.0,0.75,1.0,False,1,The dominant color in this image is purple,,,0.4919,0.4907,0.0,0.0,42.5,9.049,1,image+text
synth_cot_baseline_00117,cot_baseline,What color is the circle?,The color of the circle is blue.,cyan | cyan | teal | teal,False,0.0,0.75,1.0,True,1,The color of the circle is blue.,,,0.4873,0.4861,0.0,0.0,39.5,9.049,1,image+text
synth_cot_baseline_00118,cot_baseline,Is the background color light or dark?,Is the background light or dark?,light | light | light,True,1.0,0.75,1.0,False,1,Is the background light or dark?,,,0.4921,0.491,0.0,0.0,44.0,9.049,1,image+text
synth_cot_baseline_00119,cot_baseline,What color is the large rectangle?,The large rectangle is the color of yellow,yellow | yellow | yellow,True,1.0,0.75,1.0,False,1,The large rectangle is the color of yellow,,,0.6338,0.6326,0.0,0.0,42.0,9.049,1,image+text
synth_cot_baseline_00120,cot_baseline,What color is the circle?,a circle is the shape of a circle,pink | pink | pink,False,0.0,0.75,1.0,True,1,a circle is the shape of a circle,,,0.7634,0.7621,0.0,0.0,37.5,9.049,1,image+text
synth_cot_baseline_00121,cot_baseline,What color is the circle?,The color of the circle is green.,olive | olive | brown,False,0.0,0.75,1.0,True,1,The color of the circle is green.,,,0.5168,0.5156,0.0,0.0,36.5,9.049,1,image+text
synth_cot_baseline_00122,cot_baseline,What color is the small circle?,The color of the small circle is green,lime | lime | yellow-green,False,0.0,0.75,1.0,True,1,The color of the small circle is green,,,0.49,0.4888,0.0,0.0,36.5,9.049,1,image+text
synth_cot_baseline_00123,cot_baseline,What is the dominant color in this image?,The dominant color in this image is blue.,cyan | cyan | blue,True,0.3333,0.75,1.0,False,1,The dominant color in this image is blue.,,,0.538,0.5368,0.0,0.0,38.0,9.049,1,image+text
synth_cot_baseline_00124,cot_baseline,Is the background color light or dark?,a dark background,dark | dark | dark,True,1.0,0.8,1.0,False,1,a dark background,,,0.3047,0.3036,0.0,0.0,42.5,9.049,1,image+text
synth_cot_baseline_00125,cot_baseline,Is the background color light or dark?,Is the background color light or dark,dark | dark | dark,False,0.0,0.75,1.0,True,1,Is the background color light or dark,,,0.4913,0.4901,0.0,0.0,42.5,9.049,1,image+text
synth_cot_baseline_00126,cot_baseline,Is there a purple shape in this image?,Yes there is a purple shape in this image,yes | yes | yes,False,0.0,0.75,1.0,True,1,Yes there is a purple shape in this image,,,0.6362,0.635,0.0,0.0,37.5,9.049,1,image+text
synth_cot_baseline_00127,cot_baseline,What is the dominant color in this image?,red is the dominant color in this image,red | red | red,True,1.0,0.75,1.0,False,1,red is the dominant color in this image,,,0.4961,0.4949,0.0,0.0,37.0,9.049,1,image+text
synth_cot_baseline_00128,cot_baseline,What color is the background?,The background is blue.,blue | blue | blue,True,1.0,0.75,1.0,False,1,The background is blue.,,,0.3534,0.3523,0.0,0.0,41.0,9.049,1,image+text
synth_cot_baseline_00129,cot_baseline,What color is the background?,a white background,white | white | white,True,1.0,0.8,1.0,False,1,a white background,,,0.3086,0.3076,0.0,0.0,43.5,9.049,1,image+text
synth_cot_baseline_00130,cot_baseline,What color is the large rectangle?,The large rectangle is the color of the large rectangle.,pink | pink | pink,False,0.0,0.75,1.0,True,1,The large rectangle is the color of the large rectangle.,,,0.7239,0.7227,0.0,0.0,40.0,9.049,1,image+text
synth_cot_baseline_00131,cot_baseline,What color is the circle in this image?,The circle in this image is yellow.,yellow | yellow | yellow,True,1.0,0.75,1.0,False,1,The circle in this image is yellow.,,,0.8245,0.8231,0.0,0.0,38.0,9.049,1,image+text
synth_cot_baseline_00132,cot_baseline,What color is the large rectangle?,The large rectangle is blue.,blue | blue | blue,True,1.0,0.75,1.0,False,1,The large rectangle is blue.,,,0.4919,0.4907,0.0,0.0,38.0,9.049,1,image+text
synth_cot_baseline_00133,cot_baseline,Is there a red shape in this image?,"Yes, there is a red shape in this image",yes | yes | yes,False,0.0,0.75,1.0,True,1,"Yes, there is a red shape in this image",,,0.632,0.6308,0.0,0.0,38.0,9.049,1,image+text
synth_cot_baseline_00134,cot_baseline,What is the dominant color in this image?,The dominant color in this image is green,green | green | green,True,1.0,0.75,1.0,False,1,The dominant color in this image is green,,,0.4925,0.4913,0.0,0.0,38.0,9.049,1,image+text
synth_cot_baseline_00135,cot_baseline,What color is the small circle?,The color of the small circle is green.,olive | olive | green,True,0.3333,0.75,1.0,False,1,The color of the small circle is green.,,,0.5369,0.5357,0.0,0.0,38.0,9.049,1,image+text
synth_cot_baseline_00136,cot_baseline,What color is the background?,The background is blue.,blue | blue | blue,True,1.0,0.75,1.0,False,1,The background is blue.,,,0.3668,0.3657,0.0,0.0,41.0,9.049,1,image+text
synth_cot_baseline_00137,cot_baseline,What color is the circle in this image?,The circle is red in this image,red | red | red,True,1.0,0.75,1.0,False,1,The circle is red in this image,,,0.4551,0.4539,0.0,0.0,42.0,9.049,1,image+text
synth_cot_baseline_00138,cot_baseline,Is the background color light or dark?,Is the background color light or dark,dark | dark | dark,False,0.0,0.75,1.0,True,1,Is the background color light or dark,,,0.4925,0.4914,0.0,0.0,42.0,9.049,1,image+text
synth_cot_baseline_00139,cot_baseline,What color is the background?,The background is a light beige color.,cream | white | beige,False,0.0,0.75,1.0,True,1,The background is a light beige color.,,,0.5818,0.5807,0.0,0.0,41.0,9.049,1,image+text
synth_cot_baseline_00140,cot_baseline,What is the dominant color in this image?,The dominant color in this image is green,green | green | green,True,1.0,0.75,1.0,False,1,The dominant color in this image is green,,,0.4884,0.4872,0.0,0.0,38.0,9.049,1,image+text
synth_cot_baseline_00141,cot_baseline,What is the dominant color in this image?,The dominant color in this image is blue.,teal | teal | cyan | blue-green,False,0.0,0.75,1.0,True,1,The dominant color in this image is blue.,,,0.5328,0.5317,0.0,0.0,38.0,9.049,1,image+text
synth_cot_baseline_00142,cot_baseline,Is there a purple shape in this image?,"No, there is no purple shape in this image",no | no | no,False,0.0,0.75,1.0,True,1,"No, there is no purple shape in this image",,,0.6459,0.6447,0.0,0.0,38.0,9.049,1,image+text
synth_cot_baseline_00143,cot_baseline,What color is the circle?,The color of the circle is blue.,cyan | cyan | teal | teal,False,0.0,0.75,1.0,True,1,The color of the circle is blue.,,,0.4949,0.4936,0.0,0.0,39.0,9.049,1,image+text
synth_cot_baseline_00144,cot_baseline,What color is the circle in this image?,The circle is red in this image,red | red | red,True,1.0,0.75,1.0,False,1,The circle is red in this image,,,0.4549,0.4538,0.0,0.0,43.5,9.049,1,image+text
synth_cot_baseline_00145,cot_baseline,Is there a red shape in this image?,"No, there is no red shape in this image",no | no | no,False,0.0,0.75,1.0,True,1,"No, there is no red shape in this image",,,0.5901,0.5889,0.0,0.0,42.0,9.049,1,image+text
synth_cot_baseline_00146,cot_baseline,Is there a red shape in this image?,"No, there is no red shape in this image",no | no | no,False,0.0,0.75,1.0,True,1,"No, there is no red shape in this image",,,0.5902,0.589,0.0,0.0,37.5,9.049,1,image+text
synth_cot_baseline_00147,cot_baseline,What is the dominant color in this image?,The dominant color is orange.,orange | orange | orange,True,1.0,0.75,1.0,False,1,The dominant color is orange.,,,0.3946,0.3935,0.0,0.0,38.0,9.049,1,image+text
synth_cot_baseline_00148,cot_baseline,What color is the background?,The background is blue.,blue | blue | blue,True,1.0,0.75,1.0,False,1,The background is blue.,,,0.3635,0.3624,0.0,0.0,42.5,9.049,1,image+text
synth_cot_baseline_00149,cot_baseline,What color is the background?,The background is a light beige color.,cream | white | beige,False,0.0,0.75,1.0,True,1,The background is a light beige color.,,,0.5896,0.5884,0.0,0.0,42.0,9.049,1,image+text
synth_cot_baseline_00150,cot_baseline,What color is the circle in this image?,The circle is red in this image,red | red | red,True,1.0,0.75,1.0,False,1,The circle is red in this image,,,0.4628,0.4617,0.0,0.0,42.0,9.049,1,image+text
synth_cot_baseline_00151,cot_baseline,What is the dominant color in this image?,blue is the dominant color in this image,blue | blue | blue,True,1.0,0.75,1.0,False,1,blue is the dominant color in this image,,,0.4849,0.4838,0.0,0.0,42.5,9.049,1,image+text
synth_cot_baseline_00152,cot_baseline,Is the background color light or dark?,a dark background,dark | dark | dark,True,1.0,0.8,1.0,False,1,a dark background,,,0.3033,0.3023,0.0,0.0,41.0,9.049,1,image+text
synth_cot_baseline_00153,cot_baseline,What is the dominant color in this image?,The dominant color in this image is green,green | green | green,True,1.0,0.75,1.0,False,1,The dominant color in this image is green,,,0.4897,0.4885,0.0,0.0,41.0,9.049,1,image+text
synth_cot_baseline_00154,cot_baseline,Is there a red shape in this image?,"No, there is no red shape in this image",no | no | no,False,0.0,0.75,1.0,True,1,"No, there is no red shape in this image",,,0.5769,0.5757,0.0,0.0,38.5,9.049,1,image+text
synth_cot_baseline_00155,cot_baseline,Is there a blue shape in this image?,Yes there is a blue shape in this image,yes | yes | yes,False,0.0,0.75,1.0,True,1,Yes there is a blue shape in this image,,,0.5762,0.5751,0.0,0.0,39.0,9.049,1,image+text
synth_cot_baseline_00156,cot_baseline,What color is the small circle?,The color of the small circle is green.,olive | olive | green,True,0.3333,0.75,1.0,False,1,The color of the small circle is green.,,,0.5288,0.5277,0.0,0.0,38.5,9.049,1,image+text
synth_cot_baseline_00157,cot_baseline,What color is the large rectangle?,The large rectangle is blue.,navy | dark blue | navy,True,0.3333,0.75,1.0,False,1,The large rectangle is blue.,,,0.6785,0.6773,0.0,0.0,38.0,9.049,1,image+text
synth_cot_baseline_00158,cot_baseline,Is the circle on the left or right side?,The circle is on the left side,left | left | left,True,1.0,0.75,1.0,False,1,The circle is on the left side,,,0.5514,0.5502,0.0,0.0,37.5,9.049,1,image+text
synth_cot_baseline_00159,cot_baseline,What is the dominant color in this image?,The dominant color in this image is purple,purple | purple | purple,True,1.0,0.75,1.0,False,1,The dominant color in this image is purple,,,0.5021,0.5009,0.0,0.0,37.0,9.049,1,image+text
synth_cot_baseline_00160,cot_baseline,What color is the circle?,The color of the circle is green.,olive | olive | brown,False,0.0,0.75,1.0,True,1,The color of the circle is green.,,,0.5025,0.5013,0.0,0.0,40.5,9.049,1,image+text
synth_cot_baseline_00161,cot_baseline,What color is the circle?,a circle is the shape of a circle,pink | pink | pink,False,0.0,0.75,1.0,True,1,a circle is the shape of a circle,,,0.7817,0.7804,0.0,0.0,40.5,9.049,1,image+text
synth_cot_baseline_00162,cot_baseline,What color is the circle in this image?,a blue circle,blue | blue | blue,True,1.0,0.8,1.0,False,1,a blue circle,,,0.4038,0.4027,0.0,0.0,37.0,9.049,1,image+text
synth_cot_baseline_00163,cot_baseline,What color is the large rectangle?,The large rectangle is the color of the large rectangle,teal | teal | green,False,0.0,0.75,1.0,True,1,The large rectangle is the color of the large rectangle,,,0.5917,0.5906,0.0,0.0,37.0,9.049,1,image+text
synth_cot_baseline_00164,cot_baseline,What color is the background?,The background is blue.,blue | blue | blue,True,1.0,0.75,1.0,False,1,The background is blue.,,,0.3574,0.3563,0.0,0.0,41.5,9.049,1,image+text
synth_cot_baseline_00165,cot_baseline,What color is the large rectangle?,The large rectangle is the color of yellow,yellow | yellow | yellow,True,1.0,0.75,1.0,False,1,The large rectangle is the color of yellow,,,0.6349,0.6337,0.0,0.0,41.5,9.049,1,image+text
synth_cot_baseline_00166,cot_baseline,What color is the small circle?,The color of the small circle is green.,olive | olive | green,True,0.3333,0.75,1.0,False,1,The color of the small circle is green.,,,0.5363,0.5351,0.0,0.0,37.5,9.049,1,image+text
synth_cot_baseline_00167,cot_baseline,What is the dominant color in this image?,The dominant color is orange.,orange | orange | orange,True,1.0,0.75,1.0,False,1,The dominant color is orange.,,,0.4235,0.4224,0.0,0.0,41.0,9.049,1,image+text
synth_cot_baseline_00168,cot_baseline,Is the background color light or dark?,a dark background,dark | dark | dark,True,1.0,0.8,1.0,False,1,a dark background,,,0.309,0.3079,0.0,0.0,46.0,9.049,1,image+text
synth_cot_baseline_00169,cot_baseline,What color is the large rectangle?,The large rectangle is the color of yellow,yellow | yellow | yellow,True,1.0,0.75,1.0,False,1,The large rectangle is the color of yellow,,,0.638,0.6368,0.0,0.0,42.0,9.049,1,image+text
synth_cot_baseline_00170,cot_baseline,What color is the large rectangle?,The large rectangle is red.,red | red | red,True,1.0,0.75,1.0,False,1,The large rectangle is red.,,,0.4949,0.4937,0.0,0.0,39.5,9.049,1,image+text
synth_cot_baseline_00171,cot_baseline,What color is the circle in this image?,The circle in this image is yellow.,yellow | yellow | yellow,True,1.0,0.75,1.0,False,1,The circle in this image is yellow.,,,0.8166,0.8154,0.0,0.0,40.5,9.049,1,image+text
synth_cot_baseline_00172,cot_baseline,What color is the small circle?,The color of the small circle is green,lime | lime | yellow-green,False,0.0,0.75,1.0,True,1,The color of the small circle is green,,,0.4851,0.4839,0.0,0.0,38.5,9.049,1,image+text
synth_cot_baseline_00173,cot_baseline,What is the dominant color in this image?,The dominant color in this image is purple,purple | purple | purple,True,1.0,0.75,1.0,False,1,The dominant color in this image is purple,,,0.5073,0.506,0.0,0.0,38.5,9.049,1,image+text
synth_cot_baseline_00174,cot_baseline,What color is the circle?,a red circle with a white background,brown | brown | maroon,False,0.0,0.75,1.0,True,1,a red circle with a white background,,,0.5836,0.5825,0.0,0.0,38.0,9.049,1,image+text
synth_cot_baseline_00175,cot_baseline,What color is the circle in this image?,The circle in this image is yellow.,yellow | yellow | yellow,True,1.0,0.75,1.0,False,1,The circle in this image is yellow.,,,0.8164,0.8151,0.0,0.0,38.0,9.049,1,image+text
synth_cot_baseline_00176,cot_baseline,What is the dominant color in this image?,blue is the dominant color in this image,blue | blue | blue,True,1.0,0.75,1.0,False,1,blue is the dominant color in this image,,,0.4915,0.4904,0.0,0.0,38.0,9.049,1,image+text
synth_cot_baseline_00177,cot_baseline,What color is the background?,The background is blue.,blue | blue | blue,True,1.0,0.75,1.0,False,1,The background is blue.,,,0.3542,0.3531,0.0,0.0,40.5,9.049,1,image+text
synth_cot_baseline_00178,cot_baseline,What color is the background?,a white background,white | white | white,True,1.0,0.8,1.0,False,1,a white background,,,0.3065,0.3054,0.0,0.0,44.0,9.049,1,image+text
synth_cot_baseline_00179,cot_baseline,What is the dominant color in this image?,blue is the dominant color in this image,blue | blue | blue,True,1.0,0.75,1.0,False,1,blue is the dominant color in this image,,,0.499,0.4979,0.0,0.0,41.0,9.049,1,image+text
synth_cot_baseline_00180,cot_baseline,What is the dominant color in this image?,red is the dominant color in this image,red | red | red,True,1.0,0.75,1.0,False,1,red is the dominant color in this image,,,0.4881,0.487,0.0,0.0,38.5,9.049,1,image+text
synth_cot_baseline_00181,cot_baseline,What color is the large rectangle?,The large rectangle is blue.,navy | dark blue | navy,True,0.3333,0.75,1.0,False,1,The large rectangle is blue.,,,0.6723,0.6711,0.0,0.0,39.0,9.049,1,image+text
synth_cot_baseline_00182,cot_baseline,Is there a red shape in this image?,"No, there is no red shape in this image",no | no | no,False,0.0,0.75,1.0,True,1,"No, there is no red shape in this image",,,0.5827,0.5814,0.0,0.0,38.0,9.049,1,image+text
synth_cot_baseline_00183,cot_baseline,What is the dominant color in this image?,The dominant color in this image is yellow,yellow | yellow | yellow,True,1.0,0.75,1.0,False,1,The dominant color in this image is yellow,,,0.4927,0.4915,0.0,0.0,38.0,9.049,1,image+text
synth_cot_baseline_00184,cot_baseline,Is the background color light or dark?,Is the background color light or dark,dark | dark | dark,False,0.0,0.75,1.0,True,1,Is the background color light or dark,,,0.4908,0.4897,0.0,0.0,40.5,9.049,1,image+text
synth_cot_baseline_00185,cot_baseline,What color is the large rectangle?,The large rectangle is red.,maroon | maroon | dark red,True,0.3333,0.75,1.0,False,1,The large rectangle is red.,,,0.4397,0.4385,0.0,0.0,45.5,9.049,1,image+text
synth_cot_baseline_00186,cot_baseline,What color is the circle in this image?,a blue circle,blue | blue | blue,True,1.0,0.8,1.0,False,1,a blue circle,,,0.3944,0.3933,0.0,0.0,47.5,9.049,1,image+text
synth_cot_baseline_00187,cot_baseline,What color is the large rectangle?,The large rectangle is green.,olive | olive | dark yellow,False,0.0,0.75,1.0,True,1,The large rectangle is green.,,,0.5362,0.5351,0.0,0.0,42.5,9.049,1,image+text
synth_cot_baseline_00188,cot_baseline,What color is the large rectangle?,The large rectangle is the color of the large rectangle.,brown | brown | brown,False,0.0,0.75,1.0,True,1,The large rectangle is the color of the large rectangle.,,,0.628,0.6268,0.0,0.0,38.0,9.049,1,image+text
synth_cot_baseline_00189,cot_baseline,What color is the large rectangle?,The large rectangle is the color of the large rectangle.,brown | brown | brown,False,0.0,0.75,1.0,True,1,The large rectangle is the color of the large rectangle.,,,0.6237,0.6225,0.0,0.0,38.0,9.049,1,image+text
synth_cot_baseline_00190,cot_baseline,Is the background color light or dark?,a dark background,dark | dark | dark,True,1.0,0.8,1.0,False,1,a dark background,,,0.3031,0.3021,0.0,0.0,42.5,9.049,1,image+text
synth_cot_baseline_00191,cot_baseline,Is there a red shape in this image?,"Yes, there is a red shape in this image",yes | yes | yes,False,0.0,0.75,1.0,True,1,"Yes, there is a red shape in this image",,,0.6417,0.6405,0.0,0.0,42.5,9.049,1,image+text
synth_cot_baseline_00192,cot_baseline,What color is the background?,The background color is blue.,navy | dark blue | blue,True,0.6667,0.75,1.0,False,1,The background color is blue.,,,0.4032,0.4021,0.0,0.0,42.0,9.049,1,image+text
synth_cot_baseline_00193,cot_baseline,Is the background color light or dark?,Is the background color light or dark,dark | dark | medium,False,0.0,0.75,1.0,True,1,Is the background color light or dark,,,0.4883,0.487,0.0,0.0,42.0,9.049,1,image+text
synth_cot_baseline_00194,cot_baseline,What color is the background?,The background is blue.,blue | blue | blue,True,1.0,0.75,1.0,False,1,The background is blue.,,,0.3506,0.3495,0.0,0.0,42.0,9.049,1,image+text
synth_cot_baseline_00195,cot_baseline,What color is the circle?,The color of the circle is green.,olive | olive | brown,False,0.0,0.75,1.0,True,1,The color of the circle is green.,,,0.4875,0.4863,0.0,0.0,42.0,9.049,1,image+text
synth_cot_baseline_00196,cot_baseline,What is the dominant color in this image?,The dominant color in this image is yellow,yellow | yellow | yellow,True,1.0,0.75,1.0,False,1,The dominant color in this image is yellow,,,0.5119,0.5107,0.0,0.0,36.0,9.049,1,image+text
synth_cot_baseline_00197,cot_baseline,Is there a purple shape in this image?,"No, there is no purple shape in this image",no | no | no,False,0.0,0.75,1.0,True,1,"No, there is no purple shape in this image",,,0.6291,0.6279,0.0,0.0,36.0,9.049,1,image+text
synth_cot_baseline_00198,cot_baseline,What is the dominant color in this image?,The dominant color in this image is green,green | green | green,True,1.0,0.75,1.0,False,1,The dominant color in this image is green,,,0.4833,0.4822,0.0,0.0,38.5,9.049,1,image+text
synth_cot_baseline_00199,cot_baseline,What color is the circle in this image?,The circle is red in this image,red | red | red,True,1.0,0.75,1.0,False,1,The circle is red in this image,,,0.4437,0.4426,0.0,0.0,41.5,9.049,1,image+text
synth_cot_baseline_00200,cot_baseline,What color is the large rectangle?,The large rectangle is white.,white | white | white,True,1.0,0.75,1.0,False,1,The large rectangle is white.,,,0.6709,0.6697,0.0,0.0,41.0,9.049,1,image+text
synth_cot_baseline_00201,cot_baseline,Is the circle on the left or right side?,The circle is on the left side,left | left | left,True,1.0,0.75,1.0,False,1,The circle is on the left side,,,0.5388,0.5376,0.0,0.0,38.0,9.049,1,image+text
synth_cot_baseline_00202,cot_baseline,Is the background color light or dark?,Is the background color light or dark,dark | dark | dark,False,0.0,0.75,1.0,True,1,Is the background color light or dark,,,0.4937,0.4925,0.0,0.0,38.0,9.049,1,image+text
synth_cot_baseline_00203,cot_baseline,What color is the background?,The background color is blue.,navy | dark blue | blue,True,0.6667,0.75,1.0,False,1,The background color is blue.,,,0.3948,0.3937,0.0,0.0,39.0,9.049,1,image+text
synth_cot_baseline_00204,cot_baseline,What color is the large rectangle?,The large rectangle is green.,lime | lime | green,True,0.3333,0.75,1.0,False,1,The large rectangle is green.,,,0.6709,0.6697,0.0,0.0,39.0,9.049,1,image+text
synth_cot_baseline_00205,cot_baseline,Is there a red shape in this image?,"Yes, there is a red shape in this image",yes | yes | yes,False,0.0,0.75,1.0,True,1,"Yes, there is a red shape in this image",,,0.6332,0.632,0.0,0.0,38.0,9.049,1,image+text
synth_cot_baseline_00206,cot_baseline,Is the circle on the left or right side?,The circle is on the left side,left | left | left,True,1.0,0.75,1.0,False,1,The circle is on the left side,,,0.5411,0.5399,0.0,0.0,38.0,9.049,1,image+text
synth_cot_baseline_00207,cot_baseline,Is there a red shape in this image?,"No, there is no red shape in this image",no | no | no,False,0.0,0.75,1.0,True,1,"No, there is no red shape in this image",,,0.5835,0.5824,0.0,0.0,38.0,9.049,1,image+text
synth_cot_baseline_00208,cot_baseline,What color is the large rectangle?,The large rectangle is the color of yellow,yellow | yellow | yellow,True,1.0,0.75,1.0,False,1,The large rectangle is the color of yellow,,,0.6303,0.6291,0.0,0.0,38.0,9.049,1,image+text
synth_cot_baseline_00209,cot_baseline,What is the dominant color in this image?,red is the dominant color in this image,red | red | red,True,1.0,0.75,1.0,False,1,red is the dominant color in this image,,,0.4911,0.49,0.0,0.0,41.0,9.049,1,image+text
synth_cot_baseline_00210,cot_baseline,What is the dominant color in this image?,The dominant color in this image is blue.,cyan | cyan | blue,True,0.3333,0.75,1.0,False,1,The dominant color in this image is blue.,,,0.5379,0.5367,0.0,0.0,41.0,9.049,1,image+text
synth_cot_baseline_00211,cot_baseline,What color is the large rectangle?,The large rectangle is white.,white | white | white,True,1.0,0.75,1.0,False,1,The large rectangle is white.,,,0.6798,0.6785,0.0,0.0,38.0,9.049,1,image+text
synth_cot_baseline_00212,cot_baseline,What color is the background?,The background is blue.,blue | blue | blue,True,1.0,0.75,1.0,False,1,The background is blue.,,,0.3524,0.3513,0.0,0.0,42.5,9.049,1,image+text
synth_cot_baseline_00213,cot_baseline,What is the dominant color in this image?,The dominant color in this image is yellow,yellow | yellow | yellow,True,1.0,0.75,1.0,False,1,The dominant color in this image is yellow,,,0.5029,0.5017,0.0,0.0,42.5,9.049,1,image+text
synth_cot_baseline_00214,cot_baseline,What color is the background?,a white background,white | white | white,True,1.0,0.8,1.0,False,1,a white background,,,0.302,0.3009,0.0,0.0,40.5,9.049,1,image+text
synth_cot_baseline_00215,cot_baseline,What is the dominant color in this image?,The dominant color in this image is green,green | green | green,True,1.0,0.75,1.0,False,1,The dominant color in this image is green,,,0.4838,0.4827,0.0,0.0,40.5,9.049,1,image+text
synth_cot_baseline_00216,cot_baseline,Is there a blue shape in this image?,"Yes, there is a blue shape in this image",no | no | no,False,0.0,0.75,1.0,True,1,"Yes, there is a blue shape in this image",,,0.6224,0.6212,0.0,0.0,38.5,9.049,1,image+text
synth_cot_baseline_00217,cot_baseline,What is the dominant color in this image?,The dominant color in this image is yellow,yellow | yellow | yellow,True,1.0,0.75,1.0,False,1,The dominant color in this image is yellow,,,0.4857,0.4845,0.0,0.0,41.5,9.049,1,image+text
synth_cot_baseline_00218,cot_baseline,What color is the circle?,a red circle with a white background,brown | brown | maroon,False,0.0,0.75,1.0,True,1,a red circle with a white background,,,0.5929,0.5915,0.0,0.0,39.5,9.049,1,image+text
synth_cot_baseline_00219,cot_baseline,What is the dominant color in this image?,The dominant color in this image is green.,olive | olive | green | dark green,True,0.6667,0.75,1.0,False,1,The dominant color in this image is green.,,,0.5324,0.5312,0.0,0.0,36.5,9.049,1,image+text
synth_cot_baseline_00220,cot_baseline,Is the background color light or dark?,Is the background color light or dark,dark | dark | medium,False,0.0,0.75,1.0,True,1,Is the background color light or dark,,,0.5032,0.5021,0.0,0.0,38.0,9.049,1,image+text
synth_cot_baseline_00221,cot_baseline,What color is the large rectangle?,The large rectangle is red.,red | red | red,True,1.0,0.75,1.0,False,1,The large rectangle is red.,,,0.5016,0.5005,0.0,0.0,37.5,9.049,1,image+text
synth_cot_baseline_00222,cot_baseline,What is the dominant color in this image?,The dominant color is orange.,orange | orange | orange,True,1.0,0.75,1.0,False,1,The dominant color is orange.,,,0.4004,0.3993,0.0,0.0,40.5,9.049,1,image+text
synth_cot_baseline_00223,cot_baseline,What is the dominant color in this image?,The dominant color is orange.,orange | orange | orange,True,1.0,0.75,1.0,False,1,The dominant color is orange.,,,0.3984,0.3973,0.0,0.0,44.0,9.049,1,image+text
synth_cot_baseline_00224,cot_baseline,Is the circle on the left or right side?,The circle is on the left side,left | left | center,True,0.6667,0.75,1.0,False,1,The circle is on the left side,,,0.4937,0.4925,0.0,0.0,41.0,9.049,1,image+text
synth_cot_baseline_00225,cot_baseline,What color is the large rectangle?,The large rectangle is red.,red | red | red,True,1.0,0.75,1.0,False,1,The large rectangle is red.,,,0.4908,0.4897,0.0,0.0,38.0,9.049,1,image+text
synth_cot_baseline_00226,cot_baseline,Is the background color light or dark?,Is the background color light or dark,dark | dark | dark,False,0.0,0.75,1.0,True,1,Is the background color light or dark,,,0.5175,0.5163,0.0,0.0,38.0,9.049,1,image+text
synth_cot_baseline_00227,cot_baseline,Is the circle on the left or right side?,The circle is on the left side,left | left | left,True,1.0,0.75,1.0,False,1,The circle is on the left side,,,0.5446,0.5435,0.0,0.0,38.0,9.049,1,image+text
synth_cot_baseline_00228,cot_baseline,What color is the background?,The background is grey.,gray | gray | grey,True,0.3333,0.75,1.0,False,1,The background is grey.,,,0.3572,0.3561,0.0,0.0,42.5,9.049,1,image+text
synth_cot_baseline_00229,cot_baseline,Is the background color light or dark?,a dark background,dark | dark | dark,True,1.0,0.8,1.0,False,1,a dark background,,,0.3028,0.3017,0.0,0.0,45.5,9.049,1,image+text
synth_cot_baseline_00230,cot_baseline,What color is the background?,The background is blue.,blue | blue | blue,True,1.0,0.75,1.0,False,1,The background is blue.,,,0.3518,0.3508,0.0,0.0,45.5,9.049,1,image+text
synth_cot_baseline_00231,cot_baseline,What color is the circle?,a red circle with a black background,maroon | dark red | red,True,0.6667,0.75,1.0,False,1,a red circle with a black background,,,0.5442,0.543,0.0,0.0,42.5,9.049,1,image+text
synth_cot_baseline_00232,cot_baseline,Is there a green shape in this image?,"No, there is no green shape in this image",no | no | no,False,0.0,0.75,1.0,True,1,"No, there is no green shape in this image",,,0.5856,0.5844,0.0,0.0,38.0,9.049,1,image+text
synth_cot_baseline_00233,cot_baseline,What color is the large rectangle?,The large rectangle is the color of yellow,yellow | yellow | yellow,True,1.0,0.75,1.0,False,1,The large rectangle is the color of yellow,,,0.6306,0.6293,0.0,0.0,38.0,9.049,1,image+text
synth_cot_baseline_00234,cot_baseline,Is there a red shape in this image?,"Yes, there is a red shape in this image",yes | yes | yes,False,0.0,0.75,1.0,True,1,"Yes, there is a red shape in this image",,,0.6311,0.6299,0.0,0.0,38.0,9.049,1,image+text
synth_cot_baseline_00235,cot_baseline,Is there a blue shape in this image?,"Yes, there is a blue shape in this image",no | no | no,False,0.0,0.75,1.0,True,1,"Yes, there is a blue shape in this image",,,0.6278,0.6267,0.0,0.0,38.0,9.049,1,image+text
synth_cot_baseline_00236,cot_baseline,What is the dominant color in this image?,blue is the dominant color in this image,blue | blue | blue,True,1.0,0.75,1.0,False,1,blue is the dominant color in this image,,,0.4993,0.4981,0.0,0.0,38.0,9.049,1,image+text
synth_cot_baseline_00237,cot_baseline,Is the circle on the left or right side?,Is the circle on the left or right side,right | right | right,False,0.0,0.75,1.0,True,1,Is the circle on the left or right side,,,0.5918,0.5906,0.0,0.0,38.0,9.049,1,image+text
synth_cot_baseline_00238,cot_baseline,Is the circle on the left or right side?,Is the circle on the left or right side,right | right | right,False,0.0,0.75,1.0,True,1,Is the circle on the left or right side,,,0.5784,0.5772,0.0,0.0,38.0,9.049,1,image+text
synth_cot_baseline_00239,cot_baseline,Is the circle on the left or right side?,The circle is on the left side,left | left | left,True,1.0,0.75,1.0,False,1,The circle is on the left side,,,0.5414,0.5402,0.0,0.0,39.5,9.049,1,image+text
synth_cot_baseline_00240,cot_baseline,What color is the large rectangle?,The large rectangle is the color of the large rectangle,teal | teal | green,False,0.0,0.75,1.0,True,1,The large rectangle is the color of the large rectangle,,,0.5892,0.588,0.0,0.0,39.5,9.049,1,image+text
synth_cot_baseline_00241,cot_baseline,What color is the large rectangle?,The large rectangle is the color orange,orange | orange | orange,True,1.0,0.75,1.0,False,1,The large rectangle is the color orange,,,0.4973,0.4961,0.0,0.0,38.0,9.049,1,image+text
synth_cot_baseline_00242,cot_baseline,What color is the circle?,a red circle with a black background,maroon | dark red | red,True,0.6667,0.75,1.0,False,1,a red circle with a black background,,,0.5399,0.5387,0.0,0.0,37.5,9.049,1,image+text
synth_cot_baseline_00243,cot_baseline,Is there a blue shape in this image?,Yes there is a blue shape in this image,yes | yes | yes,False,0.0,0.75,1.0,True,1,Yes there is a blue shape in this image,,,0.5918,0.5906,0.0,0.0,37.5,9.049,1,image+text
synth_cot_baseline_00244,cot_baseline,What color is the large rectangle?,The large rectangle is red.,red | red | red,True,1.0,0.75,1.0,False,1,The large rectangle is red.,,,0.4927,0.4916,0.0,0.0,38.0,9.049,1,image+text
synth_cot_baseline_00245,cot_baseline,What color is the background?,a white background,white | white | white,True,1.0,0.8,1.0,False,1,a white background,,,0.3289,0.3278,0.0,0.0,40.5,9.049,1,image+text
synth_cot_baseline_00246,cot_baseline,What color is the circle?,The color of the circle is blue.,cyan | cyan | teal | teal,False,0.0,0.75,1.0,True,1,The color of the circle is blue.,,,0.4919,0.4907,0.0,0.0,41.0,9.049,1,image+text
synth_cot_baseline_00247,cot_baseline,What color is the background?,The background color is blue.,navy | dark blue | blue,True,0.6667,0.75,1.0,False,1,The background color is blue.,,,0.405,0.4039,0.0,0.0,43.5,9.049,1,image+text
synth_cot_baseline_00248,cot_baseline,What is the dominant color in this image?,The dominant color in this image is yellow,yellow | yellow | yellow,True,1.0,0.75,1.0,False,1,The dominant color in this image is yellow,,,0.4889,0.4878,0.0,0.0,43.0,9.049,1,image+text
synth_cot_baseline_00249,cot_baseline,Is the background color light or dark?,The background color is light blue.,light | light | medium,False,0.0,0.75,1.0,True,1,The background color is light blue.,,,0.4426,0.4415,0.0,0.0,38.5,9.049,1,image+text
synth_cot_baseline_00250,cot_baseline,What is the dominant color in this image?,The dominant color in this image is purple,purple | purple | purple,True,1.0,0.75,1.0,False,1,The dominant color in this image is purple,,,0.4978,0.4967,0.0,0.0,38.5,9.049,1,image+text
synth_cot_baseline_00251,cot_baseline,What color is the large rectangle?,The large rectangle is white.,white | white | white,True,1.0,0.75,1.0,False,1,The large rectangle is white.,,,0.6779,0.6767,0.0,0.0,38.0,9.049,1,image+text
synth_cot_baseline_00252,cot_baseline,Is there a purple shape in this image?,"No, there is no purple shape in this image",no | no | no,False,0.0,0.75,1.0,True,1,"No, there is no purple shape in this image",,,0.6322,0.631,0.0,0.0,38.0,9.049,1,image+text
synth_cot_baseline_00253,cot_baseline,What color is the large rectangle?,The large rectangle is the color of yellow,yellow | yellow | yellow,True,1.0,0.75,1.0,False,1,The large rectangle is the color of yellow,,,0.6311,0.6299,0.0,0.0,38.0,9.049,1,image+text
synth_cot_baseline_00254,cot_baseline,Is the background color light or dark?,Is the background color light or dark,dark | dark | medium,False,0.0,0.75,1.0,True,1,Is the background color light or dark,,,0.5075,0.5064,0.0,0.0,37.0,9.049,1,image+text
synth_cot_baseline_00255,cot_baseline,What is the dominant color in this image?,The dominant color in this image is blue.,cyan | cyan | blue,True,0.3333,0.75,1.0,False,1,The dominant color in this image is blue.,,,0.5482,0.547,0.0,0.0,37.5,9.049,1,image+text
synth_cot_baseline_00256,cot_baseline,What color is the large rectangle?,The large rectangle is green.,green | green | green,True,1.0,0.75,1.0,False,1,The large rectangle is green.,,,0.4921,0.491,0.0,0.0,38.5,9.049,1,image+text
synth_cot_baseline_00257,cot_baseline,What is the dominant color in this image?,red is the dominant color in this image,red | red | red,True,1.0,0.75,1.0,False,1,red is the dominant color in this image,,,0.4912,0.49,0.0,0.0,38.0,9.049,1,image+text
synth_cot_baseline_00258,cot_baseline,What color is the background?,a white background,white | white | white,True,1.0,0.8,1.0,False,1,a white background,,,0.3101,0.309,0.0,0.0,42.0,9.049,1,image+text
synth_cot_baseline_00259,cot_baseline,What color is the large rectangle?,The large rectangle is green.,olive | olive | dark yellow,False,0.0,0.75,1.0,True,1,The large rectangle is green.,,,0.5506,0.5494,0.0,0.0,41.0,9.049,1,image+text
synth_cot_baseline_00260,cot_baseline,What is the dominant color in this image?,blue is the dominant color in this image,navy | navy | blue | dark blue,True,0.6667,0.75,1.0,False,1,blue is the dominant color in this image,,,0.4942,0.493,0.0,0.0,37.0,9.049,1,image+text
synth_cot_baseline_00261,cot_baseline,What is the dominant color in this image?,The dominant color in this image is purple,purple | purple | purple,True,1.0,0.75,1.0,False,1,The dominant color in this image is purple,,,0.4932,0.492,0.0,0.0,38.0,9.049,1,image+text
synth_cot_baseline_00262,cot_baseline,What is the dominant color in this image?,The dominant color in this image is brown.,brown | brown | brown,True,1.0,0.75,1.0,False,1,The dominant color in this image is brown.,,,0.5416,0.5404,0.0,0.0,38.0,9.049,1,image+text
synth_cot_baseline_00263,cot_baseline,What color is the circle?,a red circle with a black background,maroon | dark red | red,True,0.6667,0.75,1.0,False,1,a red circle with a black background,,,0.5391,0.5379,0.0,0.0,38.0,9.049,1,image+text
synth_cot_baseline_00264,cot_baseline,Is there a green shape in this image?,Yes there is a green shape in this image,yes | yes | yes,False,0.0,0.75,1.0,True,1,Yes there is a green shape in this image,,,0.5878,0.5866,0.0,0.0,38.0,9.049,1,image+text
synth_cot_baseline_00265,cot_baseline,What is the dominant color in this image?,The dominant color in this image is brown.,brown | brown | brown,True,1.0,0.75,1.0,False,1,The dominant color in this image is brown.,,,0.5389,0.5378,0.0,0.0,40.0,9.049,1,image+text
synth_cot_baseline_00266,cot_baseline,Is the circle on the left or right side?,The circle is on the left side,left | left | center,True,0.6667,0.75,1.0,False,1,The circle is on the left side,,,0.5014,0.5003,0.0,0.0,40.0,9.049,1,image+text
synth_cot_baseline_00267,cot_baseline,What color is the large rectangle?,The large rectangle is the color orange,orange | orange | orange,True,1.0,0.75,1.0,False,1,The large rectangle is the color orange,,,0.4917,0.4905,0.0,0.0,38.0,9.049,1,image+text
synth_cot_baseline_00268,cot_baseline,Is there a purple shape in this image?,Yes there is a purple shape in this image,yes | yes | yes,False,0.0,0.75,1.0,True,1,Yes there is a purple shape in this image,,,0.6367,0.6355,0.0,0.0,38.0,9.049,1,image+text
synth_cot_baseline_00269,cot_baseline,What color is the large rectangle?,The large rectangle is the color of yellow,yellow | yellow | yellow,True,1.0,0.75,1.0,False,1,The large rectangle is the color of yellow,,,0.6297,0.6285,0.0,0.0,38.0,9.049,1,image+text
synth_cot_baseline_00270,cot_baseline,What color is the background?,The background color is blue.,navy | dark blue | blue,True,0.6667,0.75,1.0,False,1,The background color is blue.,,,0.4026,0.4015,0.0,0.0,40.0,9.049,1,image+text
synth_cot_baseline_00271,cot_baseline,What color is the large rectangle?,The large rectangle is the color of the large rectangle.,pink | pink | pink,False,0.0,0.75,1.0,True,1,The large rectangle is the color of the large rectangle.,,,0.7248,0.7236,0.0,0.0,40.0,9.049,1,image+text
synth_cot_baseline_00272,cot_baseline,What color is the large rectangle?,The large rectangle is blue.,navy | dark blue | navy,True,0.3333,0.75,1.0,False,1,The large rectangle is blue.,,,0.7008,0.6996,0.0,0.0,38.0,9.049,1,image+text
synth_cot_baseline_00273,cot_baseline,What color is the large rectangle?,The large rectangle is green.,lime | lime | green,True,0.3333,0.75,1.0,False,1,The large rectangle is green.,,,0.706,0.7048,0.0,0.0,37.5,9.049,1,image+text
synth_cot_baseline_00274,cot_baseline,What is the dominant color in this image?,The dominant color in this image is green.,olive | olive | green | dark green,True,0.6667,0.75,1.0,False,1,The dominant color in this image is green.,,,0.547,0.5459,0.0,0.0,37.0,9.049,1,image+text
synth_cot_baseline_00275,cot_baseline,What color is the large rectangle?,The large rectangle is red.,red | red | red,True,1.0,0.75,1.0,False,1,The large rectangle is red.,,,0.497,0.496,0.0,0.0,37.0,9.049,1,image+text
synth_cot_baseline_00276,cot_baseline,What color is the circle in this image?,The circle in this image is yellow.,yellow | yellow | yellow,True,1.0,0.75,1.0,False,1,The circle in this image is yellow.,,,0.8315,0.8302,0.0,0.0,37.0,9.049,1,image+text
synth_cot_baseline_00277,cot_baseline,What color is the large rectangle?,The large rectangle is red.,red | red | red,True,1.0,0.75,1.0,False,1,The large rectangle is red.,,,0.4972,0.496,0.0,0.0,41.0,9.049,1,image+text
synth_cot_baseline_00278,cot_baseline,What color is the large rectangle?,The large rectangle is white.,white | white | white,True,1.0,0.75,1.0,False,1,The large rectangle is white.,,,0.6784,0.6771,0.0,0.0,41.0,9.049,1,image+text
synth_cot_baseline_00279,cot_baseline,Is there a red shape in this image?,"Yes, there is a red shape in this image",yes | yes | yes,False,0.0,0.75,1.0,True,1,"Yes, there is a red shape in this image",,,0.6627,0.6615,0.0,0.0,35.5,9.049,1,image+text
synth_cot_baseline_00280,cot_baseline,What color is the small circle?,The color of the small circle is green.,olive | olive | green,True,0.3333,0.75,1.0,False,1,The color of the small circle is green.,,,0.5386,0.5374,0.0,0.0,36.0,9.049,1,image+text
synth_cot_baseline_00281,cot_baseline,Is there a green shape in this image?,Yes there is a green shape in this image,yes | yes | yes,False,0.0,0.75,1.0,True,1,Yes there is a green shape in this image,,,0.5878,0.5866,0.0,0.0,38.0,9.049,1,image+text
synth_cot_baseline_00282,cot_baseline,What color is the circle in this image?,a blue circle,blue | blue | blue,True,1.0,0.8,1.0,False,1,a blue circle,,,0.4035,0.4021,0.0,0.0,39.0,9.049,1,image+text
synth_cot_baseline_00283,cot_baseline,What color is the circle?,a circle is the shape of a circle,pink | pink | pink,False,0.0,0.75,1.0,True,1,a circle is the shape of a circle,,,0.7801,0.7788,0.0,0.0,39.0,9.049,1,image+text
synth_cot_baseline_00284,cot_baseline,What color is the circle in this image?,The circle in this image is yellow.,yellow | yellow | yellow,True,1.0,0.75,1.0,False,1,The circle in this image is yellow.,,,0.829,0.8277,0.0,0.0,36.5,9.049,1,image+text
synth_cot_baseline_00285,cot_baseline,What is the dominant color in this image?,The dominant color in this image is blue.,cyan | cyan | blue,True,0.3333,0.75,1.0,False,1,The dominant color in this image is blue.,,,0.5329,0.5317,0.0,0.0,36.5,9.049,1,image+text
synth_cot_baseline_00286,cot_baseline,What color is the large rectangle?,The large rectangle is green.,green | green | green,True,1.0,0.75,1.0,False,1,The large rectangle is green.,,,0.4891,0.488,0.0,0.0,38.0,9.049,1,image+text
synth_cot_baseline_00287,cot_baseline,What is the dominant color in this image?,blue is the dominant color in this image,navy | navy | blue | dark blue,True,0.6667,0.75,1.0,False,1,blue is the dominant color in this image,,,0.4911,0.49,0.0,0.0,41.5,9.049,1,image+text
synth_cot_baseline_00288,cot_baseline,What color is the circle in this image?,a blue circle,blue | blue | blue,True,1.0,0.8,1.0,False,1,a blue circle,,,0.4061,0.405,0.0,0.0,45.5,9.049,1,image+text
synth_cot_baseline_00289,cot_baseline,Is there a red shape in this image?,"Yes, there is a red shape in this image",yes | yes | yes,False,0.0,0.75,1.0,True,1,"Yes, there is a red shape in this image",,,0.6306,0.6294,0.0,0.0,42.0,9.049,1,image+text
synth_cot_baseline_00290,cot_baseline,Is the circle on the left or right side?,Is the circle on the left or right side,right | right | right,False,0.0,0.75,1.0,True,1,Is the circle on the left or right side,,,0.5866,0.5854,0.0,0.0,38.0,9.049,1,image+text
synth_cot_baseline_00291,cot_baseline,What color is the large rectangle?,The large rectangle is blue.,blue | blue | blue,True,1.0,0.75,1.0,False,1,The large rectangle is blue.,,,0.4865,0.4853,0.0,0.0,38.5,9.049,1,image+text
synth_cot_baseline_00292,cot_baseline,What color is the small circle?,The color of the small circle is green,lime | lime | yellow-green,False,0.0,0.75,1.0,True,1,The color of the small circle is green,,,0.4913,0.49,0.0,0.0,38.5,9.049,1,image+text
synth_cot_baseline_00293,cot_baseline,What color is the circle in this image?,The circle is red in this image,red | red | red,True,1.0,0.75,1.0,False,1,The circle is red in this image,,,0.4456,0.4445,0.0,0.0,38.0,9.049,1,image+text
synth_cot_baseline_00294,cot_baseline,What color is the background?,a white background,white | white | white,True,1.0,0.8,1.0,False,1,a white background,,,0.3309,0.3299,0.0,0.0,39.0,9.049,1,image+text
synth_cot_baseline_00295,cot_baseline,What is the dominant color in this image?,blue is the dominant color in this image,blue | blue | blue,True,1.0,0.75,1.0,False,1,blue is the dominant color in this image,,,0.4933,0.4921,0.0,0.0,39.0,9.049,1,image+text
synth_cot_baseline_00296,cot_baseline,What color is the background?,The background is blue.,blue | blue | blue,True,1.0,0.75,1.0,False,1,The background is blue.,,,0.3539,0.3528,0.0,0.0,40.5,9.049,1,image+text
synth_cot_baseline_00297,cot_baseline,What color is the background?,a white background,white | white | white,True,1.0,0.8,1.0,False,1,a white background,,,0.304,0.3029,0.0,0.0,45.0,9.049,1,image+text
synth_cot_baseline_00298,cot_baseline,Is there a purple shape in this image?,Yes there is a purple shape in this image,yes | yes | yes,False,0.0,0.75,1.0,True,1,Yes there is a purple shape in this image,,,0.6278,0.6266,0.0,0.0,42.5,9.049,1,image+text
synth_cot_baseline_00299,cot_baseline,What is the dominant color in this image?,red is the dominant color in this image,red | red | red,True,1.0,0.75,1.0,False,1,red is the dominant color in this image,,,0.4933,0.4921,0.0,0.0,38.0,9.049,1,image+text
synth_cot_baseline_00300,cot_baseline,What color is the background?,The background is blue.,blue | blue | blue,True,1.0,0.75,1.0,False,1,The background is blue.,,,0.3532,0.3521,0.0,0.0,39.0,9.049,1,image+text
synth_cot_baseline_00301,cot_baseline,What is the dominant color in this image?,The dominant color is orange.,orange | orange | orange,True,1.0,0.75,1.0,False,1,The dominant color is orange.,,,0.3984,0.3973,0.0,0.0,43.5,9.049,1,image+text
synth_cot_baseline_00302,cot_baseline,Is the background color light or dark?,Is the background light or dark?,light | light | light,True,1.0,0.75,1.0,False,1,Is the background light or dark?,,,0.4898,0.4887,0.0,0.0,42.5,9.049,1,image+text
synth_cot_baseline_00303,cot_baseline,What color is the large rectangle?,The large rectangle is the color orange,orange | orange | orange,True,1.0,0.75,1.0,False,1,The large rectangle is the color orange,,,0.4932,0.492,0.0,0.0,37.5,9.049,1,image+text
synth_cot_baseline_00304,cot_baseline,What color is the background?,The background is grey.,gray | gray | grey,True,0.3333,0.75,1.0,False,1,The background is grey.,,,0.3585,0.3574,0.0,0.0,42.0,9.049,1,image+text
synth_cot_baseline_00305,cot_baseline,Is there a purple shape in this image?,Yes there is a purple shape in this image,yes | yes | yes,False,0.0,0.75,1.0,True,1,Yes there is a purple shape in this image,,,0.637,0.6358,0.0,0.0,42.0,9.049,1,image+text
synth_cot_baseline_00306,cot_baseline,What is the dominant color in this image?,blue is the dominant color in this image,blue | blue | blue,True,1.0,0.75,1.0,False,1,blue is the dominant color in this image,,,0.4971,0.496,0.0,0.0,37.0,9.049,1,image+text
synth_cot_baseline_00307,cot_baseline,What color is the small circle?,The color of the small circle is green,lime | lime | yellow-green,False,0.0,0.75,1.0,True,1,The color of the small circle is green,,,0.4909,0.4898,0.0,0.0,39.5,9.049,1,image+text
synth_cot_baseline_00308,cot_baseline,What color is the background?,The background is blue.,blue | blue | blue,True,1.0,0.75,1.0,False,1,The background is blue.,,,0.3499,0.3488,0.0,0.0,44.5,9.049,1,image+text
synth_cot_baseline_00309,cot_baseline,Is the circle on the left or right side?,Is the circle on the left or right side,right | right | right,False,0.0,0.75,1.0,True,1,Is the circle on the left or right side,,,0.5815,0.5803,0.0,0.0,42.5,9.049,1,image+text
synth_cot_baseline_00310,cot_baseline,What is the dominant color in this image?,The dominant color in this image is green,green | green | green,True,1.0,0.75,1.0,False,1,The dominant color in this image is green,,,0.493,0.4919,0.0,0.0,38.0,9.049,1,image+text
synth_cot_baseline_00311,cot_baseline,What color is the large rectangle?,The large rectangle is blue.,blue | blue | blue,True,1.0,0.75,1.0,False,1,The large rectangle is blue.,,,0.4901,0.4889,0.0,0.0,38.0,9.049,1,image+text
synth_cot_baseline_00312,cot_baseline,What color is the small circle?,The color of the small circle is green.,olive | olive | green,True,0.3333,0.75,1.0,False,1,The color of the small circle is green.,,,0.534,0.5328,0.0,0.0,38.0,9.049,1,image+text
synth_cot_baseline_00313,cot_baseline,What color is the background?,The background is a light beige color.,cream | white | beige,False,0.0,0.75,1.0,True,1,The background is a light beige color.,,,0.579,0.5778,0.0,0.0,38.0,9.049,1,image+text
synth_cot_baseline_00314,cot_baseline,What color is the large rectangle?,The large rectangle is white.,white | white | white,True,1.0,0.75,1.0,False,1,The large rectangle is white.,,,0.6678,0.6665,0.0,0.0,38.0,9.049,1,image+text
synth_cot_baseline_00315,cot_baseline,Is the circle on the left or right side?,Is the circle on the left or right side,right | right | right,False,0.0,0.75,1.0,True,1,Is the circle on the left or right side,,,0.5841,0.5829,0.0,0.0,38.0,9.049,1,image+text
synth_cot_baseline_00316,cot_baseline,What is the dominant color in this image?,The dominant color in this image is yellow,yellow | yellow | yellow,True,1.0,0.75,1.0,False,1,The dominant color in this image is yellow,,,0.487,0.4858,0.0,0.0,39.5,9.049,1,image+text
synth_cot_baseline_00317,cot_baseline,Is the circle on the left or right side?,The circle is on the left side,left | left | left,True,1.0,0.75,1.0,False,1,The circle is on the left side,,,0.54,0.5388,0.0,0.0,39.5,9.049,1,image+text
synth_cot_baseline_00318,cot_baseline,What color is the large rectangle?,The large rectangle is purple.,purple | purple | purple,True,1.0,0.75,1.0,False,1,The large rectangle is purple.,,,0.4451,0.4439,0.0,0.0,40.5,9.049,1,image+text
synth_cot_baseline_00319,cot_baseline,What is the dominant color in this image?,The dominant color in this image is yellow,yellow | yellow | yellow,True,1.0,0.75,1.0,False,1,The dominant color in this image is yellow,,,0.4951,0.4939,0.0,0.0,40.5,9.049,1,image+text
synth_cot_baseline_00320,cot_baseline,What is the dominant color in this image?,The dominant color in this image is yellow,yellow | yellow | yellow,True,1.0,0.75,1.0,False,1,The dominant color in this image is yellow,,,0.4963,0.4951,0.0,0.0,37.5,9.049,1,image+text
synth_cot_baseline_00321,cot_baseline,What color is the large rectangle?,The large rectangle is the color orange,orange | orange | orange,True,1.0,0.75,1.0,False,1,The large rectangle is the color orange,,,0.5086,0.5074,0.0,0.0,37.5,9.049,1,image+text
synth_cot_baseline_00322,cot_baseline,What is the dominant color in this image?,blue is the dominant color in this image,blue | blue | blue,True,1.0,0.75,1.0,False,1,blue is the dominant color in this image,,,0.491,0.4899,0.0,0.0,38.0,9.049,1,image+text
synth_cot_baseline_00323,cot_baseline,What is the dominant color in this image?,The dominant color in this image is yellow,yellow | yellow | yellow,True,1.0,0.75,1.0,False,1,The dominant color in this image is yellow,,,0.4932,0.492,0.0,0.0,38.0,9.049,1,image+text
synth_cot_baseline_00324,cot_baseline,Is the background color light or dark?,Is the background color light or dark,dark | dark | dark,False,0.0,0.75,1.0,True,1,Is the background color light or dark,,,0.4867,0.4856,0.0,0.0,38.5,9.049,1,image+text
synth_cot_baseline_00325,cot_baseline,Is the circle on the left or right side?,The circle is on the left side,left | left | left,True,1.0,0.75,1.0,False,1,The circle is on the left side,,,0.5376,0.5364,0.0,0.0,38.5,9.049,1,image+text
synth_cot_baseline_00326,cot_baseline,What color is the large rectangle?,The large rectangle is the color of the large rectangle.,pink | pink | pink,False,0.0,0.75,1.0,True,1,The large rectangle is the color of the large rectangle.,,,0.7242,0.723,0.0,0.0,37.5,9.049,1,image+text
synth_cot_baseline_00327,cot_baseline,What is the dominant color in this image?,blue is the dominant color in this image,blue | blue | blue,True,1.0,0.75,1.0,False,1,blue is the dominant color in this image,,,0.4933,0.4921,0.0,0.0,37.5,9.049,1,image+text
synth_cot_baseline_00328,cot_baseline,Is the circle on the left or right side?,The circle is on the left side,left | left | left,True,1.0,0.75,1.0,False,1,The circle is on the left side,,,0.5388,0.5377,0.0,0.0,38.0,9.049,1,image+text
synth_cot_baseline_00329,cot_baseline,What color is the large rectangle?,The large rectangle is the color of yellow,yellow | yellow | yellow,True,1.0,0.75,1.0,False,1,The large rectangle is the color of yellow,,,0.63,0.6288,0.0,0.0,38.0,9.049,1,image+text
synth_cot_baseline_00330,cot_baseline,What color is the large rectangle?,The large rectangle is blue.,blue | blue | blue,True,1.0,0.75,1.0,False,1,The large rectangle is blue.,,,0.4939,0.4928,0.0,0.0,37.5,9.049,1,image+text
synth_cot_baseline_00331,cot_baseline,What color is the large rectangle?,The large rectangle is white.,white | white | white,True,1.0,0.75,1.0,False,1,The large rectangle is white.,,,0.6862,0.6849,0.0,0.0,36.5,9.049,1,image+text
synth_cot_baseline_00332,cot_baseline,What color is the circle in this image?,The circle in this image is yellow.,yellow | yellow | yellow,True,1.0,0.75,1.0,False,1,The circle in this image is yellow.,,,0.8162,0.8149,0.0,0.0,37.0,9.049,1,image+text
synth_cot_baseline_00333,cot_baseline,Is the background color light or dark?,Is the background color light or dark,dark | dark | dark,False,0.0,0.75,1.0,True,1,Is the background color light or dark,,,0.5129,0.5117,0.0,0.0,36.5,9.049,1,image+text
synth_cot_baseline_00334,cot_baseline,What color is the large rectangle?,The large rectangle is blue.,blue | blue | blue,True,1.0,0.75,1.0,False,1,The large rectangle is blue.,,,0.4916,0.4905,0.0,0.0,36.5,9.049,1,image+text
synth_cot_baseline_00335,cot_baseline,What is the dominant color in this image?,The dominant color in this image is green,green | green | green,True,1.0,0.75,1.0,False,1,The dominant color in this image is green,,,0.4926,0.4914,0.0,0.0,38.5,9.049,1,image+text
synth_cot_baseline_00336,cot_baseline,What color is the circle in this image?,a blue circle,blue | blue | blue,True,1.0,0.8,1.0,False,1,a blue circle,,,0.4011,0.4,0.0,0.0,42.0,9.049,1,image+text
synth_cot_baseline_00337,cot_baseline,What color is the large rectangle?,The large rectangle is the color of the large rectangle.,brown | brown | brown,False,0.0,0.75,1.0,True,1,The large rectangle is the color of the large rectangle.,,,0.6291,0.6279,0.0,0.0,41.5,9.049,1,image+text
synth_cot_baseline_00338,cot_baseline,What color is the large rectangle?,The large rectangle is the color of yellow,yellow | yellow | yellow,True,1.0,0.75,1.0,False,1,The large rectangle is the color of yellow,,,0.6237,0.6225,0.0,0.0,38.0,9.049,1,image+text
synth_cot_baseline_00339,cot_baseline,What color is the circle in this image?,The circle is red in this image,red | red | red,True,1.0,0.75,1.0,False,1,The circle is red in this image,,,0.4455,0.4444,0.0,0.0,38.0,9.049,1,image+text
synth_cot_baseline_00340,cot_baseline,What color is the large rectangle?,The large rectangle is the color of the large rectangle.,brown | brown | brown,False,0.0,0.75,1.0,True,1,The large rectangle is the color of the large rectangle.,,,0.6355,0.6343,0.0,0.0,38.0,9.049,1,image+text
synth_cot_baseline_00341,cot_baseline,What is the dominant color in this image?,The dominant color is orange.,orange | orange | orange,True,1.0,0.75,1.0,False,1,The dominant color is orange.,,,0.3991,0.398,0.0,0.0,39.5,9.049,1,image+text
synth_cot_baseline_00342,cot_baseline,What is the dominant color in this image?,The dominant color in this image is green,green | green | green,True,1.0,0.75,1.0,False,1,The dominant color in this image is green,,,0.4922,0.4911,0.0,0.0,41.0,9.049,1,image+text
synth_cot_baseline_00343,cot_baseline,Is the background color light or dark?,Is the background light or dark?,light | light | light,True,1.0,0.75,1.0,False,1,Is the background light or dark?,,,0.4912,0.49,0.0,0.0,39.5,9.049,1,image+text
synth_cot_baseline_00344,cot_baseline,What is the dominant color in this image?,blue is the dominant color in this image,navy | navy | blue | dark blue,True,0.6667,0.75,1.0,False,1,blue is the dominant color in this image,,,0.4915,0.4904,0.0,0.0,39.0,9.049,1,image+text
synth_cot_baseline_00345,cot_baseline,What color is the large rectangle?,The large rectangle is blue.,blue | blue | blue,True,1.0,0.75,1.0,False,1,The large rectangle is blue.,,,0.5008,0.4997,0.0,0.0,39.0,9.049,1,image+text
synth_cot_baseline_00346,cot_baseline,Is there a blue shape in this image?,"Yes, there is a blue shape in this image",no | no | no,False,0.0,0.75,1.0,True,1,"Yes, there is a blue shape in this image",,,0.6301,0.6288,0.0,0.0,38.0,9.049,1,image+text
synth_cot_baseline_00347,cot_baseline,Is there a red shape in this image?,"Yes, there is a red shape in this image",yes | yes | yes,False,0.0,0.75,1.0,True,1,"Yes, there is a red shape in this image",,,0.6325,0.6313,0.0,0.0,38.0,9.049,1,image+text
synth_cot_baseline_00348,cot_baseline,What is the dominant color in this image?,blue is the dominant color in this image,navy | navy | blue | dark blue,True,0.6667,0.75,1.0,False,1,blue is the dominant color in this image,,,0.4952,0.494,0.0,0.0,38.0,9.049,1,image+text
synth_cot_baseline_00349,cot_baseline,What color is the background?,The background color is blue.,navy | dark blue | blue,True,0.6667,0.75,1.0,False,1,The background color is blue.,,,0.3981,0.397,0.0,0.0,38.0,9.049,1,image+text
synth_cot_baseline_00350,cot_baseline,What color is the large rectangle?,The large rectangle is the color of the large rectangle.,pink | pink | pink,False,0.0,0.75,1.0,True,1,The large rectangle is the color of the large rectangle.,,,0.7201,0.7188,0.0,0.0,38.0,9.049,1,image+text
synth_cot_baseline_00351,cot_baseline,What color is the large rectangle?,The large rectangle is green.,green | green | green,True,1.0,0.75,1.0,False,1,The large rectangle is green.,,,0.4901,0.489,0.0,0.0,38.0,9.049,1,image+text
synth_cot_baseline_00352,cot_baseline,What is the dominant color in this image?,The dominant color in this image is brown.,brown | brown | brown,True,1.0,0.75,1.0,False,1,The dominant color in this image is brown.,,,0.543,0.5419,0.0,0.0,37.5,9.049,1,image+text
synth_cot_baseline_00353,cot_baseline,What is the dominant color in this image?,The dominant color is orange.,orange | orange | orange,True,1.0,0.75,1.0,False,1,The dominant color is orange.,,,0.3979,0.3968,0.0,0.0,42.0,9.049,1,image+text
synth_cot_baseline_00354,cot_baseline,What is the dominant color in this image?,The dominant color is orange.,orange | orange | orange,True,1.0,0.75,1.0,False,1,The dominant color is orange.,,,0.3976,0.3965,0.0,0.0,47.0,9.049,1,image+text
synth_cot_baseline_00355,cot_baseline,What is the dominant color in this image?,The dominant color in this image is green,green | green | green,True,1.0,0.75,1.0,False,1,The dominant color in this image is green,,,0.4931,0.4919,0.0,0.0,38.0,9.049,1,image+text
synth_cot_baseline_00356,cot_baseline,Is the background color light or dark?,Is the background color light or dark,dark | dark | dark,False,0.0,0.75,1.0,True,1,Is the background color light or dark,,,0.4903,0.4891,0.0,0.0,38.5,9.049,1,image+text
synth_cot_baseline_00357,cot_baseline,Is the background color light or dark?,The background color is light blue.,light | light | medium,False,0.0,0.75,1.0,True,1,The background color is light blue.,,,0.4376,0.4365,0.0,0.0,44.0,9.049,1,image+text
synth_cot_baseline_00358,cot_baseline,What is the dominant color in this image?,blue is the dominant color in this image,blue | blue | blue,True,1.0,0.75,1.0,False,1,blue is the dominant color in this image,,,0.4844,0.4832,0.0,0.0,43.5,9.049,1,image+text
synth_cot_baseline_00359,cot_baseline,What is the dominant color in this image?,The dominant color in this image is purple,purple | purple | purple,True,1.0,0.75,1.0,False,1,The dominant color in this image is purple,,,0.4847,0.4836,0.0,0.0,39.5,9.049,1,image+text
synth_cot_baseline_00360,cot_baseline,Is there a red shape in this image?,"Yes, there is a red shape in this image",yes | yes | yes,False,0.0,0.75,1.0,True,1,"Yes, there is a red shape in this image",,,0.6411,0.6399,0.0,0.0,39.0,9.049,1,image+text
synth_cot_baseline_00361,cot_baseline,Is the circle on the left or right side?,Is the circle on the left or right side,right | right | right,False,0.0,0.75,1.0,True,1,Is the circle on the left or right side,,,0.5846,0.5834,0.0,0.0,37.5,9.049,1,image+text
synth_cot_baseline_00362,cot_baseline,What color is the large rectangle?,The large rectangle is red.,red | red | red,True,1.0,0.75,1.0,False,1,The large rectangle is red.,,,0.491,0.4898,0.0,0.0,38.0,9.049,1,image+text
synth_cot_baseline_00363,cot_baseline,What color is the large rectangle?,The large rectangle is green.,green | green | green,True,1.0,0.75,1.0,False,1,The large rectangle is green.,,,0.4887,0.4876,0.0,0.0,39.5,9.049,1,image+text
synth_cot_baseline_00364,cot_baseline,What is the dominant color in this image?,The dominant color in this image is yellow,yellow | yellow | yellow,True,1.0,0.75,1.0,False,1,The dominant color in this image is yellow,,,0.4883,0.4871,0.0,0.0,39.5,9.049,1,image+text
synth_cot_baseline_00365,cot_baseline,What is the dominant color in this image?,The dominant color in this image is green.,olive | olive | green | dark green,True,0.6667,0.75,1.0,False,1,The dominant color in this image is green.,,,0.5305,0.5293,0.0,0.0,38.5,9.049,1,image+text
synth_cot_baseline_00366,cot_baseline,Is the circle on the left or right side?,Is the circle on the left or right side,right | right | right,False,0.0,0.75,1.0,True,1,Is the circle on the left or right side,,,0.5867,0.5855,0.0,0.0,38.5,9.049,1,image+text
synth_cot_baseline_00367,cot_baseline,What color is the circle in this image?,The circle is red in this image,red | red | red,True,1.0,0.75,1.0,False,1,The circle is red in this image,,,0.4416,0.4405,0.0,0.0,42.5,9.049,1,image+text
synth_cot_baseline_00368,cot_baseline,What is the dominant color in this image?,red is the dominant color in this image,red | red | red,True,1.0,0.75,1.0,False,1,red is the dominant color in this image,,,0.4965,0.4954,0.0,0.0,41.5,9.049,1,image+text
synth_cot_baseline_00369,cot_baseline,Is the circle on the left or right side?,The circle is on the left side,left | left | left,True,1.0,0.75,1.0,False,1,The circle is on the left side,,,0.5341,0.5329,0.0,0.0,37.0,9.049,1,image+text
synth_cot_baseline_00370,cot_baseline,What color is the large rectangle?,The large rectangle is the color orange,orange | orange | orange,True,1.0,0.75,1.0,False,1,The large rectangle is the color orange,,,0.4885,0.4874,0.0,0.0,38.0,9.049,1,image+text
synth_cot_baseline_00371,cot_baseline,What color is the large rectangle?,The large rectangle is the color orange,orange | orange | orange,True,1.0,0.75,1.0,False,1,The large rectangle is the color orange,,,0.4864,0.4852,0.0,0.0,38.0,9.049,1,image+text
synth_cot_baseline_00372,cot_baseline,What color is the large rectangle?,The large rectangle is white.,white | white | white,True,1.0,0.75,1.0,False,1,The large rectangle is white.,,,0.6882,0.6869,0.0,0.0,38.0,9.049,1,image+text
synth_cot_baseline_00373,cot_baseline,What is the dominant color in this image?,The dominant color in this image is brown.,brown | brown | brown,True,1.0,0.75,1.0,False,1,The dominant color in this image is brown.,,,0.5377,0.5365,0.0,0.0,38.0,9.049,1,image+text
synth_cot_baseline_00374,cot_baseline,Is the background color light or dark?,Is the background light or dark?,light | light | light,True,1.0,0.75,1.0,False,1,Is the background light or dark?,,,0.4996,0.4984,0.0,0.0,38.5,9.049,1,image+text
synth_cot_baseline_00375,cot_baseline,What color is the circle in this image?,The circle in this image is yellow.,yellow | yellow | yellow,True,1.0,0.75,1.0,False,1,The circle in this image is yellow.,,,0.822,0.8207,0.0,0.0,37.5,9.049,1,image+text
synth_cot_baseline_00376,cot_baseline,What color is the large rectangle?,The large rectangle is blue.,blue | blue | blue,True,1.0,0.75,1.0,False,1,The large rectangle is blue.,,,0.4843,0.4832,0.0,0.0,37.0,9.049,1,image+text
synth_cot_baseline_00377,cot_baseline,Is the circle on the left or right side?,The circle is on the left side,left | left | left,True,1.0,0.75,1.0,False,1,The circle is on the left side,,,0.5563,0.5551,0.0,0.0,37.0,9.049,1,image+text
synth_cot_baseline_00378,cot_baseline,What color is the large rectangle?,The large rectangle is green.,green | green | green,True,1.0,0.75,1.0,False,1,The large rectangle is green.,,,0.4958,0.4946,0.0,0.0,37.0,9.049,1,image+text
synth_cot_baseline_00379,cot_baseline,What color is the large rectangle?,The large rectangle is blue.,blue | blue | blue,True,1.0,0.75,1.0,False,1,The large rectangle is blue.,,,0.4937,0.4926,0.0,0.0,38.0,9.049,1,image+text
synth_cot_baseline_00380,cot_baseline,What is the dominant color in this image?,The dominant color in this image is yellow,yellow | yellow | yellow,True,1.0,0.75,1.0,False,1,The dominant color in this image is yellow,,,0.493,0.4918,0.0,0.0,38.0,9.049,1,image+text
synth_cot_baseline_00381,cot_baseline,What color is the circle?,The color of the circle is blue.,cyan | cyan | teal | teal,False,0.0,0.75,1.0,True,1,The color of the circle is blue.,,,0.4932,0.492,0.0,0.0,40.5,9.049,1,image+text
synth_cot_baseline_00382,cot_baseline,What is the dominant color in this image?,red is the dominant color in this image,red | red | red,True,1.0,0.75,1.0,False,1,red is the dominant color in this image,,,0.4924,0.4912,0.0,0.0,40.5,9.049,1,image+text
synth_cot_baseline_00383,cot_baseline,Is the background color light or dark?,Is the background light or dark?,light | light | light,True,1.0,0.75,1.0,False,1,Is the background light or dark?,,,0.4865,0.4853,0.0,0.0,38.0,9.049,1,image+text
synth_cot_baseline_00384,cot_baseline,What color is the large rectangle?,The large rectangle is white.,white | white | white,True,1.0,0.75,1.0,False,1,The large rectangle is white.,,,0.6692,0.668,0.0,0.0,38.0,9.049,1,image+text
synth_cot_baseline_00385,cot_baseline,What color is the circle?,a red circle with a white background,brown | brown | maroon,False,0.0,0.75,1.0,True,1,a red circle with a white background,,,0.5849,0.5837,0.0,0.0,38.0,9.049,1,image+text
synth_cot_baseline_00386,cot_baseline,What color is the small circle?,The color of the small circle is green,lime | lime | yellow-green,False,0.0,0.75,1.0,True,1,The color of the small circle is green,,,0.496,0.4948,0.0,0.0,38.0,9.049,1,image+text
synth_cot_baseline_00387,cot_baseline,What color is the background?,The background is blue.,blue | blue | blue,True,1.0,0.75,1.0,False,1,The background is blue.,,,0.3548,0.3538,0.0,0.0,41.0,9.049,1,image+text
synth_cot_baseline_00388,cot_baseline,Is there a red shape in this image?,"No, there is no red shape in this image",no | no | no,False,0.0,0.75,1.0,True,1,"No, there is no red shape in this image",,,0.5867,0.5856,0.0,0.0,41.0,9.049,1,image+text
synth_cot_baseline_00389,cot_baseline,What color is the background?,The background is a light beige color.,cream | white | beige,False,0.0,0.75,1.0,True,1,The background is a light beige color.,,,0.5803,0.5791,0.0,0.0,38.0,9.049,1,image+text
synth_cot_baseline_00390,cot_baseline,What is the dominant color in this image?,The dominant color in this image is green,green | green | green,True,1.0,0.75,1.0,False,1,The dominant color in this image is green,,,0.5011,0.4999,0.0,0.0,38.0,9.049,1,image+text
synth_cot_baseline_00391,cot_baseline,Is the background color light or dark?,Is the background light or dark?,light | light | light,True,1.0,0.75,1.0,False,1,Is the background light or dark?,,,0.4902,0.4891,0.0,0.0,43.0,9.049,1,image+text
synth_cot_baseline_00392,cot_baseline,What is the dominant color in this image?,The dominant color in this image is green,green | green | green,True,1.0,0.75,1.0,False,1,The dominant color in this image is green,,,0.4918,0.4906,0.0,0.0,43.0,9.049,1,image+text
synth_cot_baseline_00393,cot_baseline,What color is the circle in this image?,a blue circle,blue | blue | blue,True,1.0,0.8,1.0,False,1,a blue circle,,,0.3975,0.3963,0.0,0.0,41.0,9.049,1,image+text
synth_cot_baseline_00394,cot_baseline,What is the dominant color in this image?,blue is the dominant color in this image,navy | navy | blue | dark blue,True,0.6667,0.75,1.0,False,1,blue is the dominant color in this image,,,0.5172,0.516,0.0,0.0,40.5,9.049,1,image+text
synth_cot_baseline_00395,cot_baseline,Is the circle on the left or right side?,The circle is on the left side,left | left | left,True,1.0,0.75,1.0,False,1,The circle is on the left side,,,0.5421,0.5409,0.0,0.0,37.5,9.049,1,image+text
synth_cot_baseline_00396,cot_baseline,What is the dominant color in this image?,The dominant color in this image is blue.,teal | teal | cyan | blue-green,False,0.0,0.75,1.0,True,1,The dominant color in this image is blue.,,,0.5431,0.5419,0.0,0.0,37.5,9.049,1,image+text
synth_cot_baseline_00397,cot_baseline,Is there a red shape in this image?,"No, there is no red shape in this image",no | no | no,False,0.0,0.75,1.0,True,1,"No, there is no red shape in this image",,,0.5906,0.5894,0.0,0.0,37.5,9.049,1,image+text
synth_cot_baseline_00398,cot_baseline,What color is the large rectangle?,The large rectangle is blue.,navy | dark blue | navy,True,0.3333,0.75,1.0,False,1,The large rectangle is blue.,,,0.6854,0.6841,0.0,0.0,37.5,9.049,1,image+text
synth_cot_baseline_00399,cot_baseline,What color is the large rectangle?,The large rectangle is the color of yellow,yellow | yellow | yellow,True,1.0,0.75,1.0,False,1,The large rectangle is the color of yellow,,,0.6387,0.6374,0.0,0.0,37.0,9.049,1,image+text
synth_cot_baseline_00400,cot_baseline,What color is the large rectangle?,The large rectangle is blue.,blue | blue | blue,True,1.0,0.75,1.0,False,1,The large rectangle is blue.,,,0.4826,0.4814,0.0,0.0,38.0,9.049,1,image+text
synth_cot_baseline_00401,cot_baseline,What color is the large rectangle?,The large rectangle is green.,green | green | green,True,1.0,0.75,1.0,False,1,The large rectangle is green.,,,0.4834,0.4822,0.0,0.0,39.0,9.049,1,image+text
synth_cot_baseline_00402,cot_baseline,Is there a green shape in this image?,Yes there is a green shape in this image,yes | yes | yes,False,0.0,0.75,1.0,True,1,Yes there is a green shape in this image,,,0.5847,0.5835,0.0,0.0,38.5,9.049,1,image+text
synth_cot_baseline_00403,cot_baseline,Is the circle on the left or right side?,The circle is on the left side,left | left | center,True,0.6667,0.75,1.0,False,1,The circle is on the left side,,,0.4904,0.4893,0.0,0.0,38.0,9.049,1,image+text
synth_cot_baseline_00404,cot_baseline,What color is the large rectangle?,The large rectangle is white.,white | white | white,True,1.0,0.75,1.0,False,1,The large rectangle is white.,,,0.6737,0.6724,0.0,0.0,38.0,9.049,1,image+text
synth_cot_baseline_00405,cot_baseline,What color is the circle in this image?,a blue circle,blue | blue | blue,True,1.0,0.8,1.0,False,1,a blue circle,,,0.3996,0.3985,0.0,0.0,38.0,9.049,1,image+text
synth_cot_baseline_00406,cot_baseline,Is the circle on the left or right side?,The circle is on the left side,left | left | center,True,0.6667,0.75,1.0,False,1,The circle is on the left side,,,0.4903,0.4892,0.0,0.0,38.0,9.049,1,image+text
synth_cot_baseline_00407,cot_baseline,What color is the small circle?,The color of the small circle is green.,olive | olive | green,True,0.3333,0.75,1.0,False,1,The color of the small circle is green.,,,0.5339,0.5327,0.0,0.0,39.0,9.049,1,image+text
synth_cot_baseline_00408,cot_baseline,What color is the large rectangle?,The large rectangle is the color of the large rectangle,teal | teal | green,False,0.0,0.75,1.0,True,1,The large rectangle is the color of the large rectangle,,,0.5802,0.5791,0.0,0.0,39.0,9.049,1,image+text
synth_cot_baseline_00409,cot_baseline,What color is the large rectangle?,The large rectangle is blue.,blue | blue | blue,True,1.0,0.75,1.0,False,1,The large rectangle is blue.,,,0.4923,0.4912,0.0,0.0,38.0,9.049,1,image+text
synth_cot_baseline_00410,cot_baseline,What color is the large rectangle?,The large rectangle is green.,green | green | green,True,1.0,0.75,1.0,False,1,The large rectangle is green.,,,0.4949,0.4937,0.0,0.0,39.0,9.049,1,image+text
synth_cot_baseline_00411,cot_baseline,Is there a red shape in this image?,"Yes, there is a red shape in this image",yes | yes | yes,False,0.0,0.75,1.0,True,1,"Yes, there is a red shape in this image",,,0.6479,0.6467,0.0,0.0,39.0,9.049,1,image+text
synth_cot_baseline_00412,cot_baseline,Is the circle on the left or right side?,Is the circle on the left or right side,right | right | right,False,0.0,0.75,1.0,True,1,Is the circle on the left or right side,,,0.5973,0.5962,0.0,0.0,38.0,9.049,1,image+text
synth_cot_baseline_00413,cot_baseline,What is the dominant color in this image?,The dominant color in this image is purple,purple | purple | purple,True,1.0,0.75,1.0,False,1,The dominant color in this image is purple,,,0.4943,0.4932,0.0,0.0,38.0,9.049,1,image+text
synth_cot_baseline_00414,cot_baseline,Is the background color light or dark?,Is the background light or dark?,light | light | light,True,1.0,0.75,1.0,False,1,Is the background light or dark?,,,0.496,0.4948,0.0,0.0,37.5,9.049,1,image+text
synth_cot_baseline_00415,cot_baseline,What color is the background?,a white background,white | white | white,True,1.0,0.8,1.0,False,1,a white background,,,0.3099,0.3088,0.0,0.0,41.5,9.049,1,image+text
synth_cot_baseline_00416,cot_baseline,What color is the large rectangle?,The large rectangle is the color of the large rectangle,teal | teal | green,False,0.0,0.75,1.0,True,1,The large rectangle is the color of the large rectangle,,,0.5836,0.5824,0.0,0.0,42.0,9.049,1,image+text
synth_cot_baseline_00417,cot_baseline,What color is the large rectangle?,The large rectangle is white.,white | white | white,True,1.0,0.75,1.0,False,1,The large rectangle is white.,,,0.6866,0.6854,0.0,0.0,37.5,9.049,1,image+text
synth_cot_baseline_00418,cot_baseline,Is the background color light or dark?,The background color is light blue.,light | light | medium,False,0.0,0.75,1.0,True,1,The background color is light blue.,,,0.454,0.4529,0.0,0.0,42.0,9.049,1,image+text
synth_cot_baseline_00419,cot_baseline,Is the background color light or dark?,Is the background color light or dark,dark | dark | dark,False,0.0,0.75,1.0,True,1,Is the background color light or dark,,,0.4925,0.4913,0.0,0.0,42.5,9.049,1,image+text
synth_cot_baseline_00420,cot_baseline,Is the circle on the left or right side?,The circle is on the left side,left | left | left,True,1.0,0.75,1.0,False,1,The circle is on the left side,,,0.5379,0.5367,0.0,0.0,38.0,9.049,1,image+text
synth_cot_baseline_00421,cot_baseline,Is the background color light or dark?,a dark background,dark | dark | dark,True,1.0,0.8,1.0,False,1,a dark background,,,0.3084,0.3073,0.0,0.0,41.0,9.049,1,image+text
synth_cot_baseline_00422,cot_baseline,Is the background color light or dark?,a dark background,dark | dark | dark,True,1.0,0.8,1.0,False,1,a dark background,,,0.3085,0.3073,0.0,0.0,45.0,9.049,1,image+text
synth_cot_baseline_00423,cot_baseline,What color is the circle in this image?,The circle in this image is yellow.,yellow | yellow | yellow,True,1.0,0.75,1.0,False,1,The circle in this image is yellow.,,,0.8299,0.8286,0.0,0.0,42.0,9.049,1,image+text
synth_cot_baseline_00424,cot_baseline,What color is the circle in this image?,The circle in this image is yellow.,yellow | yellow | yellow,True,1.0,0.75,1.0,False,1,The circle in this image is yellow.,,,0.8336,0.8323,0.0,0.0,38.0,9.049,1,image+text
synth_cot_baseline_00425,cot_baseline,Is the circle on the left or right side?,The circle is on the left side,left | left | left,True,1.0,0.75,1.0,False,1,The circle is on the left side,,,0.535,0.5338,0.0,0.0,38.0,9.049,1,image+text
synth_cot_baseline_00426,cot_baseline,What color is the large rectangle?,The large rectangle is red.,red | red | red,True,1.0,0.75,1.0,False,1,The large rectangle is red.,,,0.4967,0.4956,0.0,0.0,39.0,9.049,1,image+text
synth_cot_baseline_00427,cot_baseline,What is the dominant color in this image?,blue is the dominant color in this image,navy | navy | blue | dark blue,True,0.6667,0.75,1.0,False,1,blue is the dominant color in this image,,,0.4952,0.494,0.0,0.0,39.0,9.049,1,image+text
synth_cot_baseline_00428,cot_baseline,Is there a red shape in this image?,"No, there is no red shape in this image",no | no | no,False,0.0,0.75,1.0,True,1,"No, there is no red shape in this image",,,0.5894,0.5882,0.0,0.0,38.0,9.049,1,image+text
synth_cot_baseline_00429,cot_baseline,What color is the large rectangle?,The large rectangle is green.,olive | olive | dark yellow,False,0.0,0.75,1.0,True,1,The large rectangle is green.,,,0.5422,0.5411,0.0,0.0,39.0,9.049,1,image+text
synth_cot_baseline_00430,cot_baseline,What color is the background?,The background is a light beige color.,cream | white | beige,False,0.0,0.75,1.0,True,1,The background is a light beige color.,,,0.5878,0.5866,0.0,0.0,39.0,9.049,1,image+text
synth_cot_baseline_00431,cot_baseline,What color is the large rectangle?,The large rectangle is green.,olive | olive | dark yellow,False,0.0,0.75,1.0,True,1,The large rectangle is green.,,,0.5424,0.5412,0.0,0.0,37.5,9.049,1,image+text
synth_cot_baseline_00432,cot_baseline,What color is the circle in this image?,The circle in this image is yellow.,yellow | yellow | yellow,True,1.0,0.75,1.0,False,1,The circle in this image is yellow.,,,0.8078,0.8064,0.0,0.0,37.5,9.049,1,image+text
synth_cot_baseline_00433,cot_baseline,Is there a green shape in this image?,Yes there is a green shape in this image,yes | yes | yes,False,0.0,0.75,1.0,True,1,Yes there is a green shape in this image,,,0.5859,0.5847,0.0,0.0,38.0,9.049,1,image+text
synth_cot_baseline_00434,cot_baseline,What color is the large rectangle?,The large rectangle is the color of yellow,yellow | yellow | yellow,True,1.0,0.75,1.0,False,1,The large rectangle is the color of yellow,,,0.6339,0.6327,0.0,0.0,38.0,9.049,1,image+text
synth_cot_baseline_00435,cot_baseline,What is the dominant color in this image?,The dominant color in this image is green.,olive | olive | green | dark green,True,0.6667,0.75,1.0,False,1,The dominant color in this image is green.,,,0.5356,0.5344,0.0,0.0,38.0,9.049,1,image+text
synth_cot_baseline_00436,cot_baseline,What is the dominant color in this image?,The dominant color in this image is purple,purple | purple | purple,True,1.0,0.75,1.0,False,1,The dominant color in this image is purple,,,0.4921,0.4909,0.0,0.0,41.5,9.049,1,image+text
synth_cot_baseline_00437,cot_baseline,What is the dominant color in this image?,The dominant color in this image is purple,purple | purple | purple,True,1.0,0.75,1.0,False,1,The dominant color in this image is purple,,,0.485,0.4839,0.0,0.0,41.5,9.049,1,image+text
synth_cot_baseline_00438,cot_baseline,Is there a blue shape in this image?,Yes there is a blue shape in this image,yes | yes | yes,False,0.0,0.75,1.0,True,1,Yes there is a blue shape in this image,,,0.5881,0.5869,0.0,0.0,37.5,9.049,1,image+text
synth_cot_baseline_00439,cot_baseline,What color is the background?,The background is grey.,gray | gray | grey,True,0.3333,0.75,1.0,False,1,The background is grey.,,,0.3563,0.3552,0.0,0.0,38.5,9.049,1,image+text
synth_cot_baseline_00440,cot_baseline,Is the circle on the left or right side?,Is the circle on the left or right side,right | right | right,False,0.0,0.75,1.0,True,1,Is the circle on the left or right side,,,0.5998,0.5986,0.0,0.0,39.0,9.049,1,image+text
synth_cot_baseline_00441,cot_baseline,What color is the large rectangle?,The large rectangle is green.,lime | lime | green,True,0.3333,0.75,1.0,False,1,The large rectangle is green.,,,0.6842,0.6829,0.0,0.0,38.0,9.049,1,image+text
synth_cot_baseline_00442,cot_baseline,What color is the circle in this image?,The circle is red in this image,red | red | red,True,1.0,0.75,1.0,False,1,The circle is red in this image,,,0.4446,0.4435,0.0,0.0,41.0,9.049,1,image+text
synth_cot_baseline_00443,cot_baseline,What color is the large rectangle?,The large rectangle is red.,red | red | red,True,1.0,0.75,1.0,False,1,The large rectangle is red.,,,0.4929,0.4918,0.0,0.0,41.0,9.049,1,image+text
synth_cot_baseline_00444,cot_baseline,What is the dominant color in this image?,The dominant color in this image is yellow,yellow | yellow | yellow,True,1.0,0.75,1.0,False,1,The dominant color in this image is yellow,,,0.4955,0.4943,0.0,0.0,38.5,9.049,1,image+text
synth_cot_baseline_00445,cot_baseline,Is there a blue shape in this image?,"Yes, there is a blue shape in this image",no | no | no,False,0.0,0.75,1.0,True,1,"Yes, there is a blue shape in this image",,,0.6297,0.6284,0.0,0.0,38.5,9.049,1,image+text
synth_cot_baseline_00446,cot_baseline,Is the background color light or dark?,Is the background color light or dark,dark | dark | dark,False,0.0,0.75,1.0,True,1,Is the background color light or dark,,,0.4961,0.495,0.0,0.0,38.0,9.049,1,image+text
synth_cot_baseline_00447,cot_baseline,What is the dominant color in this image?,The dominant color in this image is blue.,teal | teal | cyan | blue-green,False,0.0,0.75,1.0,True,1,The dominant color in this image is blue.,,,0.5442,0.5431,0.0,0.0,37.5,9.049,1,image+text
synth_cot_baseline_00448,cot_baseline,What color is the circle?,a red circle with a black background,maroon | dark red | red,True,0.6667,0.75,1.0,False,1,a red circle with a black background,,,0.5542,0.5529,0.0,0.0,37.0,9.049,1,image+text
synth_cot_baseline_00449,cot_baseline,Is there a red shape in this image?,"No, there is no red shape in this image",no | no | no,False,0.0,0.75,1.0,True,1,"No, there is no red shape in this image",,,0.5875,0.5863,0.0,0.0,37.0,9.049,1,image+text
synth_cot_baseline_00450,cot_baseline,What color is the large rectangle?,The large rectangle is red.,red | red | red,True,1.0,0.75,1.0,False,1,The large rectangle is red.,,,0.4913,0.4901,0.0,0.0,37.5,9.049,1,image+text
synth_cot_baseline_00451,cot_baseline,Is the circle on the left or right side?,Is the circle on the left or right side,right | right | right,False,0.0,0.75,1.0,True,1,Is the circle on the left or right side,,,0.5865,0.5853,0.0,0.0,38.0,9.049,1,image+text
synth_cot_baseline_00452,cot_baseline,What is the dominant color in this image?,red is the dominant color in this image,red | red | red,True,1.0,0.75,1.0,False,1,red is the dominant color in this image,,,0.4917,0.4906,0.0,0.0,38.5,9.049,1,image+text
synth_cot_baseline_00453,cot_baseline,Is there a red shape in this image?,"No, there is no red shape in this image",no | no | no,False,0.0,0.75,1.0,True,1,"No, there is no red shape in this image",,,0.5869,0.5857,0.0,0.0,38.0,9.049,1,image+text
synth_cot_baseline_00454,cot_baseline,Is there a green shape in this image?,"No, there is no green shape in this image",no | no | no,False,0.0,0.75,1.0,True,1,"No, there is no green shape in this image",,,0.5767,0.5755,0.0,0.0,37.5,9.049,1,image+text
synth_cot_baseline_00455,cot_baseline,What is the dominant color in this image?,The dominant color in this image is yellow,yellow | yellow | yellow,True,1.0,0.75,1.0,False,1,The dominant color in this image is yellow,,,0.4984,0.4972,0.0,0.0,38.0,9.049,1,image+text
synth_cot_baseline_00456,cot_baseline,Is there a blue shape in this image?,Yes there is a blue shape in this image,yes | yes | yes,False,0.0,0.75,1.0,True,1,Yes there is a blue shape in this image,,,0.5876,0.5864,0.0,0.0,37.5,9.049,1,image+text
synth_cot_baseline_00457,cot_baseline,What color is the large rectangle?,The large rectangle is white.,white | white | white,True,1.0,0.75,1.0,False,1,The large rectangle is white.,,,0.6725,0.6713,0.0,0.0,37.5,9.049,1,image+text
synth_cot_baseline_00458,cot_baseline,Is the circle on the left or right side?,Is the circle on the left or right side,right | right | right,False,0.0,0.75,1.0,True,1,Is the circle on the left or right side,,,0.5882,0.587,0.0,0.0,38.0,9.049,1,image+text
synth_cot_baseline_00459,cot_baseline,What color is the circle in this image?,a blue circle,blue | blue | blue,True,1.0,0.8,1.0,False,1,a blue circle,,,0.3953,0.3943,0.0,0.0,38.5,9.049,1,image+text
synth_cot_baseline_00460,cot_baseline,Is there a red shape in this image?,"No, there is no red shape in this image",no | no | no,False,0.0,0.75,1.0,True,1,"No, there is no red shape in this image",,,0.582,0.5808,0.0,0.0,38.5,9.049,1,image+text
synth_cot_baseline_00461,cot_baseline,Is the background color light or dark?,a dark background,dark | dark | dark,True,1.0,0.8,1.0,False,1,a dark background,,,0.3029,0.3018,0.0,0.0,42.5,9.049,1,image+text
synth_cot_baseline_00462,cot_baseline,What is the dominant color in this image?,The dominant color in this image is purple,purple | purple | purple,True,1.0,0.75,1.0,False,1,The dominant color in this image is purple,,,0.4871,0.486,0.0,0.0,42.5,9.049,1,image+text
synth_cot_baseline_00463,cot_baseline,What color is the circle?,The color of the circle is green.,olive | olive | brown,False,0.0,0.75,1.0,True,1,The color of the circle is green.,,,0.4909,0.4897,0.0,0.0,38.0,9.049,1,image+text
synth_cot_baseline_00464,cot_baseline,What color is the large rectangle?,The large rectangle is the color of the large rectangle.,pink | pink | pink,False,0.0,0.75,1.0,True,1,The large rectangle is the color of the large rectangle.,,,0.7215,0.7202,0.0,0.0,38.0,9.049,1,image+text
synth_cot_baseline_00465,cot_baseline,Is there a purple shape in this image?,"No, there is no purple shape in this image",no | no | no,False,0.0,0.75,1.0,True,1,"No, there is no purple shape in this image",,,0.6299,0.6287,0.0,0.0,38.0,9.049,1,image+text
synth_cot_baseline_00466,cot_baseline,What color is the circle in this image?,The circle is red in this image,red | red | red,True,1.0,0.75,1.0,False,1,The circle is red in this image,,,0.444,0.4429,0.0,0.0,39.0,9.049,1,image+text
synth_cot_baseline_00467,cot_baseline,Is the background color light or dark?,a dark background,dark | dark | dark,True,1.0,0.8,1.0,False,1,a dark background,,,0.3069,0.3058,0.0,0.0,39.5,9.049,1,image+text
synth_cot_baseline_00468,cot_baseline,What color is the small circle?,The color of the small circle is green.,olive | olive | green,True,0.3333,0.75,1.0,False,1,The color of the small circle is green.,,,0.5361,0.5349,0.0,0.0,38.5,9.049,1,image+text
synth_cot_baseline_00469,cot_baseline,What color is the circle in this image?,a blue circle,blue | blue | blue,True,1.0,0.8,1.0,False,1,a blue circle,,,0.3972,0.3961,0.0,0.0,43.0,9.049,1,image+text
synth_cot_baseline_00470,cot_baseline,What is the dominant color in this image?,The dominant color in this image is red.,maroon | maroon | dark red,True,0.3333,0.75,1.0,False,1,The dominant color in this image is red.,,,0.5392,0.538,0.0,0.0,43.0,9.049,1,image+text
synth_cot_baseline_00471,cot_baseline,What color is the large rectangle?,The large rectangle is blue.,blue | blue | blue,True,1.0,0.75,1.0,False,1,The large rectangle is blue.,,,0.492,0.4909,0.0,0.0,40.0,9.049,1,image+text
synth_cot_baseline_00472,cot_baseline,What color is the large rectangle?,The large rectangle is green.,lime | lime | green,True,0.3333,0.75,1.0,False,1,The large rectangle is green.,,,0.6847,0.6835,0.0,0.0,40.0,9.049,1,image+text
synth_cot_baseline_00473,cot_baseline,What color is the large rectangle?,The large rectangle is green.,green | green | green,True,1.0,0.75,1.0,False,1,The large rectangle is green.,,,0.4822,0.481,0.0,0.0,39.5,9.049,1,image+text
synth_cot_baseline_00474,cot_baseline,What color is the large rectangle?,The large rectangle is blue.,blue | blue | blue,True,1.0,0.75,1.0,False,1,The large rectangle is blue.,,,0.4945,0.4934,0.0,0.0,38.5,9.049,1,image+text
synth_cot_baseline_00475,cot_baseline,What color is the circle in this image?,The circle in this image is yellow.,yellow | yellow | yellow,True,1.0,0.75,1.0,False,1,The circle in this image is yellow.,,,0.806,0.8047,0.0,0.0,37.5,9.049,1,image+text
synth_cot_baseline_00476,cot_baseline,Is the circle on the left or right side?,Is the circle on the left or right side,right | right | right,False,0.0,0.75,1.0,True,1,Is the circle on the left or right side,,,0.5831,0.5819,0.0,0.0,38.5,9.049,1,image+text
synth_cot_baseline_00477,cot_baseline,What color is the background?,a white background,white | white | white,True,1.0,0.8,1.0,False,1,a white background,,,0.3035,0.3024,0.0,0.0,42.5,9.049,1,image+text
synth_cot_baseline_00478,cot_baseline,What color is the circle in this image?,a blue circle,blue | blue | blue,True,1.0,0.8,1.0,False,1,a blue circle,,,0.3985,0.3974,0.0,0.0,46.5,9.049,1,image+text
synth_cot_baseline_00479,cot_baseline,What is the dominant color in this image?,red is the dominant color in this image,red | red | red,True,1.0,0.75,1.0,False,1,red is the dominant color in this image,,,0.488,0.4869,0.0,0.0,42.0,9.049,1,image+text
synth_cot_baseline_00480,cot_baseline,Is there a green shape in this image?,Yes there is a green shape in this image,yes | yes | yes,False,0.0,0.75,1.0,True,1,Yes there is a green shape in this image,,,0.5939,0.5927,0.0,0.0,37.0,9.049,1,image+text
synth_cot_baseline_00481,cot_baseline,What color is the large rectangle?,The large rectangle is the color of yellow,yellow | yellow | yellow,True,1.0,0.75,1.0,False,1,The large rectangle is the color of yellow,,,0.6276,0.6264,0.0,0.0,37.0,9.049,1,image+text
synth_cot_baseline_00482,cot_baseline,Is the background color light or dark?,a dark background,dark | dark | dark,True,1.0,0.8,1.0,False,1,a dark background,,,0.302,0.3009,0.0,0.0,42.0,9.049,1,image+text
synth_cot_baseline_00483,cot_baseline,Is there a red shape in this image?,"No, there is no red shape in this image",no | no | no,False,0.0,0.75,1.0,True,1,"No, there is no red shape in this image",,,0.5851,0.5839,0.0,0.0,42.0,9.049,1,image+text
synth_cot_baseline_00484,cot_baseline,What is the dominant color in this image?,blue is the dominant color in this image,navy | navy | blue | dark blue,True,0.6667,0.75,1.0,False,1,blue is the dominant color in this image,,,0.4947,0.4936,0.0,0.0,38.0,9.049,1,image+text
synth_cot_baseline_00485,cot_baseline,What is the dominant color in this image?,The dominant color in this image is blue.,teal | teal | cyan | blue-green,False,0.0,0.75,1.0,True,1,The dominant color in this image is blue.,,,0.5479,0.5467,0.0,0.0,37.0,9.049,1,image+text
synth_cot_baseline_00486,cot_baseline,What color is the circle?,a circle is the shape of a circle,pink | pink | pink,False,0.0,0.75,1.0,True,1,a circle is the shape of a circle,,,0.7612,0.7599,0.0,0.0,37.0,9.049,1,image+text
synth_cot_baseline_00487,cot_baseline,Is the background color light or dark?,Is the background color light or dark,dark | dark | dark,False,0.0,0.75,1.0,True,1,Is the background color light or dark,,,0.489,0.4878,0.0,0.0,43.0,9.049,1,image+text
synth_cot_baseline_00488,cot_baseline,What is the dominant color in this image?,The dominant color in this image is yellow,yellow | yellow | yellow,True,1.0,0.75,1.0,False,1,The dominant color in this image is yellow,,,0.4969,0.4957,0.0,0.0,43.5,9.049,1,image+text
synth_cot_baseline_00489,cot_baseline,Is the circle on the left or right side?,The circle is on the left side,left | left | left,True,1.0,0.75,1.0,False,1,The circle is on the left side,,,0.539,0.5378,0.0,0.0,38.5,9.049,1,image+text
synth_cot_baseline_00490,cot_baseline,What color is the background?,a white background,white | white | white,True,1.0,0.8,1.0,False,1,a white background,,,0.3064,0.3053,0.0,0.0,41.0,9.049,1,image+text
synth_cot_baseline_00491,cot_baseline,Is the background color light or dark?,a dark background,dark | dark | dark,True,1.0,0.8,1.0,False,1,a dark background,,,0.3052,0.3042,0.0,0.0,45.5,9.049,1,image+text
synth_cot_baseline_00492,cot_baseline,Is there a red shape in this image?,"Yes, there is a red shape in this image",yes | yes | yes,False,0.0,0.75,1.0,True,1,"Yes, there is a red shape in this image",,,0.6273,0.6261,0.0,0.0,43.0,9.049,1,image+text
synth_cot_baseline_00493,cot_baseline,What color is the large rectangle?,The large rectangle is the color of the large rectangle,teal | teal | green,False,0.0,0.75,1.0,True,1,The large rectangle is the color of the large rectangle,,,0.6013,0.6001,0.0,0.0,36.5,9.049,1,image+text
synth_cot_baseline_00494,cot_baseline,Is there a red shape in this image?,"Yes, there is a red shape in this image",yes | yes | yes,False,0.0,0.75,1.0,True,1,"Yes, there is a red shape in this image",,,0.6469,0.6457,0.0,0.0,36.0,9.049,1,image+text
synth_cot_baseline_00495,cot_baseline,What color is the small circle?,The color of the small circle is green,lime | lime | yellow-green,False,0.0,0.75,1.0,True,1,The color of the small circle is green,,,0.4945,0.4933,0.0,0.0,38.0,9.049,1,image+text
synth_cot_baseline_00496,cot_baseline,What color is the circle?,a circle is the shape of a circle,pink | pink | pink,False,0.0,0.75,1.0,True,1,a circle is the shape of a circle,,,0.7607,0.7594,0.0,0.0,38.0,9.049,1,image+text
synth_cot_baseline_00497,cot_baseline,What is the dominant color in this image?,The dominant color in this image is yellow,yellow | yellow | yellow,True,1.0,0.75,1.0,False,1,The dominant color in this image is yellow,,,0.4909,0.4898,0.0,0.0,38.0,9.049,1,image+text
synth_cot_baseline_00498,cot_baseline,What color is the circle?,The color of the circle is green.,olive | olive | brown,False,0.0,0.75,1.0,True,1,The color of the circle is green.,,,0.5015,0.5003,0.0,0.0,41.0,9.049,1,image+text
synth_cot_baseline_00499,cot_baseline,What color is the large rectangle?,The large rectangle is blue.,navy | dark blue | navy,True,0.3333,0.75,1.0,False,1,The large rectangle is blue.,,,0.6753,0.6741,0.0,0.0,41.0,9.049,1,image+text
synth_cot_baseline_00500,cot_baseline,What color is the large rectangle?,The large rectangle is the color of the large rectangle.,brown | brown | brown,False,0.0,0.75,1.0,True,1,The large rectangle is the color of the large rectangle.,,,0.6309,0.6297,0.0,0.0,38.0,9.049,1,image+text
synth_cot_baseline_00501,cot_baseline,What is the dominant color in this image?,The dominant color in this image is purple,purple | purple | purple,True,1.0,0.75,1.0,False,1,The dominant color in this image is purple,,,0.4915,0.4903,0.0,0.0,38.0,9.049,1,image+text
synth_cot_baseline_00502,cot_baseline,What color is the circle in this image?,The circle in this image is yellow.,yellow | yellow | yellow,True,1.0,0.75,1.0,False,1,The circle in this image is yellow.,,,0.8169,0.8155,0.0,0.0,38.0,9.049,1,image+text
synth_cot_baseline_00503,cot_baseline,What is the dominant color in this image?,The dominant color in this image is green.,olive | olive | green | dark green,True,0.6667,0.75,1.0,False,1,The dominant color in this image is green.,,,0.5452,0.544,0.0,0.0,37.5,9.049,1,image+text
synth_cot_baseline_00504,cot_baseline,Is the background color light or dark?,Is the background color light or dark,dark | dark | dark,False,0.0,0.75,1.0,True,1,Is the background color light or dark,,,0.4911,0.49,0.0,0.0,37.5,9.049,1,image+text
synth_cot_baseline_00505,cot_baseline,Is the circle on the left or right side?,Is the circle on the left or right side,right | right | right,False,0.0,0.75,1.0,True,1,Is the circle on the left or right side,,,0.6011,0.5999,0.0,0.0,36.5,9.049,1,image+text
synth_cot_baseline_00506,cot_baseline,What color is the large rectangle?,The large rectangle is blue.,blue | blue | blue,True,1.0,0.75,1.0,False,1,The large rectangle is blue.,,,0.493,0.4919,0.0,0.0,37.5,9.049,1,image+text
synth_cot_baseline_00507,cot_baseline,What is the dominant color in this image?,red is the dominant color in this image,red | red | red,True,1.0,0.75,1.0,False,1,red is the dominant color in this image,,,0.4971,0.4959,0.0,0.0,39.0,9.049,1,image+text
synth_cot_baseline_00508,cot_baseline,What color is the large rectangle?,The large rectangle is the color of the large rectangle.,pink | pink | pink,False,0.0,0.75,1.0,True,1,The large rectangle is the color of the large rectangle.,,,0.7229,0.7217,0.0,0.0,37.5,9.049,1,image+text
synth_cot_baseline_00509,cot_baseline,What is the dominant color in this image?,The dominant color in this image is yellow,yellow | yellow | yellow,True,1.0,0.75,1.0,False,1,The dominant color in this image is yellow,,,0.4841,0.483,0.0,0.0,38.0,9.049,1,image+text
synth_cot_baseline_00510,cot_baseline,What is the dominant color in this image?,blue is the dominant color in this image,blue | blue | blue,True,1.0,0.75,1.0,False,1,blue is the dominant color in this image,,,0.4894,0.4882,0.0,0.0,40.0,9.049,1,image+text
synth_cot_baseline_00511,cot_baseline,Is the background color light or dark?,Is the background color light or dark,dark | dark | medium,False,0.0,0.75,1.0,True,1,Is the background color light or dark,,,0.4977,0.4965,0.0,0.0,39.5,9.049,1,image+text
synth_cot_baseline_00512,cot_baseline,Is the background color light or dark?,Is the background light or dark?,light | light | light,True,1.0,0.75,1.0,False,1,Is the background light or dark?,,,0.491,0.4898,0.0,0.0,38.5,9.049,1,image+text
synth_cot_baseline_00513,cot_baseline,Is there a blue shape in this image?,"Yes, there is a blue shape in this image",no | no | no,False,0.0,0.75,1.0,True,1,"Yes, there is a blue shape in this image",,,0.6244,0.6231,0.0,0.0,38.5,9.049,1,image+text
synth_cot_baseline_00514,cot_baseline,Is there a red shape in this image?,"Yes, there is a red shape in this image",yes | yes | yes,False,0.0,0.75,1.0,True,1,"Yes, there is a red shape in this image",,,0.6347,0.6335,0.0,0.0,38.0,9.049,1,image+text
synth_cot_baseline_00515,cot_baseline,What color is the large rectangle?,The large rectangle is red.,maroon | maroon | dark red,True,0.3333,0.75,1.0,False,1,The large rectangle is red.,,,0.4422,0.4411,0.0,0.0,42.5,9.049,1,image+text
synth_cot_baseline_00516,cot_baseline,Is the background color light or dark?,Is the background light or dark?,light | light | light,True,1.0,0.75,1.0,False,1,Is the background light or dark?,,,0.4929,0.4917,0.0,0.0,43.0,9.049,1,image+text
synth_cot_baseline_00517,cot_baseline,What color is the circle?,a circle is the shape of a circle,pink | pink | pink,False,0.0,0.75,1.0,True,1,a circle is the shape of a circle,,,0.7701,0.7688,0.0,0.0,38.5,9.049,1,image+text
synth_cot_baseline_00518,cot_baseline,Is the background color light or dark?,Is the background light or dark?,light | light | light,True,1.0,0.75,1.0,False,1,Is the background light or dark?,,,0.4925,0.4914,0.0,0.0,41.5,9.049,1,image+text
synth_cot_baseline_00519,cot_baseline,What color is the circle in this image?,The circle is red in this image,red | red | red,True,1.0,0.75,1.0,False,1,The circle is red in this image,,,0.4436,0.4425,0.0,0.0,41.5,9.049,1,image+text
synth_cot_baseline_00520,cot_baseline,Is the background color light or dark?,a dark background,dark | dark | dark,True,1.0,0.8,1.0,False,1,a dark background,,,0.3168,0.3158,0.0,0.0,40.5,9.049,1,image+text
synth_cot_baseline_00521,cot_baseline,What color is the large rectangle?,The large rectangle is green.,green | green | green,True,1.0,0.75,1.0,False,1,The large rectangle is green.,,,0.4959,0.4948,0.0,0.0,40.5,9.049,1,image+text
synth_cot_baseline_00522,cot_baseline,What color is the large rectangle?,The large rectangle is the color orange,orange | orange | orange,True,1.0,0.75,1.0,False,1,The large rectangle is the color orange,,,0.5044,0.5032,0.0,0.0,38.0,9.049,1,image+text
synth_cot_baseline_00523,cot_baseline,What color is the circle?,The color of the circle is blue.,cyan | cyan | teal | teal,False,0.0,0.75,1.0,True,1,The color of the circle is blue.,,,0.4916,0.4904,0.0,0.0,38.0,9.049,1,image+text
synth_cot_baseline_00524,cot_baseline,Is the circle on the left or right side?,Is the circle on the left or right side,right | right | right,False,0.0,0.75,1.0,True,1,Is the circle on the left or right side,,,0.6008,0.5996,0.0,0.0,36.5,9.049,1,image+text
synth_cot_baseline_00525,cot_baseline,Is the background color light or dark?,The background color is light blue.,light | light | medium,False,0.0,0.75,1.0,True,1,The background color is light blue.,,,0.4413,0.4402,0.0,0.0,37.5,9.049,1,image+text
synth_cot_baseline_00526,cot_baseline,What color is the circle?,a red circle with a black background,maroon | dark red | red,True,0.6667,0.75,1.0,False,1,a red circle with a black background,,,0.5422,0.541,0.0,0.0,38.5,9.049,1,image+text
synth_cot_baseline_00527,cot_baseline,What color is the small circle?,The color of the small circle is green,lime | lime | yellow-green,False,0.0,0.75,1.0,True,1,The color of the small circle is green,,,0.4955,0.4943,0.0,0.0,38.0,9.049,1,image+text
synth_cot_baseline_00528,cot_baseline,What is the dominant color in this image?,The dominant color in this image is purple,purple | purple | purple,True,1.0,0.75,1.0,False,1,The dominant color in this image is purple,,,0.494,0.4928,0.0,0.0,38.5,9.049,1,image+text
synth_cot_baseline_00529,cot_baseline,What color is the circle?,The color of the circle is blue.,cyan | cyan | teal | teal,False,0.0,0.75,1.0,True,1,The color of the circle is blue.,,,0.4894,0.4883,0.0,0.0,38.0,9.049,1,image+text
synth_cot_baseline_00530,cot_baseline,Is the background color light or dark?,a dark background,dark | dark | dark,True,1.0,0.8,1.0,False,1,a dark background,,,0.3072,0.3061,0.0,0.0,41.0,9.049,1,image+text
synth_cot_baseline_00531,cot_baseline,What color is the circle in this image?,a blue circle,blue | blue | blue,True,1.0,0.8,1.0,False,1,a blue circle,,,0.3978,0.3967,0.0,0.0,45.5,9.049,1,image+text
synth_cot_baseline_00532,cot_baseline,What is the dominant color in this image?,blue is the dominant color in this image,blue | blue | blue,True,1.0,0.75,1.0,False,1,blue is the dominant color in this image,,,0.4892,0.488,0.0,0.0,43.0,9.049,1,image+text
synth_cot_baseline_00533,cot_baseline,What is the dominant color in this image?,The dominant color in this image is green,green | green | green,True,1.0,0.75,1.0,False,1,The dominant color in this image is green,,,0.5035,0.5023,0.0,0.0,38.5,9.049,1,image+text
synth_cot_baseline_00534,cot_baseline,What is the dominant color in this image?,The dominant color in this image is green.,olive | olive | green | dark green,True,0.6667,0.75,1.0,False,1,The dominant color in this image is green.,,,0.5317,0.5305,0.0,0.0,38.0,9.049,1,image+text
synth_cot_baseline_00535,cot_baseline,What is the dominant color in this image?,The dominant color in this image is red.,maroon | maroon | dark red,True,0.3333,0.75,1.0,False,1,The dominant color in this image is red.,,,0.5396,0.5385,0.0,0.0,38.5,9.049,1,image+text
synth_cot_baseline_00536,cot_baseline,What is the dominant color in this image?,red is the dominant color in this image,red | red | red,True,1.0,0.75,1.0,False,1,red is the dominant color in this image,,,0.4846,0.4835,0.0,0.0,41.5,9.049,1,image+text
synth_cot_baseline_00537,cot_baseline,What color is the large rectangle?,The large rectangle is green.,green | green | green,True,1.0,0.75,1.0,False,1,The large rectangle is green.,,,0.485,0.4838,0.0,0.0,41.0,9.049,1,image+text
synth_cot_baseline_00538,cot_baseline,Is there a red shape in this image?,"No, there is no red shape in this image",no | no | no,False,0.0,0.75,1.0,True,1,"No, there is no red shape in this image",,,0.5782,0.577,0.0,0.0,38.0,9.049,1,image+text
synth_cot_baseline_00539,cot_baseline,What is the dominant color in this image?,blue is the dominant color in this image,blue | blue | blue,True,1.0,0.75,1.0,False,1,blue is the dominant color in this image,,,0.4974,0.4962,0.0,0.0,38.5,9.049,1,image+text
synth_cot_baseline_00540,cot_baseline,What color is the large rectangle?,The large rectangle is blue.,blue | blue | blue,True,1.0,0.75,1.0,False,1,The large rectangle is blue.,,,0.4992,0.498,0.0,0.0,38.0,9.049,1,image+text
synth_cot_baseline_00541,cot_baseline,What is the dominant color in this image?,red is the dominant color in this image,red | red | red,True,1.0,0.75,1.0,False,1,red is the dominant color in this image,,,0.4911,0.4899,0.0,0.0,38.0,9.049,1,image+text
synth_cot_baseline_00542,cot_baseline,What is the dominant color in this image?,The dominant color in this image is red.,maroon | maroon | dark red,True,0.3333,0.75,1.0,False,1,The dominant color in this image is red.,,,0.5461,0.545,0.0,0.0,38.5,9.049,1,image+text
synth_cot_baseline_00543,cot_baseline,What is the dominant color in this image?,The dominant color in this image is yellow,yellow | yellow | yellow,True,1.0,0.75,1.0,False,1,The dominant color in this image is yellow,,,0.4925,0.4913,0.0,0.0,38.0,9.049,1,image+text
synth_cot_baseline_00544,cot_baseline,What color is the circle in this image?,The circle in this image is yellow.,yellow | yellow | yellow,True,1.0,0.75,1.0,False,1,The circle in this image is yellow.,,,0.8114,0.8101,0.0,0.0,38.0,9.049,1,image+text
synth_cot_baseline_00545,cot_baseline,What color is the large rectangle?,The large rectangle is red.,maroon | maroon | dark red,True,0.3333,0.75,1.0,False,1,The large rectangle is red.,,,0.4391,0.4379,0.0,0.0,43.0,9.049,1,image+text
synth_cot_baseline_00546,cot_baseline,Is the circle on the left or right side?,Is the circle on the left or right side,right | right | right,False,0.0,0.75,1.0,True,1,Is the circle on the left or right side,,,0.5879,0.5867,0.0,0.0,43.0,9.049,1,image+text
synth_cot_baseline_00547,cot_baseline,What color is the circle?,a circle is the shape of a circle,pink | pink | pink,False,0.0,0.75,1.0,True,1,a circle is the shape of a circle,,,0.7939,0.7927,0.0,0.0,36.0,9.049,1,image+text
synth_cot_baseline_00548,cot_baseline,What is the dominant color in this image?,The dominant color in this image is yellow,yellow | yellow | yellow,True,1.0,0.75,1.0,False,1,The dominant color in this image is yellow,,,0.4931,0.492,0.0,0.0,36.0,9.049,1,image+text
synth_cot_baseline_00549,cot_baseline,What color is the large rectangle?,The large rectangle is red.,red | red | red,True,1.0,0.75,1.0,False,1,The large rectangle is red.,,,0.5077,0.5065,0.0,0.0,36.5,9.049,1,image+text
synth_cot_baseline_00550,cot_baseline,What is the dominant color in this image?,The dominant color in this image is purple,purple | purple | purple,True,1.0,0.75,1.0,False,1,The dominant color in this image is purple,,,0.4904,0.4892,0.0,0.0,36.5,9.049,1,image+text
synth_cot_baseline_00551,cot_baseline,What color is the background?,The background color is blue.,navy | dark blue | blue,True,0.6667,0.75,1.0,False,1,The background color is blue.,,,0.3996,0.3984,0.0,0.0,41.5,9.049,1,image+text
synth_cot_baseline_00552,cot_baseline,What color is the large rectangle?,The large rectangle is white.,white | white | white,True,1.0,0.75,1.0,False,1,The large rectangle is white.,,,0.6737,0.6725,0.0,0.0,41.5,9.049,1,image+text
synth_cot_baseline_00553,cot_baseline,What color is the background?,The background is blue.,blue | blue | blue,True,1.0,0.75,1.0,False,1,The background is blue.,,,0.3552,0.3541,0.0,0.0,42.5,9.049,1,image+text
synth_cot_baseline_00554,cot_baseline,What color is the circle in this image?,The circle in this image is yellow.,yellow | yellow | yellow,True,1.0,0.75,1.0,False,1,The circle in this image is yellow.,,,0.8081,0.8068,0.0,0.0,42.5,9.049,1,image+text
synth_cot_baseline_00555,cot_baseline,What color is the background?,The background is grey.,gray | gray | grey,True,0.3333,0.75,1.0,False,1,The background is grey.,,,0.3624,0.3613,0.0,0.0,41.5,9.049,1,image+text
synth_cot_baseline_00556,cot_baseline,What color is the background?,a white background,white | white | white,True,1.0,0.8,1.0,False,1,a white background,,,0.3045,0.3034,0.0,0.0,42.5,9.049,1,image+text
synth_cot_baseline_00557,cot_baseline,Is the background color light or dark?,Is the background color light or dark,dark | dark | dark,False,0.0,0.75,1.0,True,1,Is the background color light or dark,,,0.4904,0.4892,0.0,0.0,39.0,9.049,1,image+text
synth_cot_baseline_00558,cot_baseline,What color is the large rectangle?,The large rectangle is purple.,purple | purple | purple,True,1.0,0.75,1.0,False,1,The large rectangle is purple.,,,0.4447,0.4436,0.0,0.0,41.0,9.049,1,image+text
synth_cot_baseline_00559,cot_baseline,What color is the large rectangle?,The large rectangle is blue.,blue | blue | blue,True,1.0,0.75,1.0,False,1,The large rectangle is blue.,,,0.4865,0.4853,0.0,0.0,41.0,9.049,1,image+text
synth_cot_baseline_00560,cot_baseline,What color is the background?,The background is blue.,blue | blue | blue,True,1.0,0.75,1.0,False,1,The background is blue.,,,0.3536,0.3525,0.0,0.0,42.5,9.049,1,image+text
synth_cot_baseline_00561,cot_baseline,What is the dominant color in this image?,The dominant color is orange.,orange | orange | orange,True,1.0,0.75,1.0,False,1,The dominant color is orange.,,,0.3987,0.3976,0.0,0.0,47.0,9.049,1,image+text
synth_cot_baseline_00562,cot_baseline,What is the dominant color in this image?,The dominant color in this image is blue.,cyan | cyan | blue,True,0.3333,0.75,1.0,False,1,The dominant color in this image is blue.,,,0.5374,0.5363,0.0,0.0,42.5,9.049,1,image+text
synth_cot_baseline_00563,cot_baseline,What color is the large rectangle?,The large rectangle is blue.,blue | blue | blue,True,1.0,0.75,1.0,False,1,The large rectangle is blue.,,,0.4885,0.4873,0.0,0.0,38.0,9.049,1,image+text
synth_cot_baseline_00564,cot_baseline,What is the dominant color in this image?,red is the dominant color in this image,red | red | red,True,1.0,0.75,1.0,False,1,red is the dominant color in this image,,,0.4898,0.4887,0.0,0.0,38.0,9.049,1,image+text
synth_cot_baseline_00565,cot_baseline,What color is the background?,a white background,white | white | white,True,1.0,0.8,1.0,False,1,a white background,,,0.3019,0.3008,0.0,0.0,42.0,9.049,1,image+text
synth_cot_baseline_00566,cot_baseline,What is the dominant color in this image?,The dominant color is orange.,orange | orange | orange,True,1.0,0.75,1.0,False,1,The dominant color is orange.,,,0.3926,0.3915,0.0,0.0,42.0,9.049,1,image+text
synth_cot_baseline_00567,cot_baseline,Is there a blue shape in this image?,Yes there is a blue shape in this image,yes | yes | yes,False,0.0,0.75,1.0,True,1,Yes there is a blue shape in this image,,,0.5864,0.5852,0.0,0.0,38.0,9.049,1,image+text
synth_cot_baseline_00568,cot_baseline,What color is the large rectangle?,The large rectangle is red.,red | red | red,True,1.0,0.75,1.0,False,1,The large rectangle is red.,,,0.5049,0.5037,0.0,0.0,38.0,9.049,1,image+text
synth_cot_baseline_00569,cot_baseline,What color is the large rectangle?,The large rectangle is white.,white | white | white,True,1.0,0.75,1.0,False,1,The large rectangle is white.,,,0.6688,0.6676,0.0,0.0,38.0,9.049,1,image+text
synth_cot_baseline_00570,cot_baseline,What is the dominant color in this image?,The dominant color is orange.,orange | orange | orange,True,1.0,0.75,1.0,False,1,The dominant color is orange.,,,0.3969,0.3958,0.0,0.0,42.5,9.049,1,image+text
synth_cot_baseline_00571,cot_baseline,What color is the large rectangle?,The large rectangle is the color of yellow,yellow | yellow | yellow,True,1.0,0.75,1.0,False,1,The large rectangle is the color of yellow,,,0.6279,0.6267,0.0,0.0,42.5,9.049,1,image+text
synth_cot_baseline_00572,cot_baseline,Is there a red shape in this image?,"Yes, there is a red shape in this image",yes | yes | yes,False,0.0,0.75,1.0,True,1,"Yes, there is a red shape in this image",,,0.63,0.6288,0.0,0.0,38.0,9.049,1,image+text
synth_cot_baseline_00573,cot_baseline,What is the dominant color in this image?,The dominant color in this image is purple,purple | purple | purple,True,1.0,0.75,1.0,False,1,The dominant color in this image is purple,,,0.4908,0.4897,0.0,0.0,38.0,9.049,1,image+text
synth_cot_baseline_00574,cot_baseline,What color is the small circle?,The color of the small circle is green.,olive | olive | green,True,0.3333,0.75,1.0,False,1,The color of the small circle is green.,,,0.5516,0.5504,0.0,0.0,38.0,9.049,1,image+text
synth_cot_baseline_00575,cot_baseline,What color is the large rectangle?,The large rectangle is red.,red | red | red,True,1.0,0.75,1.0,False,1,The large rectangle is red.,,,0.4975,0.4963,0.0,0.0,39.0,9.049,1,image+text
synth_cot_baseline_00576,cot_baseline,Is there a red shape in this image?,"No, there is no red shape in this image",no | no | no,False,0.0,0.75,1.0,True,1,"No, there is no red shape in this image",,,0.5873,0.586,0.0,0.0,39.0,9.049,1,image+text
synth_cot_baseline_00577,cot_baseline,What is the dominant color in this image?,red is the dominant color in this image,red | red | red,True,1.0,0.75,1.0,False,1,red is the dominant color in this image,,,0.4955,0.4943,0.0,0.0,38.0,9.049,1,image+text
synth_cot_baseline_00578,cot_baseline,Is the background color light or dark?,a dark background,dark | dark | dark,True,1.0,0.8,1.0,False,1,a dark background,,,0.3088,0.3077,0.0,0.0,42.0,9.049,1,image+text
synth_cot_baseline_00579,cot_baseline,What color is the circle in this image?,a blue circle,blue | blue | blue,True,1.0,0.8,1.0,False,1,a blue circle,,,0.3992,0.3981,0.0,0.0,46.5,9.049,1,image+text
synth_cot_baseline_00580,cot_baseline,Is the circle on the left or right side?,The circle is on the left side,left | left | center,True,0.6667,0.75,1.0,False,1,The circle is on the left side,,,0.4924,0.4913,0.0,0.0,42.5,9.049,1,image+text
synth_cot_baseline_00581,cot_baseline,What color is the large rectangle?,The large rectangle is the color of yellow,yellow | yellow | yellow,True,1.0,0.75,1.0,False,1,The large rectangle is the color of yellow,,,0.6298,0.6286,0.0,0.0,38.0,9.049,1,image+text
synth_cot_baseline_00582,cot_baseline,Is the circle on the left or right side?,The circle is on the left side,left | left | left,True,1.0,0.75,1.0,False,1,The circle is on the left side,,,0.538,0.5368,0.0,0.0,39.5,9.049,1,image+text
synth_cot_baseline_00583,cot_baseline,What color is the circle?,a red circle with a black background,maroon | dark red | red,True,0.6667,0.75,1.0,False,1,a red circle with a black background,,,0.5449,0.5437,0.0,0.0,39.0,9.049,1,image+text
synth_cot_baseline_00584,cot_baseline,Is the background color light or dark?,a dark background,dark | dark | dark,True,1.0,0.8,1.0,False,1,a dark background,,,0.3086,0.3075,0.0,0.0,41.5,9.049,1,image+text
synth_cot_baseline_00585,cot_baseline,Is the background color light or dark?,Is the background light or dark?,light | light | light,True,1.0,0.75,1.0,False,1,Is the background light or dark?,,,0.491,0.4898,0.0,0.0,43.5,9.049,1,image+text
synth_cot_baseline_00586,cot_baseline,What is the dominant color in this image?,blue is the dominant color in this image,navy | navy | blue | dark blue,True,0.6667,0.75,1.0,False,1,blue is the dominant color in this image,,,0.4928,0.4916,0.0,0.0,39.5,9.049,1,image+text
synth_cot_baseline_00587,cot_baseline,What is the dominant color in this image?,The dominant color in this image is blue.,teal | teal | cyan | blue-green,False,0.0,0.75,1.0,True,1,The dominant color in this image is blue.,,,0.5373,0.5362,0.0,0.0,39.0,9.049,1,image+text
synth_cot_baseline_00588,cot_baseline,Is there a blue shape in this image?,"Yes, there is a blue shape in this image",no | no | no,False,0.0,0.75,1.0,True,1,"Yes, there is a blue shape in this image",,,0.6542,0.653,0.0,0.0,39.0,9.049,1,image+text
synth_cot_baseline_00589,cot_baseline,Is the background color light or dark?,Is the background color light or dark,dark | dark | medium,False,0.0,0.75,1.0,True,1,Is the background color light or dark,,,0.4922,0.4911,0.0,0.0,38.5,9.049,1,image+text
synth_cot_baseline_00590,cot_baseline,What color is the large rectangle?,The large rectangle is white.,white | white | white,True,1.0,0.75,1.0,False,1,The large rectangle is white.,,,0.6809,0.6798,0.0,0.0,38.5,9.049,1,image+text
synth_cot_baseline_00591,cot_baseline,What is the dominant color in this image?,The dominant color in this image is yellow,yellow | yellow | yellow,True,1.0,0.75,1.0,False,1,The dominant color in this image is yellow,,,0.4842,0.4831,0.0,0.0,38.5,9.049,1,image+text
synth_cot_baseline_00592,cot_baseline,What is the dominant color in this image?,blue is the dominant color in this image,navy | navy | blue | dark blue,True,0.6667,0.75,1.0,False,1,blue is the dominant color in this image,,,0.4849,0.4838,0.0,0.0,42.5,9.049,1,image+text
synth_cot_baseline_00593,cot_baseline,Is there a purple shape in this image?,"No, there is no purple shape in this image",no | no | no,False,0.0,0.75,1.0,True,1,"No, there is no purple shape in this image",,,0.6376,0.6364,0.0,0.0,41.5,9.049,1,image+text
synth_cot_baseline_00594,cot_baseline,What color is the large rectangle?,The large rectangle is the color of the large rectangle.,brown | brown | brown,False,0.0,0.75,1.0,True,1,The large rectangle is the color of the large rectangle.,,,0.6359,0.6346,0.0,0.0,37.0,9.049,1,image+text
synth_cot_baseline_00595,cot_baseline,What color is the circle in this image?,The circle is red in this image,red | red | red,True,1.0,0.75,1.0,False,1,The circle is red in this image,,,0.4458,0.4446,0.0,0.0,38.5,9.049,1,image+text
synth_cot_baseline_00596,cot_baseline,What color is the large rectangle?,The large rectangle is green.,green | green | green,True,1.0,0.75,1.0,False,1,The large rectangle is green.,,,0.4887,0.4876,0.0,0.0,42.5,9.049,1,image+text
synth_cot_baseline_00597,cot_baseline,Is there a red shape in this image?,"No, there is no red shape in this image",no | no | no,False,0.0,0.75,1.0,True,1,"No, there is no red shape in this image",,,0.5861,0.5849,0.0,0.0,41.5,9.049,1,image+text
synth_cot_baseline_00598,cot_baseline,What color is the background?,The background color is blue.,navy | dark blue | blue,True,0.6667,0.75,1.0,False,1,The background color is blue.,,,0.3999,0.3988,0.0,0.0,37.5,9.049,1,image+text
synth_cot_baseline_00599,cot_baseline,What color is the small circle?,The color of the small circle is green,lime | lime | yellow-green,False,0.0,0.75,1.0,True,1,The color of the small circle is green,,,0.4978,0.4965,0.0,0.0,37.0,9.049,1,image+text
synth_cot_baseline_00600,cot_baseline,What color is the large rectangle?,The large rectangle is the color of the large rectangle.,pink | pink | pink,False,0.0,0.75,1.0,True,1,The large rectangle is the color of the large rectangle.,,,0.7225,0.7212,0.0,0.0,37.5,9.049,1,image+text
synth_cot_baseline_00601,cot_baseline,What color is the circle in this image?,The circle is red in this image,red | red | red,True,1.0,0.75,1.0,False,1,The circle is red in this image,,,0.4446,0.4434,0.0,0.0,42.0,9.049,1,image+text
synth_cot_baseline_00602,cot_baseline,What color is the circle in this image?,a blue circle,blue | blue | blue,True,1.0,0.8,1.0,False,1,a blue circle,,,0.4002,0.3991,0.0,0.0,43.0,9.049,1,image+text
synth_cot_baseline_00603,cot_baseline,What is the dominant color in this image?,The dominant color in this image is purple,purple | purple | purple,True,1.0,0.75,1.0,False,1,The dominant color in this image is purple,,,0.4926,0.4915,0.0,0.0,39.5,9.049,1,image+text
synth_cot_baseline_00604,cot_baseline,What color is the large rectangle?,The large rectangle is green.,green | green | green,True,1.0,0.75,1.0,False,1,The large rectangle is green.,,,0.4929,0.4917,0.0,0.0,38.5,9.049,1,image+text
synth_cot_baseline_00605,cot_baseline,What color is the large rectangle?,The large rectangle is green.,olive | olive | dark yellow,False,0.0,0.75,1.0,True,1,The large rectangle is green.,,,0.5454,0.5442,0.0,0.0,38.0,9.049,1,image+text
synth_cot_baseline_00606,cot_baseline,What color is the large rectangle?,The large rectangle is red.,maroon | maroon | dark red,True,0.3333,0.75,1.0,False,1,The large rectangle is red.,,,0.4482,0.447,0.0,0.0,42.5,9.049,1,image+text
synth_cot_baseline_00607,cot_baseline,What color is the large rectangle?,The large rectangle is blue.,blue | blue | blue,True,1.0,0.75,1.0,False,1,The large rectangle is blue.,,,0.4935,0.4923,0.0,0.0,42.5,9.049,1,image+text
synth_cot_baseline_00608,cot_baseline,Is there a red shape in this image?,"No, there is no red shape in this image",no | no | no,False,0.0,0.75,1.0,True,1,"No, there is no red shape in this image",,,0.5857,0.5845,0.0,0.0,38.0,9.049,1,image+text
synth_cot_baseline_00609,cot_baseline,Is the background color light or dark?,Is the background color light or dark,dark | dark | dark,False,0.0,0.75,1.0,True,1,Is the background color light or dark,,,0.4916,0.4905,0.0,0.0,38.0,9.049,1,image+text
synth_cot_baseline_00610,cot_baseline,Is the circle on the left or right side?,Is the circle on the left or right side,right | right | right,False,0.0,0.75,1.0,True,1,Is the circle on the left or right side,,,0.6021,0.6008,0.0,0.0,38.0,9.049,1,image+text
synth_cot_baseline_00611,cot_baseline,What color is the background?,The background is blue.,blue | blue | blue,True,1.0,0.75,1.0,False,1,The background is blue.,,,0.3504,0.3493,0.0,0.0,38.0,9.049,1,image+text
synth_cot_baseline_00612,cot_baseline,What color is the large rectangle?,The large rectangle is red.,red | red | red,True,1.0,0.75,1.0,False,1,The large rectangle is red.,,,0.4857,0.4845,0.0,0.0,38.0,9.049,1,image+text
synth_cot_baseline_00613,cot_baseline,What color is the background?,The background is blue.,blue | blue | blue,True,1.0,0.75,1.0,False,1,The background is blue.,,,0.353,0.3519,0.0,0.0,38.5,9.049,1,image+text
synth_cot_baseline_00614,cot_baseline,What color is the background?,a white background,white | white | white,True,1.0,0.8,1.0,False,1,a white background,,,0.3065,0.3055,0.0,0.0,43.0,9.049,1,image+text
synth_cot_baseline_00615,cot_baseline,What color is the large rectangle?,The large rectangle is the color of the large rectangle.,brown | brown | brown,False,0.0,0.75,1.0,True,1,The large rectangle is the color of the large rectangle.,,,0.6317,0.6305,0.0,0.0,42.5,9.049,1,image+text
synth_cot_baseline_00616,cot_baseline,Is the background color light or dark?,Is the background light or dark?,light | light | light,True,1.0,0.75,1.0,False,1,Is the background light or dark?,,,0.4851,0.484,0.0,0.0,43.0,9.049,1,image+text
synth_cot_baseline_00617,cot_baseline,What color is the background?,The background is blue.,blue | blue | blue,True,1.0,0.75,1.0,False,1,The background is blue.,,,0.3506,0.3495,0.0,0.0,43.0,9.049,1,image+text
synth_cot_baseline_00618,cot_baseline,What color is the large rectangle?,The large rectangle is blue.,navy | dark blue | navy,True,0.3333,0.75,1.0,False,1,The large rectangle is blue.,,,0.6756,0.6743,0.0,0.0,38.0,9.049,1,image+text
synth_cot_baseline_00619,cot_baseline,Is there a green shape in this image?,"No, there is no green shape in this image",no | no | no,False,0.0,0.75,1.0,True,1,"No, there is no green shape in this image",,,0.6015,0.6003,0.0,0.0,37.5,9.049,1,image+text
synth_cot_baseline_00620,cot_baseline,What color is the background?,The background is blue.,blue | blue | blue,True,1.0,0.75,1.0,False,1,The background is blue.,,,0.3594,0.3583,0.0,0.0,39.0,9.049,1,image+text
synth_cot_baseline_00621,cot_baseline,What color is the large rectangle?,The large rectangle is green.,olive | olive | dark yellow,False,0.0,0.75,1.0,True,1,The large rectangle is green.,,,0.5401,0.5389,0.0,0.0,39.5,9.049,1,image+text
synth_cot_baseline_00622,cot_baseline,What is the dominant color in this image?,The dominant color in this image is red.,maroon | maroon | dark red,True,0.3333,0.75,1.0,False,1,The dominant color in this image is red.,,,0.5398,0.5386,0.0,0.0,38.0,9.049,1,image+text
synth_cot_baseline_00623,cot_baseline,What is the dominant color in this image?,blue is the dominant color in this image,blue | blue | blue,True,1.0,0.75,1.0,False,1,blue is the dominant color in this image,,,0.4935,0.4923,0.0,0.0,41.0,9.049,1,image+text
synth_cot_baseline_00624,cot_baseline,What color is the large rectangle?,The large rectangle is the color of the large rectangle,teal | teal | green,False,0.0,0.75,1.0,True,1,The large rectangle is the color of the large rectangle,,,0.5818,0.5805,0.0,0.0,41.0,9.049,1,image+text
synth_cot_baseline_00625,cot_baseline,Is there a green shape in this image?,"No, there is no green shape in this image",no | no | no,False,0.0,0.75,1.0,True,1,"No, there is no green shape in this image",,,0.5974,0.5961,0.0,0.0,38.0,9.049,1,image+text
synth_cot_baseline_00626,cot_baseline,Is the background color light or dark?,Is the background light or dark?,light | light | light,True,1.0,0.75,1.0,False,1,Is the background light or dark?,,,0.495,0.4938,0.0,0.0,38.0,9.049,1,image+text
synth_cot_baseline_00627,cot_baseline,What is the dominant color in this image?,blue is the dominant color in this image,blue | blue | blue,True,1.0,0.75,1.0,False,1,blue is the dominant color in this image,,,0.5111,0.5099,0.0,0.0,39.5,9.049,1,image+text
synth_cot_baseline_00628,cot_baseline,What color is the circle in this image?,The circle is red in this image,red | red | red,True,1.0,0.75,1.0,False,1,The circle is red in this image,,,0.4466,0.4454,0.0,0.0,43.5,9.049,1,image+text
synth_cot_baseline_00629,cot_baseline,What color is the background?,The background is blue.,blue | blue | blue,True,1.0,0.75,1.0,False,1,The background is blue.,,,0.3707,0.3697,0.0,0.0,40.5,9.049,1,image+text
synth_cot_baseline_00630,cot_baseline,Is there a green shape in this image?,Yes there is a green shape in this image,yes | yes | yes,False,0.0,0.75,1.0,True,1,Yes there is a green shape in this image,,,0.5767,0.5755,0.0,0.0,36.5,9.049,1,image+text
synth_cot_baseline_00631,cot_baseline,What color is the circle?,a circle is the shape of a circle,pink | pink | pink,False,0.0,0.75,1.0,True,1,a circle is the shape of a circle,,,0.7767,0.7754,0.0,0.0,38.0,9.049,1,image+text
synth_cot_baseline_00632,cot_baseline,What color is the large rectangle?,The large rectangle is the color of the large rectangle.,brown | brown | brown,False,0.0,0.75,1.0,True,1,The large rectangle is the color of the large rectangle.,,,0.6368,0.6355,0.0,0.0,37.5,9.049,1,image+text
synth_cot_baseline_00633,cot_baseline,What is the dominant color in this image?,blue is the dominant color in this image,blue | blue | blue,True,1.0,0.75,1.0,False,1,blue is the dominant color in this image,,,0.4965,0.4954,0.0,0.0,37.5,9.049,1,image+text
synth_cot_baseline_00634,cot_baseline,Is the circle on the left or right side?,The circle is on the left side,left | left | left,True,1.0,0.75,1.0,False,1,The circle is on the left side,,,0.541,0.5396,0.0,0.0,38.0,9.049,1,image+text
synth_cot_baseline_00635,cot_baseline,What color is the circle?,The color of the circle is blue.,cyan | cyan | teal | teal,False,0.0,0.75,1.0,True,1,The color of the circle is blue.,,,0.4876,0.4864,0.0,0.0,38.0,9.049,1,image+text
synth_cot_baseline_00636,cot_baseline,Is the background color light or dark?,Is the background color light or dark,dark | dark | dark,False,0.0,0.75,1.0,True,1,Is the background color light or dark,,,0.4914,0.4902,0.0,0.0,37.5,9.049,1,image+text
synth_cot_baseline_00637,cot_baseline,What is the dominant color in this image?,The dominant color in this image is yellow,yellow | yellow | yellow,True,1.0,0.75,1.0,False,1,The dominant color in this image is yellow,,,0.4948,0.4937,0.0,0.0,37.5,9.049,1,image+text
synth_cot_baseline_00638,cot_baseline,Is there a blue shape in this image?,Yes there is a blue shape in this image,yes | yes | yes,False,0.0,0.75,1.0,True,1,Yes there is a blue shape in this image,,,0.6061,0.605,0.0,0.0,36.0,9.049,1,image+text
synth_cot_baseline_00639,cot_baseline,What color is the large rectangle?,The large rectangle is blue.,navy | dark blue | navy,True,0.3333,0.75,1.0,False,1,The large rectangle is blue.,,,0.6747,0.6734,0.0,0.0,36.0,9.049,1,image+text
synth_cot_baseline_00640,cot_baseline,What is the dominant color in this image?,The dominant color in this image is red.,maroon | maroon | dark red,True,0.3333,0.75,1.0,False,1,The dominant color in this image is red.,,,0.5393,0.5381,0.0,0.0,38.0,9.049,1,image+text
synth_cot_baseline_00641,cot_baseline,What color is the small circle?,The color of the small circle is green.,olive | olive | green,True,0.3333,0.75,1.0,False,1,The color of the small circle is green.,,,0.5541,0.553,0.0,0.0,38.0,9.049,1,image+text
synth_cot_baseline_00642,cot_baseline,What color is the background?,The background is a light beige color.,cream | white | beige,False,0.0,0.75,1.0,True,1,The background is a light beige color.,,,0.5764,0.5751,0.0,0.0,38.0,9.049,1,image+text
synth_cot_baseline_00643,cot_baseline,What color is the circle in this image?,The circle in this image is yellow.,yellow | yellow | yellow,True,1.0,0.75,1.0,False,1,The circle in this image is yellow.,,,0.8134,0.8121,0.0,0.0,38.0,9.049,1,image+text
synth_cot_baseline_00644,cot_baseline,What is the dominant color in this image?,The dominant color in this image is yellow,yellow | yellow | yellow,True,1.0,0.75,1.0,False,1,The dominant color in this image is yellow,,,0.4958,0.4946,0.0,0.0,38.0,9.049,1,image+text
synth_cot_baseline_00645,cot_baseline,What is the dominant color in this image?,The dominant color in this image is purple,purple | purple | purple,True,1.0,0.75,1.0,False,1,The dominant color in this image is purple,,,0.5065,0.5053,0.0,0.0,38.0,9.049,1,image+text
synth_cot_baseline_00646,cot_baseline,What is the dominant color in this image?,The dominant color in this image is green,green | green | green,True,1.0,0.75,1.0,False,1,The dominant color in this image is green,,,0.4929,0.4917,0.0,0.0,39.5,9.049,1,image+text
synth_cot_baseline_00647,cot_baseline,What color is the large rectangle?,The large rectangle is the color of yellow,yellow | yellow | yellow,True,1.0,0.75,1.0,False,1,The large rectangle is the color of yellow,,,0.6368,0.6356,0.0,0.0,39.0,9.049,1,image+text
synth_cot_baseline_00648,cot_baseline,What color is the background?,The background is a light beige color.,cream | white | beige,False,0.0,0.75,1.0,True,1,The background is a light beige color.,,,0.5833,0.5821,0.0,0.0,37.5,9.049,1,image+text
synth_cot_baseline_00649,cot_baseline,What is the dominant color in this image?,The dominant color in this image is green,green | green | green,True,1.0,0.75,1.0,False,1,The dominant color in this image is green,,,0.4973,0.4961,0.0,0.0,37.5,9.049,1,image+text
synth_cot_baseline_00650,cot_baseline,Is the circle on the left or right side?,Is the circle on the left or right side,right | right | right,False,0.0,0.75,1.0,True,1,Is the circle on the left or right side,,,0.5915,0.5903,0.0,0.0,37.0,9.049,1,image+text
synth_cot_baseline_00651,cot_baseline,What color is the background?,The background is grey.,gray | gray | grey,True,0.3333,0.75,1.0,False,1,The background is grey.,,,0.3557,0.3546,0.0,0.0,40.0,9.049,1,image+text
synth_cot_baseline_00652,cot_baseline,What color is the circle in this image?,The circle in this image is yellow.,yellow | yellow | yellow,True,1.0,0.75,1.0,False,1,The circle in this image is yellow.,,,0.8435,0.8422,0.0,0.0,40.5,9.049,1,image+text
synth_cot_baseline_00653,cot_baseline,What color is the large rectangle?,The large rectangle is green.,lime | lime | green,True,0.3333,0.75,1.0,False,1,The large rectangle is green.,,,0.6848,0.6836,0.0,0.0,38.0,9.049,1,image+text
synth_cot_baseline_00654,cot_baseline,What is the dominant color in this image?,The dominant color is orange.,orange | orange | orange,True,1.0,0.75,1.0,False,1,The dominant color is orange.,,,0.3946,0.3935,0.0,0.0,42.5,9.049,1,image+text
synth_cot_baseline_00655,cot_baseline,What is the dominant color in this image?,The dominant color in this image is yellow,yellow | yellow | yellow,True,1.0,0.75,1.0,False,1,The dominant color in this image is yellow,,,0.4899,0.4887,0.0,0.0,42.5,9.049,1,image+text
synth_cot_baseline_00656,cot_baseline,What color is the large rectangle?,The large rectangle is green.,green | green | green,True,1.0,0.75,1.0,False,1,The large rectangle is green.,,,0.4924,0.4912,0.0,0.0,38.5,9.049,1,image+text
synth_cot_baseline_00657,cot_baseline,What color is the large rectangle?,The large rectangle is red.,red | red | red,True,1.0,0.75,1.0,False,1,The large rectangle is red.,,,0.4915,0.4904,0.0,0.0,43.5,9.049,1,image+text
synth_cot_baseline_00658,cot_baseline,What color is the background?,a white background,white | white | white,True,1.0,0.8,1.0,False,1,a white background,,,0.3073,0.3062,0.0,0.0,47.0,9.049,1,image+text
synth_cot_baseline_00659,cot_baseline,What color is the large rectangle?,The large rectangle is the color of the large rectangle.,brown | brown | brown,False,0.0,0.75,1.0,True,1,The large rectangle is the color of the large rectangle.,,,0.6282,0.6269,0.0,0.0,42.0,9.049,1,image+text
synth_cot_baseline_00660,cot_baseline,What color is the large rectangle?,The large rectangle is red.,red | red | red,True,1.0,0.75,1.0,False,1,The large rectangle is red.,,,0.506,0.5049,0.0,0.0,38.0,9.049,1,image+text
synth_cot_baseline_00661,cot_baseline,Is the background color light or dark?,Is the background color light or dark,dark | dark | dark,False,0.0,0.75,1.0,True,1,Is the background color light or dark,,,0.4928,0.4917,0.0,0.0,39.5,9.049,1,image+text
synth_cot_baseline_00662,cot_baseline,What is the dominant color in this image?,The dominant color is orange.,orange | orange | orange,True,1.0,0.75,1.0,False,1,The dominant color is orange.,,,0.4192,0.4181,0.0,0.0,43.0,9.049,1,image+text
synth_cot_baseline_00663,cot_baseline,What color is the circle in this image?,The circle is red in this image,red | red | red,True,1.0,0.75,1.0,False,1,The circle is red in this image,,,0.4448,0.4436,0.0,0.0,41.5,9.049,1,image+text
synth_cot_baseline_00664,cot_baseline,Is there a purple shape in this image?,Yes there is a purple shape in this image,yes | yes | yes,False,0.0,0.75,1.0,True,1,Yes there is a purple shape in this image,,,0.6302,0.629,0.0,0.0,38.0,9.049,1,image+text
synth_cot_baseline_00665,cot_baseline,What color is the background?,The background is blue.,blue | blue | blue,True,1.0,0.75,1.0,False,1,The background is blue.,,,0.3529,0.3518,0.0,0.0,39.5,9.049,1,image+text
synth_cot_baseline_00666,cot_baseline,What color is the large rectangle?,The large rectangle is green.,olive | olive | dark yellow,False,0.0,0.75,1.0,True,1,The large rectangle is green.,,,0.5361,0.535,0.0,0.0,39.5,9.049,1,image+text
synth_cot_baseline_00667,cot_baseline,What color is the circle in this image?,The circle is red in this image,red | red | red,True,1.0,0.75,1.0,False,1,The circle is red in this image,,,0.4463,0.4452,0.0,0.0,38.0,9.049,1,image+text
synth_cot_baseline_00668,cot_baseline,What color is the circle in this image?,The circle is red in this image,red | red | red,True,1.0,0.75,1.0,False,1,The circle is red in this image,,,0.444,0.4428,0.0,0.0,38.0,9.049,1,image+text
synth_cot_baseline_00669,cot_baseline,What color is the background?,a white background,white | white | white,True,1.0,0.8,1.0,False,1,a white background,,,0.3054,0.3043,0.0,0.0,41.5,9.049,1,image+text
synth_cot_baseline_00670,cot_baseline,What color is the circle in this image?,a blue circle,blue | blue | blue,True,1.0,0.8,1.0,False,1,a blue circle,,,0.3958,0.3947,0.0,0.0,45.5,9.049,1,image+text
synth_cot_baseline_00671,cot_baseline,What color is the large rectangle?,The large rectangle is green.,green | green | green,True,1.0,0.75,1.0,False,1,The large rectangle is green.,,,0.489,0.4879,0.0,0.0,42.0,9.049,1,image+text
synth_cot_baseline_00672,cot_baseline,What color is the large rectangle?,The large rectangle is the color of the large rectangle.,pink | pink | pink,False,0.0,0.75,1.0,True,1,The large rectangle is the color of the large rectangle.,,,0.7407,0.7394,0.0,0.0,38.0,9.049,1,image+text
synth_cot_baseline_00673,cot_baseline,What color is the large rectangle?,The large rectangle is the color of the large rectangle.,brown | brown | brown,False,0.0,0.75,1.0,True,1,The large rectangle is the color of the large rectangle.,,,0.6228,0.6216,0.0,0.0,38.0,9.049,1,image+text
synth_cot_baseline_00674,cot_baseline,What color is the background?,The background is a light beige color.,cream | white | beige,False,0.0,0.75,1.0,True,1,The background is a light beige color.,,,0.5825,0.5812,0.0,0.0,38.0,9.049,1,image+text
synth_cot_baseline_00675,cot_baseline,Is there a red shape in this image?,"No, there is no red shape in this image",no | no | no,False,0.0,0.75,1.0,True,1,"No, there is no red shape in this image",,,0.5868,0.5856,0.0,0.0,38.0,9.049,1,image+text
synth_cot_baseline_00676,cot_baseline,What color is the circle in this image?,The circle is red in this image,red | red | red,True,1.0,0.75,1.0,False,1,The circle is red in this image,,,0.4373,0.4362,0.0,0.0,42.5,9.049,1,image+text
synth_cot_baseline_00677,cot_baseline,What color is the large rectangle?,The large rectangle is purple.,purple | purple | purple,True,1.0,0.75,1.0,False,1,The large rectangle is purple.,,,0.4452,0.4441,0.0,0.0,42.5,9.049,1,image+text
synth_cot_baseline_00678,cot_baseline,Is the circle on the left or right side?,Is the circle on the left or right side,right | right | right,False,0.0,0.75,1.0,True,1,Is the circle on the left or right side,,,0.5779,0.5767,0.0,0.0,38.0,9.049,1,image+text
synth_cot_baseline_00679,cot_baseline,What is the dominant color in this image?,The dominant color in this image is brown.,brown | brown | brown,True,1.0,0.75,1.0,False,1,The dominant color in this image is brown.,,,0.5303,0.5291,0.0,0.0,38.5,9.049,1,image+text
synth_cot_baseline_00680,cot_baseline,Is there a red shape in this image?,"Yes, there is a red shape in this image",yes | yes | yes,False,0.0,0.75,1.0,True,1,"Yes, there is a red shape in this image",,,0.6264,0.6251,0.0,0.0,38.5,9.049,1,image+text
synth_cot_baseline_00681,cot_baseline,What is the dominant color in this image?,blue is the dominant color in this image,blue | blue | blue,True,1.0,0.75,1.0,False,1,blue is the dominant color in this image,,,0.4863,0.4851,0.0,0.0,38.0,9.049,1,image+text
synth_cot_baseline_00682,cot_baseline,What is the dominant color in this image?,The dominant color in this image is green,green | green | green,True,1.0,0.75,1.0,False,1,The dominant color in this image is green,,,0.4891,0.488,0.0,0.0,40.5,9.049,1,image+text
synth_cot_baseline_00683,cot_baseline,Is the background color light or dark?,Is the background color light or dark,dark | dark | medium,False,0.0,0.75,1.0,True,1,Is the background color light or dark,,,0.4858,0.4846,0.0,0.0,40.5,9.049,1,image+text
synth_cot_baseline_00684,cot_baseline,What color is the large rectangle?,The large rectangle is blue.,blue | blue | blue,True,1.0,0.75,1.0,False,1,The large rectangle is blue.,,,0.4866,0.4854,0.0,0.0,39.0,9.049,1,image+text
synth_cot_baseline_00685,cot_baseline,Is there a purple shape in this image?,Yes there is a purple shape in this image,yes | yes | yes,False,0.0,0.75,1.0,True,1,Yes there is a purple shape in this image,,,0.6276,0.6264,0.0,0.0,39.0,9.049,1,image+text
synth_cot_baseline_00686,cot_baseline,Is the background color light or dark?,Is the background light or dark?,light | light | light,True,1.0,0.75,1.0,False,1,Is the background light or dark?,,,0.4964,0.4952,0.0,0.0,38.0,9.049,1,image+text
synth_cot_baseline_00687,cot_baseline,What color is the large rectangle?,The large rectangle is the color orange,orange | orange | orange,True,1.0,0.75,1.0,False,1,The large rectangle is the color orange,,,0.4946,0.4934,0.0,0.0,39.5,9.049,1,image+text
synth_cot_baseline_00688,cot_baseline,What color is the large rectangle?,The large rectangle is blue.,blue | blue | blue,True,1.0,0.75,1.0,False,1,The large rectangle is blue.,,,0.4925,0.4913,0.0,0.0,39.5,9.049,1,image+text
synth_cot_baseline_00689,cot_baseline,What color is the large rectangle?,The large rectangle is red.,red | red | red,True,1.0,0.75,1.0,False,1,The large rectangle is red.,,,0.4912,0.4901,0.0,0.0,39.0,9.049,1,image+text
synth_cot_baseline_00690,cot_baseline,Is the background color light or dark?,a dark background,dark | dark | dark,True,1.0,0.8,1.0,False,1,a dark background,,,0.3061,0.3051,0.0,0.0,43.5,9.049,1,image+text
synth_cot_baseline_00691,cot_baseline,What color is the large rectangle?,The large rectangle is red.,maroon | maroon | dark red,True,0.3333,0.75,1.0,False,1,The large rectangle is red.,,,0.4436,0.4425,0.0,0.0,43.5,9.049,1,image+text
synth_cot_baseline_00692,cot_baseline,What color is the large rectangle?,The large rectangle is green.,lime | lime | green,True,0.3333,0.75,1.0,False,1,The large rectangle is green.,,,0.672,0.6708,0.0,0.0,39.0,9.049,1,image+text
synth_cot_baseline_00693,cot_baseline,What color is the large rectangle?,The large rectangle is red.,maroon | maroon | dark red,True,0.3333,0.75,1.0,False,1,The large rectangle is red.,,,0.4459,0.4447,0.0,0.0,38.0,9.049,1,image+text
synth_cot_baseline_00694,cot_baseline,What is the dominant color in this image?,The dominant color in this image is purple,purple | purple | purple,True,1.0,0.75,1.0,False,1,The dominant color in this image is purple,,,0.4914,0.4903,0.0,0.0,38.0,9.049,1,image+text
synth_cot_baseline_00695,cot_baseline,Is there a red shape in this image?,"No, there is no red shape in this image",no | no | no,False,0.0,0.75,1.0,True,1,"No, there is no red shape in this image",,,0.586,0.5848,0.0,0.0,38.0,9.049,1,image+text
synth_cot_baseline_00696,cot_baseline,Is there a blue shape in this image?,Yes there is a blue shape in this image,yes | yes | yes,False,0.0,0.75,1.0,True,1,Yes there is a blue shape in this image,,,0.5885,0.5873,0.0,0.0,38.0,9.049,1,image+text
synth_cot_baseline_00697,cot_baseline,Is the circle on the left or right side?,Is the circle on the left or right side,right | right | right,False,0.0,0.75,1.0,True,1,Is the circle on the left or right side,,,0.5868,0.5856,0.0,0.0,38.0,9.049,1,image+text
synth_cot_baseline_00698,cot_baseline,Is the background color light or dark?,Is the background light or dark?,light | light | light,True,1.0,0.75,1.0,False,1,Is the background light or dark?,,,0.4907,0.4895,0.0,0.0,39.5,9.049,1,image+text
synth_cot_baseline_00699,cot_baseline,What color is the circle?,a red circle with a white background,brown | brown | maroon,False,0.0,0.75,1.0,True,1,a red circle with a white background,,,0.596,0.5948,0.0,0.0,39.5,9.049,1,image+text
synth_cot_baseline_00700,cot_baseline,What is the dominant color in this image?,The dominant color in this image is brown.,brown | brown | brown,True,1.0,0.75,1.0,False,1,The dominant color in this image is brown.,,,0.5338,0.5327,0.0,0.0,38.5,9.049,1,image+text
synth_cot_baseline_00701,cot_baseline,What color is the circle?,The color of the circle is blue.,cyan | cyan | teal | teal,False,0.0,0.75,1.0,True,1,The color of the circle is blue.,,,0.4884,0.4873,0.0,0.0,42.0,9.049,1,image+text
synth_cot_baseline_00702,cot_baseline,What color is the large rectangle?,The large rectangle is red.,red | red | red,True,1.0,0.75,1.0,False,1,The large rectangle is red.,,,0.4824,0.4813,0.0,0.0,41.5,9.049,1,image+text
synth_cot_baseline_00703,cot_baseline,Is there a blue shape in this image?,"Yes, there is a blue shape in this image",no | no | no,False,0.0,0.75,1.0,True,1,"Yes, there is a blue shape in this image",,,0.6211,0.6199,0.0,0.0,38.5,9.049,1,image+text
synth_cot_baseline_00704,cot_baseline,What color is the circle?,a red circle with a white background,brown | brown | maroon,False,0.0,0.75,1.0,True,1,a red circle with a white background,,,0.5805,0.5793,0.0,0.0,38.5,9.049,1,image+text
synth_cot_baseline_00705,cot_baseline,Is the circle on the left or right side?,Is the circle on the left or right side,right | right | right,False,0.0,0.75,1.0,True,1,Is the circle on the left or right side,,,0.6045,0.6033,0.0,0.0,36.5,9.049,1,image+text
synth_cot_baseline_00706,cot_baseline,What is the dominant color in this image?,The dominant color in this image is purple,purple | purple | purple,True,1.0,0.75,1.0,False,1,The dominant color in this image is purple,,,0.4926,0.4914,0.0,0.0,38.0,9.049,1,image+text
synth_cot_baseline_00707,cot_baseline,What color is the circle in this image?,The circle in this image is yellow.,yellow | yellow | yellow,True,1.0,0.75,1.0,False,1,The circle in this image is yellow.,,,0.8093,0.8079,0.0,0.0,40.0,9.049,1,image+text
synth_cot_baseline_00708,cot_baseline,Is the background color light or dark?,Is the background light or dark?,light | light | light,True,1.0,0.75,1.0,False,1,Is the background light or dark?,,,0.488,0.4869,0.0,0.0,38.5,9.049,1,image+text
synth_cot_baseline_00709,cot_baseline,Is the background color light or dark?,The background color is light blue.,light | light | medium,False,0.0,0.75,1.0,True,1,The background color is light blue.,,,0.4505,0.4493,0.0,0.0,39.5,9.049,1,image+text
synth_cot_baseline_00710,cot_baseline,What is the dominant color in this image?,red is the dominant color in this image,red | red | red,True,1.0,0.75,1.0,False,1,red is the dominant color in this image,,,0.5005,0.4993,0.0,0.0,39.5,9.049,1,image+text
synth_cot_baseline_00711,cot_baseline,What color is the circle?,The color of the circle is green.,olive | olive | brown,False,0.0,0.75,1.0,True,1,The color of the circle is green.,,,0.4911,0.49,0.0,0.0,38.0,9.049,1,image+text
synth_cot_baseline_00712,cot_baseline,What color is the large rectangle?,The large rectangle is green.,green | green | green,True,1.0,0.75,1.0,False,1,The large rectangle is green.,,,0.4895,0.4884,0.0,0.0,38.0,9.049,1,image+text
synth_cot_baseline_00713,cot_baseline,What is the dominant color in this image?,The dominant color in this image is green,green | green | green,True,1.0,0.75,1.0,False,1,The dominant color in this image is green,,,0.4902,0.4891,0.0,0.0,38.0,9.049,1,image+text
synth_cot_baseline_00714,cot_baseline,What color is the background?,The background is blue.,blue | blue | blue,True,1.0,0.75,1.0,False,1,The background is blue.,,,0.3845,0.3834,0.0,0.0,39.0,9.049,1,image+text
synth_cot_baseline_00715,cot_baseline,What is the dominant color in this image?,The dominant color in this image is green.,olive | olive | green | dark green,True,0.6667,0.75,1.0,False,1,The dominant color in this image is green.,,,0.5366,0.5354,0.0,0.0,39.0,9.049,1,image+text
synth_cot_baseline_00716,cot_baseline,What color is the large rectangle?,The large rectangle is the color of yellow,yellow | yellow | yellow,True,1.0,0.75,1.0,False,1,The large rectangle is the color of yellow,,,0.6283,0.627,0.0,0.0,38.0,9.049,1,image+text
synth_cot_baseline_00717,cot_baseline,What color is the large rectangle?,The large rectangle is white.,white | white | white,True,1.0,0.75,1.0,False,1,The large rectangle is white.,,,0.6827,0.6814,0.0,0.0,37.0,9.049,1,image+text
synth_cot_baseline_00718,cot_baseline,What color is the circle?,a red circle with a white background,brown | brown | maroon,False,0.0,0.75,1.0,True,1,a red circle with a white background,,,0.5881,0.5869,0.0,0.0,37.0,9.049,1,image+text
synth_cot_baseline_00719,cot_baseline,Is there a blue shape in this image?,"Yes, there is a blue shape in this image",no | no | no,False,0.0,0.75,1.0,True,1,"Yes, there is a blue shape in this image",,,0.6357,0.6345,0.0,0.0,38.0,9.049,1,image+text
synth_cot_baseline_00720,cot_baseline,What color is the circle in this image?,The circle in this image is yellow.,yellow | yellow | yellow,True,1.0,0.75,1.0,False,1,The circle in this image is yellow.,,,0.8173,0.816,0.0,0.0,38.0,9.049,1,image+text
synth_cot_baseline_00721,cot_baseline,What is the dominant color in this image?,The dominant color in this image is purple,purple | purple | purple,True,1.0,0.75,1.0,False,1,The dominant color in this image is purple,,,0.4906,0.4894,0.0,0.0,38.0,9.049,1,image+text
synth_cot_baseline_00722,cot_baseline,What is the dominant color in this image?,The dominant color in this image is brown.,brown | brown | brown,True,1.0,0.75,1.0,False,1,The dominant color in this image is brown.,,,0.5386,0.5374,0.0,0.0,38.0,9.049,1,image+text
synth_cot_baseline_00723,cot_baseline,What color is the circle in this image?,The circle is red in this image,red | red | red,True,1.0,0.75,1.0,False,1,The circle is red in this image,,,0.4471,0.4459,0.0,0.0,38.0,9.049,1,image+text
synth_cot_baseline_00724,cot_baseline,What color is the circle in this image?,The circle is red in this image,red | red | red,True,1.0,0.75,1.0,False,1,The circle is red in this image,,,0.4467,0.4455,0.0,0.0,38.5,9.049,1,image+text
synth_cot_baseline_00725,cot_baseline,What color is the large rectangle?,The large rectangle is green.,green | green | green,True,1.0,0.75,1.0,False,1,The large rectangle is green.,,,0.4891,0.4879,0.0,0.0,42.0,9.049,1,image+text
synth_cot_baseline_00726,cot_baseline,Is the circle on the left or right side?,The circle is on the left side,left | left | left,True,1.0,0.75,1.0,False,1,The circle is on the left side,,,0.544,0.5428,0.0,0.0,41.5,9.049,1,image+text
synth_cot_baseline_00727,cot_baseline,What color is the large rectangle?,The large rectangle is the color of the large rectangle,teal | teal | green,False,0.0,0.75,1.0,True,1,The large rectangle is the color of the large rectangle,,,0.5789,0.5777,0.0,0.0,38.0,9.049,1,image+text
synth_cot_baseline_00728,cot_baseline,What color is the circle in this image?,The circle in this image is yellow.,yellow | yellow | yellow,True,1.0,0.75,1.0,False,1,The circle in this image is yellow.,,,0.8256,0.8243,0.0,0.0,37.5,9.049,1,image+text
synth_cot_baseline_00729,cot_baseline,Is there a green shape in this image?,"No, there is no green shape in this image",no | no | no,False,0.0,0.75,1.0,True,1,"No, there is no green shape in this image",,,0.5986,0.5974,0.0,0.0,37.5,9.049,1,image+text
synth_cot_baseline_00730,cot_baseline,What is the dominant color in this image?,The dominant color in this image is green.,olive | olive | green | dark green,True,0.6667,0.75,1.0,False,1,The dominant color in this image is green.,,,0.5407,0.5396,0.0,0.0,38.0,9.049,1,image+text
synth_cot_baseline_00731,cot_baseline,What color is the large rectangle?,The large rectangle is purple.,purple | purple | purple,True,1.0,0.75,1.0,False,1,The large rectangle is purple.,,,0.4516,0.4505,0.0,0.0,39.5,9.049,1,image+text
synth_cot_baseline_00732,cot_baseline,What is the dominant color in this image?,The dominant color in this image is red.,maroon | maroon | dark red,True,0.3333,0.75,1.0,False,1,The dominant color in this image is red.,,,0.5431,0.542,0.0,0.0,39.5,9.049,1,image+text
synth_cot_baseline_00733,cot_baseline,What color is the large rectangle?,The large rectangle is the color of yellow,yellow | yellow | yellow,True,1.0,0.75,1.0,False,1,The large rectangle is the color of yellow,,,0.6472,0.646,0.0,0.0,36.5,9.049,1,image+text
synth_cot_baseline_00734,cot_baseline,What color is the circle in this image?,The circle in this image is yellow.,yellow | yellow | yellow,True,1.0,0.75,1.0,False,1,The circle in this image is yellow.,,,0.8224,0.8211,0.0,0.0,36.5,9.049,1,image+text
synth_cot_baseline_00735,cot_baseline,Is the circle on the left or right side?,The circle is on the left side,left | left | left,True,1.0,0.75,1.0,False,1,The circle is on the left side,,,0.5371,0.5359,0.0,0.0,38.0,9.049,1,image+text
synth_cot_baseline_00736,cot_baseline,Is the background color light or dark?,Is the background light or dark?,light | light | light,True,1.0,0.75,1.0,False,1,Is the background light or dark?,,,0.4924,0.4912,0.0,0.0,40.0,9.049,1,image+text
synth_cot_baseline_00737,cot_baseline,What color is the circle?,a circle is the shape of a circle,pink | pink | pink,False,0.0,0.75,1.0,True,1,a circle is the shape of a circle,,,0.7766,0.7753,0.0,0.0,37.5,9.049,1,image+text
synth_cot_baseline_00738,cot_baseline,What color is the large rectangle?,The large rectangle is the color of yellow,yellow | yellow | yellow,True,1.0,0.75,1.0,False,1,The large rectangle is the color of yellow,,,0.6337,0.6324,0.0,0.0,37.5,9.049,1,image+text
synth_cot_baseline_00739,cot_baseline,Is the circle on the left or right side?,Is the circle on the left or right side,right | right | right,False,0.0,0.75,1.0,True,1,Is the circle on the left or right side,,,0.5894,0.5882,0.0,0.0,38.0,9.049,1,image+text
synth_cot_baseline_00740,cot_baseline,What is the dominant color in this image?,The dominant color is orange.,orange | orange | orange,True,1.0,0.75,1.0,False,1,The dominant color is orange.,,,0.4031,0.402,0.0,0.0,38.0,9.049,1,image+text
synth_cot_baseline_00741,cot_baseline,Is the background color light or dark?,The background color is light blue.,light | light | medium,False,0.0,0.75,1.0,True,1,The background color is light blue.,,,0.4498,0.4486,0.0,0.0,38.0,9.049,1,image+text
synth_cot_baseline_00742,cot_baseline,What color is the circle in this image?,The circle is red in this image,red | red | red,True,1.0,0.75,1.0,False,1,The circle is red in this image,,,0.4541,0.453,0.0,0.0,37.5,9.049,1,image+text
synth_cot_baseline_00743,cot_baseline,What color is the background?,a white background,white | white | white,True,1.0,0.8,1.0,False,1,a white background,,,0.3051,0.304,0.0,0.0,40.0,9.049,1,image+text
synth_cot_baseline_00744,cot_baseline,What color is the large rectangle?,The large rectangle is green.,green | green | green,True,1.0,0.75,1.0,False,1,The large rectangle is green.,,,0.4919,0.4907,0.0,0.0,40.0,9.049,1,image+text
synth_cot_baseline_00745,cot_baseline,What is the dominant color in this image?,The dominant color in this image is blue.,teal | teal | cyan | blue-green,False,0.0,0.75,1.0,True,1,The dominant color in this image is blue.,,,0.5415,0.5403,0.0,0.0,39.5,9.049,1,image+text
synth_cot_baseline_00746,cot_baseline,Is the circle on the left or right side?,The circle is on the left side,left | left | center,True,0.6667,0.75,1.0,False,1,The circle is on the left side,,,0.4979,0.4967,0.0,0.0,40.0,9.049,1,image+text
synth_cot_baseline_00747,cot_baseline,Is there a green shape in this image?,Yes there is a green shape in this image,yes | yes | yes,False,0.0,0.75,1.0,True,1,Yes there is a green shape in this image,,,0.5936,0.5925,0.0,0.0,37.5,9.049,1,image+text
synth_cot_baseline_00748,cot_baseline,What color is the large rectangle?,The large rectangle is the color orange,orange | orange | orange,True,1.0,0.75,1.0,False,1,The large rectangle is the color orange,,,0.4993,0.4981,0.0,0.0,37.0,9.049,1,image+text
synth_cot_baseline_00749,cot_baseline,Is there a purple shape in this image?,Yes there is a purple shape in this image,yes | yes | yes,False,0.0,0.75,1.0,True,1,Yes there is a purple shape in this image,,,0.6375,0.6363,0.0,0.0,37.0,9.049,1,image+text
synth_cot_baseline_00750,cot_baseline,Is the background color light or dark?,a dark background,dark | dark | dark,True,1.0,0.8,1.0,False,1,a dark background,,,0.3059,0.3049,0.0,0.0,41.0,9.049,1,image+text
synth_cot_baseline_00751,cot_baseline,What color is the circle?,a red circle with a white background,brown | brown | maroon,False,0.0,0.75,1.0,True,1,a red circle with a white background,,,0.5827,0.5815,0.0,0.0,41.5,9.049,1,image+text
synth_cot_baseline_00752,cot_baseline,Is the circle on the left or right side?,Is the circle on the left or right side,right | right | right,False,0.0,0.75,1.0,True,1,Is the circle on the left or right side,,,0.5907,0.5894,0.0,0.0,38.0,9.049,1,image+text
synth_cot_baseline_00753,cot_baseline,What color is the background?,a white background,white | white | white,True,1.0,0.8,1.0,False,1,a white background,,,0.3091,0.308,0.0,0.0,42.0,9.049,1,image+text
synth_cot_baseline_00754,cot_baseline,Is the circle on the left or right side?,The circle is on the left side,left | left | left,True,1.0,0.75,1.0,False,1,The circle is on the left side,,,0.5459,0.5446,0.0,0.0,42.0,9.049,1,image+text
synth_cot_baseline_00755,cot_baseline,What color is the circle?,a red circle with a white background,brown | brown | maroon,False,0.0,0.75,1.0,True,1,a red circle with a white background,,,0.5886,0.5874,0.0,0.0,38.0,9.049,1,image+text
synth_cot_baseline_00756,cot_baseline,What is the dominant color in this image?,The dominant color in this image is green,green | green | green,True,1.0,0.75,1.0,False,1,The dominant color in this image is green,,,0.4959,0.4948,0.0,0.0,38.0,9.049,1,image+text
synth_cot_baseline_00757,cot_baseline,What is the dominant color in this image?,The dominant color in this image is brown.,brown | brown | brown,True,1.0,0.75,1.0,False,1,The dominant color in this image is brown.,,,0.5389,0.5378,0.0,0.0,38.0,9.049,1,image+text
synth_cot_baseline_00758,cot_baseline,What color is the circle in this image?,The circle in this image is yellow.,yellow | yellow | yellow,True,1.0,0.75,1.0,False,1,The circle in this image is yellow.,,,0.8131,0.8117,0.0,0.0,38.0,9.049,1,image+text
synth_cot_baseline_00759,cot_baseline,What color is the large rectangle?,The large rectangle is the color of yellow,yellow | yellow | yellow,True,1.0,0.75,1.0,False,1,The large rectangle is the color of yellow,,,0.63,0.6287,0.0,0.0,38.0,9.049,1,image+text
synth_cot_baseline_00760,cot_baseline,Is there a red shape in this image?,"No, there is no red shape in this image",no | no | no,False,0.0,0.75,1.0,True,1,"No, there is no red shape in this image",,,0.6097,0.6084,0.0,0.0,38.0,9.049,1,image+text
synth_cot_baseline_00761,cot_baseline,Is the circle on the left or right side?,The circle is on the left side,left | left | left,True,1.0,0.75,1.0,False,1,The circle is on the left side,,,0.5469,0.5457,0.0,0.0,37.5,9.049,1,image+text
synth_cot_baseline_00762,cot_baseline,What color is the large rectangle?,The large rectangle is blue.,blue | blue | blue,True,1.0,0.75,1.0,False,1,The large rectangle is blue.,,,0.5013,0.5001,0.0,0.0,37.5,9.049,1,image+text
synth_cot_baseline_00763,cot_baseline,What is the dominant color in this image?,The dominant color in this image is green,green | green | green,True,1.0,0.75,1.0,False,1,The dominant color in this image is green,,,0.4919,0.4907,0.0,0.0,38.0,9.049,1,image+text
synth_cot_baseline_00764,cot_baseline,What is the dominant color in this image?,The dominant color in this image is green,green | green | green,True,1.0,0.75,1.0,False,1,The dominant color in this image is green,,,0.4926,0.4914,0.0,0.0,38.0,9.049,1,image+text
synth_cot_baseline_00765,cot_baseline,What color is the circle in this image?,a blue circle,blue | blue | blue,True,1.0,0.8,1.0,False,1,a blue circle,,,0.4017,0.4006,0.0,0.0,41.5,9.049,1,image+text
synth_cot_baseline_00766,cot_baseline,Is the circle on the left or right side?,The circle is on the left side,left | left | center,True,0.6667,0.75,1.0,False,1,The circle is on the left side,,,0.4942,0.4931,0.0,0.0,41.5,9.049,1,image+text
synth_cot_baseline_00767,cot_baseline,What color is the circle in this image?,a blue circle,blue | blue | blue,True,1.0,0.8,1.0,False,1,a blue circle,,,0.4025,0.4014,0.0,0.0,38.0,9.049,1,image+text
synth_cot_baseline_00768,cot_baseline,Is the circle on the left or right side?,The circle is on the left side,left | left | left,True,1.0,0.75,1.0,False,1,The circle is on the left side,,,0.5427,0.5415,0.0,0.0,38.0,9.049,1,image+text
synth_cot_baseline_00769,cot_baseline,What color is the large rectangle?,The large rectangle is red.,red | red | red,True,1.0,0.75,1.0,False,1,The large rectangle is red.,,,0.5027,0.5016,0.0,0.0,38.0,9.049,1,image+text
synth_cot_baseline_00770,cot_baseline,What is the dominant color in this image?,blue is the dominant color in this image,blue | blue | blue,True,1.0,0.75,1.0,False,1,blue is the dominant color in this image,,,0.4942,0.493,0.0,0.0,39.0,9.049,1,image+text
synth_cot_baseline_00771,cot_baseline,What is the dominant color in this image?,The dominant color is orange.,orange | orange | orange,True,1.0,0.75,1.0,False,1,The dominant color is orange.,,,0.4022,0.4011,0.0,0.0,43.5,9.049,1,image+text
synth_cot_baseline_00772,cot_baseline,What is the dominant color in this image?,red is the dominant color in this image,red | red | red,True,1.0,0.75,1.0,False,1,red is the dominant color in this image,,,0.5166,0.5154,0.0,0.0,42.5,9.049,1,image+text
synth_cot_baseline_00773,cot_baseline,What color is the large rectangle?,The large rectangle is white.,white | white | white,True,1.0,0.75,1.0,False,1,The large rectangle is white.,,,0.6772,0.676,0.0,0.0,38.0,9.049,1,image+text
synth_cot_baseline_00774,cot_baseline,Is there a red shape in this image?,"No, there is no red shape in this image",no | no | no,False,0.0,0.75,1.0,True,1,"No, there is no red shape in this image",,,0.5971,0.5959,0.0,0.0,37.5,9.049,1,image+text
synth_cot_baseline_00775,cot_baseline,What color is the background?,The background is grey.,gray | gray | grey,True,0.3333,0.75,1.0,False,1,The background is grey.,,,0.3586,0.3576,0.0,0.0,42.0,9.049,1,image+text
synth_cot_baseline_00776,cot_baseline,Is the background color light or dark?,a dark background,dark | dark | dark,True,1.0,0.8,1.0,False,1,a dark background,,,0.3081,0.307,0.0,0.0,46.0,9.049,1,image+text
synth_cot_baseline_00777,cot_baseline,Is the circle on the left or right side?,The circle is on the left side,left | left | left,True,1.0,0.75,1.0,False,1,The circle is on the left side,,,0.5405,0.5393,0.0,0.0,41.0,9.049,1,image+text
synth_cot_baseline_00778,cot_baseline,Is the background color light or dark?,Is the background color light or dark,dark | dark | medium,False,0.0,0.75,1.0,True,1,Is the background color light or dark,,,0.4881,0.4869,0.0,0.0,37.5,9.049,1,image+text
synth_cot_baseline_00779,cot_baseline,Is the circle on the left or right side?,Is the circle on the left or right side,right | right | right,False,0.0,0.75,1.0,True,1,Is the circle on the left or right side,,,0.5888,0.5876,0.0,0.0,38.0,9.049,1,image+text
synth_cot_baseline_00780,cot_baseline,Is there a red shape in this image?,"Yes, there is a red shape in this image",yes | yes | yes,False,0.0,0.75,1.0,True,1,"Yes, there is a red shape in this image",,,0.6365,0.6353,0.0,0.0,37.5,9.049,1,image+text
synth_cot_baseline_00781,cot_baseline,Is there a blue shape in this image?,"Yes, there is a blue shape in this image",no | no | no,False,0.0,0.75,1.0,True,1,"Yes, there is a blue shape in this image",,,0.6393,0.6381,0.0,0.0,37.5,9.049,1,image+text
synth_cot_baseline_00782,cot_baseline,Is there a red shape in this image?,"Yes, there is a red shape in this image",yes | yes | yes,False,0.0,0.75,1.0,True,1,"Yes, there is a red shape in this image",,,0.6363,0.6351,0.0,0.0,37.5,9.049,1,image+text
synth_cot_baseline_00783,cot_baseline,Is the circle on the left or right side?,Is the circle on the left or right side,right | right | right,False,0.0,0.75,1.0,True,1,Is the circle on the left or right side,,,0.5907,0.5895,0.0,0.0,37.5,9.049,1,image+text
synth_cot_baseline_00784,cot_baseline,What color is the large rectangle?,The large rectangle is the color of yellow,yellow | yellow | yellow,True,1.0,0.75,1.0,False,1,The large rectangle is the color of yellow,,,0.6388,0.6375,0.0,0.0,37.5,9.049,1,image+text
synth_cot_baseline_00785,cot_baseline,Is there a red shape in this image?,"No, there is no red shape in this image",no | no | no,False,0.0,0.75,1.0,True,1,"No, there is no red shape in this image",,,0.5955,0.5943,0.0,0.0,37.0,9.049,1,image+text
synth_cot_baseline_00786,cot_baseline,What color is the large rectangle?,The large rectangle is red.,red | red | red,True,1.0,0.75,1.0,False,1,The large rectangle is red.,,,0.4965,0.4953,0.0,0.0,37.5,9.049,1,image+text
synth_cot_baseline_00787,cot_baseline,Is there a red shape in this image?,"Yes, there is a red shape in this image",yes | yes | yes,False,0.0,0.75,1.0,True,1,"Yes, there is a red shape in this image",,,0.6356,0.6344,0.0,0.0,38.0,9.049,1,image+text
synth_cot_baseline_00788,cot_baseline,What color is the background?,The background color is blue.,navy | dark blue | blue,True,0.6667,0.75,1.0,False,1,The background color is blue.,,,0.3981,0.3969,0.0,0.0,41.5,9.049,1,image+text
synth_cot_baseline_00789,cot_baseline,What is the dominant color in this image?,red is the dominant color in this image,red | red | red,True,1.0,0.75,1.0,False,1,red is the dominant color in this image,,,0.4931,0.4919,0.0,0.0,41.0,9.049,1,image+text
synth_cot_baseline_00790,cot_baseline,What color is the background?,a white background,white | white | white,True,1.0,0.8,1.0,False,1,a white background,,,0.3091,0.308,0.0,0.0,41.5,9.049,1,image+text
synth_cot_baseline_00791,cot_baseline,Is the background color light or dark?,a dark background,dark | dark | dark,True,1.0,0.8,1.0,False,1,a dark background,,,0.3084,0.3073,0.0,0.0,45.5,9.049,1,image+text
synth_cot_baseline_00792,cot_baseline,Is the circle on the left or right side?,The circle is on the left side,left | left | left,True,1.0,0.75,1.0,False,1,The circle is on the left side,,,0.543,0.5418,0.0,0.0,41.5,9.049,1,image+text
synth_cot_baseline_00793,cot_baseline,What color is the circle in this image?,The circle is red in this image,red | red | red,True,1.0,0.75,1.0,False,1,The circle is red in this image,,,0.4464,0.4453,0.0,0.0,38.0,9.049,1,image+text
synth_cot_baseline_00794,cot_baseline,What is the dominant color in this image?,blue is the dominant color in this image,blue | blue | blue,True,1.0,0.75,1.0,False,1,blue is the dominant color in this image,,,0.506,0.5048,0.0,0.0,37.0,9.049,1,image+text
synth_cot_baseline_00795,cot_baseline,What color is the circle?,a circle is the shape of a circle,pink | pink | pink,False,0.0,0.75,1.0,True,1,a circle is the shape of a circle,,,0.7766,0.7752,0.0,0.0,37.0,9.049,1,image+text
synth_cot_baseline_00796,cot_baseline,Is the circle on the left or right side?,Is the circle on the left or right side,right | right | right,False,0.0,0.75,1.0,True,1,Is the circle on the left or right side,,,0.5995,0.5982,0.0,0.0,36.5,9.049,1,image+text
synth_cot_baseline_00797,cot_baseline,What is the dominant color in this image?,blue is the dominant color in this image,navy | navy | blue | dark blue,True,0.6667,0.75,1.0,False,1,blue is the dominant color in this image,,,0.4976,0.4964,0.0,0.0,36.0,9.049,1,image+text
synth_cot_baseline_00798,cot_baseline,What color is the circle in this image?,a blue circle,blue | blue | blue,True,1.0,0.8,1.0,False,1,a blue circle,,,0.3973,0.3962,0.0,0.0,42.0,9.049,1,image+text
synth_cot_baseline_00799,cot_baseline,What is the dominant color in this image?,The dominant color in this image is green,green | green | green,True,1.0,0.75,1.0,False,1,The dominant color in this image is green,,,0.4896,0.4884,0.0,0.0,42.5,9.049,1,image+text
synth_cot_baseline_00800,cot_baseline,What color is the background?,The background is a light beige color.,cream | white | beige,False,0.0,0.75,1.0,True,1,The background is a light beige color.,,,0.5868,0.5855,0.0,0.0,37.5,9.049,1,image+text
synth_cot_baseline_00801,cot_baseline,What is the dominant color in this image?,The dominant color in this image is brown.,brown | brown | brown,True,1.0,0.75,1.0,False,1,The dominant color in this image is brown.,,,0.5405,0.5393,0.0,0.0,37.5,9.049,1,image+text
synth_cot_baseline_00802,cot_baseline,Is the background color light or dark?,Is the background color light or dark,dark | dark | dark,False,0.0,0.75,1.0,True,1,Is the background color light or dark,,,0.4867,0.4856,0.0,0.0,38.0,9.049,1,image+text
synth_cot_baseline_00803,cot_baseline,Is the background color light or dark?,Is the background light or dark?,light | light | light,True,1.0,0.75,1.0,False,1,Is the background light or dark?,,,0.5046,0.5034,0.0,0.0,40.0,9.049,1,image+text
synth_cot_baseline_00804,cot_baseline,Is the background color light or dark?,Is the background color light or dark,dark | dark | dark,False,0.0,0.75,1.0,True,1,Is the background color light or dark,,,0.4895,0.4883,0.0,0.0,40.0,9.049,1,image+text
synth_cot_baseline_00805,cot_baseline,What is the dominant color in this image?,The dominant color in this image is brown.,brown | brown | brown,True,1.0,0.75,1.0,False,1,The dominant color in this image is brown.,,,0.5438,0.5426,0.0,0.0,37.0,9.049,1,image+text
synth_cot_baseline_00806,cot_baseline,Is the background color light or dark?,Is the background light or dark?,light | light | light,True,1.0,0.75,1.0,False,1,Is the background light or dark?,,,0.4962,0.495,0.0,0.0,36.5,9.049,1,image+text
synth_cot_baseline_00807,cot_baseline,What color is the large rectangle?,The large rectangle is white.,white | white | white,True,1.0,0.75,1.0,False,1,The large rectangle is white.,,,0.6754,0.6741,0.0,0.0,37.5,9.049,1,image+text
synth_cot_baseline_00808,cot_baseline,What color is the circle in this image?,The circle is red in this image,red | red | red,True,1.0,0.75,1.0,False,1,The circle is red in this image,,,0.4424,0.4412,0.0,0.0,42.5,9.049,1,image+text
synth_cot_baseline_00809,cot_baseline,Is the circle on the left or right side?,The circle is on the left side,left | left | left,True,1.0,0.75,1.0,False,1,The circle is on the left side,,,0.5416,0.5404,0.0,0.0,42.5,9.049,1,image+text
synth_cot_baseline_00810,cot_baseline,What color is the circle in this image?,a blue circle,blue | blue | blue,True,1.0,0.8,1.0,False,1,a blue circle,,,0.4015,0.4004,0.0,0.0,37.5,9.049,1,image+text
synth_cot_baseline_00811,cot_baseline,What color is the large rectangle?,The large rectangle is green.,green | green | green,True,1.0,0.75,1.0,False,1,The large rectangle is green.,,,0.5026,0.5015,0.0,0.0,36.5,9.049,1,image+text
synth_cot_baseline_00812,cot_baseline,Is the circle on the left or right side?,The circle is on the left side,left | left | left,True,1.0,0.75,1.0,False,1,The circle is on the left side,,,0.5448,0.5436,0.0,0.0,36.5,9.049,1,image+text
synth_cot_baseline_00813,cot_baseline,Is the background color light or dark?,a dark background,dark | dark | dark,True,1.0,0.8,1.0,False,1,a dark background,,,0.3094,0.3083,0.0,0.0,41.5,9.049,1,image+text
synth_cot_baseline_00814,cot_baseline,What color is the circle?,a circle is the shape of a circle,pink | pink | pink,False,0.0,0.75,1.0,True,1,a circle is the shape of a circle,,,0.776,0.7747,0.0,0.0,41.5,9.049,1,image+text
synth_cot_baseline_00815,cot_baseline,Is the circle on the left or right side?,The circle is on the left side,left | left | left,True,1.0,0.75,1.0,False,1,The circle is on the left side,,,0.5458,0.5446,0.0,0.0,37.5,9.049,1,image+text
synth_cot_baseline_00816,cot_baseline,What color is the large rectangle?,The large rectangle is the color of yellow,yellow | yellow | yellow,True,1.0,0.75,1.0,False,1,The large rectangle is the color of yellow,,,0.6547,0.6535,0.0,0.0,38.0,9.049,1,image+text
synth_cot_baseline_00817,cot_baseline,Is there a purple shape in this image?,Yes there is a purple shape in this image,yes | yes | yes,False,0.0,0.75,1.0,True,1,Yes there is a purple shape in this image,,,0.6379,0.6367,0.0,0.0,38.0,9.049,1,image+text
synth_cot_baseline_00818,cot_baseline,What color is the large rectangle?,The large rectangle is the color of the large rectangle.,brown | brown | brown,False,0.0,0.75,1.0,True,1,The large rectangle is the color of the large rectangle.,,,0.6442,0.6429,0.0,0.0,38.0,9.049,1,image+text
synth_cot_baseline_00819,cot_baseline,What is the dominant color in this image?,red is the dominant color in this image,red | red | red,True,1.0,0.75,1.0,False,1,red is the dominant color in this image,,,0.4977,0.4965,0.0,0.0,38.0,9.049,1,image+text
synth_cot_baseline_00820,cot_baseline,What color is the large rectangle?,The large rectangle is red.,maroon | maroon | dark red,True,0.3333,0.75,1.0,False,1,The large rectangle is red.,,,0.4448,0.4437,0.0,0.0,41.0,9.049,1,image+text
synth_cot_baseline_00821,cot_baseline,What color is the large rectangle?,The large rectangle is blue.,navy | dark blue | navy,True,0.3333,0.75,1.0,False,1,The large rectangle is blue.,,,0.6906,0.6894,0.0,0.0,41.0,9.049,1,image+text
synth_cot_baseline_00822,cot_baseline,Is there a green shape in this image?,"No, there is no green shape in this image",no | no | no,False,0.0,0.75,1.0,True,1,"No, there is no green shape in this image",,,0.5935,0.5923,0.0,0.0,37.5,9.049,1,image+text
synth_cot_baseline_00823,cot_baseline,Is the background color light or dark?,Is the background light or dark?,light | light | light,True,1.0,0.75,1.0,False,1,Is the background light or dark?,,,0.4998,0.4985,0.0,0.0,37.5,9.049,1,image+text
synth_cot_baseline_00824,cot_baseline,What color is the large rectangle?,The large rectangle is green.,green | green | green,True,1.0,0.75,1.0,False,1,The large rectangle is green.,,,0.5001,0.4989,0.0,0.0,37.5,9.049,1,image+text
synth_cot_baseline_00825,cot_baseline,Is there a red shape in this image?,"Yes, there is a red shape in this image",yes | yes | yes,False,0.0,0.75,1.0,True,1,"Yes, there is a red shape in this image",,,0.6359,0.6346,0.0,0.0,37.0,9.049,1,image+text
synth_cot_baseline_00826,cot_baseline,What color is the circle in this image?,a blue circle,blue | blue | blue,True,1.0,0.8,1.0,False,1,a blue circle,,,0.3963,0.3952,0.0,0.0,39.0,9.049,1,image+text
synth_cot_baseline_00827,cot_baseline,Is the background color light or dark?,Is the background light or dark?,light | light | light,True,1.0,0.75,1.0,False,1,Is the background light or dark?,,,0.4931,0.4919,0.0,0.0,41.0,9.049,1,image+text
synth_cot_baseline_00828,cot_baseline,What color is the circle in this image?,a blue circle,blue | blue | blue,True,1.0,0.8,1.0,False,1,a blue circle,,,0.4019,0.4007,0.0,0.0,43.5,9.049,1,image+text
synth_cot_baseline_00829,cot_baseline,What is the dominant color in this image?,red is the dominant color in this image,red | red | red,True,1.0,0.75,1.0,False,1,red is the dominant color in this image,,,0.492,0.4909,0.0,0.0,42.0,9.049,1,image+text
synth_cot_baseline_00830,cot_baseline,What color is the background?,The background is blue.,blue | blue | blue,True,1.0,0.75,1.0,False,1,The background is blue.,,,0.3647,0.3636,0.0,0.0,39.5,9.049,1,image+text
synth_cot_baseline_00831,cot_baseline,Is the circle on the left or right side?,Is the circle on the left or right side,right | right | right,False,0.0,0.75,1.0,True,1,Is the circle on the left or right side,,,0.5819,0.5807,0.0,0.0,39.5,9.049,1,image+text
synth_cot_baseline_00832,cot_baseline,Is the background color light or dark?,Is the background light or dark?,light | light | light,True,1.0,0.75,1.0,False,1,Is the background light or dark?,,,0.4997,0.4985,0.0,0.0,37.5,9.049,1,image+text
synth_cot_baseline_00833,cot_baseline,What is the dominant color in this image?,The dominant color in this image is purple,purple | purple | purple,True,1.0,0.75,1.0,False,1,The dominant color in this image is purple,,,0.4948,0.4936,0.0,0.0,40.5,9.049,1,image+text
synth_cot_baseline_00834,cot_baseline,What color is the background?,a white background,white | white | white,True,1.0,0.8,1.0,False,1,a white background,,,0.3154,0.3143,0.0,0.0,45.0,9.049,1,image+text
synth_cot_baseline_00835,cot_baseline,Is the circle on the left or right side?,The circle is on the left side,left | left | left,True,1.0,0.75,1.0,False,1,The circle is on the left side,,,0.542,0.5408,0.0,0.0,42.0,9.049,1,image+text
synth_cot_baseline_00836,cot_baseline,What color is the large rectangle?,The large rectangle is red.,red | red | red,True,1.0,0.75,1.0,False,1,The large rectangle is red.,,,0.4966,0.4954,0.0,0.0,39.0,9.049,1,image+text
synth_cot_baseline_00837,cot_baseline,What color is the large rectangle?,The large rectangle is the color of yellow,yellow | yellow | yellow,True,1.0,0.75,1.0,False,1,The large rectangle is the color of yellow,,,0.6334,0.6321,0.0,0.0,38.5,9.049,1,image+text
synth_cot_baseline_00838,cot_baseline,What color is the background?,The background is grey.,gray | gray | grey,True,0.3333,0.75,1.0,False,1,The background is grey.,,,0.3523,0.3512,0.0,0.0,41.5,9.049,1,image+text
synth_cot_baseline_00839,cot_baseline,What color is the background?,The background color is blue.,navy | dark blue | blue,True,0.6667,0.75,1.0,False,1,The background color is blue.,,,0.3982,0.3971,0.0,0.0,46.5,9.049,1,image+text
synth_cot_baseline_00840,cot_baseline,Is there a green shape in this image?,"No, there is no green shape in this image",no | no | no,False,0.0,0.75,1.0,True,1,"No, there is no green shape in this image",,,0.5835,0.5824,0.0,0.0,42.5,9.049,1,image+text
synth_cot_baseline_00841,cot_baseline,Is there a red shape in this image?,"Yes, there is a red shape in this image",yes | yes | yes,False,0.0,0.75,1.0,True,1,"Yes, there is a red shape in this image",,,0.628,0.6267,0.0,0.0,38.0,9.049,1,image+text
synth_cot_baseline_00842,cot_baseline,Is there a purple shape in this image?,"No, there is no purple shape in this image",no | no | no,False,0.0,0.75,1.0,True,1,"No, there is no purple shape in this image",,,0.6332,0.6319,0.0,0.0,38.0,9.049,1,image+text
synth_cot_baseline_00843,cot_baseline,Is the background color light or dark?,Is the background light or dark?,light | light | light,True,1.0,0.75,1.0,False,1,Is the background light or dark?,,,0.4991,0.4979,0.0,0.0,38.0,9.049,1,image+text
synth_cot_baseline_00844,cot_baseline,Is the background color light or dark?,Is the background color light or dark,dark | dark | dark,False,0.0,0.75,1.0,True,1,Is the background color light or dark,,,0.4934,0.4923,0.0,0.0,38.0,9.049,1,image+text
synth_cot_baseline_00845,cot_baseline,What color is the large rectangle?,The large rectangle is red.,red | red | red,True,1.0,0.75,1.0,False,1,The large rectangle is red.,,,0.4979,0.4968,0.0,0.0,37.5,9.049,1,image+text
synth_cot_baseline_00846,cot_baseline,Is the circle on the left or right side?,Is the circle on the left or right side,right | right | right,False,0.0,0.75,1.0,True,1,Is the circle on the left or right side,,,0.5907,0.5895,0.0,0.0,37.5,9.049,1,image+text
synth_cot_baseline_00847,cot_baseline,What color is the large rectangle?,The large rectangle is green.,green | green | green,True,1.0,0.75,1.0,False,1,The large rectangle is green.,,,0.496,0.4949,0.0,0.0,39.5,9.049,1,image+text
synth_cot_baseline_00848,cot_baseline,Is the circle on the left or right side?,Is the circle on the left or right side,right | right | right,False,0.0,0.75,1.0,True,1,Is the circle on the left or right side,,,0.5883,0.5871,0.0,0.0,39.5,9.049,1,image+text
synth_cot_baseline_00849,cot_baseline,What color is the circle?,The color of the circle is blue.,cyan | cyan | teal | teal,False,0.0,0.75,1.0,True,1,The color of the circle is blue.,,,0.4969,0.4957,0.0,0.0,37.5,9.049,1,image+text
synth_cot_baseline_00850,cot_baseline,Is the background color light or dark?,a dark background,dark | dark | dark,True,1.0,0.8,1.0,False,1,a dark background,,,0.3086,0.3075,0.0,0.0,38.5,9.049,1,image+text
synth_cot_baseline_00851,cot_baseline,What color is the background?,The background is a light beige color.,cream | white | beige,False,0.0,0.75,1.0,True,1,The background is a light beige color.,,,0.5903,0.5891,0.0,0.0,39.0,9.049,1,image+text
synth_cot_baseline_00852,cot_baseline,What color is the circle in this image?,The circle is red in this image,red | red | red,True,1.0,0.75,1.0,False,1,The circle is red in this image,,,0.4497,0.4486,0.0,0.0,38.0,9.049,1,image+text
synth_cot_baseline_00853,cot_baseline,Is there a blue shape in this image?,"Yes, there is a blue shape in this image",no | no | no,False,0.0,0.75,1.0,True,1,"Yes, there is a blue shape in this image",,,0.6403,0.6391,0.0,0.0,38.0,9.049,1,image+text
synth_cot_baseline_00854,cot_baseline,What color is the large rectangle?,The large rectangle is white.,white | white | white,True,1.0,0.75,1.0,False,1,The large rectangle is white.,,,0.6771,0.6758,0.0,0.0,37.5,9.049,1,image+text
synth_cot_baseline_00855,cot_baseline,Is there a purple shape in this image?,Yes there is a purple shape in this image,yes | yes | yes,False,0.0,0.75,1.0,True,1,Yes there is a purple shape in this image,,,0.6345,0.6333,0.0,0.0,37.5,9.049,1,image+text
synth_cot_baseline_00856,cot_baseline,What is the dominant color in this image?,blue is the dominant color in this image,navy | navy | blue | dark blue,True,0.6667,0.75,1.0,False,1,blue is the dominant color in this image,,,0.4947,0.4935,0.0,0.0,38.0,9.049,1,image+text
synth_cot_baseline_00857,cot_baseline,Is the background color light or dark?,a dark background,dark | dark | dark,True,1.0,0.8,1.0,False,1,a dark background,,,0.312,0.3109,0.0,0.0,39.0,9.049,1,image+text
synth_cot_baseline_00858,cot_baseline,What color is the large rectangle?,The large rectangle is green.,lime | lime | green,True,0.3333,0.75,1.0,False,1,The large rectangle is green.,,,0.685,0.6837,0.0,0.0,39.0,9.049,1,image+text
synth_cot_baseline_00859,cot_baseline,What color is the circle in this image?,a blue circle,blue | blue | blue,True,1.0,0.8,1.0,False,1,a blue circle,,,0.4006,0.3995,0.0,0.0,39.0,9.049,1,image+text
synth_cot_baseline_00860,cot_baseline,Is the background color light or dark?,The background color is light blue.,light | light | medium,False,0.0,0.75,1.0,True,1,The background color is light blue.,,,0.4483,0.4471,0.0,0.0,40.0,9.049,1,image+text
synth_cot_baseline_00861,cot_baseline,Is the background color light or dark?,a dark background,dark | dark | dark,True,1.0,0.8,1.0,False,1,a dark background,,,0.3241,0.3231,0.0,0.0,41.0,9.049,1,image+text
synth_cot_baseline_00862,cot_baseline,What is the dominant color in this image?,The dominant color in this image is blue.,cyan | cyan | blue,True,0.3333,0.75,1.0,False,1,The dominant color in this image is blue.,,,0.5424,0.5413,0.0,0.0,40.0,9.049,1,image+text
synth_cot_baseline_00863,cot_baseline,What is the dominant color in this image?,The dominant color in this image is green,green | green | green,True,1.0,0.75,1.0,False,1,The dominant color in this image is green,,,0.4953,0.4941,0.0,0.0,38.0,9.049,1,image+text
synth_cot_baseline_00864,cot_baseline,What color is the large rectangle?,The large rectangle is green.,lime | lime | green,True,0.3333,0.75,1.0,False,1,The large rectangle is green.,,,0.6796,0.6784,0.0,0.0,38.0,9.049,1,image+text
synth_cot_baseline_00865,cot_baseline,Is there a green shape in this image?,Yes there is a green shape in this image,yes | yes | yes,False,0.0,0.75,1.0,True,1,Yes there is a green shape in this image,,,0.5889,0.5877,0.0,0.0,38.0,9.049,1,image+text
synth_cot_baseline_00866,cot_baseline,What color is the background?,The background is grey.,gray | gray | grey,True,0.3333,0.75,1.0,False,1,The background is grey.,,,0.3579,0.3568,0.0,0.0,42.5,9.049,1,image+text
synth_cot_baseline_00867,cot_baseline,Is there a red shape in this image?,"Yes, there is a red shape in this image",yes | yes | yes,False,0.0,0.75,1.0,True,1,"Yes, there is a red shape in this image",,,0.6464,0.6452,0.0,0.0,41.5,9.049,1,image+text
synth_cot_baseline_00868,cot_baseline,Is there a red shape in this image?,"Yes, there is a red shape in this image",yes | yes | yes,False,0.0,0.75,1.0,True,1,"Yes, there is a red shape in this image",,,0.6473,0.6459,0.0,0.0,35.5,9.049,1,image+text
synth_cot_baseline_00869,cot_baseline,What color is the large rectangle?,The large rectangle is the color orange,orange | orange | orange,True,1.0,0.75,1.0,False,1,The large rectangle is the color orange,,,0.4994,0.4982,0.0,0.0,36.5,9.049,1,image+text
synth_cot_baseline_00870,cot_baseline,What is the dominant color in this image?,The dominant color in this image is green,green | green | green,True,1.0,0.75,1.0,False,1,The dominant color in this image is green,,,0.5069,0.5058,0.0,0.0,38.0,9.049,1,image+text
synth_cot_baseline_00871,cot_baseline,What color is the large rectangle?,The large rectangle is green.,lime | lime | green,True,0.3333,0.75,1.0,False,1,The large rectangle is green.,,,0.6758,0.6746,0.0,0.0,38.0,9.049,1,image+text
synth_cot_baseline_00872,cot_baseline,What color is the large rectangle?,The large rectangle is the color of yellow,yellow | yellow | yellow,True,1.0,0.75,1.0,False,1,The large rectangle is the color of yellow,,,0.6315,0.6302,0.0,0.0,38.0,9.049,1,image+text
synth_cot_baseline_00873,cot_baseline,What is the dominant color in this image?,blue is the dominant color in this image,blue | blue | blue,True,1.0,0.75,1.0,False,1,blue is the dominant color in this image,,,0.5057,0.5045,0.0,0.0,41.5,9.049,1,image+text
synth_cot_baseline_00874,cot_baseline,Is there a red shape in this image?,"No, there is no red shape in this image",no | no | no,False,0.0,0.75,1.0,True,1,"No, there is no red shape in this image",,,0.5818,0.5806,0.0,0.0,41.5,9.049,1,image+text
synth_cot_baseline_00875,cot_baseline,What color is the background?,a white background,white | white | white,True,1.0,0.8,1.0,False,1,a white background,,,0.3024,0.3013,0.0,0.0,42.5,9.049,1,image+text
synth_cot_baseline_00876,cot_baseline,Is there a red shape in this image?,"No, there is no red shape in this image",no | no | no,False,0.0,0.75,1.0,True,1,"No, there is no red shape in this image",,,0.5841,0.5829,0.0,0.0,42.5,9.049,1,image+text
synth_cot_baseline_00877,cot_baseline,What color is the background?,The background is grey.,gray | gray | grey,True,0.3333,0.75,1.0,False,1,The background is grey.,,,0.3478,0.3467,0.0,0.0,40.5,9.049,1,image+text
synth_cot_baseline_00878,cot_baseline,What color is the background?,a white background,white | white | white,True,1.0,0.8,1.0,False,1,a white background,,,0.3081,0.307,0.0,0.0,44.5,9.049,1,image+text
synth_cot_baseline_00879,cot_baseline,What color is the circle?,The color of the circle is green.,olive | olive | brown,False,0.0,0.75,1.0,True,1,The color of the circle is green.,,,0.494,0.4928,0.0,0.0,47.0,9.049,1,image+text
synth_cot_baseline_00880,cot_baseline,What color is the background?,The background is blue.,blue | blue | blue,True,1.0,0.75,1.0,False,1,The background is blue.,,,0.3609,0.3597,0.0,0.0,41.5,9.049,1,image+text
synth_cot_baseline_00881,cot_baseline,What is the dominant color in this image?,blue is the dominant color in this image,blue | blue | blue,True,1.0,0.75,1.0,False,1,blue is the dominant color in this image,,,0.4987,0.4976,0.0,0.0,41.0,9.049,1,image+text
synth_cot_baseline_00882,cot_baseline,What color is the large rectangle?,The large rectangle is purple.,purple | purple | purple,True,1.0,0.75,1.0,False,1,The large rectangle is purple.,,,0.4457,0.4445,0.0,0.0,40.5,9.049,1,image+text
synth_cot_baseline_00883,cot_baseline,What color is the large rectangle?,The large rectangle is red.,red | red | red,True,1.0,0.75,1.0,False,1,The large rectangle is red.,,,0.488,0.4868,0.0,0.0,41.0,9.049,1,image+text
synth_cot_baseline_00884,cot_baseline,Is there a purple shape in this image?,"No, there is no purple shape in this image",no | no | no,False,0.0,0.75,1.0,True,1,"No, there is no purple shape in this image",,,0.6282,0.627,0.0,0.0,38.0,9.049,1,image+text
synth_cot_baseline_00885,cot_baseline,Is the background color light or dark?,Is the background light or dark?,light | light | light,True,1.0,0.75,1.0,False,1,Is the background light or dark?,,,0.4887,0.4876,0.0,0.0,39.0,9.049,1,image+text
synth_cot_baseline_00886,cot_baseline,What color is the large rectangle?,The large rectangle is white.,white | white | white,True,1.0,0.75,1.0,False,1,The large rectangle is white.,,,0.6816,0.6804,0.0,0.0,39.0,9.049,1,image+text
synth_cot_baseline_00887,cot_baseline,Is there a blue shape in this image?,Yes there is a blue shape in this image,yes | yes | yes,False,0.0,0.75,1.0,True,1,Yes there is a blue shape in this image,,,0.5853,0.5841,0.0,0.0,38.0,9.049,1,image+text
synth_cot_baseline_00888,cot_baseline,Is the background color light or dark?,Is the background color light or dark,dark | dark | medium,False,0.0,0.75,1.0,True,1,Is the background color light or dark,,,0.4925,0.4914,0.0,0.0,38.0,9.049,1,image+text
synth_cot_baseline_00889,cot_baseline,What color is the large rectangle?,The large rectangle is red.,red | red | red,True,1.0,0.75,1.0,False,1,The large rectangle is red.,,,0.489,0.4878,0.0,0.0,38.0,9.049,1,image+text
synth_cot_baseline_00890,cot_baseline,What color is the large rectangle?,The large rectangle is the color of the large rectangle.,pink | pink | pink,False,0.0,0.75,1.0,True,1,The large rectangle is the color of the large rectangle.,,,0.7315,0.7302,0.0,0.0,37.5,9.049,1,image+text
synth_cot_baseline_00891,cot_baseline,Is there a red shape in this image?,"No, there is no red shape in this image",no | no | no,False,0.0,0.75,1.0,True,1,"No, there is no red shape in this image",,,0.6,0.5987,0.0,0.0,37.0,9.049,1,image+text
synth_cot_baseline_00892,cot_baseline,What color is the large rectangle?,The large rectangle is the color of the large rectangle,teal | teal | green,False,0.0,0.75,1.0,True,1,The large rectangle is the color of the large rectangle,,,0.5811,0.5799,0.0,0.0,37.5,9.049,1,image+text
synth_cot_baseline_00893,cot_baseline,Is there a green shape in this image?,"No, there is no green shape in this image",no | no | no,False,0.0,0.75,1.0,True,1,"No, there is no green shape in this image",,,0.5871,0.5859,0.0,0.0,38.0,9.049,1,image+text
synth_cot_baseline_00894,cot_baseline,What color is the large rectangle?,The large rectangle is green.,green | green | green,True,1.0,0.75,1.0,False,1,The large rectangle is green.,,,0.4948,0.4936,0.0,0.0,38.0,9.049,1,image+text
synth_cot_baseline_00895,cot_baseline,What is the dominant color in this image?,The dominant color in this image is purple,purple | purple | purple,True,1.0,0.75,1.0,False,1,The dominant color in this image is purple,,,0.4962,0.495,0.0,0.0,38.0,9.049,1,image+text
synth_cot_baseline_00896,cot_baseline,Is the background color light or dark?,Is the background light or dark?,light | light | light,True,1.0,0.75,1.0,False,1,Is the background light or dark?,,,0.4896,0.4885,0.0,0.0,41.0,9.049,1,image+text
synth_cot_baseline_00897,cot_baseline,What color is the background?,The background is blue.,blue | blue | blue,True,1.0,0.75,1.0,False,1,The background is blue.,,,0.3548,0.3537,0.0,0.0,45.5,9.049,1,image+text
synth_cot_baseline_00898,cot_baseline,What color is the circle?,a red circle with a white background,brown | brown | maroon,False,0.0,0.75,1.0,True,1,a red circle with a white background,,,0.5852,0.584,0.0,0.0,42.5,9.049,1,image+text
synth_cot_baseline_00899,cot_baseline,What is the dominant color in this image?,The dominant color in this image is purple,purple | purple | purple,True,1.0,0.75,1.0,False,1,The dominant color in this image is purple,,,0.493,0.4918,0.0,0.0,38.0,9.049,1,image+text
synth_cot_baseline_00900,cot_baseline,What is the dominant color in this image?,red is the dominant color in this image,red | red | red,True,1.0,0.75,1.0,False,1,red is the dominant color in this image,,,0.4928,0.4916,0.0,0.0,38.0,9.049,1,image+text
synth_cot_baseline_00901,cot_baseline,Is there a red shape in this image?,"Yes, there is a red shape in this image",yes | yes | yes,False,0.0,0.75,1.0,True,1,"Yes, there is a red shape in this image",,,0.6481,0.6469,0.0,0.0,37.5,9.049,1,image+text
synth_cot_baseline_00902,cot_baseline,What is the dominant color in this image?,The dominant color is orange.,orange | orange | orange,True,1.0,0.75,1.0,False,1,The dominant color is orange.,,,0.3936,0.3925,0.0,0.0,42.0,9.049,1,image+text
synth_cot_baseline_00903,cot_baseline,What color is the large rectangle?,The large rectangle is purple.,purple | purple | purple,True,1.0,0.75,1.0,False,1,The large rectangle is purple.,,,0.4468,0.4457,0.0,0.0,47.0,9.049,1,image+text
synth_cot_baseline_00904,cot_baseline,What is the dominant color in this image?,red is the dominant color in this image,red | red | red,True,1.0,0.75,1.0,False,1,red is the dominant color in this image,,,0.4954,0.4943,0.0,0.0,42.5,9.049,1,image+text
synth_cot_baseline_00905,cot_baseline,Is the circle on the left or right side?,Is the circle on the left or right side,right | right | right,False,0.0,0.75,1.0,True,1,Is the circle on the left or right side,,,0.5904,0.5891,0.0,0.0,37.5,9.049,1,image+text
synth_cot_baseline_00906,cot_baseline,What color is the large rectangle?,The large rectangle is blue.,navy | dark blue | navy,True,0.3333,0.75,1.0,False,1,The large rectangle is blue.,,,0.6816,0.6803,0.0,0.0,37.0,9.049,1,image+text
synth_cot_baseline_00907,cot_baseline,What color is the circle in this image?,The circle in this image is yellow.,yellow | yellow | yellow,True,1.0,0.75,1.0,False,1,The circle in this image is yellow.,,,0.8293,0.828,0.0,0.0,37.5,9.049,1,image+text
synth_cot_baseline_00908,cot_baseline,Is there a blue shape in this image?,Yes there is a blue shape in this image,yes | yes | yes,False,0.0,0.75,1.0,True,1,Yes there is a blue shape in this image,,,0.5829,0.5817,0.0,0.0,38.0,9.049,1,image+text
synth_cot_baseline_00909,cot_baseline,Is the circle on the left or right side?,The circle is on the left side,left | left | left,True,1.0,0.75,1.0,False,1,The circle is on the left side,,,0.5363,0.5351,0.0,0.0,38.0,9.049,1,image+text
synth_cot_baseline_00910,cot_baseline,Is the background color light or dark?,a dark background,dark | dark | dark,True,1.0,0.8,1.0,False,1,a dark background,,,0.3078,0.3067,0.0,0.0,41.0,9.049,1,image+text
synth_cot_baseline_00911,cot_baseline,What is the dominant color in this image?,The dominant color in this image is purple,purple | purple | purple,True,1.0,0.75,1.0,False,1,The dominant color in this image is purple,,,0.493,0.4919,0.0,0.0,41.0,9.049,1,image+text
synth_cot_baseline_00912,cot_baseline,Is the circle on the left or right side?,The circle is on the left side,left | left | left,True,1.0,0.75,1.0,False,1,The circle is on the left side,,,0.5435,0.5424,0.0,0.0,38.0,9.049,1,image+text
synth_cot_baseline_00913,cot_baseline,What is the dominant color in this image?,The dominant color is orange.,orange | orange | orange,True,1.0,0.75,1.0,False,1,The dominant color is orange.,,,0.402,0.4009,0.0,0.0,39.5,9.049,1,image+text
synth_cot_baseline_00914,cot_baseline,What is the dominant color in this image?,The dominant color in this image is green.,olive | olive | green | dark green,True,0.6667,0.75,1.0,False,1,The dominant color in this image is green.,,,0.5526,0.5515,0.0,0.0,39.0,9.049,1,image+text
synth_cot_baseline_00915,cot_baseline,What color is the large rectangle?,The large rectangle is green.,green | green | green,True,1.0,0.75,1.0,False,1,The large rectangle is green.,,,0.4906,0.4894,0.0,0.0,37.5,9.049,1,image+text
synth_cot_baseline_00916,cot_baseline,What is the dominant color in this image?,blue is the dominant color in this image,blue | blue | blue,True,1.0,0.75,1.0,False,1,blue is the dominant color in this image,,,0.4976,0.4964,0.0,0.0,37.5,9.049,1,image+text
synth_cot_baseline_00917,cot_baseline,Is the background color light or dark?,Is the background light or dark?,light | light | light,True,1.0,0.75,1.0,False,1,Is the background light or dark?,,,0.504,0.5028,0.0,0.0,37.5,9.049,1,image+text
synth_cot_baseline_00918,cot_baseline,What color is the circle in this image?,The circle in this image is yellow.,yellow | yellow | yellow,True,1.0,0.75,1.0,False,1,The circle in this image is yellow.,,,0.8222,0.8208,0.0,0.0,38.0,9.049,1,image+text
synth_cot_baseline_00919,cot_baseline,What is the dominant color in this image?,red is the dominant color in this image,red | red | red,True,1.0,0.75,1.0,False,1,red is the dominant color in this image,,,0.4888,0.4875,0.0,0.0,38.0,9.049,1,image+text
synth_cot_baseline_00920,cot_baseline,Is the circle on the left or right side?,Is the circle on the left or right side,right | right | right,False,0.0,0.75,1.0,True,1,Is the circle on the left or right side,,,0.588,0.5867,0.0,0.0,38.0,9.049,1,image+text
synth_cot_baseline_00921,cot_baseline,What is the dominant color in this image?,The dominant color in this image is blue.,cyan | cyan | blue,True,0.3333,0.75,1.0,False,1,The dominant color in this image is blue.,,,0.5561,0.5549,0.0,0.0,38.0,9.049,1,image+text
synth_cot_baseline_00922,cot_baseline,Is the circle on the left or right side?,Is the circle on the left or right side,right | right | right,False,0.0,0.75,1.0,True,1,Is the circle on the left or right side,,,0.5928,0.5916,0.0,0.0,37.5,9.049,1,image+text
synth_cot_baseline_00923,cot_baseline,Is the background color light or dark?,Is the background color light or dark,dark | dark | dark,False,0.0,0.75,1.0,True,1,Is the background color light or dark,,,0.4962,0.495,0.0,0.0,37.0,9.049,1,image+text
synth_cot_baseline_00924,cot_baseline,What color is the large rectangle?,The large rectangle is white.,white | white | white,True,1.0,0.75,1.0,False,1,The large rectangle is white.,,,0.6762,0.675,0.0,0.0,37.5,9.049,1,image+text
synth_cot_baseline_00925,cot_baseline,What is the dominant color in this image?,The dominant color is orange.,orange | orange | orange,True,1.0,0.75,1.0,False,1,The dominant color is orange.,,,0.4003,0.3991,0.0,0.0,43.0,9.049,1,image+text
synth_cot_baseline_00926,cot_baseline,Is the background color light or dark?,Is the background color light or dark,dark | dark | dark,False,0.0,0.75,1.0,True,1,Is the background color light or dark,,,0.4908,0.4897,0.0,0.0,43.0,9.049,1,image+text
synth_cot_baseline_00927,cot_baseline,What color is the large rectangle?,The large rectangle is green.,green | green | green,True,1.0,0.75,1.0,False,1,The large rectangle is green.,,,0.4936,0.4924,0.0,0.0,38.0,9.049,1,image+text
synth_cot_baseline_00928,cot_baseline,What color is the large rectangle?,The large rectangle is purple.,purple | purple | purple,True,1.0,0.75,1.0,False,1,The large rectangle is purple.,,,0.4466,0.4455,0.0,0.0,38.0,9.049,1,image+text
synth_cot_baseline_00929,cot_baseline,Is there a red shape in this image?,"Yes, there is a red shape in this image",yes | yes | yes,False,0.0,0.75,1.0,True,1,"Yes, there is a red shape in this image",,,0.6338,0.6326,0.0,0.0,37.5,9.049,1,image+text
synth_cot_baseline_00930,cot_baseline,What color is the large rectangle?,The large rectangle is green.,green | green | green,True,1.0,0.75,1.0,False,1,The large rectangle is green.,,,0.4923,0.4911,0.0,0.0,37.5,9.049,1,image+text
synth_cot_baseline_00931,cot_baseline,What color is the large rectangle?,The large rectangle is blue.,blue | blue | blue,True,1.0,0.75,1.0,False,1,The large rectangle is blue.,,,0.4934,0.4922,0.0,0.0,41.5,9.049,1,image+text
synth_cot_baseline_00932,cot_baseline,What is the dominant color in this image?,The dominant color in this image is yellow,yellow | yellow | yellow,True,1.0,0.75,1.0,False,1,The dominant color in this image is yellow,,,0.4934,0.4923,0.0,0.0,41.5,9.049,1,image+text
synth_cot_baseline_00933,cot_baseline,What is the dominant color in this image?,The dominant color in this image is blue.,cyan | cyan | blue,True,0.3333,0.75,1.0,False,1,The dominant color in this image is blue.,,,0.5413,0.5401,0.0,0.0,37.5,9.049,1,image+text
synth_cot_baseline_00934,cot_baseline,What color is the large rectangle?,The large rectangle is blue.,blue | blue | blue,True,1.0,0.75,1.0,False,1,The large rectangle is blue.,,,0.4909,0.4897,0.0,0.0,37.5,9.049,1,image+text
synth_cot_baseline_00935,cot_baseline,What color is the large rectangle?,The large rectangle is white.,white | white | white,True,1.0,0.75,1.0,False,1,The large rectangle is white.,,,0.6804,0.6791,0.0,0.0,37.5,9.049,1,image+text
synth_cot_baseline_00936,cot_baseline,What color is the circle in this image?,a blue circle,blue | blue | blue,True,1.0,0.8,1.0,False,1,a blue circle,,,0.4004,0.3993,0.0,0.0,37.5,9.049,1,image+text
synth_cot_baseline_00937,cot_baseline,What color is the background?,The background is grey.,gray | gray | grey,True,0.3333,0.75,1.0,False,1,The background is grey.,,,0.3545,0.3534,0.0,0.0,42.5,9.049,1,image+text
synth_cot_baseline_00938,cot_baseline,What is the dominant color in this image?,The dominant color in this image is yellow,yellow | yellow | yellow,True,1.0,0.75,1.0,False,1,The dominant color in this image is yellow,,,0.4935,0.4923,0.0,0.0,42.5,9.049,1,image+text
synth_cot_baseline_00939,cot_baseline,What color is the circle in this image?,The circle in this image is yellow.,yellow | yellow | yellow,True,1.0,0.75,1.0,False,1,The circle in this image is yellow.,,,0.8178,0.8164,0.0,0.0,38.0,9.049,1,image+text
synth_cot_baseline_00940,cot_baseline,What color is the large rectangle?,The large rectangle is the color of the large rectangle,teal | teal | green,False,0.0,0.75,1.0,True,1,The large rectangle is the color of the large rectangle,,,0.5854,0.5841,0.0,0.0,38.0,9.049,1,image+text
synth_cot_baseline_00941,cot_baseline,Is there a green shape in this image?,"No, there is no green shape in this image",no | no | no,False,0.0,0.75,1.0,True,1,"No, there is no green shape in this image",,,0.5851,0.5838,0.0,0.0,38.0,9.049,1,image+text
synth_cot_baseline_00942,cot_baseline,What is the dominant color in this image?,The dominant color is orange.,orange | orange | orange,True,1.0,0.75,1.0,False,1,The dominant color is orange.,,,0.4033,0.4022,0.0,0.0,38.0,9.049,1,image+text
synth_cot_baseline_00943,cot_baseline,What is the dominant color in this image?,red is the dominant color in this image,red | red | red,True,1.0,0.75,1.0,False,1,red is the dominant color in this image,,,0.4963,0.4951,0.0,0.0,38.5,9.049,1,image+text
synth_cot_baseline_00944,cot_baseline,What color is the circle?,The color of the circle is green.,olive | olive | brown,False,0.0,0.75,1.0,True,1,The color of the circle is green.,,,0.4956,0.4944,0.0,0.0,38.0,9.049,1,image+text
synth_cot_baseline_00945,cot_baseline,Is the background color light or dark?,The background color is light blue.,light | light | medium,False,0.0,0.75,1.0,True,1,The background color is light blue.,,,0.4476,0.4465,0.0,0.0,38.0,9.049,1,image+text
synth_cot_baseline_00946,cot_baseline,What is the dominant color in this image?,The dominant color in this image is purple,purple | purple | purple,True,1.0,0.75,1.0,False,1,The dominant color in this image is purple,,,0.4921,0.4909,0.0,0.0,41.0,9.049,1,image+text
synth_cot_baseline_00947,cot_baseline,What color is the circle?,a red circle with a black background,maroon | dark red | red,True,0.6667,0.75,1.0,False,1,a red circle with a black background,,,0.5384,0.5373,0.0,0.0,40.0,9.049,1,image+text
synth_cot_baseline_00948,cot_baseline,What color is the large rectangle?,The large rectangle is blue.,blue | blue | blue,True,1.0,0.75,1.0,False,1,The large rectangle is blue.,,,0.5032,0.502,0.0,0.0,40.0,9.049,1,image+text
synth_cot_baseline_00949,cot_baseline,What is the dominant color in this image?,The dominant color in this image is brown.,brown | brown | brown,True,1.0,0.75,1.0,False,1,The dominant color in this image is brown.,,,0.5445,0.5433,0.0,0.0,37.0,9.049,1,image+text
synth_cot_baseline_00950,cot_baseline,Is the background color light or dark?,a dark background,dark | dark | dark,True,1.0,0.8,1.0,False,1,a dark background,,,0.3133,0.3123,0.0,0.0,41.5,9.049,1,image+text
synth_cot_baseline_00951,cot_baseline,Is there a blue shape in this image?,Yes there is a blue shape in this image,yes | yes | yes,False,0.0,0.75,1.0,True,1,Yes there is a blue shape in this image,,,0.5853,0.5842,0.0,0.0,42.0,9.049,1,image+text
synth_cot_baseline_00952,cot_baseline,What is the dominant color in this image?,The dominant color in this image is purple,purple | purple | purple,True,1.0,0.75,1.0,False,1,The dominant color in this image is purple,,,0.4927,0.4914,0.0,0.0,39.5,9.049,1,image+text
synth_cot_baseline_00953,cot_baseline,What color is the circle?,The color of the circle is blue.,cyan | cyan | teal | teal,False,0.0,0.75,1.0,True,1,The color of the circle is blue.,,,0.4905,0.4893,0.0,0.0,39.5,9.049,1,image+text
synth_cot_baseline_00954,cot_baseline,Is there a purple shape in this image?,Yes there is a purple shape in this image,yes | yes | yes,False,0.0,0.75,1.0,True,1,Yes there is a purple shape in this image,,,0.6309,0.6297,0.0,0.0,38.0,9.049,1,image+text
synth_cot_baseline_00955,cot_baseline,Is the background color light or dark?,Is the background color light or dark,dark | dark | dark,False,0.0,0.75,1.0,True,1,Is the background color light or dark,,,0.4911,0.4899,0.0,0.0,38.0,9.049,1,image+text
synth_cot_baseline_00956,cot_baseline,What is the dominant color in this image?,The dominant color in this image is blue.,cyan | cyan | blue,True,0.3333,0.75,1.0,False,1,The dominant color in this image is blue.,,,0.5477,0.5465,0.0,0.0,37.0,9.049,1,image+text
synth_cot_baseline_00957,cot_baseline,What color is the circle in this image?,a blue circle,blue | blue | blue,True,1.0,0.8,1.0,False,1,a blue circle,,,0.4019,0.4008,0.0,0.0,40.5,9.049,1,image+text
synth_cot_baseline_00958,cot_baseline,What color is the large rectangle?,The large rectangle is the color of yellow,yellow | yellow | yellow,True,1.0,0.75,1.0,False,1,The large rectangle is the color of yellow,,,0.6342,0.6329,0.0,0.0,41.5,9.049,1,image+text
synth_cot_baseline_00959,cot_baseline,What is the dominant color in this image?,The dominant color in this image is red.,maroon | maroon | dark red,True,0.3333,0.75,1.0,False,1,The dominant color in this image is red.,,,0.539,0.5378,0.0,0.0,38.0,9.049,1,image+text
synth_cot_baseline_00960,cot_baseline,Is there a red shape in this image?,"Yes, there is a red shape in this image",yes | yes | yes,False,0.0,0.75,1.0,True,1,"Yes, there is a red shape in this image",,,0.6289,0.6277,0.0,0.0,38.0,9.049,1,image+text
synth_cot_baseline_00961,cot_baseline,Is the circle on the left or right side?,The circle is on the left side,left | left | left,True,1.0,0.75,1.0,False,1,The circle is on the left side,,,0.533,0.5318,0.0,0.0,38.0,9.049,1,image+text
synth_cot_baseline_00962,cot_baseline,Is the circle on the left or right side?,The circle is on the left side,left | left | center,True,0.6667,0.75,1.0,False,1,The circle is on the left side,,,0.4944,0.4932,0.0,0.0,39.5,9.049,1,image+text
synth_cot_baseline_00963,cot_baseline,What is the dominant color in this image?,The dominant color in this image is yellow,yellow | yellow | yellow,True,1.0,0.75,1.0,False,1,The dominant color in this image is yellow,,,0.497,0.4958,0.0,0.0,39.5,9.049,1,image+text
synth_cot_baseline_00964,cot_baseline,What color is the large rectangle?,The large rectangle is blue.,blue | blue | blue,True,1.0,0.75,1.0,False,1,The large rectangle is blue.,,,0.4958,0.4947,0.0,0.0,39.0,9.049,1,image+text
synth_cot_baseline_00965,cot_baseline,What color is the small circle?,The color of the small circle is green,lime | lime | yellow-green,False,0.0,0.75,1.0,True,1,The color of the small circle is green,,,0.4929,0.4917,0.0,0.0,39.0,9.049,1,image+text
synth_cot_baseline_00966,cot_baseline,What color is the background?,a white background,white | white | white,True,1.0,0.8,1.0,False,1,a white background,,,0.3066,0.3055,0.0,0.0,41.5,9.049,1,image+text
synth_cot_baseline_00967,cot_baseline,What color is the background?,The background is blue.,blue | blue | blue,True,1.0,0.75,1.0,False,1,The background is blue.,,,0.3524,0.3513,0.0,0.0,45.5,9.049,1,image+text
synth_cot_baseline_00968,cot_baseline,What color is the large rectangle?,The large rectangle is green.,olive | olive | dark yellow,False,0.0,0.75,1.0,True,1,The large rectangle is green.,,,0.552,0.5509,0.0,0.0,40.5,9.049,1,image+text
synth_cot_baseline_00969,cot_baseline,What is the dominant color in this image?,The dominant color is orange.,orange | orange | orange,True,1.0,0.75,1.0,False,1,The dominant color is orange.,,,0.3982,0.3971,0.0,0.0,37.5,9.049,1,image+text
synth_cot_baseline_00970,cot_baseline,What color is the large rectangle?,The large rectangle is the color of the large rectangle,teal | teal | green,False,0.0,0.75,1.0,True,1,The large rectangle is the color of the large rectangle,,,0.5837,0.5825,0.0,0.0,39.0,9.049,1,image+text
synth_cot_baseline_00971,cot_baseline,What color is the large rectangle?,The large rectangle is green.,green | green | green,True,1.0,0.75,1.0,False,1,The large rectangle is green.,,,0.4919,0.4907,0.0,0.0,38.5,9.049,1,image+text
synth_cot_baseline_00972,cot_baseline,What color is the circle in this image?,The circle in this image is yellow.,yellow | yellow | yellow,True,1.0,0.75,1.0,False,1,The circle in this image is yellow.,,,0.8207,0.8193,0.0,0.0,38.0,9.049,1,image+text
synth_cot_baseline_00973,cot_baseline,What is the dominant color in this image?,The dominant color in this image is yellow,yellow | yellow | yellow,True,1.0,0.75,1.0,False,1,The dominant color in this image is yellow,,,0.4927,0.4915,0.0,0.0,37.5,9.049,1,image+text
synth_cot_baseline_00974,cot_baseline,What color is the background?,The background is blue.,blue | blue | blue,True,1.0,0.75,1.0,False,1,The background is blue.,,,0.3538,0.3527,0.0,0.0,38.5,9.049,1,image+text
synth_cot_baseline_00975,cot_baseline,Is the circle on the left or right side?,Is the circle on the left or right side,right | right | right,False,0.0,0.75,1.0,True,1,Is the circle on the left or right side,,,0.5871,0.5858,0.0,0.0,38.5,9.049,1,image+text
synth_cot_baseline_00976,cot_baseline,What color is the circle in this image?,The circle in this image is yellow.,yellow | yellow | yellow,True,1.0,0.75,1.0,False,1,The circle in this image is yellow.,,,0.839,0.8377,0.0,0.0,38.0,9.049,1,image+text
synth_cot_baseline_00977,cot_baseline,Is the circle on the left or right side?,The circle is on the left side,left | left | left,True,1.0,0.75,1.0,False,1,The circle is on the left side,,,0.5308,0.5296,0.0,0.0,38.0,9.049,1,image+text
synth_cot_baseline_00978,cot_baseline,What color is the circle in this image?,a blue circle,blue | blue | blue,True,1.0,0.8,1.0,False,1,a blue circle,,,0.3944,0.3932,0.0,0.0,42.5,9.049,1,image+text
synth_cot_baseline_00979,cot_baseline,Is the circle on the left or right side?,The circle is on the left side,left | left | center,True,0.6667,0.75,1.0,False,1,The circle is on the left side,,,0.4872,0.486,0.0,0.0,43.0,9.049,1,image+text
synth_cot_baseline_00980,cot_baseline,What is the dominant color in this image?,The dominant color is orange.,orange | orange | orange,True,1.0,0.75,1.0,False,1,The dominant color is orange.,,,0.395,0.3939,0.0,0.0,39.5,9.049,1,image+text
synth_cot_baseline_00981,cot_baseline,What color is the background?,The background is a light beige color.,cream | white | beige,False,0.0,0.75,1.0,True,1,The background is a light beige color.,,,0.5863,0.5851,0.0,0.0,39.5,9.049,1,image+text
synth_cot_baseline_00982,cot_baseline,What color is the large rectangle?,The large rectangle is white.,white | white | white,True,1.0,0.75,1.0,False,1,The large rectangle is white.,,,0.6813,0.68,0.0,0.0,38.5,9.049,1,image+text
synth_cot_baseline_00983,cot_baseline,What is the dominant color in this image?,The dominant color in this image is blue.,teal | teal | cyan | blue-green,False,0.0,0.75,1.0,True,1,The dominant color in this image is blue.,,,0.5486,0.5473,0.0,0.0,37.5,9.049,1,image+text
synth_cot_baseline_00984,cot_baseline,Is there a green shape in this image?,Yes there is a green shape in this image,yes | yes | yes,False,0.0,0.75,1.0,True,1,Yes there is a green shape in this image,,,0.59,0.5888,0.0,0.0,37.5,9.049,1,image+text
synth_cot_baseline_00985,cot_baseline,Is the circle on the left or right side?,The circle is on the left side,left | left | left,True,1.0,0.75,1.0,False,1,The circle is on the left side,,,0.5338,0.5326,0.0,0.0,39.0,9.049,1,image+text
synth_cot_baseline_00986,cot_baseline,Is the circle on the left or right side?,Is the circle on the left or right side,right | right | right,False,0.0,0.75,1.0,True,1,Is the circle on the left or right side,,,0.5843,0.5831,0.0,0.0,39.0,9.049,1,image+text
synth_cot_baseline_00987,cot_baseline,What is the dominant color in this image?,The dominant color in this image is green,green | green | green,True,1.0,0.75,1.0,False,1,The dominant color in this image is green,,,0.4899,0.4887,0.0,0.0,38.0,9.049,1,image+text
synth_cot_baseline_00988,cot_baseline,Is the background color light or dark?,Is the background light or dark?,light | light | light,True,1.0,0.75,1.0,False,1,Is the background light or dark?,,,0.4932,0.492,0.0,0.0,39.0,9.049,1,image+text
synth_cot_baseline_00989,cot_baseline,What is the dominant color in this image?,The dominant color in this image is blue.,teal | teal | cyan | blue-green,False,0.0,0.75,1.0,True,1,The dominant color in this image is blue.,,,0.5368,0.5356,0.0,0.0,39.0,9.049,1,image+text
synth_cot_baseline_00990,cot_baseline,What color is the large rectangle?,The large rectangle is red.,red | red | red,True,1.0,0.75,1.0,False,1,The large rectangle is red.,,,0.492,0.4908,0.0,0.0,37.5,9.049,1,image+text
synth_cot_baseline_00991,cot_baseline,What is the dominant color in this image?,blue is the dominant color in this image,blue | blue | blue,True,1.0,0.75,1.0,False,1,blue is the dominant color in this image,,,0.4872,0.4861,0.0,0.0,37.5,9.049,1,image+text
synth_cot_baseline_00992,cot_baseline,Is there a red shape in this image?,"Yes, there is a red shape in this image",yes | yes | yes,False,0.0,0.75,1.0,True,1,"Yes, there is a red shape in this image",,,0.6285,0.6273,0.0,0.0,38.0,9.049,1,image+text
synth_cot_baseline_00993,cot_baseline,What color is the large rectangle?,The large rectangle is the color of yellow,yellow | yellow | yellow,True,1.0,0.75,1.0,False,1,The large rectangle is the color of yellow,,,0.6303,0.629,0.0,0.0,38.0,9.049,1,image+text
synth_cot_baseline_00994,cot_baseline,Is the circle on the left or right side?,Is the circle on the left or right side,right | right | right,False,0.0,0.75,1.0,True,1,Is the circle on the left or right side,,,0.5875,0.5864,0.0,0.0,38.0,9.049,1,image+text
synth_cot_baseline_00995,cot_baseline,What is the dominant color in this image?,blue is the dominant color in this image,blue | blue | blue,True,1.0,0.75,1.0,False,1,blue is the dominant color in this image,,,0.4898,0.4887,0.0,0.0,38.0,9.049,1,image+text
synth_cot_baseline_00996,cot_baseline,What color is the large rectangle?,The large rectangle is green.,green | green | green,True,1.0,0.75,1.0,False,1,The large rectangle is green.,,,0.4994,0.4982,0.0,0.0,37.0,9.049,1,image+text
synth_cot_baseline_00997,cot_baseline,What color is the large rectangle?,The large rectangle is the color orange,orange | orange | orange,True,1.0,0.75,1.0,False,1,The large rectangle is the color orange,,,0.4984,0.4972,0.0,0.0,37.0,9.049,1,image+text
synth_cot_baseline_00998,cot_baseline,Is there a purple shape in this image?,"No, there is no purple shape in this image",no | no | no,False,0.0,0.75,1.0,True,1,"No, there is no purple shape in this image",,,0.634,0.6328,0.0,0.0,38.0,9.049,1,image+text
synth_cot_baseline_00999,cot_baseline,Is there a red shape in this image?,"No, there is no red shape in this image",no | no | no,False,0.0,0.75,1.0,True,1,"No, there is no red shape in this image",,,0.5864,0.5852,0.0,0.0,38.0,9.049,1,image+text
