sample_id,condition,question,answer,ground_truth,is_correct,vqa_accuracy_score,confidence,consistency,hallucination_flag,selected_pass,pass1_answer,pass2_answer,pass3_answer,latency_total_s,latency_pass1_s,latency_pass2_s,latency_pass3_s,gpu_util_avg_pct,peak_gpu_mem_gb,num_model_calls,modality
synth_baseline_00000,baseline,What is the dominant color in this image?,the dominant color in this image is green,green | green | green,True,1.0,1.0,1.0,False,1,the dominant color in this image is green,the dominant color in this image is green,the dominant color in this image is green,2.2221,0.5192,0.0,0.0,21.0,9.05,1,image+text
synth_baseline_00001,baseline,What color is the circle in this image?,red,red | red | red,True,1.0,1.0,1.0,False,1,red,red,red,0.2654,0.2562,0.0,0.0,41.5,9.05,1,image+text
synth_baseline_00002,baseline,What color is the circle in this image?,yellow,yellow | yellow | yellow,True,1.0,1.0,1.0,False,1,yellow,yellow,yellow,0.3152,0.3062,0.0,0.0,45.0,9.05,1,image+text
synth_baseline_00003,baseline,What color is the circle in this image?,blue,blue | blue | blue,True,1.0,1.0,1.0,False,1,blue,blue,blue,0.2682,0.2586,0.0,0.0,41.5,9.05,1,image+text
synth_baseline_00004,baseline,Is the circle on the left or right side?,a circle on the left side,right | right | right,False,0.0,1.0,1.0,True,1,a circle on the left side,a circle on the left side,a circle on the left side,0.5401,0.5296,0.0,0.0,36.0,9.05,1,image+text
synth_baseline_00005,baseline,Is there a red shape in this image?,yes,no | no | no,False,0.0,1.0,1.0,True,1,yes,yes,yes,0.2689,0.2596,0.0,0.0,36.5,9.05,1,image+text
synth_baseline_00006,baseline,What is the dominant color in this image?,the dominant color in this image,orange | orange | orange,False,0.0,1.0,1.0,True,1,the dominant color in this image,the dominant color in this image,the dominant color in this image,0.4166,0.4069,0.0,0.0,37.5,9.05,1,image+text
synth_baseline_00007,baseline,What color is the large rectangle?,red,red | red | red,True,1.0,1.0,1.0,False,1,red,red,red,0.3294,0.3199,0.0,0.0,40.5,9.05,1,image+text
synth_baseline_00008,baseline,What color is the large rectangle?,a yellow square,yellow | yellow | yellow,True,1.0,1.0,1.0,False,1,a yellow square,a yellow square,a yellow square,0.3142,0.3051,0.0,0.0,46.0,9.05,1,image+text
synth_baseline_00009,baseline,Is the circle on the left or right side?,a circle on the left side,right | right | right,False,0.0,1.0,1.0,True,1,a circle on the left side,a circle on the left side,a circle on the left side,0.5014,0.4917,0.0,0.0,43.0,9.05,1,image+text
synth_baseline_00010,baseline,What color is the large rectangle?,green,lime | lime | green,True,0.3333,1.0,1.0,False,1,green,green,green,0.3169,0.3075,0.0,0.0,42.0,9.05,1,image+text
synth_baseline_00011,baseline,Is the circle on the left or right side?,is the circle on the left side,left | left | left,True,1.0,1.0,1.0,False,1,is the circle on the left side,is the circle on the left side,is the circle on the left side,0.4499,0.4405,0.0,0.0,43.0,9.05,1,image+text
synth_baseline_00012,baseline,What color is the large rectangle?,a yellow square,yellow | yellow | yellow,True,1.0,1.0,1.0,False,1,a yellow square,a yellow square,a yellow square,0.3206,0.3116,0.0,0.0,39.5,9.05,1,image+text
synth_baseline_00013,baseline,Is the background color light or dark?,dark background,dark | dark | dark,True,1.0,1.0,1.0,False,1,dark background,dark background,dark background,0.2698,0.2603,0.0,0.0,43.0,9.05,1,image+text
synth_baseline_00014,baseline,What is the dominant color in this image?,the dominant color in this image is green,green | green | green,True,1.0,1.0,1.0,False,1,the dominant color in this image is green,the dominant color in this image is green,the dominant color in this image is green,0.5094,0.4996,0.0,0.0,39.5,9.05,1,image+text
synth_baseline_00015,baseline,What color is the circle in this image?,blue,blue | blue | blue,True,1.0,1.0,1.0,False,1,blue,blue,blue,0.2729,0.2636,0.0,0.0,40.5,9.05,1,image+text
synth_baseline_00016,baseline,What color is the background?,blue,blue | blue | blue,True,1.0,1.0,1.0,False,1,blue,blue,blue,0.327,0.3157,0.0,0.0,44.0,9.05,1,image+text
synth_baseline_00017,baseline,What is the dominant color in this image?,red is the dominant color in this image,red | red | red,True,1.0,1.0,1.0,False,1,red is the dominant color in this image,red is the dominant color in this image,red is the dominant color in this image,0.4999,0.4905,0.0,0.0,40.5,9.05,1,image+text
synth_baseline_00018,baseline,Is the background color light or dark?,dark background,dark | dark | dark,True,1.0,1.0,1.0,False,1,dark background,dark background,dark background,0.2682,0.2584,0.0,0.0,42.0,9.05,1,image+text
synth_baseline_00019,baseline,What color is the large rectangle?,brown color,brown | brown | brown,True,1.0,1.0,1.0,False,1,brown color,brown color,brown color,0.2691,0.2602,0.0,0.0,45.5,9.05,1,image+text
synth_baseline_00020,baseline,What color is the circle in this image?,yellow,yellow | yellow | yellow,True,1.0,1.0,1.0,False,1,yellow,yellow,yellow,0.3461,0.3349,0.0,0.0,27.0,9.05,1,image+text
synth_baseline_00021,baseline,What is the dominant color in this image?,red is the dominant color in this image,red | red | red,True,1.0,1.0,1.0,False,1,red is the dominant color in this image,red is the dominant color in this image,red is the dominant color in this image,0.5018,0.4924,0.0,0.0,38.0,9.05,1,image+text
synth_baseline_00022,baseline,Is the background color light or dark?,dark blue,dark | dark | dark,False,0.0,1.0,1.0,True,1,dark blue,dark blue,dark blue,0.2237,0.2141,0.0,0.0,38.0,9.05,1,image+text
synth_baseline_00023,baseline,What color is the background?,blue,blue | blue | blue,True,1.0,1.0,1.0,False,1,blue,blue,blue,0.3176,0.3081,0.0,0.0,41.5,9.05,1,image+text
synth_baseline_00024,baseline,What is the dominant color in this image?,the dominant color in this image is green,green | green | green,True,1.0,1.0,1.0,False,1,the dominant color in this image is green,the dominant color in this image is green,the dominant color in this image is green,0.521,0.5113,0.0,0.0,42.0,9.05,1,image+text
synth_baseline_00025,baseline,Is there a red shape in this image?,yes,yes | yes | yes,True,1.0,1.0,1.0,False,1,yes,yes,yes,0.3213,0.3114,0.0,0.0,42.0,9.05,1,image+text
synth_baseline_00026,baseline,Is the background color light or dark?,dark,light | light | light,False,0.0,1.0,1.0,True,1,dark,dark,dark,0.2233,0.2142,0.0,0.0,41.5,9.05,1,image+text
synth_baseline_00027,baseline,What is the dominant color in this image?,the dominant color in this image is yellow,yellow | yellow | yellow,True,1.0,1.0,1.0,False,1,the dominant color in this image is yellow,the dominant color in this image is yellow,the dominant color in this image is yellow,0.5018,0.4921,0.0,0.0,41.5,9.05,1,image+text
synth_baseline_00028,baseline,What is the dominant color in this image?,the dominant color in this image is yellow,yellow | yellow | yellow,True,1.0,1.0,1.0,False,1,the dominant color in this image is yellow,the dominant color in this image is yellow,the dominant color in this image is yellow,0.5058,0.4964,0.0,0.0,40.5,9.05,1,image+text
synth_baseline_00029,baseline,What color is the circle?,the circle is green,olive | olive | brown,False,0.0,1.0,1.0,True,1,the circle is green,the circle is green,the circle is green,0.3154,0.306,0.0,0.0,40.5,9.05,1,image+text
synth_baseline_00030,baseline,What color is the small circle?,green,lime | lime | yellow-green,False,0.0,1.0,1.0,True,1,green,green,green,0.3161,0.3062,0.0,0.0,43.5,9.05,1,image+text
synth_baseline_00031,baseline,What is the dominant color in this image?,red is the dominant color in this image,red | red | red,True,1.0,1.0,1.0,False,1,red is the dominant color in this image,red is the dominant color in this image,red is the dominant color in this image,0.5066,0.4972,0.0,0.0,40.0,9.05,1,image+text
synth_baseline_00032,baseline,What color is the background?,navy blue,navy | dark blue | blue,True,0.6667,1.0,1.0,False,1,navy blue,navy blue,navy blue,0.2204,0.2109,0.0,0.0,39.5,9.05,1,image+text
synth_baseline_00033,baseline,What color is the background?,white,white | white | white,True,1.0,1.0,1.0,False,1,white,white,white,0.3115,0.3021,0.0,0.0,42.5,9.05,1,image+text
synth_baseline_00034,baseline,What color is the large rectangle?,blue,blue | blue | blue,True,1.0,1.0,1.0,False,1,blue,blue,blue,0.2676,0.258,0.0,0.0,44.0,9.05,1,image+text
synth_baseline_00035,baseline,What is the dominant color in this image?,burgundy,maroon | maroon | dark red,False,0.0,1.0,1.0,True,1,burgundy,burgundy,burgundy,0.4209,0.4117,0.0,0.0,41.5,9.05,1,image+text
synth_baseline_00036,baseline,Is there a red shape in this image?,yes,no | no | no,False,0.0,1.0,1.0,True,1,yes,yes,yes,0.2713,0.2615,0.0,0.0,38.0,9.05,1,image+text
synth_baseline_00037,baseline,What color is the circle in this image?,red,red | red | red,True,1.0,1.0,1.0,False,1,red,red,red,0.2697,0.2606,0.0,0.0,44.5,9.05,1,image+text
synth_baseline_00038,baseline,What color is the large rectangle?,blue,blue | blue | blue,True,1.0,1.0,1.0,False,1,blue,blue,blue,0.2706,0.2606,0.0,0.0,44.5,9.05,1,image+text
synth_baseline_00039,baseline,What is the dominant color in this image?,the dominant color in this image is purple,purple | purple | purple,True,1.0,1.0,1.0,False,1,the dominant color in this image is purple,the dominant color in this image is purple,the dominant color in this image is purple,0.503,0.4933,0.0,0.0,44.0,9.05,1,image+text
synth_baseline_00040,baseline,Is the background color light or dark?,dark blue,dark | dark | dark,False,0.0,1.0,1.0,True,1,dark blue,dark blue,dark blue,0.2458,0.2358,0.0,0.0,30.0,9.05,1,image+text
synth_baseline_00041,baseline,Is there a green shape in this image?,yes,yes | yes | yes,True,1.0,1.0,1.0,False,1,yes,yes,yes,0.2718,0.2618,0.0,0.0,39.5,9.05,1,image+text
synth_baseline_00042,baseline,Is there a red shape in this image?,yes,no | no | no,False,0.0,1.0,1.0,True,1,yes,yes,yes,0.2717,0.2624,0.0,0.0,44.0,9.05,1,image+text
synth_baseline_00043,baseline,Is the background color light or dark?,dark,light | light | light,False,0.0,1.0,1.0,True,1,dark,dark,dark,0.2232,0.2138,0.0,0.0,44.0,9.05,1,image+text
synth_baseline_00044,baseline,What color is the circle?,the circle is green,cyan | cyan | teal | teal,False,0.0,1.0,1.0,True,1,the circle is green,the circle is green,the circle is green,0.3171,0.3078,0.0,0.0,44.5,9.05,1,image+text
synth_baseline_00045,baseline,What color is the circle in this image?,red,red | red | red,True,1.0,1.0,1.0,False,1,red,red,red,0.2701,0.2604,0.0,0.0,44.5,9.05,1,image+text
synth_baseline_00046,baseline,What is the dominant color in this image?,the dominant color in this image is purple,purple | purple | purple,True,1.0,1.0,1.0,False,1,the dominant color in this image is purple,the dominant color in this image is purple,the dominant color in this image is purple,0.5013,0.492,0.0,0.0,41.0,9.05,1,image+text
synth_baseline_00047,baseline,Is the background color light or dark?,dark blue,dark | dark | dark,False,0.0,1.0,1.0,True,1,dark blue,dark blue,dark blue,0.2315,0.2207,0.0,0.0,37.5,9.05,1,image+text
synth_baseline_00048,baseline,Is there a blue shape in this image?,yes,yes | yes | yes,True,1.0,1.0,1.0,False,1,yes,yes,yes,0.2692,0.2598,0.0,0.0,41.5,9.05,1,image+text
synth_baseline_00049,baseline,What is the dominant color in this image?,the dominant color in this image is yellow,yellow | yellow | yellow,True,1.0,1.0,1.0,False,1,the dominant color in this image is yellow,the dominant color in this image is yellow,the dominant color in this image is yellow,0.5031,0.4933,0.0,0.0,42.0,9.05,1,image+text
synth_baseline_00050,baseline,What color is the small circle?,green,olive | olive | green,True,0.3333,1.0,1.0,False,1,green,green,green,0.3126,0.3031,0.0,0.0,41.0,9.05,1,image+text
synth_baseline_00051,baseline,What is the dominant color in this image?,the dominant color in this image is purple,purple | purple | purple,True,1.0,1.0,1.0,False,1,the dominant color in this image is purple,the dominant color in this image is purple,the dominant color in this image is purple,0.4964,0.4872,0.0,0.0,41.0,9.05,1,image+text
synth_baseline_00052,baseline,Is the circle on the left or right side?,is the circle on the left side,left | left | left,True,1.0,1.0,1.0,False,1,is the circle on the left side,is the circle on the left side,is the circle on the left side,0.464,0.4545,0.0,0.0,37.0,9.05,1,image+text
synth_baseline_00053,baseline,Is there a green shape in this image?,yes,yes | yes | yes,True,1.0,1.0,1.0,False,1,yes,yes,yes,0.2712,0.2615,0.0,0.0,40.5,9.05,1,image+text
synth_baseline_00054,baseline,What color is the large rectangle?,a large rectangle,pink | pink | pink,False,0.0,1.0,1.0,True,1,a large rectangle,a large rectangle,a large rectangle,0.3192,0.3094,0.0,0.0,43.5,9.05,1,image+text
synth_baseline_00055,baseline,What is the dominant color in this image?,the dominant color in this image is green,green | green | green,True,1.0,1.0,1.0,False,1,the dominant color in this image is green,the dominant color in this image is green,the dominant color in this image is green,0.5044,0.4947,0.0,0.0,39.5,9.05,1,image+text
synth_baseline_00056,baseline,What color is the circle?,the circle is green,cyan | cyan | teal | teal,False,0.0,1.0,1.0,True,1,the circle is green,the circle is green,the circle is green,0.3171,0.3072,0.0,0.0,39.5,9.05,1,image+text
synth_baseline_00057,baseline,What color is the large rectangle?,brown color,brown | brown | brown,True,1.0,1.0,1.0,False,1,brown color,brown color,brown color,0.2693,0.26,0.0,0.0,43.5,9.05,1,image+text
synth_baseline_00058,baseline,What is the dominant color in this image?,blue is the dominant color in this image,blue | blue | blue,True,1.0,1.0,1.0,False,1,blue is the dominant color in this image,blue is the dominant color in this image,blue is the dominant color in this image,0.4966,0.4865,0.0,0.0,43.0,9.05,1,image+text
synth_baseline_00059,baseline,What is the dominant color in this image?,the dominant color in this image is green,green | green | green,True,1.0,1.0,1.0,False,1,the dominant color in this image is green,the dominant color in this image is green,the dominant color in this image is green,0.5004,0.4909,0.0,0.0,39.5,9.05,1,image+text
synth_baseline_00060,baseline,Is there a red shape in this image?,yes,no | no | no,False,0.0,1.0,1.0,True,1,yes,yes,yes,0.2886,0.2788,0.0,0.0,28.0,9.05,1,image+text
synth_baseline_00061,baseline,What color is the large rectangle?,a yellow square,yellow | yellow | yellow,True,1.0,1.0,1.0,False,1,a yellow square,a yellow square,a yellow square,0.3134,0.3038,0.0,0.0,35.5,9.05,1,image+text
synth_baseline_00062,baseline,What is the dominant color in this image?,the dominant color in this image is blue,teal | teal | cyan | blue-green,False,0.0,1.0,1.0,True,1,the dominant color in this image is blue,the dominant color in this image is blue,the dominant color in this image is blue,0.5111,0.5017,0.0,0.0,43.5,9.05,1,image+text
synth_baseline_00063,baseline,What color is the large rectangle?,blue,blue | blue | blue,True,1.0,1.0,1.0,False,1,blue,blue,blue,0.271,0.2613,0.0,0.0,38.0,9.05,1,image+text
synth_baseline_00064,baseline,What color is the large rectangle?,the color orange,orange | orange | orange,True,1.0,1.0,1.0,False,1,the color orange,the color orange,the color orange,0.3159,0.3067,0.0,0.0,40.5,9.05,1,image+text
synth_baseline_00065,baseline,What is the dominant color in this image?,the dominant color in this image,orange | orange | orange,False,0.0,1.0,1.0,True,1,the dominant color in this image,the dominant color in this image,the dominant color in this image,0.4226,0.413,0.0,0.0,40.5,9.05,1,image+text
synth_baseline_00066,baseline,What is the dominant color in this image?,red is the dominant color in this image,red | red | red,True,1.0,1.0,1.0,False,1,red is the dominant color in this image,red is the dominant color in this image,red is the dominant color in this image,0.5058,0.4963,0.0,0.0,37.0,9.05,1,image+text
synth_baseline_00067,baseline,What is the dominant color in this image?,the dominant color in this image is purple,purple | purple | purple,True,1.0,1.0,1.0,False,1,the dominant color in this image is purple,the dominant color in this image is purple,the dominant color in this image is purple,0.5212,0.5118,0.0,0.0,37.5,9.05,1,image+text
synth_baseline_00068,baseline,What is the dominant color in this image?,a blue background,navy | navy | blue | dark blue,True,0.6667,1.0,1.0,False,1,a blue background,a blue background,a blue background,0.315,0.3051,0.0,0.0,41.0,9.05,1,image+text
synth_baseline_00069,baseline,What color is the large rectangle?,red,red | red | red,True,1.0,1.0,1.0,False,1,red,red,red,0.3255,0.3157,0.0,0.0,43.5,9.05,1,image+text
synth_baseline_00070,baseline,What color is the large rectangle?,the large rectangle is green,green | green | green,True,1.0,1.0,1.0,False,1,the large rectangle is green,the large rectangle is green,the large rectangle is green,0.3637,0.3543,0.0,0.0,42.0,9.05,1,image+text
synth_baseline_00071,baseline,What color is the large rectangle?,the large rectangle is white,white | white | white,True,1.0,1.0,1.0,False,1,the large rectangle is white,the large rectangle is white,the large rectangle is white,0.3634,0.354,0.0,0.0,42.5,9.05,1,image+text
synth_baseline_00072,baseline,What color is the large rectangle?,red,maroon | maroon | dark red,True,0.3333,1.0,1.0,False,1,red,red,red,0.3166,0.3071,0.0,0.0,45.0,9.05,1,image+text
synth_baseline_00073,baseline,What is the dominant color in this image?,red is the dominant color in this image,red | red | red,True,1.0,1.0,1.0,False,1,red is the dominant color in this image,red is the dominant color in this image,red is the dominant color in this image,0.4958,0.4862,0.0,0.0,41.5,9.05,1,image+text
synth_baseline_00074,baseline,What color is the large rectangle?,the large rectangle is white,white | white | white,True,1.0,1.0,1.0,False,1,the large rectangle is white,the large rectangle is white,the large rectangle is white,0.3575,0.3483,0.0,0.0,42.0,9.05,1,image+text
synth_baseline_00075,baseline,What color is the circle?,pink,pink | pink | pink,True,1.0,1.0,1.0,False,1,pink,pink,pink,0.2703,0.261,0.0,0.0,41.5,9.05,1,image+text
synth_baseline_00076,baseline,What is the dominant color in this image?,cyan,cyan | cyan | blue,True,0.6667,1.0,1.0,False,1,cyan,cyan,cyan,0.3157,0.3061,0.0,0.0,44.5,9.05,1,image+text
synth_baseline_00077,baseline,What color is the large rectangle?,brown color,brown | brown | brown,True,1.0,1.0,1.0,False,1,brown color,brown color,brown color,0.2694,0.26,0.0,0.0,45.0,9.05,1,image+text
synth_baseline_00078,baseline,What color is the large rectangle?,blue,blue | blue | blue,True,1.0,1.0,1.0,False,1,blue,blue,blue,0.2803,0.2705,0.0,0.0,44.5,9.05,1,image+text
synth_baseline_00079,baseline,What color is the large rectangle?,the large rectangle is white,white | white | white,True,1.0,1.0,1.0,False,1,the large rectangle is white,the large rectangle is white,the large rectangle is white,0.383,0.3735,0.0,0.0,43.0,9.05,1,image+text
synth_baseline_00080,baseline,What color is the background?,blue,blue | blue | blue,True,1.0,1.0,1.0,False,1,blue,blue,blue,0.3336,0.3236,0.0,0.0,27.0,9.05,1,image+text
synth_baseline_00081,baseline,What color is the circle?,pink,pink | pink | pink,True,1.0,1.0,1.0,False,1,pink,pink,pink,0.2719,0.2626,0.0,0.0,33.0,9.05,1,image+text
synth_baseline_00082,baseline,Is there a purple shape in this image?,yes,no | no | no,False,0.0,1.0,1.0,True,1,yes,yes,yes,0.2727,0.2634,0.0,0.0,43.0,9.05,1,image+text
synth_baseline_00083,baseline,What is the dominant color in this image?,the dominant color in this image is yellow,yellow | yellow | yellow,True,1.0,1.0,1.0,False,1,the dominant color in this image is yellow,the dominant color in this image is yellow,the dominant color in this image is yellow,0.5012,0.4919,0.0,0.0,39.5,9.05,1,image+text
synth_baseline_00084,baseline,What color is the background?,blue,blue | blue | blue,True,1.0,1.0,1.0,False,1,blue,blue,blue,0.3149,0.3054,0.0,0.0,40.5,9.05,1,image+text
synth_baseline_00085,baseline,What color is the background?,blue,blue | blue | blue,True,1.0,1.0,1.0,False,1,blue,blue,blue,0.3152,0.3056,0.0,0.0,42.0,9.05,1,image+text
synth_baseline_00086,baseline,What color is the background?,gray,gray | gray | grey,True,0.6667,1.0,1.0,False,1,gray,gray,gray,0.2226,0.2131,0.0,0.0,43.0,9.05,1,image+text
synth_baseline_00087,baseline,What is the dominant color in this image?,the dominant color in this image is purple,purple | purple | purple,True,1.0,1.0,1.0,False,1,the dominant color in this image is purple,the dominant color in this image is purple,the dominant color in this image is purple,0.5046,0.4949,0.0,0.0,39.0,9.05,1,image+text
synth_baseline_00088,baseline,What color is the large rectangle?,red,red | red | red,True,1.0,1.0,1.0,False,1,red,red,red,0.3242,0.3147,0.0,0.0,40.5,9.05,1,image+text
synth_baseline_00089,baseline,What color is the background?,white,white | white | white,True,1.0,1.0,1.0,False,1,white,white,white,0.3129,0.3037,0.0,0.0,45.5,9.05,1,image+text
synth_baseline_00090,baseline,What color is the large rectangle?,red,red | red | red,True,1.0,1.0,1.0,False,1,red,red,red,0.317,0.3072,0.0,0.0,44.5,9.05,1,image+text
synth_baseline_00091,baseline,Is the background color light or dark?,dark blue,dark | dark | dark,False,0.0,1.0,1.0,True,1,dark blue,dark blue,dark blue,0.2243,0.2152,0.0,0.0,41.0,9.05,1,image+text
synth_baseline_00092,baseline,What is the dominant color in this image?,the dominant color in this image is purple,purple | purple | purple,True,1.0,1.0,1.0,False,1,the dominant color in this image is purple,the dominant color in this image is purple,the dominant color in this image is purple,0.5238,0.5141,0.0,0.0,38.5,9.05,1,image+text
synth_baseline_00093,baseline,What is the dominant color in this image?,the dominant color in this image is blue,teal | teal | cyan | blue-green,False,0.0,1.0,1.0,True,1,the dominant color in this image is blue,the dominant color in this image is blue,the dominant color in this image is blue,0.5048,0.4949,0.0,0.0,40.5,9.05,1,image+text
synth_baseline_00094,baseline,What color is the background?,white,white | white | white,True,1.0,1.0,1.0,False,1,white,white,white,0.3169,0.3075,0.0,0.0,44.0,9.05,1,image+text
synth_baseline_00095,baseline,Is the circle on the left or right side?,is the circle on the left side,left | left | center,True,0.6667,1.0,1.0,False,1,is the circle on the left side,is the circle on the left side,is the circle on the left side,0.4593,0.4497,0.0,0.0,40.5,9.05,1,image+text
synth_baseline_00096,baseline,What is the dominant color in this image?,the dominant color in this image,orange | orange | orange,False,0.0,1.0,1.0,True,1,the dominant color in this image,the dominant color in this image,the dominant color in this image,0.4187,0.4087,0.0,0.0,37.0,9.05,1,image+text
synth_baseline_00097,baseline,What color is the large rectangle?,a yellow square,yellow | yellow | yellow,True,1.0,1.0,1.0,False,1,a yellow square,a yellow square,a yellow square,0.3422,0.3315,0.0,0.0,40.0,9.05,1,image+text
synth_baseline_00098,baseline,What is the dominant color in this image?,the dominant color is brown,brown | brown | brown,True,1.0,1.0,1.0,False,1,the dominant color is brown,the dominant color is brown,the dominant color is brown,0.4085,0.398,0.0,0.0,44.0,9.05,1,image+text
synth_baseline_00099,baseline,What color is the background?,white,white | white | white,True,1.0,1.0,1.0,False,1,white,white,white,0.3114,0.3021,0.0,0.0,45.5,9.05,1,image+text
synth_baseline_00100,baseline,What color is the large rectangle?,the large rectangle is green,olive | olive | dark yellow,False,0.0,1.0,1.0,True,1,the large rectangle is green,the large rectangle is green,the large rectangle is green,0.3784,0.3687,0.0,0.0,38.5,9.05,1,image+text
synth_baseline_00101,baseline,What color is the large rectangle?,the large rectangle is white,white | white | white,True,1.0,1.0,1.0,False,1,the large rectangle is white,the large rectangle is white,the large rectangle is white,0.36,0.3506,0.0,0.0,41.5,9.05,1,image+text
synth_baseline_00102,baseline,What is the dominant color in this image?,the dominant color in this image is purple,purple | purple | purple,True,1.0,1.0,1.0,False,1,the dominant color in this image is purple,the dominant color in this image is purple,the dominant color in this image is purple,0.502,0.4922,0.0,0.0,40.5,9.05,1,image+text
synth_baseline_00103,baseline,What is the dominant color in this image?,burgundy,maroon | maroon | dark red,False,0.0,1.0,1.0,True,1,burgundy,burgundy,burgundy,0.4013,0.3922,0.0,0.0,41.0,9.05,1,image+text
synth_baseline_00104,baseline,Is the background color light or dark?,dark,light | light | light,False,0.0,1.0,1.0,True,1,dark,dark,dark,0.2184,0.2092,0.0,0.0,42.0,9.05,1,image+text
synth_baseline_00105,baseline,Is there a red shape in this image?,yes,yes | yes | yes,True,1.0,1.0,1.0,False,1,yes,yes,yes,0.3117,0.3024,0.0,0.0,44.0,9.05,1,image+text
synth_baseline_00106,baseline,What color is the circle?,a red circle,brown | brown | maroon,False,0.0,1.0,1.0,True,1,a red circle,a red circle,a red circle,0.3115,0.3023,0.0,0.0,46.0,9.05,1,image+text
synth_baseline_00107,baseline,What color is the circle in this image?,blue,blue | blue | blue,True,1.0,1.0,1.0,False,1,blue,blue,blue,0.265,0.2554,0.0,0.0,44.5,9.05,1,image+text
synth_baseline_00108,baseline,What color is the circle in this image?,yellow,yellow | yellow | yellow,True,1.0,1.0,1.0,False,1,yellow,yellow,yellow,0.3147,0.3054,0.0,0.0,45.0,9.05,1,image+text
synth_baseline_00109,baseline,Is there a red shape in this image?,yes,no | no | no,False,0.0,1.0,1.0,True,1,yes,yes,yes,0.272,0.2626,0.0,0.0,40.5,9.05,1,image+text
synth_baseline_00110,baseline,What color is the background?,gray,gray | gray | grey,True,0.6667,1.0,1.0,False,1,gray,gray,gray,0.2209,0.2115,0.0,0.0,45.0,9.05,1,image+text
synth_baseline_00111,baseline,Is there a red shape in this image?,yes,no | no | no,False,0.0,1.0,1.0,True,1,yes,yes,yes,0.2647,0.2555,0.0,0.0,44.0,9.05,1,image+text
synth_baseline_00112,baseline,What is the dominant color in this image?,cyan,cyan | cyan | blue,True,0.6667,1.0,1.0,False,1,cyan,cyan,cyan,0.315,0.3057,0.0,0.0,42.5,9.05,1,image+text
synth_baseline_00113,baseline,What color is the large rectangle?,the large rectangle is white,white | white | white,True,1.0,1.0,1.0,False,1,the large rectangle is white,the large rectangle is white,the large rectangle is white,0.3563,0.347,0.0,0.0,39.5,9.05,1,image+text
synth_baseline_00114,baseline,What is the dominant color in this image?,the dominant color in this image is yellow,yellow | yellow | yellow,True,1.0,1.0,1.0,False,1,the dominant color in this image is yellow,the dominant color in this image is yellow,the dominant color in this image is yellow,0.5021,0.4922,0.0,0.0,38.0,9.05,1,image+text
synth_baseline_00115,baseline,What color is the circle in this image?,blue,blue | blue | blue,True,1.0,1.0,1.0,False,1,blue,blue,blue,0.268,0.2587,0.0,0.0,38.5,9.05,1,image+text
synth_baseline_00116,baseline,Is the background color light or dark?,a dark background,dark | dark | medium,True,0.6667,1.0,1.0,False,1,a dark background,a dark background,a dark background,0.3149,0.3053,0.0,0.0,42.0,9.05,1,image+text
synth_baseline_00117,baseline,What is the dominant color in this image?,the dominant color is brown,brown | brown | brown,True,1.0,1.0,1.0,False,1,the dominant color is brown,the dominant color is brown,the dominant color is brown,0.4086,0.3993,0.0,0.0,43.0,9.05,1,image+text
synth_baseline_00118,baseline,Is the circle on the left or right side?,is the circle on the left side,right | right | right,False,0.0,1.0,1.0,True,1,is the circle on the left side,is the circle on the left side,is the circle on the left side,0.4612,0.4513,0.0,0.0,41.5,9.05,1,image+text
synth_baseline_00119,baseline,What color is the large rectangle?,the large rectangle is white,white | white | white,True,1.0,1.0,1.0,False,1,the large rectangle is white,the large rectangle is white,the large rectangle is white,0.3703,0.3608,0.0,0.0,43.5,9.05,1,image+text
synth_baseline_00120,baseline,What color is the circle?,pink,pink | pink | pink,True,1.0,1.0,1.0,False,1,pink,pink,pink,0.2859,0.2762,0.0,0.0,26.0,9.05,1,image+text
synth_baseline_00121,baseline,What is the dominant color in this image?,the dominant color in this image is green,green | green | green,True,1.0,1.0,1.0,False,1,the dominant color in this image is green,the dominant color in this image is green,the dominant color in this image is green,0.4987,0.489,0.0,0.0,24.5,9.05,1,image+text
synth_baseline_00122,baseline,What color is the circle in this image?,blue,blue | blue | blue,True,1.0,1.0,1.0,False,1,blue,blue,blue,0.2848,0.275,0.0,0.0,39.0,9.05,1,image+text
synth_baseline_00123,baseline,Is there a red shape in this image?,yes,yes | yes | yes,True,1.0,1.0,1.0,False,1,yes,yes,yes,0.3163,0.3067,0.0,0.0,42.5,9.05,1,image+text
synth_baseline_00124,baseline,What color is the large rectangle?,navy blue,navy | dark blue | navy,True,0.3333,1.0,1.0,False,1,navy blue,navy blue,navy blue,0.2243,0.2147,0.0,0.0,42.0,9.05,1,image+text
synth_baseline_00125,baseline,What color is the large rectangle?,the large rectangle is white,white | white | white,True,1.0,1.0,1.0,False,1,the large rectangle is white,the large rectangle is white,the large rectangle is white,0.3778,0.3685,0.0,0.0,41.5,9.05,1,image+text
synth_baseline_00126,baseline,What color is the background?,gray,gray | gray | grey,True,0.6667,1.0,1.0,False,1,gray,gray,gray,0.2225,0.213,0.0,0.0,40.0,9.05,1,image+text
synth_baseline_00127,baseline,What color is the circle in this image?,yellow,yellow | yellow | yellow,True,1.0,1.0,1.0,False,1,yellow,yellow,yellow,0.3149,0.3055,0.0,0.0,39.5,9.05,1,image+text
synth_baseline_00128,baseline,What is the dominant color in this image?,blue is the dominant color in this image,blue | blue | blue,True,1.0,1.0,1.0,False,1,blue is the dominant color in this image,blue is the dominant color in this image,blue is the dominant color in this image,0.5134,0.5041,0.0,0.0,40.0,9.05,1,image+text
synth_baseline_00129,baseline,What color is the background?,white,white | white | white,True,1.0,1.0,1.0,False,1,white,white,white,0.3151,0.3056,0.0,0.0,41.5,9.05,1,image+text
synth_baseline_00130,baseline,Is the circle on the left or right side?,is the circle on the left side,right | right | right,False,0.0,1.0,1.0,True,1,is the circle on the left side,is the circle on the left side,is the circle on the left side,0.454,0.4444,0.0,0.0,43.5,9.05,1,image+text
synth_baseline_00131,baseline,What is the dominant color in this image?,blue is the dominant color in this image,blue | blue | blue,True,1.0,1.0,1.0,False,1,blue is the dominant color in this image,blue is the dominant color in this image,blue is the dominant color in this image,0.4992,0.4896,0.0,0.0,39.5,9.05,1,image+text
synth_baseline_00132,baseline,Is the circle on the left or right side?,a circle on the left side,right | right | right,False,0.0,1.0,1.0,True,1,a circle on the left side,a circle on the left side,a circle on the left side,0.4981,0.4882,0.0,0.0,38.0,9.05,1,image+text
synth_baseline_00133,baseline,What is the dominant color in this image?,blue is the dominant color in this image,blue | blue | blue,True,1.0,1.0,1.0,False,1,blue is the dominant color in this image,blue is the dominant color in this image,blue is the dominant color in this image,0.4944,0.4853,0.0,0.0,38.0,9.05,1,image+text
synth_baseline_00134,baseline,What is the dominant color in this image?,the dominant color in this image is yellow,yellow | yellow | yellow,True,1.0,1.0,1.0,False,1,the dominant color in this image is yellow,the dominant color in this image is yellow,the dominant color in this image is yellow,0.4976,0.4881,0.0,0.0,38.0,9.05,1,image+text
synth_baseline_00135,baseline,What color is the large rectangle?,the color orange,orange | orange | orange,True,1.0,1.0,1.0,False,1,the color orange,the color orange,the color orange,0.3148,0.3057,0.0,0.0,38.5,9.05,1,image+text
synth_baseline_00136,baseline,What color is the circle in this image?,blue,blue | blue | blue,True,1.0,1.0,1.0,False,1,blue,blue,blue,0.2696,0.2603,0.0,0.0,41.5,9.05,1,image+text
synth_baseline_00137,baseline,What color is the large rectangle?,the large rectangle is green,olive | olive | dark yellow,False,0.0,1.0,1.0,True,1,the large rectangle is green,the large rectangle is green,the large rectangle is green,0.3613,0.352,0.0,0.0,44.0,9.05,1,image+text
synth_baseline_00138,baseline,What color is the large rectangle?,blue,blue | blue | blue,True,1.0,1.0,1.0,False,1,blue,blue,blue,0.2656,0.2563,0.0,0.0,43.0,9.05,1,image+text
synth_baseline_00139,baseline,What is the dominant color in this image?,the dominant color in this image is green,green | green | green,True,1.0,1.0,1.0,False,1,the dominant color in this image is green,the dominant color in this image is green,the dominant color in this image is green,0.4937,0.4845,0.0,0.0,40.0,9.05,1,image+text
synth_baseline_00140,baseline,What color is the circle in this image?,yellow,yellow | yellow | yellow,True,1.0,1.0,1.0,False,1,yellow,yellow,yellow,0.3349,0.3251,0.0,0.0,25.0,9.05,1,image+text
synth_baseline_00141,baseline,What color is the circle in this image?,yellow,yellow | yellow | yellow,True,1.0,1.0,1.0,False,1,yellow,yellow,yellow,0.3146,0.305,0.0,0.0,35.0,9.05,1,image+text
synth_baseline_00142,baseline,What color is the large rectangle?,the large rectangle is purple,purple | purple | purple,True,1.0,1.0,1.0,False,1,the large rectangle is purple,the large rectangle is purple,the large rectangle is purple,0.3605,0.3513,0.0,0.0,44.5,9.05,1,image+text
synth_baseline_00143,baseline,Is the background color light or dark?,dark background,dark | dark | dark,True,1.0,1.0,1.0,False,1,dark background,dark background,dark background,0.2841,0.2746,0.0,0.0,43.5,9.05,1,image+text
synth_baseline_00144,baseline,What color is the large rectangle?,red,maroon | maroon | dark red,True,0.3333,1.0,1.0,False,1,red,red,red,0.3159,0.3064,0.0,0.0,45.5,9.05,1,image+text
synth_baseline_00145,baseline,What color is the large rectangle?,brown color,brown | brown | brown,True,1.0,1.0,1.0,False,1,brown color,brown color,brown color,0.2711,0.2619,0.0,0.0,45.5,9.05,1,image+text
synth_baseline_00146,baseline,What is the dominant color in this image?,the dominant color in this image is green,green | green | green,True,1.0,1.0,1.0,False,1,the dominant color in this image is green,the dominant color in this image is green,the dominant color in this image is green,0.5009,0.4912,0.0,0.0,40.5,9.05,1,image+text
synth_baseline_00147,baseline,What color is the large rectangle?,red,red | red | red,True,1.0,1.0,1.0,False,1,red,red,red,0.3148,0.3052,0.0,0.0,41.5,9.05,1,image+text
synth_baseline_00148,baseline,What color is the circle?,red,maroon | dark red | red,True,0.6667,1.0,1.0,False,1,red,red,red,0.3155,0.306,0.0,0.0,46.0,9.05,1,image+text
synth_baseline_00149,baseline,Is the circle on the left or right side?,is the circle on the left side,left | left | left,True,1.0,1.0,1.0,False,1,is the circle on the left side,is the circle on the left side,is the circle on the left side,0.4534,0.4439,0.0,0.0,43.5,9.05,1,image+text
synth_baseline_00150,baseline,Is there a green shape in this image?,yes,no | no | no,False,0.0,1.0,1.0,True,1,yes,yes,yes,0.2667,0.2573,0.0,0.0,38.5,9.05,1,image+text
synth_baseline_00151,baseline,Is the circle on the left or right side?,a circle on the left side,right | right | right,False,0.0,1.0,1.0,True,1,a circle on the left side,a circle on the left side,a circle on the left side,0.5152,0.5055,0.0,0.0,37.5,9.05,1,image+text
synth_baseline_00152,baseline,Is the background color light or dark?,dark,light | light | light,False,0.0,1.0,1.0,True,1,dark,dark,dark,0.224,0.2142,0.0,0.0,36.5,9.05,1,image+text
synth_baseline_00153,baseline,What color is the circle in this image?,yellow,yellow | yellow | yellow,True,1.0,1.0,1.0,False,1,yellow,yellow,yellow,0.3156,0.3062,0.0,0.0,38.5,9.05,1,image+text
synth_baseline_00154,baseline,What is the dominant color in this image?,blue is the dominant color in this image,blue | blue | blue,True,1.0,1.0,1.0,False,1,blue is the dominant color in this image,blue is the dominant color in this image,blue is the dominant color in this image,0.4996,0.4899,0.0,0.0,42.5,9.05,1,image+text
synth_baseline_00155,baseline,What color is the large rectangle?,the large rectangle is white,white | white | white,True,1.0,1.0,1.0,False,1,the large rectangle is white,the large rectangle is white,the large rectangle is white,0.3564,0.3471,0.0,0.0,42.5,9.05,1,image+text
synth_baseline_00156,baseline,What color is the large rectangle?,the large rectangle is white,white | white | white,True,1.0,1.0,1.0,False,1,the large rectangle is white,the large rectangle is white,the large rectangle is white,0.3572,0.3479,0.0,0.0,45.0,9.05,1,image+text
synth_baseline_00157,baseline,What color is the large rectangle?,navy blue,navy | dark blue | navy,True,0.3333,1.0,1.0,False,1,navy blue,navy blue,navy blue,0.2296,0.2201,0.0,0.0,42.5,9.05,1,image+text
synth_baseline_00158,baseline,What color is the small circle?,green,olive | olive | green,True,0.3333,1.0,1.0,False,1,green,green,green,0.3193,0.3088,0.0,0.0,41.0,9.05,1,image+text
synth_baseline_00159,baseline,What color is the circle in this image?,blue,blue | blue | blue,True,1.0,1.0,1.0,False,1,blue,blue,blue,0.271,0.2617,0.0,0.0,45.0,9.05,1,image+text
synth_baseline_00160,baseline,What color is the background?,navy blue,navy | dark blue | blue,True,0.6667,1.0,1.0,False,1,navy blue,navy blue,navy blue,0.2463,0.2361,0.0,0.0,26.5,9.05,1,image+text
synth_baseline_00161,baseline,Is there a red shape in this image?,yes,yes | yes | yes,True,1.0,1.0,1.0,False,1,yes,yes,yes,0.3193,0.3098,0.0,0.0,28.5,9.05,1,image+text
synth_baseline_00162,baseline,Is the background color light or dark?,dark,light | light | light,False,0.0,1.0,1.0,True,1,dark,dark,dark,0.2252,0.216,0.0,0.0,42.0,9.05,1,image+text
synth_baseline_00163,baseline,Is the circle on the left or right side?,is the circle on the left side,left | left | left,True,1.0,1.0,1.0,False,1,is the circle on the left side,is the circle on the left side,is the circle on the left side,0.4714,0.4619,0.0,0.0,41.0,9.05,1,image+text
synth_baseline_00164,baseline,What is the dominant color in this image?,the dominant color in this image is yellow,yellow | yellow | yellow,True,1.0,1.0,1.0,False,1,the dominant color in this image is yellow,the dominant color in this image is yellow,the dominant color in this image is yellow,0.4951,0.4859,0.0,0.0,38.0,9.05,1,image+text
synth_baseline_00165,baseline,What is the dominant color in this image?,the dominant color in this image is yellow,yellow | yellow | yellow,True,1.0,1.0,1.0,False,1,the dominant color in this image is yellow,the dominant color in this image is yellow,the dominant color in this image is yellow,0.496,0.4861,0.0,0.0,38.5,9.05,1,image+text
synth_baseline_00166,baseline,What is the dominant color in this image?,the dominant color in this image is yellow,yellow | yellow | yellow,True,1.0,1.0,1.0,False,1,the dominant color in this image is yellow,the dominant color in this image is yellow,the dominant color in this image is yellow,0.4994,0.4899,0.0,0.0,43.0,9.05,1,image+text
synth_baseline_00167,baseline,What color is the large rectangle?,the large rectangle is green,green | green | green,True,1.0,1.0,1.0,False,1,the large rectangle is green,the large rectangle is green,the large rectangle is green,0.3633,0.3538,0.0,0.0,46.0,9.05,1,image+text
synth_baseline_00168,baseline,What color is the large rectangle?,the large rectangle is blue,teal | teal | green,False,0.0,1.0,1.0,True,1,the large rectangle is blue,the large rectangle is blue,the large rectangle is blue,0.3598,0.3499,0.0,0.0,45.0,9.05,1,image+text
synth_baseline_00169,baseline,What color is the circle in this image?,blue,blue | blue | blue,True,1.0,1.0,1.0,False,1,blue,blue,blue,0.2667,0.2574,0.0,0.0,41.5,9.05,1,image+text
synth_baseline_00170,baseline,What color is the circle in this image?,blue,blue | blue | blue,True,1.0,1.0,1.0,False,1,blue,blue,blue,0.2655,0.2561,0.0,0.0,44.0,9.05,1,image+text
synth_baseline_00171,baseline,What is the dominant color in this image?,the dominant color in this image,orange | orange | orange,False,0.0,1.0,1.0,True,1,the dominant color in this image,the dominant color in this image,the dominant color in this image,0.4067,0.3969,0.0,0.0,44.0,9.05,1,image+text
synth_baseline_00172,baseline,Is there a purple shape in this image?,yes,yes | yes | yes,True,1.0,1.0,1.0,False,1,yes,yes,yes,0.2682,0.2588,0.0,0.0,42.0,9.05,1,image+text
synth_baseline_00173,baseline,What color is the circle?,the circle is green,olive | olive | brown,False,0.0,1.0,1.0,True,1,the circle is green,the circle is green,the circle is green,0.318,0.3081,0.0,0.0,42.0,9.05,1,image+text
synth_baseline_00174,baseline,Is the background color light or dark?,dark,dark | dark | dark,True,1.0,1.0,1.0,False,1,dark,dark,dark,0.2256,0.2161,0.0,0.0,41.0,9.05,1,image+text
synth_baseline_00175,baseline,What is the dominant color in this image?,red is the dominant color in this image,red | red | red,True,1.0,1.0,1.0,False,1,red is the dominant color in this image,red is the dominant color in this image,red is the dominant color in this image,0.4945,0.4849,0.0,0.0,41.5,9.05,1,image+text
synth_baseline_00176,baseline,What is the dominant color in this image?,blue is the dominant color in this image,blue | blue | blue,True,1.0,1.0,1.0,False,1,blue is the dominant color in this image,blue is the dominant color in this image,blue is the dominant color in this image,0.4997,0.4902,0.0,0.0,42.0,9.05,1,image+text
synth_baseline_00177,baseline,Is the circle on the left or right side?,a circle on the left side,right | right | right,False,0.0,1.0,1.0,True,1,a circle on the left side,a circle on the left side,a circle on the left side,0.4942,0.4842,0.0,0.0,38.0,9.05,1,image+text
synth_baseline_00178,baseline,What is the dominant color in this image?,burgundy,maroon | maroon | dark red,False,0.0,1.0,1.0,True,1,burgundy,burgundy,burgundy,0.4136,0.4042,0.0,0.0,37.5,9.05,1,image+text
synth_baseline_00179,baseline,What is the dominant color in this image?,the dominant color in this image is blue,teal | teal | cyan | blue-green,False,0.0,1.0,1.0,True,1,the dominant color in this image is blue,the dominant color in this image is blue,the dominant color in this image is blue,0.5086,0.4991,0.0,0.0,37.5,9.05,1,image+text
synth_baseline_00180,baseline,Is the background color light or dark?,light blue,light | light | medium,False,0.0,1.0,1.0,True,1,light blue,light blue,light blue,0.2413,0.2318,0.0,0.0,25.5,9.05,1,image+text
synth_baseline_00181,baseline,What color is the circle?,red,maroon | dark red | red,True,0.6667,1.0,1.0,False,1,red,red,red,0.3276,0.3181,0.0,0.0,30.5,9.05,1,image+text
synth_baseline_00182,baseline,Is there a purple shape in this image?,yes,no | no | no,False,0.0,1.0,1.0,True,1,yes,yes,yes,0.2683,0.2589,0.0,0.0,40.0,9.05,1,image+text
synth_baseline_00183,baseline,What color is the large rectangle?,a large rectangle,pink | pink | pink,False,0.0,1.0,1.0,True,1,a large rectangle,a large rectangle,a large rectangle,0.3161,0.3066,0.0,0.0,40.5,9.05,1,image+text
synth_baseline_00184,baseline,What is the dominant color in this image?,burgundy,maroon | maroon | dark red,False,0.0,1.0,1.0,True,1,burgundy,burgundy,burgundy,0.4039,0.3947,0.0,0.0,44.0,9.05,1,image+text
synth_baseline_00185,baseline,What color is the large rectangle?,red,red | red | red,True,1.0,1.0,1.0,False,1,red,red,red,0.311,0.3015,0.0,0.0,43.5,9.05,1,image+text
synth_baseline_00186,baseline,Is the background color light or dark?,dark,light | light | light,False,0.0,1.0,1.0,True,1,dark,dark,dark,0.2181,0.2093,0.0,0.0,45.0,9.05,1,image+text
synth_baseline_00187,baseline,Is there a red shape in this image?,yes,no | no | no,False,0.0,1.0,1.0,True,1,yes,yes,yes,0.2676,0.2581,0.0,0.0,46.0,9.05,1,image+text
synth_baseline_00188,baseline,Is the circle on the left or right side?,is the circle on the left side,left | left | left,True,1.0,1.0,1.0,False,1,is the circle on the left side,is the circle on the left side,is the circle on the left side,0.4506,0.4411,0.0,0.0,45.0,9.05,1,image+text
synth_baseline_00189,baseline,Is there a blue shape in this image?,yes,no | no | no,False,0.0,1.0,1.0,True,1,yes,yes,yes,0.2659,0.2568,0.0,0.0,40.0,9.05,1,image+text
synth_baseline_00190,baseline,What color is the large rectangle?,blue,blue | blue | blue,True,1.0,1.0,1.0,False,1,blue,blue,blue,0.2666,0.257,0.0,0.0,40.0,9.05,1,image+text
synth_baseline_00191,baseline,What color is the large rectangle?,red,red | red | red,True,1.0,1.0,1.0,False,1,red,red,red,0.3205,0.3096,0.0,0.0,41.5,9.05,1,image+text
synth_baseline_00192,baseline,What is the dominant color in this image?,the dominant color in this image is purple,purple | purple | purple,True,1.0,1.0,1.0,False,1,the dominant color in this image is purple,the dominant color in this image is purple,the dominant color in this image is purple,0.5036,0.4944,0.0,0.0,38.5,9.05,1,image+text
synth_baseline_00193,baseline,What color is the large rectangle?,red,red | red | red,True,1.0,1.0,1.0,False,1,red,red,red,0.3164,0.3067,0.0,0.0,40.5,9.05,1,image+text
synth_baseline_00194,baseline,What is the dominant color in this image?,the dominant color in this image,orange | orange | orange,False,0.0,1.0,1.0,True,1,the dominant color in this image,the dominant color in this image,the dominant color in this image,0.4076,0.3976,0.0,0.0,40.5,9.05,1,image+text
synth_baseline_00195,baseline,What color is the background?,white,white | white | white,True,1.0,1.0,1.0,False,1,white,white,white,0.3358,0.3262,0.0,0.0,41.0,9.05,1,image+text
synth_baseline_00196,baseline,What color is the large rectangle?,brown color,brown | brown | brown,True,1.0,1.0,1.0,False,1,brown color,brown color,brown color,0.2784,0.2685,0.0,0.0,43.5,9.05,1,image+text
synth_baseline_00197,baseline,What is the dominant color in this image?,the dominant color in this image is purple,purple | purple | purple,True,1.0,1.0,1.0,False,1,the dominant color in this image is purple,the dominant color in this image is purple,the dominant color in this image is purple,0.5308,0.521,0.0,0.0,39.0,9.05,1,image+text
synth_baseline_00198,baseline,Is there a red shape in this image?,yes,no | no | no,False,0.0,1.0,1.0,True,1,yes,yes,yes,0.2701,0.2601,0.0,0.0,40.0,9.05,1,image+text
synth_baseline_00199,baseline,What is the dominant color in this image?,the dominant color in this image is yellow,yellow | yellow | yellow,True,1.0,1.0,1.0,False,1,the dominant color in this image is yellow,the dominant color in this image is yellow,the dominant color in this image is yellow,0.5006,0.4909,0.0,0.0,42.5,9.05,1,image+text
synth_baseline_00200,baseline,Is there a red shape in this image?,yes,yes | yes | yes,True,1.0,1.0,1.0,False,1,yes,yes,yes,0.347,0.3368,0.0,0.0,40.0,9.05,1,image+text
synth_baseline_00201,baseline,What is the dominant color in this image?,the dominant color in this image is green,green | green | green,True,1.0,1.0,1.0,False,1,the dominant color in this image is green,the dominant color in this image is green,the dominant color in this image is green,0.5007,0.4908,0.0,0.0,40.0,9.05,1,image+text
synth_baseline_00202,baseline,What color is the circle in this image?,yellow,yellow | yellow | yellow,True,1.0,1.0,1.0,False,1,yellow,yellow,yellow,0.3122,0.3024,0.0,0.0,41.5,9.05,1,image+text
synth_baseline_00203,baseline,What is the dominant color in this image?,the dominant color in this image is green,green | green | green,True,1.0,1.0,1.0,False,1,the dominant color in this image is green,the dominant color in this image is green,the dominant color in this image is green,0.5093,0.5,0.0,0.0,43.5,9.05,1,image+text
synth_baseline_00204,baseline,Is there a blue shape in this image?,yes,no | no | no,False,0.0,1.0,1.0,True,1,yes,yes,yes,0.2666,0.2571,0.0,0.0,41.5,9.05,1,image+text
synth_baseline_00205,baseline,Is the background color light or dark?,dark,light | light | light,False,0.0,1.0,1.0,True,1,dark,dark,dark,0.2253,0.2159,0.0,0.0,42.5,9.05,1,image+text
synth_baseline_00206,baseline,What is the dominant color in this image?,the dominant color in this image is blue,teal | teal | cyan | blue-green,False,0.0,1.0,1.0,True,1,the dominant color in this image is blue,the dominant color in this image is blue,the dominant color in this image is blue,0.5064,0.4971,0.0,0.0,41.5,9.05,1,image+text
synth_baseline_00207,baseline,What color is the circle?,the circle is green,olive | olive | brown,False,0.0,1.0,1.0,True,1,the circle is green,the circle is green,the circle is green,0.3128,0.3035,0.0,0.0,44.0,9.05,1,image+text
synth_baseline_00208,baseline,What color is the circle?,red,maroon | dark red | red,True,0.6667,1.0,1.0,False,1,red,red,red,0.3127,0.3034,0.0,0.0,45.5,9.05,1,image+text
synth_baseline_00209,baseline,Is the circle on the left or right side?,is the circle on the left side,left | left | left,True,1.0,1.0,1.0,False,1,is the circle on the left side,is the circle on the left side,is the circle on the left side,0.456,0.4463,0.0,0.0,42.5,9.05,1,image+text
synth_baseline_00210,baseline,Is there a green shape in this image?,yes,yes | yes | yes,True,1.0,1.0,1.0,False,1,yes,yes,yes,0.2711,0.2613,0.0,0.0,38.0,9.05,1,image+text
synth_baseline_00211,baseline,What color is the large rectangle?,red,red | red | red,True,1.0,1.0,1.0,False,1,red,red,red,0.3304,0.3211,0.0,0.0,39.5,9.05,1,image+text
synth_baseline_00212,baseline,Is the circle on the left or right side?,is the circle on the left side,left | left | left,True,1.0,1.0,1.0,False,1,is the circle on the left side,is the circle on the left side,is the circle on the left side,0.4514,0.4414,0.0,0.0,43.0,9.05,1,image+text
synth_baseline_00213,baseline,Is the circle on the left or right side?,a circle on the left side,right | right | right,False,0.0,1.0,1.0,True,1,a circle on the left side,a circle on the left side,a circle on the left side,0.5001,0.4905,0.0,0.0,41.0,9.05,1,image+text
synth_baseline_00214,baseline,Is the circle on the left or right side?,is the circle on the left side,left | left | left,True,1.0,1.0,1.0,False,1,is the circle on the left side,is the circle on the left side,is the circle on the left side,0.4539,0.444,0.0,0.0,39.5,9.05,1,image+text
synth_baseline_00215,baseline,What color is the large rectangle?,green,lime | lime | green,True,0.3333,1.0,1.0,False,1,green,green,green,0.3129,0.3036,0.0,0.0,43.0,9.05,1,image+text
synth_baseline_00216,baseline,What color is the circle in this image?,red,red | red | red,True,1.0,1.0,1.0,False,1,red,red,red,0.2887,0.2797,0.0,0.0,44.0,9.05,1,image+text
synth_baseline_00217,baseline,Is there a red shape in this image?,yes,yes | yes | yes,True,1.0,1.0,1.0,False,1,yes,yes,yes,0.3153,0.3052,0.0,0.0,44.5,9.05,1,image+text
synth_baseline_00218,baseline,What color is the large rectangle?,blue,blue | blue | blue,True,1.0,1.0,1.0,False,1,blue,blue,blue,0.2787,0.2693,0.0,0.0,43.5,9.05,1,image+text
synth_baseline_00219,baseline,Is the circle on the left or right side?,is the circle on the left side,left | left | left,True,1.0,1.0,1.0,False,1,is the circle on the left side,is the circle on the left side,is the circle on the left side,0.4523,0.4428,0.0,0.0,43.0,9.05,1,image+text
synth_baseline_00220,baseline,What color is the large rectangle?,the large rectangle is green,green | green | green,True,1.0,1.0,1.0,False,1,the large rectangle is green,the large rectangle is green,the large rectangle is green,0.38,0.3703,0.0,0.0,39.5,9.05,1,image+text
synth_baseline_00221,baseline,Is there a red shape in this image?,yes,yes | yes | yes,True,1.0,1.0,1.0,False,1,yes,yes,yes,0.3423,0.3311,0.0,0.0,42.5,9.05,1,image+text
synth_baseline_00222,baseline,Is there a red shape in this image?,yes,yes | yes | yes,True,1.0,1.0,1.0,False,1,yes,yes,yes,0.3273,0.3178,0.0,0.0,43.0,9.05,1,image+text
synth_baseline_00223,baseline,What color is the large rectangle?,the large rectangle is white,white | white | white,True,1.0,1.0,1.0,False,1,the large rectangle is white,the large rectangle is white,the large rectangle is white,0.3634,0.3537,0.0,0.0,42.5,9.05,1,image+text
synth_baseline_00224,baseline,What color is the background?,blue,blue | blue | blue,True,1.0,1.0,1.0,False,1,blue,blue,blue,0.3239,0.3147,0.0,0.0,44.0,9.05,1,image+text
synth_baseline_00225,baseline,What color is the background?,white,white | white | white,True,1.0,1.0,1.0,False,1,white,white,white,0.3264,0.3151,0.0,0.0,44.0,9.05,1,image+text
synth_baseline_00226,baseline,What is the dominant color in this image?,a blue background,navy | navy | blue | dark blue,True,0.6667,1.0,1.0,False,1,a blue background,a blue background,a blue background,0.3196,0.3098,0.0,0.0,43.5,9.05,1,image+text
synth_baseline_00227,baseline,What color is the background?,navy blue,navy | dark blue | blue,True,0.6667,1.0,1.0,False,1,navy blue,navy blue,navy blue,0.2274,0.217,0.0,0.0,44.5,9.05,1,image+text
synth_baseline_00228,baseline,What is the dominant color in this image?,blue is the dominant color in this image,blue | blue | blue,True,1.0,1.0,1.0,False,1,blue is the dominant color in this image,blue is the dominant color in this image,blue is the dominant color in this image,0.5043,0.4948,0.0,0.0,41.0,9.05,1,image+text
synth_baseline_00229,baseline,What color is the large rectangle?,the large rectangle is green,green | green | green,True,1.0,1.0,1.0,False,1,the large rectangle is green,the large rectangle is green,the large rectangle is green,0.357,0.3473,0.0,0.0,40.0,9.05,1,image+text
synth_baseline_00230,baseline,What is the dominant color in this image?,the dominant color in this image is yellow,yellow | yellow | yellow,True,1.0,1.0,1.0,False,1,the dominant color in this image is yellow,the dominant color in this image is yellow,the dominant color in this image is yellow,0.5001,0.4906,0.0,0.0,41.5,9.05,1,image+text
synth_baseline_00231,baseline,What color is the large rectangle?,the large rectangle is green,green | green | green,True,1.0,1.0,1.0,False,1,the large rectangle is green,the large rectangle is green,the large rectangle is green,0.3632,0.3537,0.0,0.0,42.5,9.05,1,image+text
synth_baseline_00232,baseline,What color is the background?,blue,blue | blue | blue,True,1.0,1.0,1.0,False,1,blue,blue,blue,0.3204,0.3106,0.0,0.0,44.0,9.05,1,image+text
synth_baseline_00233,baseline,What color is the large rectangle?,red,red | red | red,True,1.0,1.0,1.0,False,1,red,red,red,0.3157,0.3064,0.0,0.0,43.5,9.05,1,image+text
synth_baseline_00234,baseline,What color is the circle in this image?,red,red | red | red,True,1.0,1.0,1.0,False,1,red,red,red,0.2658,0.2564,0.0,0.0,41.5,9.05,1,image+text
synth_baseline_00235,baseline,Is there a red shape in this image?,yes,yes | yes | yes,True,1.0,1.0,1.0,False,1,yes,yes,yes,0.3117,0.3024,0.0,0.0,42.0,9.05,1,image+text
synth_baseline_00236,baseline,Is the background color light or dark?,dark,light | light | light,False,0.0,1.0,1.0,True,1,dark,dark,dark,0.2213,0.212,0.0,0.0,40.5,9.05,1,image+text
synth_baseline_00237,baseline,What is the dominant color in this image?,the dominant color in this image is purple,purple | purple | purple,True,1.0,1.0,1.0,False,1,the dominant color in this image is purple,the dominant color in this image is purple,the dominant color in this image is purple,0.4994,0.49,0.0,0.0,43.0,9.05,1,image+text
synth_baseline_00238,baseline,What is the dominant color in this image?,the dominant color in this image is green,green | green | green,True,1.0,1.0,1.0,False,1,the dominant color in this image is green,the dominant color in this image is green,the dominant color in this image is green,0.5183,0.5087,0.0,0.0,39.0,9.05,1,image+text
synth_baseline_00239,baseline,What color is the large rectangle?,the large rectangle is green,green | green | green,True,1.0,1.0,1.0,False,1,the large rectangle is green,the large rectangle is green,the large rectangle is green,0.3631,0.3537,0.0,0.0,42.5,9.05,1,image+text
synth_baseline_00240,baseline,Is the circle on the left or right side?,is the circle on the left side,left | left | center,True,0.6667,1.0,1.0,False,1,is the circle on the left side,is the circle on the left side,is the circle on the left side,0.4814,0.4713,0.0,0.0,38.5,9.05,1,image+text
synth_baseline_00241,baseline,What color is the background?,gray,gray | gray | grey,True,0.6667,1.0,1.0,False,1,gray,gray,gray,0.2226,0.2129,0.0,0.0,40.0,9.05,1,image+text
synth_baseline_00242,baseline,Is the circle on the left or right side?,a circle on the left side,right | right | right,False,0.0,1.0,1.0,True,1,a circle on the left side,a circle on the left side,a circle on the left side,0.4999,0.4904,0.0,0.0,38.0,9.05,1,image+text
synth_baseline_00243,baseline,What color is the background?,blue,blue | blue | blue,True,1.0,1.0,1.0,False,1,blue,blue,blue,0.3164,0.307,0.0,0.0,42.5,9.05,1,image+text
synth_baseline_00244,baseline,What color is the large rectangle?,a large rectangle,pink | pink | pink,False,0.0,1.0,1.0,True,1,a large rectangle,a large rectangle,a large rectangle,0.3168,0.3072,0.0,0.0,45.0,9.05,1,image+text
synth_baseline_00245,baseline,What color is the circle in this image?,red,red | red | red,True,1.0,1.0,1.0,False,1,red,red,red,0.2715,0.2621,0.0,0.0,43.5,9.05,1,image+text
synth_baseline_00246,baseline,Is the circle on the left or right side?,is the circle on the left side,left | left | left,True,1.0,1.0,1.0,False,1,is the circle on the left side,is the circle on the left side,is the circle on the left side,0.4732,0.4639,0.0,0.0,42.0,9.05,1,image+text
synth_baseline_00247,baseline,What is the dominant color in this image?,the dominant color in this image,orange | orange | orange,False,0.0,1.0,1.0,True,1,the dominant color in this image,the dominant color in this image,the dominant color in this image,0.4007,0.3909,0.0,0.0,42.0,9.05,1,image+text
synth_baseline_00248,baseline,What color is the circle in this image?,blue,blue | blue | blue,True,1.0,1.0,1.0,False,1,blue,blue,blue,0.2651,0.2555,0.0,0.0,42.0,9.05,1,image+text
synth_baseline_00249,baseline,What color is the large rectangle?,the large rectangle is white,white | white | white,True,1.0,1.0,1.0,False,1,the large rectangle is white,the large rectangle is white,the large rectangle is white,0.3588,0.3491,0.0,0.0,43.0,9.05,1,image+text
synth_baseline_00250,baseline,What color is the circle in this image?,blue,blue | blue | blue,True,1.0,1.0,1.0,False,1,blue,blue,blue,0.2692,0.2598,0.0,0.0,40.0,9.05,1,image+text
synth_baseline_00251,baseline,What is the dominant color in this image?,the dominant color in this image,orange | orange | orange,False,0.0,1.0,1.0,True,1,the dominant color in this image,the dominant color in this image,the dominant color in this image,0.4084,0.3986,0.0,0.0,41.5,9.05,1,image+text
synth_baseline_00252,baseline,What is the dominant color in this image?,the dominant color in this image,orange | orange | orange,False,0.0,1.0,1.0,True,1,the dominant color in this image,the dominant color in this image,the dominant color in this image,0.4075,0.3979,0.0,0.0,38.0,9.05,1,image+text
synth_baseline_00253,baseline,What is the dominant color in this image?,the dominant color is brown,brown | brown | brown,True,1.0,1.0,1.0,False,1,the dominant color is brown,the dominant color is brown,the dominant color is brown,0.409,0.3995,0.0,0.0,38.5,9.05,1,image+text
synth_baseline_00254,baseline,What is the dominant color in this image?,blue is the dominant color in this image,blue | blue | blue,True,1.0,1.0,1.0,False,1,blue is the dominant color in this image,blue is the dominant color in this image,blue is the dominant color in this image,0.5139,0.5045,0.0,0.0,39.0,9.05,1,image+text
synth_baseline_00255,baseline,What color is the circle in this image?,blue,blue | blue | blue,True,1.0,1.0,1.0,False,1,blue,blue,blue,0.2678,0.2586,0.0,0.0,38.5,9.05,1,image+text
synth_baseline_00256,baseline,What color is the background?,blue,blue | blue | blue,True,1.0,1.0,1.0,False,1,blue,blue,blue,0.3145,0.3054,0.0,0.0,41.5,9.05,1,image+text
synth_baseline_00257,baseline,What is the dominant color in this image?,the dominant color in this image is blue,teal | teal | cyan | blue-green,False,0.0,1.0,1.0,True,1,the dominant color in this image is blue,the dominant color in this image is blue,the dominant color in this image is blue,0.4995,0.4901,0.0,0.0,41.5,9.05,1,image+text
synth_baseline_00258,baseline,What color is the large rectangle?,the large rectangle is white,white | white | white,True,1.0,1.0,1.0,False,1,the large rectangle is white,the large rectangle is white,the large rectangle is white,0.3621,0.3526,0.0,0.0,39.0,9.05,1,image+text
synth_baseline_00259,baseline,What color is the circle in this image?,red,red | red | red,True,1.0,1.0,1.0,False,1,red,red,red,0.2689,0.2595,0.0,0.0,42.5,9.05,1,image+text
synth_baseline_00260,baseline,What color is the circle in this image?,red,red | red | red,True,1.0,1.0,1.0,False,1,red,red,red,0.2847,0.275,0.0,0.0,27.5,9.05,1,image+text
synth_baseline_00261,baseline,What color is the large rectangle?,blue,blue | blue | blue,True,1.0,1.0,1.0,False,1,blue,blue,blue,0.2641,0.2547,0.0,0.0,29.0,9.05,1,image+text
synth_baseline_00262,baseline,Is the background color light or dark?,dark blue,dark | dark | dark,False,0.0,1.0,1.0,True,1,dark blue,dark blue,dark blue,0.2203,0.2112,0.0,0.0,42.5,9.05,1,image+text
synth_baseline_00263,baseline,What color is the large rectangle?,green,lime | lime | green,True,0.3333,1.0,1.0,False,1,green,green,green,0.3237,0.3125,0.0,0.0,43.0,9.05,1,image+text
synth_baseline_00264,baseline,Is the background color light or dark?,dark blue,dark | dark | dark,False,0.0,1.0,1.0,True,1,dark blue,dark blue,dark blue,0.2189,0.2091,0.0,0.0,42.5,9.05,1,image+text
synth_baseline_00265,baseline,What color is the large rectangle?,red,red | red | red,True,1.0,1.0,1.0,False,1,red,red,red,0.3114,0.3025,0.0,0.0,45.5,9.05,1,image+text
synth_baseline_00266,baseline,What color is the large rectangle?,red,red | red | red,True,1.0,1.0,1.0,False,1,red,red,red,0.3114,0.3023,0.0,0.0,46.0,9.05,1,image+text
synth_baseline_00267,baseline,What is the dominant color in this image?,the dominant color in this image is purple,purple | purple | purple,True,1.0,1.0,1.0,False,1,the dominant color in this image is purple,the dominant color in this image is purple,the dominant color in this image is purple,0.4947,0.4854,0.0,0.0,42.0,9.05,1,image+text
synth_baseline_00268,baseline,Is there a red shape in this image?,yes,no | no | no,False,0.0,1.0,1.0,True,1,yes,yes,yes,0.2668,0.2576,0.0,0.0,38.5,9.05,1,image+text
synth_baseline_00269,baseline,Is there a green shape in this image?,yes,no | no | no,False,0.0,1.0,1.0,True,1,yes,yes,yes,0.2665,0.2574,0.0,0.0,42.5,9.05,1,image+text
synth_baseline_00270,baseline,What color is the large rectangle?,brown color,brown | brown | brown,True,1.0,1.0,1.0,False,1,brown color,brown color,brown color,0.271,0.2619,0.0,0.0,43.5,9.05,1,image+text
synth_baseline_00271,baseline,Is there a blue shape in this image?,yes,yes | yes | yes,True,1.0,1.0,1.0,False,1,yes,yes,yes,0.2676,0.2587,0.0,0.0,43.0,9.05,1,image+text
synth_baseline_00272,baseline,Is the circle on the left or right side?,is the circle on the left side,right | right | right,False,0.0,1.0,1.0,True,1,is the circle on the left side,is the circle on the left side,is the circle on the left side,0.4517,0.4424,0.0,0.0,41.5,9.05,1,image+text
synth_baseline_00273,baseline,What color is the circle in this image?,red,red | red | red,True,1.0,1.0,1.0,False,1,red,red,red,0.2654,0.2562,0.0,0.0,40.5,9.05,1,image+text
synth_baseline_00274,baseline,What is the dominant color in this image?,blue is the dominant color in this image,blue | blue | blue,True,1.0,1.0,1.0,False,1,blue is the dominant color in this image,blue is the dominant color in this image,blue is the dominant color in this image,0.4945,0.4846,0.0,0.0,43.5,9.05,1,image+text
synth_baseline_00275,baseline,Is the background color light or dark?,dark,dark | dark | dark,True,1.0,1.0,1.0,False,1,dark,dark,dark,0.2214,0.2121,0.0,0.0,44.5,9.05,1,image+text
synth_baseline_00276,baseline,Is the background color light or dark?,dark,light | light | light,False,0.0,1.0,1.0,True,1,dark,dark,dark,0.2226,0.2126,0.0,0.0,45.0,9.05,1,image+text
synth_baseline_00277,baseline,Is the background color light or dark?,light blue,light | light | medium,False,0.0,1.0,1.0,True,1,light blue,light blue,light blue,0.2217,0.2123,0.0,0.0,44.5,9.05,1,image+text
synth_baseline_00278,baseline,What color is the circle in this image?,blue,blue | blue | blue,True,1.0,1.0,1.0,False,1,blue,blue,blue,0.2679,0.2581,0.0,0.0,43.5,9.05,1,image+text
synth_baseline_00279,baseline,Is the circle on the left or right side?,is the circle on the left side,left | left | left,True,1.0,1.0,1.0,False,1,is the circle on the left side,is the circle on the left side,is the circle on the left side,0.4554,0.446,0.0,0.0,40.5,9.05,1,image+text
synth_baseline_00280,baseline,Is the circle on the left or right side?,is the circle on the left side,left | left | left,True,1.0,1.0,1.0,False,1,is the circle on the left side,is the circle on the left side,is the circle on the left side,0.4727,0.4625,0.0,0.0,29.5,9.05,1,image+text
synth_baseline_00281,baseline,What is the dominant color in this image?,the dominant color in this image,orange | orange | orange,False,0.0,1.0,1.0,True,1,the dominant color in this image,the dominant color in this image,the dominant color in this image,0.4031,0.3935,0.0,0.0,39.5,9.05,1,image+text
synth_baseline_00282,baseline,Is the background color light or dark?,a dark background,dark | dark | medium,True,0.6667,1.0,1.0,False,1,a dark background,a dark background,a dark background,0.3096,0.3004,0.0,0.0,42.0,9.05,1,image+text
synth_baseline_00283,baseline,What color is the large rectangle?,the large rectangle is green,green | green | green,True,1.0,1.0,1.0,False,1,the large rectangle is green,the large rectangle is green,the large rectangle is green,0.3694,0.3601,0.0,0.0,44.5,9.05,1,image+text
synth_baseline_00284,baseline,What is the dominant color in this image?,the dominant color in this image is yellow,yellow | yellow | yellow,True,1.0,1.0,1.0,False,1,the dominant color in this image is yellow,the dominant color in this image is yellow,the dominant color in this image is yellow,0.4999,0.4905,0.0,0.0,42.0,9.05,1,image+text
synth_baseline_00285,baseline,What color is the circle in this image?,red,red | red | red,True,1.0,1.0,1.0,False,1,red,red,red,0.2665,0.2574,0.0,0.0,41.0,9.05,1,image+text
synth_baseline_00286,baseline,What color is the circle in this image?,red,red | red | red,True,1.0,1.0,1.0,False,1,red,red,red,0.2711,0.2619,0.0,0.0,44.0,9.05,1,image+text
synth_baseline_00287,baseline,What color is the large rectangle?,the large rectangle is green,green | green | green,True,1.0,1.0,1.0,False,1,the large rectangle is green,the large rectangle is green,the large rectangle is green,0.3765,0.3669,0.0,0.0,44.5,9.05,1,image+text
synth_baseline_00288,baseline,What color is the background?,navy blue,navy | dark blue | blue,True,0.6667,1.0,1.0,False,1,navy blue,navy blue,navy blue,0.2208,0.2115,0.0,0.0,40.0,9.05,1,image+text
synth_baseline_00289,baseline,What color is the large rectangle?,the large rectangle is white,white | white | white,True,1.0,1.0,1.0,False,1,the large rectangle is white,the large rectangle is white,the large rectangle is white,0.3549,0.3458,0.0,0.0,40.5,9.05,1,image+text
synth_baseline_00290,baseline,What color is the circle in this image?,red,red | red | red,True,1.0,1.0,1.0,False,1,red,red,red,0.268,0.2584,0.0,0.0,41.5,9.05,1,image+text
synth_baseline_00291,baseline,What is the dominant color in this image?,blue is the dominant color in this image,blue | blue | blue,True,1.0,1.0,1.0,False,1,blue is the dominant color in this image,blue is the dominant color in this image,blue is the dominant color in this image,0.496,0.4868,0.0,0.0,41.0,9.05,1,image+text
synth_baseline_00292,baseline,What is the dominant color in this image?,the dominant color in this image is yellow,yellow | yellow | yellow,True,1.0,1.0,1.0,False,1,the dominant color in this image is yellow,the dominant color in this image is yellow,the dominant color in this image is yellow,0.499,0.4897,0.0,0.0,38.0,9.05,1,image+text
synth_baseline_00293,baseline,What color is the large rectangle?,green,lime | lime | green,True,0.3333,1.0,1.0,False,1,green,green,green,0.3105,0.3014,0.0,0.0,42.0,9.05,1,image+text
synth_baseline_00294,baseline,What is the dominant color in this image?,the dominant color in this image,orange | orange | orange,False,0.0,1.0,1.0,True,1,the dominant color in this image,the dominant color in this image,the dominant color in this image,0.4044,0.3951,0.0,0.0,47.0,9.05,1,image+text
synth_baseline_00295,baseline,Is the background color light or dark?,light blue,light | light | medium,False,0.0,1.0,1.0,True,1,light blue,light blue,light blue,0.2177,0.2088,0.0,0.0,42.5,9.05,1,image+text
synth_baseline_00296,baseline,Is the background color light or dark?,dark background,dark | dark | dark,True,1.0,1.0,1.0,False,1,dark background,dark background,dark background,0.2618,0.2529,0.0,0.0,42.5,9.05,1,image+text
synth_baseline_00297,baseline,Is there a red shape in this image?,yes,no | no | no,False,0.0,1.0,1.0,True,1,yes,yes,yes,0.2632,0.2542,0.0,0.0,47.0,9.05,1,image+text
synth_baseline_00298,baseline,What color is the large rectangle?,the large rectangle is blue,teal | teal | green,False,0.0,1.0,1.0,True,1,the large rectangle is blue,the large rectangle is blue,the large rectangle is blue,0.3612,0.3518,0.0,0.0,44.5,9.05,1,image+text
synth_baseline_00299,baseline,Is the circle on the left or right side?,is the circle on the left side,left | left | center,True,0.6667,1.0,1.0,False,1,is the circle on the left side,is the circle on the left side,is the circle on the left side,0.4537,0.444,0.0,0.0,41.5,9.05,1,image+text
synth_baseline_00300,baseline,Is there a purple shape in this image?,yes,no | no | no,False,0.0,1.0,1.0,True,1,yes,yes,yes,0.2856,0.276,0.0,0.0,26.0,9.05,1,image+text
synth_baseline_00301,baseline,Is the circle on the left or right side?,is the circle on the left side,left | left | left,True,1.0,1.0,1.0,False,1,is the circle on the left side,is the circle on the left side,is the circle on the left side,0.4493,0.4398,0.0,0.0,29.0,9.05,1,image+text
synth_baseline_00302,baseline,What color is the background?,navy blue,navy | dark blue | blue,True,0.6667,1.0,1.0,False,1,navy blue,navy blue,navy blue,0.2217,0.2125,0.0,0.0,41.5,9.05,1,image+text
synth_baseline_00303,baseline,What color is the large rectangle?,red,maroon | maroon | dark red,True,0.3333,1.0,1.0,False,1,red,red,red,0.3128,0.3032,0.0,0.0,42.5,9.05,1,image+text
synth_baseline_00304,baseline,What color is the background?,blue,blue | blue | blue,True,1.0,1.0,1.0,False,1,blue,blue,blue,0.3106,0.301,0.0,0.0,42.5,9.05,1,image+text
synth_baseline_00305,baseline,What color is the large rectangle?,the large rectangle is white,white | white | white,True,1.0,1.0,1.0,False,1,the large rectangle is white,the large rectangle is white,the large rectangle is white,0.3565,0.3472,0.0,0.0,43.5,9.05,1,image+text
synth_baseline_00306,baseline,What color is the circle in this image?,yellow,yellow | yellow | yellow,True,1.0,1.0,1.0,False,1,yellow,yellow,yellow,0.3415,0.3324,0.0,0.0,41.5,9.05,1,image+text
synth_baseline_00307,baseline,Is the background color light or dark?,dark background,dark | dark | dark,True,1.0,1.0,1.0,False,1,dark background,dark background,dark background,0.2665,0.2573,0.0,0.0,43.5,9.05,1,image+text
synth_baseline_00308,baseline,What color is the large rectangle?,the large rectangle is green,olive | olive | dark yellow,False,0.0,1.0,1.0,True,1,the large rectangle is green,the large rectangle is green,the large rectangle is green,0.3583,0.3491,0.0,0.0,45.0,9.05,1,image+text
synth_baseline_00309,baseline,What color is the circle?,a red circle,brown | brown | maroon,False,0.0,1.0,1.0,True,1,a red circle,a red circle,a red circle,0.3149,0.3057,0.0,0.0,44.5,9.05,1,image+text
synth_baseline_00310,baseline,Is the circle on the left or right side?,is the circle on the left side,left | left | left,True,1.0,1.0,1.0,False,1,is the circle on the left side,is the circle on the left side,is the circle on the left side,0.4524,0.4425,0.0,0.0,46.5,9.05,1,image+text
synth_baseline_00311,baseline,Is the background color light or dark?,dark,dark | dark | dark,True,1.0,1.0,1.0,False,1,dark,dark,dark,0.2244,0.2147,0.0,0.0,46.5,9.05,1,image+text
synth_baseline_00312,baseline,What color is the circle in this image?,yellow,yellow | yellow | yellow,True,1.0,1.0,1.0,False,1,yellow,yellow,yellow,0.3141,0.3048,0.0,0.0,45.0,9.05,1,image+text
synth_baseline_00313,baseline,Is there a blue shape in this image?,yes,no | no | no,False,0.0,1.0,1.0,True,1,yes,yes,yes,0.2679,0.2584,0.0,0.0,45.5,9.05,1,image+text
synth_baseline_00314,baseline,What is the dominant color in this image?,the dominant color in this image is yellow,yellow | yellow | yellow,True,1.0,1.0,1.0,False,1,the dominant color in this image is yellow,the dominant color in this image is yellow,the dominant color in this image is yellow,0.5017,0.4915,0.0,0.0,42.5,9.05,1,image+text
synth_baseline_00315,baseline,What color is the large rectangle?,the large rectangle is green,green | green | green,True,1.0,1.0,1.0,False,1,the large rectangle is green,the large rectangle is green,the large rectangle is green,0.3603,0.351,0.0,0.0,42.0,9.05,1,image+text
synth_baseline_00316,baseline,Is there a red shape in this image?,yes,no | no | no,False,0.0,1.0,1.0,True,1,yes,yes,yes,0.2677,0.2586,0.0,0.0,44.0,9.05,1,image+text
synth_baseline_00317,baseline,What is the dominant color in this image?,the dominant color in this image,orange | orange | orange,False,0.0,1.0,1.0,True,1,the dominant color in this image,the dominant color in this image,the dominant color in this image,0.4033,0.3939,0.0,0.0,45.0,9.05,1,image+text
synth_baseline_00318,baseline,What color is the background?,the background is white,cream | white | beige,True,0.3333,1.0,1.0,False,1,the background is white,the background is white,the background is white,0.3142,0.3047,0.0,0.0,47.5,9.05,1,image+text
synth_baseline_00319,baseline,What color is the large rectangle?,a large rectangle,pink | pink | pink,False,0.0,1.0,1.0,True,1,a large rectangle,a large rectangle,a large rectangle,0.3133,0.3039,0.0,0.0,44.0,9.05,1,image+text
synth_baseline_00320,baseline,What color is the large rectangle?,a yellow square,yellow | yellow | yellow,True,1.0,1.0,1.0,False,1,a yellow square,a yellow square,a yellow square,0.3363,0.3267,0.0,0.0,41.0,9.05,1,image+text
synth_baseline_00321,baseline,Is the background color light or dark?,dark background,dark | dark | dark,True,1.0,1.0,1.0,False,1,dark background,dark background,dark background,0.2678,0.2567,0.0,0.0,39.5,9.05,1,image+text
synth_baseline_00322,baseline,What is the dominant color in this image?,blue is the dominant color in this image,blue | blue | blue,True,1.0,1.0,1.0,False,1,blue is the dominant color in this image,blue is the dominant color in this image,blue is the dominant color in this image,0.4932,0.4839,0.0,0.0,37.5,9.05,1,image+text
synth_baseline_00323,baseline,What is the dominant color in this image?,the dominant color in this image is green,olive | olive | green | dark green,True,0.6667,1.0,1.0,False,1,the dominant color in this image is green,the dominant color in this image is green,the dominant color in this image is green,0.5006,0.4913,0.0,0.0,39.0,9.05,1,image+text
synth_baseline_00324,baseline,Is the background color light or dark?,light blue,light | light | medium,False,0.0,1.0,1.0,True,1,light blue,light blue,light blue,0.2234,0.214,0.0,0.0,39.0,9.05,1,image+text
synth_baseline_00325,baseline,What color is the large rectangle?,the large rectangle is green,green | green | green,True,1.0,1.0,1.0,False,1,the large rectangle is green,the large rectangle is green,the large rectangle is green,0.3593,0.3501,0.0,0.0,42.0,9.05,1,image+text
synth_baseline_00326,baseline,Is the circle on the left or right side?,is the circle on the left side,left | left | left,True,1.0,1.0,1.0,False,1,is the circle on the left side,is the circle on the left side,is the circle on the left side,0.4517,0.4421,0.0,0.0,42.0,9.05,1,image+text
synth_baseline_00327,baseline,What is the dominant color in this image?,the dominant color in this image,orange | orange | orange,False,0.0,1.0,1.0,True,1,the dominant color in this image,the dominant color in this image,the dominant color in this image,0.4058,0.3962,0.0,0.0,38.0,9.05,1,image+text
synth_baseline_00328,baseline,What color is the large rectangle?,blue,blue | blue | blue,True,1.0,1.0,1.0,False,1,blue,blue,blue,0.2659,0.2567,0.0,0.0,41.5,9.05,1,image+text
synth_baseline_00329,baseline,What color is the large rectangle?,the large rectangle is blue,teal | teal | green,False,0.0,1.0,1.0,True,1,the large rectangle is blue,the large rectangle is blue,the large rectangle is blue,0.3601,0.3494,0.0,0.0,43.0,9.05,1,image+text
synth_baseline_00330,baseline,What is the dominant color in this image?,red is the dominant color in this image,red | red | red,True,1.0,1.0,1.0,False,1,red is the dominant color in this image,red is the dominant color in this image,red is the dominant color in this image,0.4981,0.4883,0.0,0.0,40.0,9.05,1,image+text
synth_baseline_00331,baseline,What is the dominant color in this image?,the dominant color in this image,orange | orange | orange,False,0.0,1.0,1.0,True,1,the dominant color in this image,the dominant color in this image,the dominant color in this image,0.4061,0.3967,0.0,0.0,43.0,9.05,1,image+text
synth_baseline_00332,baseline,What color is the large rectangle?,a large rectangle,pink | pink | pink,False,0.0,1.0,1.0,True,1,a large rectangle,a large rectangle,a large rectangle,0.3135,0.3043,0.0,0.0,46.5,9.05,1,image+text
synth_baseline_00333,baseline,Is there a blue shape in this image?,yes,yes | yes | yes,True,1.0,1.0,1.0,False,1,yes,yes,yes,0.2733,0.264,0.0,0.0,43.5,9.05,1,image+text
synth_baseline_00334,baseline,What is the dominant color in this image?,the dominant color in this image,orange | orange | orange,False,0.0,1.0,1.0,True,1,the dominant color in this image,the dominant color in this image,the dominant color in this image,0.4049,0.3951,0.0,0.0,44.5,9.05,1,image+text
synth_baseline_00335,baseline,Is there a green shape in this image?,yes,yes | yes | yes,True,1.0,1.0,1.0,False,1,yes,yes,yes,0.2675,0.2584,0.0,0.0,42.5,9.05,1,image+text
synth_baseline_00336,baseline,What color is the circle?,the circle is green,cyan | cyan | teal | teal,False,0.0,1.0,1.0,True,1,the circle is green,the circle is green,the circle is green,0.3145,0.3048,0.0,0.0,41.0,9.05,1,image+text
synth_baseline_00337,baseline,Is the circle on the left or right side?,is the circle on the left side,left | left | left,True,1.0,1.0,1.0,False,1,is the circle on the left side,is the circle on the left side,is the circle on the left side,0.4506,0.4407,0.0,0.0,41.5,9.05,1,image+text
synth_baseline_00338,baseline,What color is the circle?,red,maroon | dark red | red,True,0.6667,1.0,1.0,False,1,red,red,red,0.3145,0.3052,0.0,0.0,41.5,9.05,1,image+text
synth_baseline_00339,baseline,What color is the circle?,the circle is green,cyan | cyan | teal | teal,False,0.0,1.0,1.0,True,1,the circle is green,the circle is green,the circle is green,0.3139,0.3045,0.0,0.0,45.0,9.05,1,image+text
synth_baseline_00340,baseline,Is there a green shape in this image?,yes,yes | yes | yes,True,1.0,1.0,1.0,False,1,yes,yes,yes,0.2904,0.2806,0.0,0.0,27.5,9.05,1,image+text
synth_baseline_00341,baseline,What color is the large rectangle?,blue,blue | blue | blue,True,1.0,1.0,1.0,False,1,blue,blue,blue,0.2694,0.2596,0.0,0.0,35.5,9.05,1,image+text
synth_baseline_00342,baseline,What color is the background?,gray,gray | gray | grey,True,0.6667,1.0,1.0,False,1,gray,gray,gray,0.2244,0.2151,0.0,0.0,41.5,9.05,1,image+text
synth_baseline_00343,baseline,What is the dominant color in this image?,the dominant color in this image is yellow,yellow | yellow | yellow,True,1.0,1.0,1.0,False,1,the dominant color in this image is yellow,the dominant color in this image is yellow,the dominant color in this image is yellow,0.5027,0.4931,0.0,0.0,41.0,9.05,1,image+text
synth_baseline_00344,baseline,What color is the large rectangle?,a yellow square,yellow | yellow | yellow,True,1.0,1.0,1.0,False,1,a yellow square,a yellow square,a yellow square,0.3197,0.3099,0.0,0.0,38.0,9.05,1,image+text
synth_baseline_00345,baseline,What is the dominant color in this image?,the dominant color in this image,orange | orange | orange,False,0.0,1.0,1.0,True,1,the dominant color in this image,the dominant color in this image,the dominant color in this image,0.4238,0.414,0.0,0.0,41.5,9.05,1,image+text
synth_baseline_00346,baseline,What is the dominant color in this image?,the dominant color in this image is blue,teal | teal | cyan | blue-green,False,0.0,1.0,1.0,True,1,the dominant color in this image is blue,the dominant color in this image is blue,the dominant color in this image is blue,0.5157,0.5062,0.0,0.0,43.0,9.05,1,image+text
synth_baseline_00347,baseline,What color is the circle in this image?,red,red | red | red,True,1.0,1.0,1.0,False,1,red,red,red,0.264,0.2548,0.0,0.0,43.5,9.05,1,image+text
synth_baseline_00348,baseline,Is there a red shape in this image?,yes,no | no | no,False,0.0,1.0,1.0,True,1,yes,yes,yes,0.2652,0.2562,0.0,0.0,46.0,9.05,1,image+text
synth_baseline_00349,baseline,What color is the large rectangle?,the large rectangle is blue,teal | teal | green,False,0.0,1.0,1.0,True,1,the large rectangle is blue,the large rectangle is blue,the large rectangle is blue,0.3563,0.3472,0.0,0.0,45.0,9.05,1,image+text
synth_baseline_00350,baseline,What color is the large rectangle?,a yellow square,yellow | yellow | yellow,True,1.0,1.0,1.0,False,1,a yellow square,a yellow square,a yellow square,0.3124,0.3029,0.0,0.0,42.0,9.05,1,image+text
synth_baseline_00351,baseline,What color is the large rectangle?,navy blue,navy | dark blue | navy,True,0.3333,1.0,1.0,False,1,navy blue,navy blue,navy blue,0.2184,0.209,0.0,0.0,40.5,9.05,1,image+text
synth_baseline_00352,baseline,Is the circle on the left or right side?,is the circle on the left side,left | left | left,True,1.0,1.0,1.0,False,1,is the circle on the left side,is the circle on the left side,is the circle on the left side,0.4447,0.4351,0.0,0.0,39.5,9.05,1,image+text
synth_baseline_00353,baseline,What color is the background?,blue,blue | blue | blue,True,1.0,1.0,1.0,False,1,blue,blue,blue,0.3081,0.2992,0.0,0.0,41.5,9.05,1,image+text
synth_baseline_00354,baseline,What is the dominant color in this image?,the dominant color is brown,brown | brown | brown,True,1.0,1.0,1.0,False,1,the dominant color is brown,the dominant color is brown,the dominant color is brown,0.4209,0.4118,0.0,0.0,44.5,9.05,1,image+text
synth_baseline_00355,baseline,What is the dominant color in this image?,the dominant color in this image is purple,purple | purple | purple,True,1.0,1.0,1.0,False,1,the dominant color in this image is purple,the dominant color in this image is purple,the dominant color in this image is purple,0.4982,0.4886,0.0,0.0,41.0,9.05,1,image+text
synth_baseline_00356,baseline,Is the circle on the left or right side?,is the circle on the left side,left | left | left,True,1.0,1.0,1.0,False,1,is the circle on the left side,is the circle on the left side,is the circle on the left side,0.4543,0.4448,0.0,0.0,39.5,9.05,1,image+text
synth_baseline_00357,baseline,What color is the large rectangle?,blue,blue | blue | blue,True,1.0,1.0,1.0,False,1,blue,blue,blue,0.272,0.261,0.0,0.0,43.5,9.05,1,image+text
synth_baseline_00358,baseline,What color is the background?,blue,blue | blue | blue,True,1.0,1.0,1.0,False,1,blue,blue,blue,0.3141,0.3046,0.0,0.0,45.5,9.05,1,image+text
synth_baseline_00359,baseline,Is the background color light or dark?,dark,light | light | light,False,0.0,1.0,1.0,True,1,dark,dark,dark,0.2216,0.2124,0.0,0.0,42.0,9.05,1,image+text
synth_baseline_00360,baseline,What color is the circle in this image?,yellow,yellow | yellow | yellow,True,1.0,1.0,1.0,False,1,yellow,yellow,yellow,0.3394,0.3299,0.0,0.0,41.0,9.05,1,image+text
synth_baseline_00361,baseline,What is the dominant color in this image?,a blue background,navy | navy | blue | dark blue,True,0.6667,1.0,1.0,False,1,a blue background,a blue background,a blue background,0.3139,0.3041,0.0,0.0,41.5,9.05,1,image+text
synth_baseline_00362,baseline,What color is the large rectangle?,the large rectangle is blue,teal | teal | green,False,0.0,1.0,1.0,True,1,the large rectangle is blue,the large rectangle is blue,the large rectangle is blue,0.3575,0.3481,0.0,0.0,43.0,9.05,1,image+text
synth_baseline_00363,baseline,What color is the background?,navy blue,navy | dark blue | blue,True,0.6667,1.0,1.0,False,1,navy blue,navy blue,navy blue,0.2192,0.2097,0.0,0.0,46.5,9.05,1,image+text
synth_baseline_00364,baseline,Is the background color light or dark?,dark,dark | dark | dark,True,1.0,1.0,1.0,False,1,dark,dark,dark,0.2205,0.2113,0.0,0.0,46.5,9.05,1,image+text
synth_baseline_00365,baseline,What color is the background?,the background is white,cream | white | beige,True,0.3333,1.0,1.0,False,1,the background is white,the background is white,the background is white,0.3143,0.3049,0.0,0.0,45.5,9.05,1,image+text
synth_baseline_00366,baseline,Is the background color light or dark?,dark background,dark | dark | dark,True,1.0,1.0,1.0,False,1,dark background,dark background,dark background,0.2692,0.258,0.0,0.0,45.5,9.05,1,image+text
synth_baseline_00367,baseline,What is the dominant color in this image?,the dominant color in this image is green,green | green | green,True,1.0,1.0,1.0,False,1,the dominant color in this image is green,the dominant color in this image is green,the dominant color in this image is green,0.4908,0.4814,0.0,0.0,41.5,9.05,1,image+text
synth_baseline_00368,baseline,What color is the large rectangle?,blue,blue | blue | blue,True,1.0,1.0,1.0,False,1,blue,blue,blue,0.2641,0.2547,0.0,0.0,40.5,9.05,1,image+text
synth_baseline_00369,baseline,What color is the circle?,a red circle,brown | brown | maroon,False,0.0,1.0,1.0,True,1,a red circle,a red circle,a red circle,0.3101,0.3009,0.0,0.0,44.5,9.05,1,image+text
synth_baseline_00370,baseline,What color is the small circle?,green,olive | olive | green,True,0.3333,1.0,1.0,False,1,green,green,green,0.3133,0.3037,0.0,0.0,43.5,9.05,1,image+text
synth_baseline_00371,baseline,What color is the circle?,red,maroon | dark red | red,True,0.6667,1.0,1.0,False,1,red,red,red,0.3128,0.3032,0.0,0.0,43.0,9.05,1,image+text
synth_baseline_00372,baseline,What color is the circle in this image?,red,red | red | red,True,1.0,1.0,1.0,False,1,red,red,red,0.2672,0.2579,0.0,0.0,43.0,9.05,1,image+text
synth_baseline_00373,baseline,Is there a purple shape in this image?,yes,yes | yes | yes,True,1.0,1.0,1.0,False,1,yes,yes,yes,0.2683,0.2588,0.0,0.0,41.5,9.05,1,image+text
synth_baseline_00374,baseline,Is there a purple shape in this image?,yes,no | no | no,False,0.0,1.0,1.0,True,1,yes,yes,yes,0.2654,0.255,0.0,0.0,43.5,9.05,1,image+text
synth_baseline_00375,baseline,Is the background color light or dark?,dark,light | light | light,False,0.0,1.0,1.0,True,1,dark,dark,dark,0.2176,0.2086,0.0,0.0,43.0,9.05,1,image+text
synth_baseline_00376,baseline,What is the dominant color in this image?,blue is the dominant color in this image,blue | blue | blue,True,1.0,1.0,1.0,False,1,blue is the dominant color in this image,blue is the dominant color in this image,blue is the dominant color in this image,0.5015,0.4918,0.0,0.0,39.5,9.05,1,image+text
synth_baseline_00377,baseline,Is there a green shape in this image?,yes,no | no | no,False,0.0,1.0,1.0,True,1,yes,yes,yes,0.269,0.2591,0.0,0.0,41.5,9.05,1,image+text
synth_baseline_00378,baseline,Is there a red shape in this image?,yes,yes | yes | yes,True,1.0,1.0,1.0,False,1,yes,yes,yes,0.3125,0.303,0.0,0.0,43.5,9.05,1,image+text
synth_baseline_00379,baseline,What color is the circle?,the circle is green,cyan | cyan | teal | teal,False,0.0,1.0,1.0,True,1,the circle is green,the circle is green,the circle is green,0.3143,0.3049,0.0,0.0,43.5,9.05,1,image+text
synth_baseline_00380,baseline,What is the dominant color in this image?,red is the dominant color in this image,red | red | red,True,1.0,1.0,1.0,False,1,red is the dominant color in this image,red is the dominant color in this image,red is the dominant color in this image,0.519,0.5092,0.0,0.0,39.0,9.05,1,image+text
synth_baseline_00381,baseline,Is there a purple shape in this image?,yes,no | no | no,False,0.0,1.0,1.0,True,1,yes,yes,yes,0.2702,0.2605,0.0,0.0,41.5,9.05,1,image+text
synth_baseline_00382,baseline,Is the circle on the left or right side?,is the circle on the left side,right | right | right,False,0.0,1.0,1.0,True,1,is the circle on the left side,is the circle on the left side,is the circle on the left side,0.4571,0.4475,0.0,0.0,44.0,9.05,1,image+text
synth_baseline_00383,baseline,What color is the large rectangle?,brown color,brown | brown | brown,True,1.0,1.0,1.0,False,1,brown color,brown color,brown color,0.265,0.2558,0.0,0.0,39.5,9.05,1,image+text
synth_baseline_00384,baseline,What color is the large rectangle?,the large rectangle is blue,teal | teal | green,False,0.0,1.0,1.0,True,1,the large rectangle is blue,the large rectangle is blue,the large rectangle is blue,0.3584,0.3493,0.0,0.0,40.5,9.05,1,image+text
synth_baseline_00385,baseline,What color is the large rectangle?,red,maroon | maroon | dark red,True,0.3333,1.0,1.0,False,1,red,red,red,0.3135,0.3042,0.0,0.0,45.0,9.05,1,image+text
synth_baseline_00386,baseline,What color is the background?,white,white | white | white,True,1.0,1.0,1.0,False,1,white,white,white,0.318,0.3082,0.0,0.0,44.0,9.05,1,image+text
synth_baseline_00387,baseline,Is there a blue shape in this image?,yes,yes | yes | yes,True,1.0,1.0,1.0,False,1,yes,yes,yes,0.2706,0.2607,0.0,0.0,43.5,9.05,1,image+text
synth_baseline_00388,baseline,What color is the large rectangle?,red,red | red | red,True,1.0,1.0,1.0,False,1,red,red,red,0.3213,0.3118,0.0,0.0,43.5,9.05,1,image+text
synth_baseline_00389,baseline,What color is the circle?,a red circle,brown | brown | maroon,False,0.0,1.0,1.0,True,1,a red circle,a red circle,a red circle,0.314,0.3045,0.0,0.0,44.0,9.05,1,image+text
synth_baseline_00390,baseline,What color is the background?,white,white | white | white,True,1.0,1.0,1.0,False,1,white,white,white,0.3234,0.3136,0.0,0.0,44.5,9.05,1,image+text
synth_baseline_00391,baseline,What color is the large rectangle?,blue,blue | blue | blue,True,1.0,1.0,1.0,False,1,blue,blue,blue,0.2682,0.2589,0.0,0.0,43.5,9.05,1,image+text
synth_baseline_00392,baseline,Is the circle on the left or right side?,a circle on the left side,right | right | right,False,0.0,1.0,1.0,True,1,a circle on the left side,a circle on the left side,a circle on the left side,0.5047,0.4951,0.0,0.0,40.0,9.05,1,image+text
synth_baseline_00393,baseline,Is the circle on the left or right side?,is the circle on the left side,left | left | center,True,0.6667,1.0,1.0,False,1,is the circle on the left side,is the circle on the left side,is the circle on the left side,0.4575,0.4483,0.0,0.0,37.5,9.05,1,image+text
synth_baseline_00394,baseline,What is the dominant color in this image?,a blue background,navy | navy | blue | dark blue,True,0.6667,1.0,1.0,False,1,a blue background,a blue background,a blue background,0.3163,0.3068,0.0,0.0,38.5,9.05,1,image+text
synth_baseline_00395,baseline,What is the dominant color in this image?,the dominant color in this image is yellow,yellow | yellow | yellow,True,1.0,1.0,1.0,False,1,the dominant color in this image is yellow,the dominant color in this image is yellow,the dominant color in this image is yellow,0.5034,0.4939,0.0,0.0,38.5,9.05,1,image+text
synth_baseline_00396,baseline,Is the background color light or dark?,dark background,dark | dark | dark,True,1.0,1.0,1.0,False,1,dark background,dark background,dark background,0.2692,0.2597,0.0,0.0,38.5,9.05,1,image+text
synth_baseline_00397,baseline,Is there a blue shape in this image?,yes,no | no | no,False,0.0,1.0,1.0,True,1,yes,yes,yes,0.271,0.2614,0.0,0.0,44.5,9.05,1,image+text
synth_baseline_00398,baseline,What color is the large rectangle?,red,red | red | red,True,1.0,1.0,1.0,False,1,red,red,red,0.3141,0.3047,0.0,0.0,44.0,9.05,1,image+text
synth_baseline_00399,baseline,What color is the circle?,the circle is green,olive | olive | brown,False,0.0,1.0,1.0,True,1,the circle is green,the circle is green,the circle is green,0.3153,0.3058,0.0,0.0,44.0,9.05,1,image+text
synth_baseline_00400,baseline,Is the background color light or dark?,a dark background,dark | dark | medium,True,0.6667,1.0,1.0,False,1,a dark background,a dark background,a dark background,0.3493,0.3389,0.0,0.0,26.5,9.05,1,image+text
synth_baseline_00401,baseline,Is there a green shape in this image?,yes,yes | yes | yes,True,1.0,1.0,1.0,False,1,yes,yes,yes,0.2714,0.2619,0.0,0.0,41.0,9.05,1,image+text
synth_baseline_00402,baseline,What is the dominant color in this image?,the dominant color is brown,brown | brown | brown,True,1.0,1.0,1.0,False,1,the dominant color is brown,the dominant color is brown,the dominant color is brown,0.4108,0.3997,0.0,0.0,45.0,9.05,1,image+text
synth_baseline_00403,baseline,Is there a green shape in this image?,yes,yes | yes | yes,True,1.0,1.0,1.0,False,1,yes,yes,yes,0.2674,0.2582,0.0,0.0,44.5,9.05,1,image+text
synth_baseline_00404,baseline,Is the background color light or dark?,dark blue,dark | dark | dark,False,0.0,1.0,1.0,True,1,dark blue,dark blue,dark blue,0.2209,0.2118,0.0,0.0,45.0,9.05,1,image+text
synth_baseline_00405,baseline,Is the background color light or dark?,dark,light | light | light,False,0.0,1.0,1.0,True,1,dark,dark,dark,0.2215,0.2121,0.0,0.0,46.0,9.05,1,image+text
synth_baseline_00406,baseline,What color is the large rectangle?,a yellow square,yellow | yellow | yellow,True,1.0,1.0,1.0,False,1,a yellow square,a yellow square,a yellow square,0.3127,0.3033,0.0,0.0,45.5,9.05,1,image+text
synth_baseline_00407,baseline,What color is the circle?,red,maroon | dark red | red,True,0.6667,1.0,1.0,False,1,red,red,red,0.3136,0.3045,0.0,0.0,46.5,9.05,1,image+text
synth_baseline_00408,baseline,What is the dominant color in this image?,the dominant color in this image is green,green | green | green,True,1.0,1.0,1.0,False,1,the dominant color in this image is green,the dominant color in this image is green,the dominant color in this image is green,0.4969,0.4874,0.0,0.0,43.5,9.05,1,image+text
synth_baseline_00409,baseline,Is the background color light or dark?,dark background,dark | dark | dark,True,1.0,1.0,1.0,False,1,dark background,dark background,dark background,0.2775,0.2682,0.0,0.0,43.0,9.05,1,image+text
synth_baseline_00410,baseline,What color is the large rectangle?,a yellow square,yellow | yellow | yellow,True,1.0,1.0,1.0,False,1,a yellow square,a yellow square,a yellow square,0.3144,0.3035,0.0,0.0,42.5,9.05,1,image+text
synth_baseline_00411,baseline,Is the background color light or dark?,dark background,dark | dark | dark,True,1.0,1.0,1.0,False,1,dark background,dark background,dark background,0.2667,0.2574,0.0,0.0,38.5,9.05,1,image+text
synth_baseline_00412,baseline,Is the background color light or dark?,dark,light | light | light,False,0.0,1.0,1.0,True,1,dark,dark,dark,0.2206,0.2115,0.0,0.0,45.0,9.05,1,image+text
synth_baseline_00413,baseline,What color is the circle in this image?,yellow,yellow | yellow | yellow,True,1.0,1.0,1.0,False,1,yellow,yellow,yellow,0.3139,0.3043,0.0,0.0,44.0,9.05,1,image+text
synth_baseline_00414,baseline,What color is the circle in this image?,blue,blue | blue | blue,True,1.0,1.0,1.0,False,1,blue,blue,blue,0.2664,0.2567,0.0,0.0,41.5,9.05,1,image+text
synth_baseline_00415,baseline,Is the background color light or dark?,dark blue,dark | dark | dark,False,0.0,1.0,1.0,True,1,dark blue,dark blue,dark blue,0.2216,0.2121,0.0,0.0,42.5,9.05,1,image+text
synth_baseline_00416,baseline,What is the dominant color in this image?,the dominant color in this image,orange | orange | orange,False,0.0,1.0,1.0,True,1,the dominant color in this image,the dominant color in this image,the dominant color in this image,0.4065,0.3964,0.0,0.0,42.5,9.05,1,image+text
synth_baseline_00417,baseline,What color is the large rectangle?,the large rectangle is green,green | green | green,True,1.0,1.0,1.0,False,1,the large rectangle is green,the large rectangle is green,the large rectangle is green,0.3602,0.3508,0.0,0.0,40.5,9.05,1,image+text
synth_baseline_00418,baseline,Is there a purple shape in this image?,yes,yes | yes | yes,True,1.0,1.0,1.0,False,1,yes,yes,yes,0.267,0.2572,0.0,0.0,43.0,9.05,1,image+text
synth_baseline_00419,baseline,Is there a red shape in this image?,yes,no | no | no,False,0.0,1.0,1.0,True,1,yes,yes,yes,0.2669,0.2575,0.0,0.0,42.0,9.05,1,image+text
synth_baseline_00420,baseline,Is the background color light or dark?,dark background,dark | dark | dark,True,1.0,1.0,1.0,False,1,dark background,dark background,dark background,0.2859,0.2763,0.0,0.0,43.0,9.05,1,image+text
synth_baseline_00421,baseline,Is there a blue shape in this image?,yes,yes | yes | yes,True,1.0,1.0,1.0,False,1,yes,yes,yes,0.2662,0.2571,0.0,0.0,43.5,9.05,1,image+text
synth_baseline_00422,baseline,What color is the circle in this image?,blue,blue | blue | blue,True,1.0,1.0,1.0,False,1,blue,blue,blue,0.267,0.2579,0.0,0.0,42.5,9.05,1,image+text
synth_baseline_00423,baseline,What is the dominant color in this image?,red is the dominant color in this image,red | red | red,True,1.0,1.0,1.0,False,1,red is the dominant color in this image,red is the dominant color in this image,red is the dominant color in this image,0.5009,0.4916,0.0,0.0,39.0,9.05,1,image+text
synth_baseline_00424,baseline,What color is the small circle?,green,olive | olive | green,True,0.3333,1.0,1.0,False,1,green,green,green,0.316,0.307,0.0,0.0,40.0,9.05,1,image+text
synth_baseline_00425,baseline,Is there a blue shape in this image?,yes,yes | yes | yes,True,1.0,1.0,1.0,False,1,yes,yes,yes,0.2705,0.2614,0.0,0.0,43.5,9.05,1,image+text
synth_baseline_00426,baseline,What color is the large rectangle?,the large rectangle is purple,purple | purple | purple,True,1.0,1.0,1.0,False,1,the large rectangle is purple,the large rectangle is purple,the large rectangle is purple,0.3634,0.354,0.0,0.0,42.5,9.05,1,image+text
synth_baseline_00427,baseline,Is the background color light or dark?,dark blue,dark | dark | dark,False,0.0,1.0,1.0,True,1,dark blue,dark blue,dark blue,0.223,0.2136,0.0,0.0,42.5,9.05,1,image+text
synth_baseline_00428,baseline,Is there a red shape in this image?,yes,yes | yes | yes,True,1.0,1.0,1.0,False,1,yes,yes,yes,0.3161,0.3067,0.0,0.0,44.0,9.05,1,image+text
synth_baseline_00429,baseline,What color is the large rectangle?,the color orange,orange | orange | orange,True,1.0,1.0,1.0,False,1,the color orange,the color orange,the color orange,0.315,0.3057,0.0,0.0,44.0,9.05,1,image+text
synth_baseline_00430,baseline,What color is the large rectangle?,the color orange,orange | orange | orange,True,1.0,1.0,1.0,False,1,the color orange,the color orange,the color orange,0.3148,0.3051,0.0,0.0,44.5,9.05,1,image+text
synth_baseline_00431,baseline,What color is the large rectangle?,red,red | red | red,True,1.0,1.0,1.0,False,1,red,red,red,0.3154,0.3058,0.0,0.0,44.5,9.05,1,image+text
synth_baseline_00432,baseline,Is the background color light or dark?,dark,dark | dark | dark,True,1.0,1.0,1.0,False,1,dark,dark,dark,0.2215,0.212,0.0,0.0,40.0,9.05,1,image+text
synth_baseline_00433,baseline,Is there a red shape in this image?,yes,no | no | no,False,0.0,1.0,1.0,True,1,yes,yes,yes,0.2681,0.259,0.0,0.0,40.0,9.05,1,image+text
synth_baseline_00434,baseline,What is the dominant color in this image?,the dominant color in this image is purple,purple | purple | purple,True,1.0,1.0,1.0,False,1,the dominant color in this image is purple,the dominant color in this image is purple,the dominant color in this image is purple,0.5011,0.4911,0.0,0.0,41.5,9.05,1,image+text
synth_baseline_00435,baseline,Is the background color light or dark?,dark,light | light | light,False,0.0,1.0,1.0,True,1,dark,dark,dark,0.2201,0.2107,0.0,0.0,37.0,9.05,1,image+text
synth_baseline_00436,baseline,What is the dominant color in this image?,red is the dominant color in this image,red | red | red,True,1.0,1.0,1.0,False,1,red is the dominant color in this image,red is the dominant color in this image,red is the dominant color in this image,0.5031,0.4932,0.0,0.0,37.0,9.05,1,image+text
synth_baseline_00437,baseline,What is the dominant color in this image?,the dominant color is brown,brown | brown | brown,True,1.0,1.0,1.0,False,1,the dominant color is brown,the dominant color is brown,the dominant color is brown,0.41,0.4005,0.0,0.0,39.0,9.05,1,image+text
synth_baseline_00438,baseline,What color is the circle in this image?,yellow,yellow | yellow | yellow,True,1.0,1.0,1.0,False,1,yellow,yellow,yellow,0.3166,0.3071,0.0,0.0,41.0,9.05,1,image+text
synth_baseline_00439,baseline,What color is the large rectangle?,navy blue,navy | dark blue | navy,True,0.3333,1.0,1.0,False,1,navy blue,navy blue,navy blue,0.2235,0.2142,0.0,0.0,43.0,9.05,1,image+text
synth_baseline_00440,baseline,Is the circle on the left or right side?,is the circle on the left side,left | left | left,True,1.0,1.0,1.0,False,1,is the circle on the left side,is the circle on the left side,is the circle on the left side,0.4748,0.4651,0.0,0.0,30.0,9.05,1,image+text
synth_baseline_00441,baseline,What is the dominant color in this image?,the dominant color in this image,orange | orange | orange,False,0.0,1.0,1.0,True,1,the dominant color in this image,the dominant color in this image,the dominant color in this image,0.4054,0.3957,0.0,0.0,40.0,9.05,1,image+text
synth_baseline_00442,baseline,Is there a red shape in this image?,yes,yes | yes | yes,True,1.0,1.0,1.0,False,1,yes,yes,yes,0.3178,0.3062,0.0,0.0,40.0,9.05,1,image+text
synth_baseline_00443,baseline,What color is the large rectangle?,blue,blue | blue | blue,True,1.0,1.0,1.0,False,1,blue,blue,blue,0.2681,0.2582,0.0,0.0,41.5,9.05,1,image+text
synth_baseline_00444,baseline,What color is the circle in this image?,red,red | red | red,True,1.0,1.0,1.0,False,1,red,red,red,0.2654,0.256,0.0,0.0,43.5,9.05,1,image+text
synth_baseline_00445,baseline,What color is the circle?,the circle is green,cyan | cyan | teal | teal,False,0.0,1.0,1.0,True,1,the circle is green,the circle is green,the circle is green,0.311,0.3019,0.0,0.0,45.0,9.05,1,image+text
synth_baseline_00446,baseline,What color is the large rectangle?,blue,blue | blue | blue,True,1.0,1.0,1.0,False,1,blue,blue,blue,0.265,0.2556,0.0,0.0,46.0,9.05,1,image+text
synth_baseline_00447,baseline,Is the circle on the left or right side?,is the circle on the left side,left | left | left,True,1.0,1.0,1.0,False,1,is the circle on the left side,is the circle on the left side,is the circle on the left side,0.4506,0.4403,0.0,0.0,44.5,9.05,1,image+text
synth_baseline_00448,baseline,Is the circle on the left or right side?,is the circle on the left side,right | right | right,False,0.0,1.0,1.0,True,1,is the circle on the left side,is the circle on the left side,is the circle on the left side,0.4488,0.4394,0.0,0.0,41.5,9.05,1,image+text
synth_baseline_00449,baseline,Is the background color light or dark?,light blue,light | light | medium,False,0.0,1.0,1.0,True,1,light blue,light blue,light blue,0.2242,0.2144,0.0,0.0,41.5,9.05,1,image+text
synth_baseline_00450,baseline,What color is the large rectangle?,a yellow square,yellow | yellow | yellow,True,1.0,1.0,1.0,False,1,a yellow square,a yellow square,a yellow square,0.3154,0.3057,0.0,0.0,42.0,9.05,1,image+text
synth_baseline_00451,baseline,What color is the large rectangle?,red,red | red | red,True,1.0,1.0,1.0,False,1,red,red,red,0.3209,0.3118,0.0,0.0,42.0,9.05,1,image+text
synth_baseline_00452,baseline,Is there a blue shape in this image?,yes,no | no | no,False,0.0,1.0,1.0,True,1,yes,yes,yes,0.2838,0.2748,0.0,0.0,41.0,9.05,1,image+text
synth_baseline_00453,baseline,Is the background color light or dark?,dark,light | light | light,False,0.0,1.0,1.0,True,1,dark,dark,dark,0.2228,0.2134,0.0,0.0,39.5,9.05,1,image+text
synth_baseline_00454,baseline,Is the background color light or dark?,light blue,light | light | medium,False,0.0,1.0,1.0,True,1,light blue,light blue,light blue,0.2203,0.2112,0.0,0.0,43.5,9.05,1,image+text
synth_baseline_00455,baseline,What color is the background?,white,white | white | white,True,1.0,1.0,1.0,False,1,white,white,white,0.3148,0.3055,0.0,0.0,45.0,9.05,1,image+text
synth_baseline_00456,baseline,What color is the large rectangle?,green,lime | lime | green,True,0.3333,1.0,1.0,False,1,green,green,green,0.3129,0.3038,0.0,0.0,45.5,9.05,1,image+text
synth_baseline_00457,baseline,What is the dominant color in this image?,blue is the dominant color in this image,blue | blue | blue,True,1.0,1.0,1.0,False,1,blue is the dominant color in this image,blue is the dominant color in this image,blue is the dominant color in this image,0.4971,0.4878,0.0,0.0,43.5,9.05,1,image+text
synth_baseline_00458,baseline,Is there a blue shape in this image?,yes,no | no | no,False,0.0,1.0,1.0,True,1,yes,yes,yes,0.2792,0.2698,0.0,0.0,43.5,9.05,1,image+text
synth_baseline_00459,baseline,What color is the large rectangle?,the large rectangle is white,white | white | white,True,1.0,1.0,1.0,False,1,the large rectangle is white,the large rectangle is white,the large rectangle is white,0.364,0.3532,0.0,0.0,43.5,9.05,1,image+text
synth_baseline_00460,baseline,Is there a green shape in this image?,yes,yes | yes | yes,True,1.0,1.0,1.0,False,1,yes,yes,yes,0.3016,0.2921,0.0,0.0,35.5,9.05,1,image+text
synth_baseline_00461,baseline,Is the circle on the left or right side?,is the circle on the left side,left | left | left,True,1.0,1.0,1.0,False,1,is the circle on the left side,is the circle on the left side,is the circle on the left side,0.455,0.4454,0.0,0.0,38.5,9.05,1,image+text
synth_baseline_00462,baseline,What color is the circle in this image?,yellow,yellow | yellow | yellow,True,1.0,1.0,1.0,False,1,yellow,yellow,yellow,0.3171,0.3079,0.0,0.0,45.0,9.05,1,image+text
synth_baseline_00463,baseline,What color is the large rectangle?,red,red | red | red,True,1.0,1.0,1.0,False,1,red,red,red,0.3164,0.3072,0.0,0.0,43.0,9.05,1,image+text
synth_baseline_00464,baseline,What is the dominant color in this image?,red is the dominant color in this image,red | red | red,True,1.0,1.0,1.0,False,1,red is the dominant color in this image,red is the dominant color in this image,red is the dominant color in this image,0.5154,0.5062,0.0,0.0,39.0,9.05,1,image+text
synth_baseline_00465,baseline,Is there a green shape in this image?,yes,no | no | no,False,0.0,1.0,1.0,True,1,yes,yes,yes,0.2706,0.2609,0.0,0.0,37.5,9.05,1,image+text
synth_baseline_00466,baseline,What is the dominant color in this image?,red is the dominant color in this image,red | red | red,True,1.0,1.0,1.0,False,1,red is the dominant color in this image,red is the dominant color in this image,red is the dominant color in this image,0.504,0.4945,0.0,0.0,37.5,9.05,1,image+text
synth_baseline_00467,baseline,Is there a purple shape in this image?,yes,yes | yes | yes,True,1.0,1.0,1.0,False,1,yes,yes,yes,0.2679,0.2585,0.0,0.0,38.5,9.05,1,image+text
synth_baseline_00468,baseline,What is the dominant color in this image?,cyan,cyan | cyan | blue,True,0.6667,1.0,1.0,False,1,cyan,cyan,cyan,0.3118,0.3026,0.0,0.0,43.0,9.05,1,image+text
synth_baseline_00469,baseline,Is the circle on the left or right side?,a circle on the left side,right | right | right,False,0.0,1.0,1.0,True,1,a circle on the left side,a circle on the left side,a circle on the left side,0.5151,0.5057,0.0,0.0,43.5,9.05,1,image+text
synth_baseline_00470,baseline,What color is the small circle?,green,lime | lime | yellow-green,False,0.0,1.0,1.0,True,1,green,green,green,0.3141,0.3045,0.0,0.0,41.5,9.05,1,image+text
synth_baseline_00471,baseline,What is the dominant color in this image?,the dominant color in this image is blue,teal | teal | cyan | blue-green,False,0.0,1.0,1.0,True,1,the dominant color in this image is blue,the dominant color in this image is blue,the dominant color in this image is blue,0.4998,0.4906,0.0,0.0,39.5,9.05,1,image+text
synth_baseline_00472,baseline,Is there a red shape in this image?,yes,yes | yes | yes,True,1.0,1.0,1.0,False,1,yes,yes,yes,0.3085,0.2993,0.0,0.0,41.5,9.05,1,image+text
synth_baseline_00473,baseline,Is there a blue shape in this image?,yes,no | no | no,False,0.0,1.0,1.0,True,1,yes,yes,yes,0.2627,0.2535,0.0,0.0,42.0,9.05,1,image+text
synth_baseline_00474,baseline,What color is the circle in this image?,red,red | red | red,True,1.0,1.0,1.0,False,1,red,red,red,0.2618,0.2528,0.0,0.0,42.0,9.05,1,image+text
synth_baseline_00475,baseline,What is the dominant color in this image?,blue is the dominant color in this image,blue | blue | blue,True,1.0,1.0,1.0,False,1,blue is the dominant color in this image,blue is the dominant color in this image,blue is the dominant color in this image,0.4908,0.4817,0.0,0.0,43.5,9.05,1,image+text
synth_baseline_00476,baseline,What is the dominant color in this image?,a blue background,navy | navy | blue | dark blue,True,0.6667,1.0,1.0,False,1,a blue background,a blue background,a blue background,0.3144,0.3049,0.0,0.0,43.5,9.05,1,image+text
synth_baseline_00477,baseline,Is there a green shape in this image?,yes,no | no | no,False,0.0,1.0,1.0,True,1,yes,yes,yes,0.2692,0.2595,0.0,0.0,44.0,9.05,1,image+text
synth_baseline_00478,baseline,What color is the large rectangle?,the large rectangle is green,olive | olive | dark yellow,False,0.0,1.0,1.0,True,1,the large rectangle is green,the large rectangle is green,the large rectangle is green,0.3567,0.3467,0.0,0.0,44.5,9.05,1,image+text
synth_baseline_00479,baseline,What color is the small circle?,green,olive | olive | green,True,0.3333,1.0,1.0,False,1,green,green,green,0.3088,0.2997,0.0,0.0,45.5,9.05,1,image+text
synth_baseline_00480,baseline,Is the circle on the left or right side?,is the circle on the left side,left | left | center,True,0.6667,1.0,1.0,False,1,is the circle on the left side,is the circle on the left side,is the circle on the left side,0.4668,0.457,0.0,0.0,29.5,9.05,1,image+text
synth_baseline_00481,baseline,What color is the circle in this image?,blue,blue | blue | blue,True,1.0,1.0,1.0,False,1,blue,blue,blue,0.2628,0.2536,0.0,0.0,41.5,9.05,1,image+text
synth_baseline_00482,baseline,What is the dominant color in this image?,the dominant color in this image is green,green | green | green,True,1.0,1.0,1.0,False,1,the dominant color in this image is green,the dominant color in this image is green,the dominant color in this image is green,0.5264,0.5167,0.0,0.0,40.0,9.05,1,image+text
synth_baseline_00483,baseline,What is the dominant color in this image?,the dominant color in this image is purple,purple | purple | purple,True,1.0,1.0,1.0,False,1,the dominant color in this image is purple,the dominant color in this image is purple,the dominant color in this image is purple,0.5026,0.4931,0.0,0.0,38.0,9.05,1,image+text
synth_baseline_00484,baseline,Is the background color light or dark?,dark background,dark | dark | dark,True,1.0,1.0,1.0,False,1,dark background,dark background,dark background,0.2701,0.2607,0.0,0.0,42.5,9.05,1,image+text
synth_baseline_00485,baseline,Is there a red shape in this image?,yes,yes | yes | yes,True,1.0,1.0,1.0,False,1,yes,yes,yes,0.3212,0.312,0.0,0.0,43.5,9.05,1,image+text
synth_baseline_00486,baseline,Is there a green shape in this image?,yes,yes | yes | yes,True,1.0,1.0,1.0,False,1,yes,yes,yes,0.2636,0.2545,0.0,0.0,44.5,9.05,1,image+text
synth_baseline_00487,baseline,What color is the large rectangle?,the large rectangle is green,green | green | green,True,1.0,1.0,1.0,False,1,the large rectangle is green,the large rectangle is green,the large rectangle is green,0.3641,0.3541,0.0,0.0,42.0,9.05,1,image+text
synth_baseline_00488,baseline,Is the circle on the left or right side?,is the circle on the left side,left | left | left,True,1.0,1.0,1.0,False,1,is the circle on the left side,is the circle on the left side,is the circle on the left side,0.4513,0.4417,0.0,0.0,37.5,9.05,1,image+text
synth_baseline_00489,baseline,Is the circle on the left or right side?,is the circle on the left side,left | left | left,True,1.0,1.0,1.0,False,1,is the circle on the left side,is the circle on the left side,is the circle on the left side,0.4507,0.441,0.0,0.0,38.0,9.05,1,image+text
synth_baseline_00490,baseline,What color is the large rectangle?,red,maroon | maroon | dark red,True,0.3333,1.0,1.0,False,1,red,red,red,0.3189,0.3095,0.0,0.0,36.5,9.05,1,image+text
synth_baseline_00491,baseline,What is the dominant color in this image?,the dominant color in this image is yellow,yellow | yellow | yellow,True,1.0,1.0,1.0,False,1,the dominant color in this image is yellow,the dominant color in this image is yellow,the dominant color in this image is yellow,0.4988,0.4893,0.0,0.0,41.0,9.05,1,image+text
synth_baseline_00492,baseline,Is the circle on the left or right side?,is the circle on the left side,right | right | right,False,0.0,1.0,1.0,True,1,is the circle on the left side,is the circle on the left side,is the circle on the left side,0.4788,0.4678,0.0,0.0,38.0,9.05,1,image+text
synth_baseline_00493,baseline,What is the dominant color in this image?,the dominant color in this image is green,green | green | green,True,1.0,1.0,1.0,False,1,the dominant color in this image is green,the dominant color in this image is green,the dominant color in this image is green,0.496,0.4867,0.0,0.0,38.0,9.05,1,image+text
synth_baseline_00494,baseline,Is the background color light or dark?,dark,dark | dark | dark,True,1.0,1.0,1.0,False,1,dark,dark,dark,0.2198,0.2106,0.0,0.0,38.0,9.05,1,image+text
synth_baseline_00495,baseline,What is the dominant color in this image?,blue is the dominant color in this image,blue | blue | blue,True,1.0,1.0,1.0,False,1,blue is the dominant color in this image,blue is the dominant color in this image,blue is the dominant color in this image,0.4975,0.4883,0.0,0.0,38.0,9.05,1,image+text
synth_baseline_00496,baseline,What is the dominant color in this image?,the dominant color in this image is purple,purple | purple | purple,True,1.0,1.0,1.0,False,1,the dominant color in this image is purple,the dominant color in this image is purple,the dominant color in this image is purple,0.5076,0.4981,0.0,0.0,38.0,9.05,1,image+text
synth_baseline_00497,baseline,What color is the circle?,a red circle,brown | brown | maroon,False,0.0,1.0,1.0,True,1,a red circle,a red circle,a red circle,0.3135,0.3043,0.0,0.0,37.0,9.05,1,image+text
synth_baseline_00498,baseline,What color is the circle in this image?,red,red | red | red,True,1.0,1.0,1.0,False,1,red,red,red,0.2619,0.2529,0.0,0.0,40.5,9.05,1,image+text
synth_baseline_00499,baseline,What color is the large rectangle?,navy blue,navy | dark blue | navy,True,0.3333,1.0,1.0,False,1,navy blue,navy blue,navy blue,0.2178,0.2085,0.0,0.0,43.0,9.05,1,image+text
synth_baseline_00500,baseline,What color is the background?,gray,gray | gray | grey,True,0.6667,1.0,1.0,False,1,gray,gray,gray,0.2392,0.2298,0.0,0.0,29.5,9.05,1,image+text
synth_baseline_00501,baseline,What color is the large rectangle?,the large rectangle is green,olive | olive | dark yellow,False,0.0,1.0,1.0,True,1,the large rectangle is green,the large rectangle is green,the large rectangle is green,0.3591,0.3492,0.0,0.0,31.0,9.05,1,image+text
synth_baseline_00502,baseline,What color is the background?,blue,blue | blue | blue,True,1.0,1.0,1.0,False,1,blue,blue,blue,0.3168,0.3076,0.0,0.0,44.0,9.05,1,image+text
synth_baseline_00503,baseline,What color is the large rectangle?,a yellow square,yellow | yellow | yellow,True,1.0,1.0,1.0,False,1,a yellow square,a yellow square,a yellow square,0.3148,0.3049,0.0,0.0,43.5,9.05,1,image+text
synth_baseline_00504,baseline,What color is the large rectangle?,blue,blue | blue | blue,True,1.0,1.0,1.0,False,1,blue,blue,blue,0.265,0.2556,0.0,0.0,41.0,9.05,1,image+text
synth_baseline_00505,baseline,What color is the large rectangle?,the large rectangle is purple,purple | purple | purple,True,1.0,1.0,1.0,False,1,the large rectangle is purple,the large rectangle is purple,the large rectangle is purple,0.3574,0.348,0.0,0.0,42.0,9.05,1,image+text
synth_baseline_00506,baseline,What is the dominant color in this image?,blue is the dominant color in this image,blue | blue | blue,True,1.0,1.0,1.0,False,1,blue is the dominant color in this image,blue is the dominant color in this image,blue is the dominant color in this image,0.5129,0.5037,0.0,0.0,41.0,9.05,1,image+text
synth_baseline_00507,baseline,What color is the circle?,a red circle,brown | brown | maroon,False,0.0,1.0,1.0,True,1,a red circle,a red circle,a red circle,0.3128,0.3034,0.0,0.0,40.0,9.05,1,image+text
synth_baseline_00508,baseline,Is there a green shape in this image?,yes,no | no | no,False,0.0,1.0,1.0,True,1,yes,yes,yes,0.2671,0.2578,0.0,0.0,45.0,9.05,1,image+text
synth_baseline_00509,baseline,What color is the large rectangle?,the large rectangle is purple,purple | purple | purple,True,1.0,1.0,1.0,False,1,the large rectangle is purple,the large rectangle is purple,the large rectangle is purple,0.3842,0.3748,0.0,0.0,41.5,9.05,1,image+text
synth_baseline_00510,baseline,Is the circle on the left or right side?,is the circle on the left side,left | left | center,True,0.6667,1.0,1.0,False,1,is the circle on the left side,is the circle on the left side,is the circle on the left side,0.4521,0.4423,0.0,0.0,39.5,9.05,1,image+text
synth_baseline_00511,baseline,What is the dominant color in this image?,burgundy,maroon | maroon | dark red,False,0.0,1.0,1.0,True,1,burgundy,burgundy,burgundy,0.4028,0.3936,0.0,0.0,44.5,9.05,1,image+text
synth_baseline_00512,baseline,What color is the large rectangle?,the large rectangle is green,green | green | green,True,1.0,1.0,1.0,False,1,the large rectangle is green,the large rectangle is green,the large rectangle is green,0.3601,0.3507,0.0,0.0,47.5,9.05,1,image+text
synth_baseline_00513,baseline,What is the dominant color in this image?,blue is the dominant color in this image,blue | blue | blue,True,1.0,1.0,1.0,False,1,blue is the dominant color in this image,blue is the dominant color in this image,blue is the dominant color in this image,0.5081,0.4989,0.0,0.0,42.0,9.05,1,image+text
synth_baseline_00514,baseline,Is the background color light or dark?,a dark background,dark | dark | medium,True,0.6667,1.0,1.0,False,1,a dark background,a dark background,a dark background,0.3134,0.3038,0.0,0.0,40.5,9.05,1,image+text
synth_baseline_00515,baseline,What is the dominant color in this image?,the dominant color in this image is green,green | green | green,True,1.0,1.0,1.0,False,1,the dominant color in this image is green,the dominant color in this image is green,the dominant color in this image is green,0.4966,0.4873,0.0,0.0,41.5,9.05,1,image+text
synth_baseline_00516,baseline,What color is the large rectangle?,a yellow square,yellow | yellow | yellow,True,1.0,1.0,1.0,False,1,a yellow square,a yellow square,a yellow square,0.3121,0.3031,0.0,0.0,42.0,9.05,1,image+text
synth_baseline_00517,baseline,What color is the small circle?,green,lime | lime | yellow-green,False,0.0,1.0,1.0,True,1,green,green,green,0.3145,0.305,0.0,0.0,46.5,9.05,1,image+text
synth_baseline_00518,baseline,Is the background color light or dark?,dark,light | light | light,False,0.0,1.0,1.0,True,1,dark,dark,dark,0.2219,0.2122,0.0,0.0,45.0,9.05,1,image+text
synth_baseline_00519,baseline,What color is the circle in this image?,blue,blue | blue | blue,True,1.0,1.0,1.0,False,1,blue,blue,blue,0.2797,0.2702,0.0,0.0,43.5,9.05,1,image+text
synth_baseline_00520,baseline,Is there a red shape in this image?,yes,no | no | no,False,0.0,1.0,1.0,True,1,yes,yes,yes,0.2879,0.2784,0.0,0.0,25.0,9.05,1,image+text
synth_baseline_00521,baseline,Is there a red shape in this image?,yes,yes | yes | yes,True,1.0,1.0,1.0,False,1,yes,yes,yes,0.3288,0.3182,0.0,0.0,27.0,9.05,1,image+text
synth_baseline_00522,baseline,What color is the background?,blue,blue | blue | blue,True,1.0,1.0,1.0,False,1,blue,blue,blue,0.3199,0.3107,0.0,0.0,43.0,9.05,1,image+text
synth_baseline_00523,baseline,Is the circle on the left or right side?,is the circle on the left side,right | right | right,False,0.0,1.0,1.0,True,1,is the circle on the left side,is the circle on the left side,is the circle on the left side,0.4538,0.4444,0.0,0.0,43.5,9.05,1,image+text
synth_baseline_00524,baseline,What color is the large rectangle?,red,red | red | red,True,1.0,1.0,1.0,False,1,red,red,red,0.3154,0.3059,0.0,0.0,45.0,9.05,1,image+text
synth_baseline_00525,baseline,What is the dominant color in this image?,the dominant color in this image is green,olive | olive | green | dark green,True,0.6667,1.0,1.0,False,1,the dominant color in this image is green,the dominant color in this image is green,the dominant color in this image is green,0.4978,0.4886,0.0,0.0,43.5,9.05,1,image+text
synth_baseline_00526,baseline,Is the background color light or dark?,dark,light | light | light,False,0.0,1.0,1.0,True,1,dark,dark,dark,0.2179,0.2087,0.0,0.0,39.0,9.05,1,image+text
synth_baseline_00527,baseline,Is the circle on the left or right side?,is the circle on the left side,right | right | right,False,0.0,1.0,1.0,True,1,is the circle on the left side,is the circle on the left side,is the circle on the left side,0.4467,0.4374,0.0,0.0,38.0,9.05,1,image+text
synth_baseline_00528,baseline,Is there a purple shape in this image?,yes,no | no | no,False,0.0,1.0,1.0,True,1,yes,yes,yes,0.264,0.2548,0.0,0.0,42.0,9.05,1,image+text
synth_baseline_00529,baseline,What color is the large rectangle?,green,lime | lime | green,True,0.3333,1.0,1.0,False,1,green,green,green,0.3088,0.2992,0.0,0.0,45.0,9.05,1,image+text
synth_baseline_00530,baseline,What color is the circle in this image?,yellow,yellow | yellow | yellow,True,1.0,1.0,1.0,False,1,yellow,yellow,yellow,0.3082,0.2987,0.0,0.0,43.0,9.05,1,image+text
synth_baseline_00531,baseline,What is the dominant color in this image?,a blue background,navy | navy | blue | dark blue,True,0.6667,1.0,1.0,False,1,a blue background,a blue background,a blue background,0.3222,0.313,0.0,0.0,43.5,9.05,1,image+text
synth_baseline_00532,baseline,What is the dominant color in this image?,cyan,cyan | cyan | blue,True,0.6667,1.0,1.0,False,1,cyan,cyan,cyan,0.3159,0.3067,0.0,0.0,44.0,9.05,1,image+text
synth_baseline_00533,baseline,What color is the large rectangle?,a large rectangle,pink | pink | pink,False,0.0,1.0,1.0,True,1,a large rectangle,a large rectangle,a large rectangle,0.3175,0.3081,0.0,0.0,44.0,9.05,1,image+text
synth_baseline_00534,baseline,What color is the background?,the background is white,cream | white | beige,True,0.3333,1.0,1.0,False,1,the background is white,the background is white,the background is white,0.315,0.3056,0.0,0.0,41.5,9.05,1,image+text
synth_baseline_00535,baseline,What color is the large rectangle?,blue,blue | blue | blue,True,1.0,1.0,1.0,False,1,blue,blue,blue,0.2669,0.2576,0.0,0.0,41.5,9.05,1,image+text
synth_baseline_00536,baseline,Is there a purple shape in this image?,yes,yes | yes | yes,True,1.0,1.0,1.0,False,1,yes,yes,yes,0.2685,0.2585,0.0,0.0,43.5,9.05,1,image+text
synth_baseline_00537,baseline,What color is the large rectangle?,blue,blue | blue | blue,True,1.0,1.0,1.0,False,1,blue,blue,blue,0.2667,0.2576,0.0,0.0,44.5,9.05,1,image+text
synth_baseline_00538,baseline,What is the dominant color in this image?,red is the dominant color in this image,red | red | red,True,1.0,1.0,1.0,False,1,red is the dominant color in this image,red is the dominant color in this image,red is the dominant color in this image,0.498,0.4879,0.0,0.0,42.5,9.05,1,image+text
synth_baseline_00539,baseline,What is the dominant color in this image?,the dominant color in this image is yellow,yellow | yellow | yellow,True,1.0,1.0,1.0,False,1,the dominant color in this image is yellow,the dominant color in this image is yellow,the dominant color in this image is yellow,0.498,0.4886,0.0,0.0,41.0,9.05,1,image+text
synth_baseline_00540,baseline,What is the dominant color in this image?,red is the dominant color in this image,red | red | red,True,1.0,1.0,1.0,False,1,red is the dominant color in this image,red is the dominant color in this image,red is the dominant color in this image,0.5123,0.5025,0.0,0.0,38.0,9.05,1,image+text
synth_baseline_00541,baseline,Is the circle on the left or right side?,is the circle on the left side,left | left | left,True,1.0,1.0,1.0,False,1,is the circle on the left side,is the circle on the left side,is the circle on the left side,0.4462,0.4367,0.0,0.0,41.5,9.05,1,image+text
synth_baseline_00542,baseline,What is the dominant color in this image?,the dominant color in this image,orange | orange | orange,False,0.0,1.0,1.0,True,1,the dominant color in this image,the dominant color in this image,the dominant color in this image,0.4027,0.3933,0.0,0.0,45.5,9.05,1,image+text
synth_baseline_00543,baseline,Is the circle on the left or right side?,a circle on the left side,right | right | right,False,0.0,1.0,1.0,True,1,a circle on the left side,a circle on the left side,a circle on the left side,0.4973,0.4873,0.0,0.0,42.0,9.05,1,image+text
synth_baseline_00544,baseline,What color is the circle in this image?,red,red | red | red,True,1.0,1.0,1.0,False,1,red,red,red,0.2675,0.2576,0.0,0.0,40.0,9.05,1,image+text
synth_baseline_00545,baseline,What is the dominant color in this image?,the dominant color in this image is blue,teal | teal | cyan | blue-green,False,0.0,1.0,1.0,True,1,the dominant color in this image is blue,the dominant color in this image is blue,the dominant color in this image is blue,0.4977,0.4883,0.0,0.0,45.0,9.05,1,image+text
synth_baseline_00546,baseline,What color is the background?,the background is white,cream | white | beige,True,0.3333,1.0,1.0,False,1,the background is white,the background is white,the background is white,0.3135,0.3043,0.0,0.0,41.5,9.05,1,image+text
synth_baseline_00547,baseline,Is the background color light or dark?,dark background,dark | dark | dark,True,1.0,1.0,1.0,False,1,dark background,dark background,dark background,0.2668,0.2571,0.0,0.0,45.5,9.05,1,image+text
synth_baseline_00548,baseline,What is the dominant color in this image?,the dominant color in this image is green,green | green | green,True,1.0,1.0,1.0,False,1,the dominant color in this image is green,the dominant color in this image is green,the dominant color in this image is green,0.505,0.4957,0.0,0.0,41.5,9.05,1,image+text
synth_baseline_00549,baseline,What color is the large rectangle?,the large rectangle is green,olive | olive | dark yellow,False,0.0,1.0,1.0,True,1,the large rectangle is green,the large rectangle is green,the large rectangle is green,0.3631,0.3531,0.0,0.0,41.0,9.05,1,image+text
synth_baseline_00550,baseline,What color is the large rectangle?,the large rectangle is purple,purple | purple | purple,True,1.0,1.0,1.0,False,1,the large rectangle is purple,the large rectangle is purple,the large rectangle is purple,0.3601,0.3505,0.0,0.0,44.5,9.05,1,image+text
synth_baseline_00551,baseline,What is the dominant color in this image?,a blue background,navy | navy | blue | dark blue,True,0.6667,1.0,1.0,False,1,a blue background,a blue background,a blue background,0.3134,0.3037,0.0,0.0,43.0,9.05,1,image+text
synth_baseline_00552,baseline,What is the dominant color in this image?,a blue background,navy | navy | blue | dark blue,True,0.6667,1.0,1.0,False,1,a blue background,a blue background,a blue background,0.3138,0.3045,0.0,0.0,43.5,9.05,1,image+text
synth_baseline_00553,baseline,What color is the background?,blue,blue | blue | blue,True,1.0,1.0,1.0,False,1,blue,blue,blue,0.3135,0.3041,0.0,0.0,41.5,9.05,1,image+text
synth_baseline_00554,baseline,Is the circle on the left or right side?,is the circle on the left side,left | left | left,True,1.0,1.0,1.0,False,1,is the circle on the left side,is the circle on the left side,is the circle on the left side,0.4544,0.4449,0.0,0.0,37.5,9.05,1,image+text
synth_baseline_00555,baseline,Is the background color light or dark?,dark background,dark | dark | dark,True,1.0,1.0,1.0,False,1,dark background,dark background,dark background,0.2684,0.2592,0.0,0.0,39.5,9.05,1,image+text
synth_baseline_00556,baseline,What color is the large rectangle?,a yellow square,yellow | yellow | yellow,True,1.0,1.0,1.0,False,1,a yellow square,a yellow square,a yellow square,0.3134,0.3039,0.0,0.0,45.0,9.05,1,image+text
synth_baseline_00557,baseline,What is the dominant color in this image?,the dominant color in this image is blue,teal | teal | cyan | blue-green,False,0.0,1.0,1.0,True,1,the dominant color in this image is blue,the dominant color in this image is blue,the dominant color in this image is blue,0.5112,0.5019,0.0,0.0,43.5,9.05,1,image+text
synth_baseline_00558,baseline,Is the background color light or dark?,dark,light | light | light,False,0.0,1.0,1.0,True,1,dark,dark,dark,0.221,0.2118,0.0,0.0,38.5,9.05,1,image+text
synth_baseline_00559,baseline,What is the dominant color in this image?,red is the dominant color in this image,red | red | red,True,1.0,1.0,1.0,False,1,red is the dominant color in this image,red is the dominant color in this image,red is the dominant color in this image,0.5059,0.4965,0.0,0.0,37.5,9.05,1,image+text
synth_baseline_00560,baseline,What is the dominant color in this image?,the dominant color in this image,orange | orange | orange,False,0.0,1.0,1.0,True,1,the dominant color in this image,the dominant color in this image,the dominant color in this image,0.4289,0.4185,0.0,0.0,39.0,9.05,1,image+text
synth_baseline_00561,baseline,What is the dominant color in this image?,the dominant color in this image is green,olive | olive | green | dark green,True,0.6667,1.0,1.0,False,1,the dominant color in this image is green,the dominant color in this image is green,the dominant color in this image is green,0.5137,0.5041,0.0,0.0,38.5,9.05,1,image+text
synth_baseline_00562,baseline,What color is the circle?,pink,pink | pink | pink,True,1.0,1.0,1.0,False,1,pink,pink,pink,0.2734,0.2635,0.0,0.0,39.0,9.05,1,image+text
synth_baseline_00563,baseline,What is the dominant color in this image?,red is the dominant color in this image,red | red | red,True,1.0,1.0,1.0,False,1,red is the dominant color in this image,red is the dominant color in this image,red is the dominant color in this image,0.5045,0.4954,0.0,0.0,43.0,9.05,1,image+text
synth_baseline_00564,baseline,What color is the large rectangle?,the large rectangle is green,green | green | green,True,1.0,1.0,1.0,False,1,the large rectangle is green,the large rectangle is green,the large rectangle is green,0.3646,0.355,0.0,0.0,41.0,9.05,1,image+text
synth_baseline_00565,baseline,What color is the background?,the background is white,cream | white | beige,True,0.3333,1.0,1.0,False,1,the background is white,the background is white,the background is white,0.3148,0.3052,0.0,0.0,44.5,9.05,1,image+text
synth_baseline_00566,baseline,Is the background color light or dark?,dark blue,dark | dark | dark,False,0.0,1.0,1.0,True,1,dark blue,dark blue,dark blue,0.2219,0.2125,0.0,0.0,42.0,9.05,1,image+text
synth_baseline_00567,baseline,What is the dominant color in this image?,red is the dominant color in this image,red | red | red,True,1.0,1.0,1.0,False,1,red is the dominant color in this image,red is the dominant color in this image,red is the dominant color in this image,0.4991,0.4889,0.0,0.0,38.5,9.05,1,image+text
synth_baseline_00568,baseline,Is the background color light or dark?,dark background,dark | dark | dark,True,1.0,1.0,1.0,False,1,dark background,dark background,dark background,0.2653,0.256,0.0,0.0,41.5,9.05,1,image+text
synth_baseline_00569,baseline,What color is the large rectangle?,blue,blue | blue | blue,True,1.0,1.0,1.0,False,1,blue,blue,blue,0.2647,0.2555,0.0,0.0,42.0,9.05,1,image+text
synth_baseline_00570,baseline,Is there a green shape in this image?,yes,yes | yes | yes,True,1.0,1.0,1.0,False,1,yes,yes,yes,0.2647,0.2548,0.0,0.0,40.0,9.05,1,image+text
synth_baseline_00571,baseline,What color is the large rectangle?,the large rectangle is green,green | green | green,True,1.0,1.0,1.0,False,1,the large rectangle is green,the large rectangle is green,the large rectangle is green,0.3558,0.3468,0.0,0.0,42.5,9.05,1,image+text
synth_baseline_00572,baseline,What color is the small circle?,green,lime | lime | yellow-green,False,0.0,1.0,1.0,True,1,green,green,green,0.3081,0.299,0.0,0.0,45.0,9.05,1,image+text
synth_baseline_00573,baseline,What is the dominant color in this image?,red is the dominant color in this image,red | red | red,True,1.0,1.0,1.0,False,1,red is the dominant color in this image,red is the dominant color in this image,red is the dominant color in this image,0.4961,0.4868,0.0,0.0,42.0,9.05,1,image+text
synth_baseline_00574,baseline,What is the dominant color in this image?,blue is the dominant color in this image,blue | blue | blue,True,1.0,1.0,1.0,False,1,blue is the dominant color in this image,blue is the dominant color in this image,blue is the dominant color in this image,0.4906,0.4812,0.0,0.0,38.5,9.05,1,image+text
synth_baseline_00575,baseline,What color is the circle?,pink,pink | pink | pink,True,1.0,1.0,1.0,False,1,pink,pink,pink,0.2748,0.2658,0.0,0.0,39.0,9.05,1,image+text
synth_baseline_00576,baseline,What color is the circle in this image?,red,red | red | red,True,1.0,1.0,1.0,False,1,red,red,red,0.2667,0.2574,0.0,0.0,42.5,9.05,1,image+text
synth_baseline_00577,baseline,What color is the large rectangle?,the large rectangle is white,white | white | white,True,1.0,1.0,1.0,False,1,the large rectangle is white,the large rectangle is white,the large rectangle is white,0.3596,0.3505,0.0,0.0,44.5,9.05,1,image+text
synth_baseline_00578,baseline,What color is the large rectangle?,the large rectangle is green,green | green | green,True,1.0,1.0,1.0,False,1,the large rectangle is green,the large rectangle is green,the large rectangle is green,0.3597,0.3505,0.0,0.0,44.0,9.05,1,image+text
synth_baseline_00579,baseline,What color is the large rectangle?,the large rectangle is white,white | white | white,True,1.0,1.0,1.0,False,1,the large rectangle is white,the large rectangle is white,the large rectangle is white,0.3594,0.3502,0.0,0.0,45.0,9.05,1,image+text
synth_baseline_00580,baseline,What color is the large rectangle?,the large rectangle is green,green | green | green,True,1.0,1.0,1.0,False,1,the large rectangle is green,the large rectangle is green,the large rectangle is green,0.3825,0.3726,0.0,0.0,37.5,9.05,1,image+text
synth_baseline_00581,baseline,What color is the large rectangle?,the large rectangle is white,white | white | white,True,1.0,1.0,1.0,False,1,the large rectangle is white,the large rectangle is white,the large rectangle is white,0.3784,0.3688,0.0,0.0,41.0,9.05,1,image+text
synth_baseline_00582,baseline,What color is the circle?,red,maroon | dark red | red,True,0.6667,1.0,1.0,False,1,red,red,red,0.3093,0.2998,0.0,0.0,40.0,9.05,1,image+text
synth_baseline_00583,baseline,What color is the circle?,pink,pink | pink | pink,True,1.0,1.0,1.0,False,1,pink,pink,pink,0.2644,0.2551,0.0,0.0,43.0,9.05,1,image+text
synth_baseline_00584,baseline,What color is the circle?,pink,pink | pink | pink,True,1.0,1.0,1.0,False,1,pink,pink,pink,0.2672,0.2582,0.0,0.0,44.5,9.05,1,image+text
synth_baseline_00585,baseline,What color is the large rectangle?,red,red | red | red,True,1.0,1.0,1.0,False,1,red,red,red,0.314,0.3046,0.0,0.0,45.0,9.05,1,image+text
synth_baseline_00586,baseline,Is there a red shape in this image?,yes,no | no | no,False,0.0,1.0,1.0,True,1,yes,yes,yes,0.268,0.2589,0.0,0.0,45.0,9.05,1,image+text
synth_baseline_00587,baseline,What color is the circle in this image?,yellow,yellow | yellow | yellow,True,1.0,1.0,1.0,False,1,yellow,yellow,yellow,0.3153,0.3058,0.0,0.0,43.5,9.05,1,image+text
synth_baseline_00588,baseline,Is there a red shape in this image?,yes,yes | yes | yes,True,1.0,1.0,1.0,False,1,yes,yes,yes,0.3101,0.3011,0.0,0.0,44.5,9.05,1,image+text
synth_baseline_00589,baseline,What color is the background?,white,white | white | white,True,1.0,1.0,1.0,False,1,white,white,white,0.3279,0.3189,0.0,0.0,44.5,9.05,1,image+text
synth_baseline_00590,baseline,Is the background color light or dark?,dark,light | light | light,False,0.0,1.0,1.0,True,1,dark,dark,dark,0.2223,0.2125,0.0,0.0,38.5,9.05,1,image+text
synth_baseline_00591,baseline,Is the background color light or dark?,dark,light | light | light,False,0.0,1.0,1.0,True,1,dark,dark,dark,0.2245,0.215,0.0,0.0,39.5,9.05,1,image+text
synth_baseline_00592,baseline,Is there a green shape in this image?,yes,no | no | no,False,0.0,1.0,1.0,True,1,yes,yes,yes,0.2952,0.2844,0.0,0.0,43.5,9.05,1,image+text
synth_baseline_00593,baseline,Is there a red shape in this image?,yes,no | no | no,False,0.0,1.0,1.0,True,1,yes,yes,yes,0.2683,0.2589,0.0,0.0,42.5,9.05,1,image+text
synth_baseline_00594,baseline,What color is the circle in this image?,blue,blue | blue | blue,True,1.0,1.0,1.0,False,1,blue,blue,blue,0.2715,0.2621,0.0,0.0,43.5,9.05,1,image+text
synth_baseline_00595,baseline,What color is the small circle?,green,olive | olive | green,True,0.3333,1.0,1.0,False,1,green,green,green,0.3132,0.304,0.0,0.0,44.0,9.05,1,image+text
synth_baseline_00596,baseline,What is the dominant color in this image?,the dominant color in this image,orange | orange | orange,False,0.0,1.0,1.0,True,1,the dominant color in this image,the dominant color in this image,the dominant color in this image,0.4032,0.3939,0.0,0.0,45.5,9.05,1,image+text
synth_baseline_00597,baseline,What color is the large rectangle?,blue,blue | blue | blue,True,1.0,1.0,1.0,False,1,blue,blue,blue,0.2649,0.2558,0.0,0.0,42.5,9.05,1,image+text
synth_baseline_00598,baseline,Is there a red shape in this image?,yes,no | no | no,False,0.0,1.0,1.0,True,1,yes,yes,yes,0.2666,0.2572,0.0,0.0,42.0,9.05,1,image+text
synth_baseline_00599,baseline,What color is the large rectangle?,the large rectangle is purple,purple | purple | purple,True,1.0,1.0,1.0,False,1,the large rectangle is purple,the large rectangle is purple,the large rectangle is purple,0.3604,0.3512,0.0,0.0,45.0,9.05,1,image+text
synth_baseline_00600,baseline,Is there a red shape in this image?,yes,yes | yes | yes,True,1.0,1.0,1.0,False,1,yes,yes,yes,0.3386,0.3289,0.0,0.0,35.5,9.05,1,image+text
synth_baseline_00601,baseline,What is the dominant color in this image?,the dominant color in this image,orange | orange | orange,False,0.0,1.0,1.0,True,1,the dominant color in this image,the dominant color in this image,the dominant color in this image,0.4034,0.3935,0.0,0.0,40.0,9.05,1,image+text
synth_baseline_00602,baseline,Is the circle on the left or right side?,is the circle on the left side,left | left | left,True,1.0,1.0,1.0,False,1,is the circle on the left side,is the circle on the left side,is the circle on the left side,0.4519,0.4423,0.0,0.0,43.0,9.05,1,image+text
synth_baseline_00603,baseline,What is the dominant color in this image?,the dominant color in this image is green,green | green | green,True,1.0,1.0,1.0,False,1,the dominant color in this image is green,the dominant color in this image is green,the dominant color in this image is green,0.4961,0.4869,0.0,0.0,38.0,9.05,1,image+text
synth_baseline_00604,baseline,What is the dominant color in this image?,the dominant color is brown,brown | brown | brown,True,1.0,1.0,1.0,False,1,the dominant color is brown,the dominant color is brown,the dominant color is brown,0.4076,0.3982,0.0,0.0,41.5,9.05,1,image+text
synth_baseline_00605,baseline,Is the background color light or dark?,dark background,dark | dark | dark,True,1.0,1.0,1.0,False,1,dark background,dark background,dark background,0.2753,0.266,0.0,0.0,41.5,9.05,1,image+text
synth_baseline_00606,baseline,Is the background color light or dark?,dark,light | light | light,False,0.0,1.0,1.0,True,1,dark,dark,dark,0.2212,0.2118,0.0,0.0,40.5,9.05,1,image+text
synth_baseline_00607,baseline,What color is the background?,blue,blue | blue | blue,True,1.0,1.0,1.0,False,1,blue,blue,blue,0.3131,0.3039,0.0,0.0,45.5,9.05,1,image+text
synth_baseline_00608,baseline,What color is the small circle?,green,olive | olive | green,True,0.3333,1.0,1.0,False,1,green,green,green,0.3135,0.3041,0.0,0.0,44.5,9.05,1,image+text
synth_baseline_00609,baseline,What color is the large rectangle?,a yellow square,yellow | yellow | yellow,True,1.0,1.0,1.0,False,1,a yellow square,a yellow square,a yellow square,0.3276,0.3182,0.0,0.0,43.0,9.05,1,image+text
synth_baseline_00610,baseline,What color is the large rectangle?,blue,blue | blue | blue,True,1.0,1.0,1.0,False,1,blue,blue,blue,0.2687,0.2592,0.0,0.0,41.0,9.05,1,image+text
synth_baseline_00611,baseline,What color is the large rectangle?,green,lime | lime | green,True,0.3333,1.0,1.0,False,1,green,green,green,0.3253,0.3157,0.0,0.0,41.5,9.05,1,image+text
synth_baseline_00612,baseline,Is the background color light or dark?,a dark background,dark | dark | medium,True,0.6667,1.0,1.0,False,1,a dark background,a dark background,a dark background,0.3181,0.3074,0.0,0.0,43.5,9.05,1,image+text
synth_baseline_00613,baseline,Is the circle on the left or right side?,a circle on the left side,right | right | right,False,0.0,1.0,1.0,True,1,a circle on the left side,a circle on the left side,a circle on the left side,0.4922,0.4824,0.0,0.0,41.0,9.05,1,image+text
synth_baseline_00614,baseline,What color is the background?,blue,blue | blue | blue,True,1.0,1.0,1.0,False,1,blue,blue,blue,0.3107,0.3015,0.0,0.0,42.0,9.05,1,image+text
synth_baseline_00615,baseline,What is the dominant color in this image?,the dominant color in this image is yellow,yellow | yellow | yellow,True,1.0,1.0,1.0,False,1,the dominant color in this image is yellow,the dominant color in this image is yellow,the dominant color in this image is yellow,0.5,0.49,0.0,0.0,42.0,9.05,1,image+text
synth_baseline_00616,baseline,What color is the background?,blue,blue | blue | blue,True,1.0,1.0,1.0,False,1,blue,blue,blue,0.3152,0.3059,0.0,0.0,41.5,9.05,1,image+text
synth_baseline_00617,baseline,What is the dominant color in this image?,red is the dominant color in this image,red | red | red,True,1.0,1.0,1.0,False,1,red is the dominant color in this image,red is the dominant color in this image,red is the dominant color in this image,0.4941,0.4848,0.0,0.0,41.5,9.05,1,image+text
synth_baseline_00618,baseline,What color is the circle in this image?,blue,blue | blue | blue,True,1.0,1.0,1.0,False,1,blue,blue,blue,0.2636,0.2539,0.0,0.0,42.0,9.05,1,image+text
synth_baseline_00619,baseline,What color is the background?,gray,gray | gray | grey,True,0.6667,1.0,1.0,False,1,gray,gray,gray,0.2193,0.2101,0.0,0.0,43.5,9.05,1,image+text
synth_baseline_00620,baseline,What color is the large rectangle?,a yellow square,yellow | yellow | yellow,True,1.0,1.0,1.0,False,1,a yellow square,a yellow square,a yellow square,0.3358,0.326,0.0,0.0,42.0,9.05,1,image+text
synth_baseline_00621,baseline,Is there a purple shape in this image?,yes,no | no | no,False,0.0,1.0,1.0,True,1,yes,yes,yes,0.2697,0.2602,0.0,0.0,42.5,9.05,1,image+text
synth_baseline_00622,baseline,Is there a blue shape in this image?,yes,yes | yes | yes,True,1.0,1.0,1.0,False,1,yes,yes,yes,0.2734,0.2641,0.0,0.0,42.0,9.05,1,image+text
synth_baseline_00623,baseline,What color is the large rectangle?,a large rectangle,pink | pink | pink,False,0.0,1.0,1.0,True,1,a large rectangle,a large rectangle,a large rectangle,0.3158,0.3061,0.0,0.0,42.5,9.05,1,image+text
synth_baseline_00624,baseline,What is the dominant color in this image?,the dominant color in this image is green,olive | olive | green | dark green,True,0.6667,1.0,1.0,False,1,the dominant color in this image is green,the dominant color in this image is green,the dominant color in this image is green,0.4979,0.4882,0.0,0.0,41.5,9.05,1,image+text
synth_baseline_00625,baseline,What is the dominant color in this image?,cyan,cyan | cyan | blue,True,0.6667,1.0,1.0,False,1,cyan,cyan,cyan,0.3123,0.3032,0.0,0.0,41.5,9.05,1,image+text
synth_baseline_00626,baseline,Is the circle on the left or right side?,a circle on the left side,right | right | right,False,0.0,1.0,1.0,True,1,a circle on the left side,a circle on the left side,a circle on the left side,0.5106,0.5012,0.0,0.0,41.5,9.05,1,image+text
synth_baseline_00627,baseline,What color is the large rectangle?,red,maroon | maroon | dark red,True,0.3333,1.0,1.0,False,1,red,red,red,0.3207,0.3112,0.0,0.0,41.0,9.05,1,image+text
synth_baseline_00628,baseline,Is there a blue shape in this image?,yes,no | no | no,False,0.0,1.0,1.0,True,1,yes,yes,yes,0.2705,0.2608,0.0,0.0,40.0,9.05,1,image+text
synth_baseline_00629,baseline,What color is the large rectangle?,the large rectangle is white,white | white | white,True,1.0,1.0,1.0,False,1,the large rectangle is white,the large rectangle is white,the large rectangle is white,0.3615,0.3515,0.0,0.0,45.5,9.05,1,image+text
synth_baseline_00630,baseline,What color is the large rectangle?,brown color,brown | brown | brown,True,1.0,1.0,1.0,False,1,brown color,brown color,brown color,0.264,0.2546,0.0,0.0,43.0,9.05,1,image+text
synth_baseline_00631,baseline,What is the dominant color in this image?,cyan,cyan | cyan | blue,True,0.6667,1.0,1.0,False,1,cyan,cyan,cyan,0.3114,0.302,0.0,0.0,42.0,9.05,1,image+text
synth_baseline_00632,baseline,What color is the circle?,red,maroon | dark red | red,True,0.6667,1.0,1.0,False,1,red,red,red,0.314,0.3046,0.0,0.0,44.0,9.05,1,image+text
synth_baseline_00633,baseline,Is there a red shape in this image?,yes,no | no | no,False,0.0,1.0,1.0,True,1,yes,yes,yes,0.2683,0.2587,0.0,0.0,41.5,9.05,1,image+text
synth_baseline_00634,baseline,What color is the circle in this image?,red,red | red | red,True,1.0,1.0,1.0,False,1,red,red,red,0.2678,0.2583,0.0,0.0,41.5,9.05,1,image+text
synth_baseline_00635,baseline,What color is the background?,blue,blue | blue | blue,True,1.0,1.0,1.0,False,1,blue,blue,blue,0.3121,0.303,0.0,0.0,45.0,9.05,1,image+text
synth_baseline_00636,baseline,What is the dominant color in this image?,cyan,cyan | cyan | blue,True,0.6667,1.0,1.0,False,1,cyan,cyan,cyan,0.3113,0.3016,0.0,0.0,45.5,9.05,1,image+text
synth_baseline_00637,baseline,Is the circle on the left or right side?,is the circle on the left side,left | left | left,True,1.0,1.0,1.0,False,1,is the circle on the left side,is the circle on the left side,is the circle on the left side,0.4485,0.439,0.0,0.0,43.5,9.05,1,image+text
synth_baseline_00638,baseline,What is the dominant color in this image?,blue is the dominant color in this image,blue | blue | blue,True,1.0,1.0,1.0,False,1,blue is the dominant color in this image,blue is the dominant color in this image,blue is the dominant color in this image,0.4949,0.4852,0.0,0.0,42.5,9.05,1,image+text
synth_baseline_00639,baseline,Is the background color light or dark?,dark,light | light | light,False,0.0,1.0,1.0,True,1,dark,dark,dark,0.2205,0.2114,0.0,0.0,44.5,9.05,1,image+text
synth_baseline_00640,baseline,What color is the large rectangle?,the large rectangle is green,olive | olive | dark yellow,False,0.0,1.0,1.0,True,1,the large rectangle is green,the large rectangle is green,the large rectangle is green,0.3758,0.3659,0.0,0.0,26.5,9.05,1,image+text
synth_baseline_00641,baseline,Is there a purple shape in this image?,yes,yes | yes | yes,True,1.0,1.0,1.0,False,1,yes,yes,yes,0.2649,0.2556,0.0,0.0,36.5,9.05,1,image+text
synth_baseline_00642,baseline,What color is the large rectangle?,the large rectangle is green,olive | olive | dark yellow,False,0.0,1.0,1.0,True,1,the large rectangle is green,the large rectangle is green,the large rectangle is green,0.3617,0.3517,0.0,0.0,43.5,9.05,1,image+text
synth_baseline_00643,baseline,What color is the large rectangle?,the large rectangle is white,white | white | white,True,1.0,1.0,1.0,False,1,the large rectangle is white,the large rectangle is white,the large rectangle is white,0.3649,0.3555,0.0,0.0,42.0,9.05,1,image+text
synth_baseline_00644,baseline,What color is the background?,white,white | white | white,True,1.0,1.0,1.0,False,1,white,white,white,0.3132,0.304,0.0,0.0,44.0,9.05,1,image+text
synth_baseline_00645,baseline,Is there a blue shape in this image?,yes,no | no | no,False,0.0,1.0,1.0,True,1,yes,yes,yes,0.2683,0.2589,0.0,0.0,44.5,9.05,1,image+text
synth_baseline_00646,baseline,Is the background color light or dark?,dark,dark | dark | dark,True,1.0,1.0,1.0,False,1,dark,dark,dark,0.2402,0.2311,0.0,0.0,43.0,9.05,1,image+text
synth_baseline_00647,baseline,Is the circle on the left or right side?,is the circle on the left side,left | left | left,True,1.0,1.0,1.0,False,1,is the circle on the left side,is the circle on the left side,is the circle on the left side,0.4512,0.4416,0.0,0.0,40.0,9.05,1,image+text
synth_baseline_00648,baseline,Is the circle on the left or right side?,is the circle on the left side,left | left | left,True,1.0,1.0,1.0,False,1,is the circle on the left side,is the circle on the left side,is the circle on the left side,0.451,0.4415,0.0,0.0,40.0,9.05,1,image+text
synth_baseline_00649,baseline,Is there a blue shape in this image?,yes,yes | yes | yes,True,1.0,1.0,1.0,False,1,yes,yes,yes,0.2774,0.2678,0.0,0.0,44.0,9.05,1,image+text
synth_baseline_00650,baseline,Is the circle on the left or right side?,a circle on the left side,right | right | right,False,0.0,1.0,1.0,True,1,a circle on the left side,a circle on the left side,a circle on the left side,0.5078,0.4977,0.0,0.0,42.5,9.05,1,image+text
synth_baseline_00651,baseline,Is there a red shape in this image?,yes,no | no | no,False,0.0,1.0,1.0,True,1,yes,yes,yes,0.2723,0.2608,0.0,0.0,36.5,9.05,1,image+text
synth_baseline_00652,baseline,Is there a red shape in this image?,yes,no | no | no,False,0.0,1.0,1.0,True,1,yes,yes,yes,0.2671,0.2579,0.0,0.0,46.0,9.05,1,image+text
synth_baseline_00653,baseline,What color is the large rectangle?,the color orange,orange | orange | orange,True,1.0,1.0,1.0,False,1,the color orange,the color orange,the color orange,0.3133,0.304,0.0,0.0,43.0,9.05,1,image+text
synth_baseline_00654,baseline,What color is the large rectangle?,a yellow square,yellow | yellow | yellow,True,1.0,1.0,1.0,False,1,a yellow square,a yellow square,a yellow square,0.3132,0.3037,0.0,0.0,42.5,9.05,1,image+text
synth_baseline_00655,baseline,What color is the large rectangle?,blue,blue | blue | blue,True,1.0,1.0,1.0,False,1,blue,blue,blue,0.2671,0.258,0.0,0.0,42.5,9.05,1,image+text
synth_baseline_00656,baseline,What color is the background?,blue,blue | blue | blue,True,1.0,1.0,1.0,False,1,blue,blue,blue,0.3161,0.3071,0.0,0.0,42.5,9.05,1,image+text
synth_baseline_00657,baseline,What is the dominant color in this image?,blue is the dominant color in this image,blue | blue | blue,True,1.0,1.0,1.0,False,1,blue is the dominant color in this image,blue is the dominant color in this image,blue is the dominant color in this image,0.5031,0.4937,0.0,0.0,41.5,9.05,1,image+text
synth_baseline_00658,baseline,Is there a red shape in this image?,yes,no | no | no,False,0.0,1.0,1.0,True,1,yes,yes,yes,0.2687,0.2592,0.0,0.0,41.5,9.05,1,image+text
synth_baseline_00659,baseline,What is the dominant color in this image?,red is the dominant color in this image,red | red | red,True,1.0,1.0,1.0,False,1,red is the dominant color in this image,red is the dominant color in this image,red is the dominant color in this image,0.5001,0.4908,0.0,0.0,43.0,9.05,1,image+text
synth_baseline_00660,baseline,What color is the background?,navy blue,navy | dark blue | blue,True,0.6667,1.0,1.0,False,1,navy blue,navy blue,navy blue,0.242,0.2306,0.0,0.0,38.0,9.05,1,image+text
synth_baseline_00661,baseline,What is the dominant color in this image?,red is the dominant color in this image,red | red | red,True,1.0,1.0,1.0,False,1,red is the dominant color in this image,red is the dominant color in this image,red is the dominant color in this image,0.4997,0.4903,0.0,0.0,38.0,9.05,1,image+text
synth_baseline_00662,baseline,What color is the small circle?,green,lime | lime | yellow-green,False,0.0,1.0,1.0,True,1,green,green,green,0.3371,0.3279,0.0,0.0,40.5,9.05,1,image+text
synth_baseline_00663,baseline,What is the dominant color in this image?,blue is the dominant color in this image,blue | blue | blue,True,1.0,1.0,1.0,False,1,blue is the dominant color in this image,blue is the dominant color in this image,blue is the dominant color in this image,0.4905,0.4812,0.0,0.0,42.0,9.05,1,image+text
synth_baseline_00664,baseline,What color is the circle in this image?,blue,blue | blue | blue,True,1.0,1.0,1.0,False,1,blue,blue,blue,0.2635,0.2545,0.0,0.0,39.0,9.05,1,image+text
synth_baseline_00665,baseline,What color is the large rectangle?,a yellow square,yellow | yellow | yellow,True,1.0,1.0,1.0,False,1,a yellow square,a yellow square,a yellow square,0.3137,0.3042,0.0,0.0,41.0,9.05,1,image+text
synth_baseline_00666,baseline,Is there a red shape in this image?,yes,yes | yes | yes,True,1.0,1.0,1.0,False,1,yes,yes,yes,0.3124,0.303,0.0,0.0,45.5,9.05,1,image+text
synth_baseline_00667,baseline,Is the circle on the left or right side?,a circle on the left side,right | right | right,False,0.0,1.0,1.0,True,1,a circle on the left side,a circle on the left side,a circle on the left side,0.5054,0.4959,0.0,0.0,42.5,9.05,1,image+text
synth_baseline_00668,baseline,What color is the background?,white,white | white | white,True,1.0,1.0,1.0,False,1,white,white,white,0.3279,0.317,0.0,0.0,41.5,9.05,1,image+text
synth_baseline_00669,baseline,What is the dominant color in this image?,the dominant color in this image is yellow,yellow | yellow | yellow,True,1.0,1.0,1.0,False,1,the dominant color in this image is yellow,the dominant color in this image is yellow,the dominant color in this image is yellow,0.5073,0.498,0.0,0.0,43.5,9.05,1,image+text
synth_baseline_00670,baseline,What color is the background?,white,white | white | white,True,1.0,1.0,1.0,False,1,white,white,white,0.3182,0.3085,0.0,0.0,38.5,9.05,1,image+text
synth_baseline_00671,baseline,What color is the large rectangle?,green,lime | lime | green,True,0.3333,1.0,1.0,False,1,green,green,green,0.3136,0.3042,0.0,0.0,43.0,9.05,1,image+text
synth_baseline_00672,baseline,What is the dominant color in this image?,cyan,cyan | cyan | blue,True,0.6667,1.0,1.0,False,1,cyan,cyan,cyan,0.3122,0.3028,0.0,0.0,45.0,9.05,1,image+text
synth_baseline_00673,baseline,What is the dominant color in this image?,the dominant color in this image is purple,purple | purple | purple,True,1.0,1.0,1.0,False,1,the dominant color in this image is purple,the dominant color in this image is purple,the dominant color in this image is purple,0.4997,0.4904,0.0,0.0,41.0,9.05,1,image+text
synth_baseline_00674,baseline,What is the dominant color in this image?,cyan,cyan | cyan | blue,True,0.6667,1.0,1.0,False,1,cyan,cyan,cyan,0.3137,0.3042,0.0,0.0,39.0,9.05,1,image+text
synth_baseline_00675,baseline,What is the dominant color in this image?,the dominant color in this image is green,green | green | green,True,1.0,1.0,1.0,False,1,the dominant color in this image is green,the dominant color in this image is green,the dominant color in this image is green,0.4996,0.49,0.0,0.0,39.0,9.05,1,image+text
synth_baseline_00676,baseline,What color is the background?,white,white | white | white,True,1.0,1.0,1.0,False,1,white,white,white,0.3138,0.3047,0.0,0.0,39.5,9.05,1,image+text
synth_baseline_00677,baseline,What color is the background?,blue,blue | blue | blue,True,1.0,1.0,1.0,False,1,blue,blue,blue,0.3139,0.3046,0.0,0.0,43.0,9.05,1,image+text
synth_baseline_00678,baseline,What color is the large rectangle?,the large rectangle is green,green | green | green,True,1.0,1.0,1.0,False,1,the large rectangle is green,the large rectangle is green,the large rectangle is green,0.3833,0.3743,0.0,0.0,42.5,9.05,1,image+text
synth_baseline_00679,baseline,What color is the small circle?,green,lime | lime | yellow-green,False,0.0,1.0,1.0,True,1,green,green,green,0.3167,0.3071,0.0,0.0,39.5,9.05,1,image+text
synth_baseline_00680,baseline,What color is the large rectangle?,the color orange,orange | orange | orange,True,1.0,1.0,1.0,False,1,the color orange,the color orange,the color orange,0.3381,0.328,0.0,0.0,26.5,9.05,1,image+text
synth_baseline_00681,baseline,What is the dominant color in this image?,red is the dominant color in this image,red | red | red,True,1.0,1.0,1.0,False,1,red is the dominant color in this image,red is the dominant color in this image,red is the dominant color in this image,0.5041,0.4946,0.0,0.0,34.0,9.05,1,image+text
synth_baseline_00682,baseline,What color is the large rectangle?,blue,blue | blue | blue,True,1.0,1.0,1.0,False,1,blue,blue,blue,0.2708,0.2611,0.0,0.0,39.5,9.05,1,image+text
synth_baseline_00683,baseline,Is the background color light or dark?,dark,light | light | light,False,0.0,1.0,1.0,True,1,dark,dark,dark,0.2232,0.2138,0.0,0.0,41.0,9.05,1,image+text
synth_baseline_00684,baseline,What color is the large rectangle?,the large rectangle is purple,purple | purple | purple,True,1.0,1.0,1.0,False,1,the large rectangle is purple,the large rectangle is purple,the large rectangle is purple,0.3695,0.3602,0.0,0.0,42.0,9.05,1,image+text
synth_baseline_00685,baseline,What color is the circle?,the circle is green,olive | olive | brown,False,0.0,1.0,1.0,True,1,the circle is green,the circle is green,the circle is green,0.3149,0.3056,0.0,0.0,44.0,9.05,1,image+text
synth_baseline_00686,baseline,What color is the large rectangle?,the large rectangle is purple,purple | purple | purple,True,1.0,1.0,1.0,False,1,the large rectangle is purple,the large rectangle is purple,the large rectangle is purple,0.3682,0.3587,0.0,0.0,44.0,9.05,1,image+text
synth_baseline_00687,baseline,What color is the background?,blue,blue | blue | blue,True,1.0,1.0,1.0,False,1,blue,blue,blue,0.3113,0.3019,0.0,0.0,41.0,9.05,1,image+text
synth_baseline_00688,baseline,What color is the large rectangle?,navy blue,navy | dark blue | navy,True,0.3333,1.0,1.0,False,1,navy blue,navy blue,navy blue,0.2177,0.2084,0.0,0.0,42.0,9.05,1,image+text
synth_baseline_00689,baseline,What color is the large rectangle?,the large rectangle is white,white | white | white,True,1.0,1.0,1.0,False,1,the large rectangle is white,the large rectangle is white,the large rectangle is white,0.3563,0.3469,0.0,0.0,44.5,9.05,1,image+text
synth_baseline_00690,baseline,What color is the circle?,red,maroon | dark red | red,True,0.6667,1.0,1.0,False,1,red,red,red,0.3133,0.3036,0.0,0.0,47.0,9.05,1,image+text
synth_baseline_00691,baseline,What color is the large rectangle?,green,lime | lime | green,True,0.3333,1.0,1.0,False,1,green,green,green,0.3219,0.3129,0.0,0.0,45.0,9.05,1,image+text
synth_baseline_00692,baseline,What is the dominant color in this image?,the dominant color in this image is green,olive | olive | green | dark green,True,0.6667,1.0,1.0,False,1,the dominant color in this image is green,the dominant color in this image is green,the dominant color in this image is green,0.5185,0.5093,0.0,0.0,40.0,9.05,1,image+text
synth_baseline_00693,baseline,What color is the circle?,pink,pink | pink | pink,True,1.0,1.0,1.0,False,1,pink,pink,pink,0.2635,0.2544,0.0,0.0,37.5,9.05,1,image+text
synth_baseline_00694,baseline,What color is the large rectangle?,the large rectangle is white,white | white | white,True,1.0,1.0,1.0,False,1,the large rectangle is white,the large rectangle is white,the large rectangle is white,0.3555,0.3462,0.0,0.0,43.5,9.05,1,image+text
synth_baseline_00695,baseline,What is the dominant color in this image?,red is the dominant color in this image,red | red | red,True,1.0,1.0,1.0,False,1,red is the dominant color in this image,red is the dominant color in this image,red is the dominant color in this image,0.4975,0.4883,0.0,0.0,42.5,9.05,1,image+text
synth_baseline_00696,baseline,Is there a red shape in this image?,yes,no | no | no,False,0.0,1.0,1.0,True,1,yes,yes,yes,0.2667,0.2575,0.0,0.0,42.0,9.05,1,image+text
synth_baseline_00697,baseline,What color is the large rectangle?,blue,blue | blue | blue,True,1.0,1.0,1.0,False,1,blue,blue,blue,0.2699,0.2604,0.0,0.0,43.5,9.05,1,image+text
synth_baseline_00698,baseline,Is the circle on the left or right side?,is the circle on the left side,left | left | left,True,1.0,1.0,1.0,False,1,is the circle on the left side,is the circle on the left side,is the circle on the left side,0.4648,0.4549,0.0,0.0,43.0,9.05,1,image+text
synth_baseline_00699,baseline,What is the dominant color in this image?,the dominant color in this image is yellow,yellow | yellow | yellow,True,1.0,1.0,1.0,False,1,the dominant color in this image is yellow,the dominant color in this image is yellow,the dominant color in this image is yellow,0.496,0.4865,0.0,0.0,41.5,9.05,1,image+text
synth_baseline_00700,baseline,What color is the circle in this image?,blue,blue | blue | blue,True,1.0,1.0,1.0,False,1,blue,blue,blue,0.2994,0.2897,0.0,0.0,38.5,9.05,1,image+text
synth_baseline_00701,baseline,What color is the large rectangle?,red,red | red | red,True,1.0,1.0,1.0,False,1,red,red,red,0.3084,0.299,0.0,0.0,42.5,9.05,1,image+text
synth_baseline_00702,baseline,What is the dominant color in this image?,the dominant color in this image is purple,purple | purple | purple,True,1.0,1.0,1.0,False,1,the dominant color in this image is purple,the dominant color in this image is purple,the dominant color in this image is purple,0.5072,0.4977,0.0,0.0,40.5,9.05,1,image+text
synth_baseline_00703,baseline,Is the background color light or dark?,dark background,dark | dark | dark,True,1.0,1.0,1.0,False,1,dark background,dark background,dark background,0.267,0.2575,0.0,0.0,40.5,9.05,1,image+text
synth_baseline_00704,baseline,What color is the circle?,a red circle,brown | brown | maroon,False,0.0,1.0,1.0,True,1,a red circle,a red circle,a red circle,0.316,0.3067,0.0,0.0,44.5,9.05,1,image+text
synth_baseline_00705,baseline,What color is the large rectangle?,navy blue,navy | dark blue | navy,True,0.3333,1.0,1.0,False,1,navy blue,navy blue,navy blue,0.2217,0.2123,0.0,0.0,44.0,9.05,1,image+text
synth_baseline_00706,baseline,What color is the circle?,the circle is green,olive | olive | brown,False,0.0,1.0,1.0,True,1,the circle is green,the circle is green,the circle is green,0.319,0.3097,0.0,0.0,45.0,9.05,1,image+text
synth_baseline_00707,baseline,Is there a red shape in this image?,yes,yes | yes | yes,True,1.0,1.0,1.0,False,1,yes,yes,yes,0.3159,0.3068,0.0,0.0,45.5,9.05,1,image+text
synth_baseline_00708,baseline,What is the dominant color in this image?,the dominant color in this image,orange | orange | orange,False,0.0,1.0,1.0,True,1,the dominant color in this image,the dominant color in this image,the dominant color in this image,0.4109,0.4011,0.0,0.0,43.5,9.05,1,image+text
synth_baseline_00709,baseline,Is there a blue shape in this image?,yes,yes | yes | yes,True,1.0,1.0,1.0,False,1,yes,yes,yes,0.2695,0.2599,0.0,0.0,41.0,9.05,1,image+text
synth_baseline_00710,baseline,What color is the large rectangle?,red,red | red | red,True,1.0,1.0,1.0,False,1,red,red,red,0.3162,0.3066,0.0,0.0,41.0,9.05,1,image+text
synth_baseline_00711,baseline,What color is the background?,the background is white,cream | white | beige,True,0.3333,1.0,1.0,False,1,the background is white,the background is white,the background is white,0.3154,0.3059,0.0,0.0,42.5,9.05,1,image+text
synth_baseline_00712,baseline,What color is the large rectangle?,a yellow square,yellow | yellow | yellow,True,1.0,1.0,1.0,False,1,a yellow square,a yellow square,a yellow square,0.314,0.3048,0.0,0.0,44.5,9.05,1,image+text
synth_baseline_00713,baseline,What is the dominant color in this image?,the dominant color in this image is yellow,yellow | yellow | yellow,True,1.0,1.0,1.0,False,1,the dominant color in this image is yellow,the dominant color in this image is yellow,the dominant color in this image is yellow,0.4986,0.4893,0.0,0.0,41.5,9.05,1,image+text
synth_baseline_00714,baseline,What is the dominant color in this image?,the dominant color in this image,orange | orange | orange,False,0.0,1.0,1.0,True,1,the dominant color in this image,the dominant color in this image,the dominant color in this image,0.4055,0.396,0.0,0.0,38.0,9.05,1,image+text
synth_baseline_00715,baseline,What color is the large rectangle?,a large rectangle,pink | pink | pink,False,0.0,1.0,1.0,True,1,a large rectangle,a large rectangle,a large rectangle,0.3131,0.3037,0.0,0.0,41.5,9.05,1,image+text
synth_baseline_00716,baseline,What color is the large rectangle?,the large rectangle is green,green | green | green,True,1.0,1.0,1.0,False,1,the large rectangle is green,the large rectangle is green,the large rectangle is green,0.3598,0.35,0.0,0.0,45.5,9.05,1,image+text
synth_baseline_00717,baseline,What color is the large rectangle?,a yellow square,yellow | yellow | yellow,True,1.0,1.0,1.0,False,1,a yellow square,a yellow square,a yellow square,0.3235,0.3144,0.0,0.0,42.5,9.05,1,image+text
synth_baseline_00718,baseline,Is the background color light or dark?,dark,light | light | light,False,0.0,1.0,1.0,True,1,dark,dark,dark,0.2214,0.2115,0.0,0.0,43.5,9.05,1,image+text
synth_baseline_00719,baseline,What color is the large rectangle?,blue,blue | blue | blue,True,1.0,1.0,1.0,False,1,blue,blue,blue,0.268,0.259,0.0,0.0,44.5,9.05,1,image+text
synth_baseline_00720,baseline,What color is the large rectangle?,the large rectangle is green,green | green | green,True,1.0,1.0,1.0,False,1,the large rectangle is green,the large rectangle is green,the large rectangle is green,0.3786,0.3688,0.0,0.0,38.0,9.05,1,image+text
synth_baseline_00721,baseline,What color is the large rectangle?,the large rectangle is green,green | green | green,True,1.0,1.0,1.0,False,1,the large rectangle is green,the large rectangle is green,the large rectangle is green,0.3595,0.3502,0.0,0.0,43.5,9.05,1,image+text
synth_baseline_00722,baseline,Is the background color light or dark?,dark,dark | dark | dark,True,1.0,1.0,1.0,False,1,dark,dark,dark,0.2211,0.2115,0.0,0.0,43.5,9.05,1,image+text
synth_baseline_00723,baseline,What color is the circle?,pink,pink | pink | pink,True,1.0,1.0,1.0,False,1,pink,pink,pink,0.268,0.2589,0.0,0.0,42.5,9.05,1,image+text
synth_baseline_00724,baseline,What is the dominant color in this image?,blue is the dominant color in this image,blue | blue | blue,True,1.0,1.0,1.0,False,1,blue is the dominant color in this image,blue is the dominant color in this image,blue is the dominant color in this image,0.4973,0.4879,0.0,0.0,40.5,9.05,1,image+text
synth_baseline_00725,baseline,Is the circle on the left or right side?,a circle on the left side,right | right | right,False,0.0,1.0,1.0,True,1,a circle on the left side,a circle on the left side,a circle on the left side,0.4977,0.488,0.0,0.0,39.0,9.05,1,image+text
synth_baseline_00726,baseline,What color is the background?,blue,blue | blue | blue,True,1.0,1.0,1.0,False,1,blue,blue,blue,0.3128,0.3035,0.0,0.0,42.5,9.05,1,image+text
synth_baseline_00727,baseline,What is the dominant color in this image?,the dominant color in this image is green,green | green | green,True,1.0,1.0,1.0,False,1,the dominant color in this image is green,the dominant color in this image is green,the dominant color in this image is green,0.4954,0.4854,0.0,0.0,43.0,9.05,1,image+text
synth_baseline_00728,baseline,What is the dominant color in this image?,the dominant color in this image,orange | orange | orange,False,0.0,1.0,1.0,True,1,the dominant color in this image,the dominant color in this image,the dominant color in this image,0.4312,0.4218,0.0,0.0,36.0,9.05,1,image+text
synth_baseline_00729,baseline,Is the circle on the left or right side?,a circle on the left side,right | right | right,False,0.0,1.0,1.0,True,1,a circle on the left side,a circle on the left side,a circle on the left side,0.5032,0.493,0.0,0.0,36.0,9.05,1,image+text
synth_baseline_00730,baseline,What color is the background?,the background is white,cream | white | beige,True,0.3333,1.0,1.0,False,1,the background is white,the background is white,the background is white,0.3212,0.3115,0.0,0.0,42.0,9.05,1,image+text
synth_baseline_00731,baseline,What is the dominant color in this image?,the dominant color is brown,brown | brown | brown,True,1.0,1.0,1.0,False,1,the dominant color is brown,the dominant color is brown,the dominant color is brown,0.4053,0.3957,0.0,0.0,43.0,9.05,1,image+text
synth_baseline_00732,baseline,What is the dominant color in this image?,a blue background,navy | navy | blue | dark blue,True,0.6667,1.0,1.0,False,1,a blue background,a blue background,a blue background,0.3308,0.3208,0.0,0.0,40.5,9.05,1,image+text
synth_baseline_00733,baseline,Is the background color light or dark?,dark,light | light | light,False,0.0,1.0,1.0,True,1,dark,dark,dark,0.2258,0.2164,0.0,0.0,42.5,9.05,1,image+text
synth_baseline_00734,baseline,What color is the large rectangle?,the large rectangle is blue,teal | teal | green,False,0.0,1.0,1.0,True,1,the large rectangle is blue,the large rectangle is blue,the large rectangle is blue,0.3631,0.3534,0.0,0.0,41.0,9.05,1,image+text
synth_baseline_00735,baseline,What is the dominant color in this image?,the dominant color in this image is purple,purple | purple | purple,True,1.0,1.0,1.0,False,1,the dominant color in this image is purple,the dominant color in this image is purple,the dominant color in this image is purple,0.5036,0.4938,0.0,0.0,38.0,9.05,1,image+text
synth_baseline_00736,baseline,What color is the background?,navy blue,navy | dark blue | blue,True,0.6667,1.0,1.0,False,1,navy blue,navy blue,navy blue,0.2236,0.2144,0.0,0.0,39.0,9.05,1,image+text
synth_baseline_00737,baseline,Is there a blue shape in this image?,yes,no | no | no,False,0.0,1.0,1.0,True,1,yes,yes,yes,0.2717,0.2624,0.0,0.0,42.0,9.05,1,image+text
synth_baseline_00738,baseline,What color is the background?,blue,blue | blue | blue,True,1.0,1.0,1.0,False,1,blue,blue,blue,0.3182,0.3088,0.0,0.0,44.5,9.05,1,image+text
synth_baseline_00739,baseline,What color is the large rectangle?,the large rectangle is green,green | green | green,True,1.0,1.0,1.0,False,1,the large rectangle is green,the large rectangle is green,the large rectangle is green,0.3728,0.3633,0.0,0.0,43.5,9.05,1,image+text
synth_baseline_00740,baseline,What color is the background?,gray,gray | gray | grey,True,0.6667,1.0,1.0,False,1,gray,gray,gray,0.2366,0.2269,0.0,0.0,26.0,9.05,1,image+text
synth_baseline_00741,baseline,Is there a blue shape in this image?,yes,no | no | no,False,0.0,1.0,1.0,True,1,yes,yes,yes,0.2654,0.2561,0.0,0.0,29.5,9.05,1,image+text
synth_baseline_00742,baseline,What color is the large rectangle?,the large rectangle is white,white | white | white,True,1.0,1.0,1.0,False,1,the large rectangle is white,the large rectangle is white,the large rectangle is white,0.3552,0.3461,0.0,0.0,44.0,9.05,1,image+text
synth_baseline_00743,baseline,What color is the circle in this image?,yellow,yellow | yellow | yellow,True,1.0,1.0,1.0,False,1,yellow,yellow,yellow,0.308,0.2986,0.0,0.0,47.5,9.05,1,image+text
synth_baseline_00744,baseline,What color is the large rectangle?,the large rectangle is blue,teal | teal | green,False,0.0,1.0,1.0,True,1,the large rectangle is blue,the large rectangle is blue,the large rectangle is blue,0.3552,0.3459,0.0,0.0,44.5,9.05,1,image+text
synth_baseline_00745,baseline,What color is the large rectangle?,the large rectangle is white,white | white | white,True,1.0,1.0,1.0,False,1,the large rectangle is white,the large rectangle is white,the large rectangle is white,0.3529,0.3436,0.0,0.0,43.0,9.05,1,image+text
synth_baseline_00746,baseline,Is the background color light or dark?,dark background,dark | dark | dark,True,1.0,1.0,1.0,False,1,dark background,dark background,dark background,0.2634,0.2542,0.0,0.0,46.0,9.05,1,image+text
synth_baseline_00747,baseline,What color is the circle?,a red circle,brown | brown | maroon,False,0.0,1.0,1.0,True,1,a red circle,a red circle,a red circle,0.3093,0.3002,0.0,0.0,46.0,9.05,1,image+text
synth_baseline_00748,baseline,What is the dominant color in this image?,the dominant color in this image is green,olive | olive | green | dark green,True,0.6667,1.0,1.0,False,1,the dominant color in this image is green,the dominant color in this image is green,the dominant color in this image is green,0.498,0.4886,0.0,0.0,42.0,9.05,1,image+text
synth_baseline_00749,baseline,Is the background color light or dark?,dark background,dark | dark | dark,True,1.0,1.0,1.0,False,1,dark background,dark background,dark background,0.2683,0.2586,0.0,0.0,41.5,9.05,1,image+text
synth_baseline_00750,baseline,What is the dominant color in this image?,the dominant color in this image is green,green | green | green,True,1.0,1.0,1.0,False,1,the dominant color in this image is green,the dominant color in this image is green,the dominant color in this image is green,0.5074,0.4977,0.0,0.0,40.5,9.05,1,image+text
synth_baseline_00751,baseline,What is the dominant color in this image?,the dominant color is brown,brown | brown | brown,True,1.0,1.0,1.0,False,1,the dominant color is brown,the dominant color is brown,the dominant color is brown,0.4183,0.4089,0.0,0.0,36.0,9.05,1,image+text
synth_baseline_00752,baseline,Is the circle on the left or right side?,a circle on the left side,right | right | right,False,0.0,1.0,1.0,True,1,a circle on the left side,a circle on the left side,a circle on the left side,0.5202,0.5106,0.0,0.0,38.5,9.05,1,image+text
synth_baseline_00753,baseline,What color is the circle in this image?,red,red | red | red,True,1.0,1.0,1.0,False,1,red,red,red,0.2687,0.259,0.0,0.0,43.0,9.05,1,image+text
synth_baseline_00754,baseline,What color is the circle?,pink,pink | pink | pink,True,1.0,1.0,1.0,False,1,pink,pink,pink,0.2677,0.2586,0.0,0.0,44.0,9.05,1,image+text
synth_baseline_00755,baseline,What color is the large rectangle?,a large rectangle,pink | pink | pink,False,0.0,1.0,1.0,True,1,a large rectangle,a large rectangle,a large rectangle,0.3131,0.3036,0.0,0.0,43.5,9.05,1,image+text
synth_baseline_00756,baseline,Is the circle on the left or right side?,a circle on the left side,right | right | right,False,0.0,1.0,1.0,True,1,a circle on the left side,a circle on the left side,a circle on the left side,0.4992,0.4895,0.0,0.0,41.0,9.05,1,image+text
synth_baseline_00757,baseline,What color is the large rectangle?,red,red | red | red,True,1.0,1.0,1.0,False,1,red,red,red,0.3139,0.3049,0.0,0.0,42.5,9.05,1,image+text
synth_baseline_00758,baseline,What color is the large rectangle?,brown color,brown | brown | brown,True,1.0,1.0,1.0,False,1,brown color,brown color,brown color,0.2681,0.2584,0.0,0.0,45.0,9.05,1,image+text
synth_baseline_00759,baseline,What is the dominant color in this image?,red is the dominant color in this image,red | red | red,True,1.0,1.0,1.0,False,1,red is the dominant color in this image,red is the dominant color in this image,red is the dominant color in this image,0.5045,0.4948,0.0,0.0,40.0,9.05,1,image+text
synth_baseline_00760,baseline,What color is the background?,the background is white,cream | white | beige,True,0.3333,1.0,1.0,False,1,the background is white,the background is white,the background is white,0.3375,0.3277,0.0,0.0,25.5,9.05,1,image+text
synth_baseline_00761,baseline,Is the background color light or dark?,light blue,light | light | medium,False,0.0,1.0,1.0,True,1,light blue,light blue,light blue,0.2271,0.2175,0.0,0.0,32.0,9.05,1,image+text
synth_baseline_00762,baseline,Is there a green shape in this image?,yes,no | no | no,False,0.0,1.0,1.0,True,1,yes,yes,yes,0.2681,0.2587,0.0,0.0,41.0,9.05,1,image+text
synth_baseline_00763,baseline,Is there a purple shape in this image?,yes,no | no | no,False,0.0,1.0,1.0,True,1,yes,yes,yes,0.2734,0.264,0.0,0.0,43.5,9.05,1,image+text
synth_baseline_00764,baseline,Is the circle on the left or right side?,a circle on the left side,right | right | right,False,0.0,1.0,1.0,True,1,a circle on the left side,a circle on the left side,a circle on the left side,0.4988,0.4892,0.0,0.0,45.0,9.05,1,image+text
synth_baseline_00765,baseline,Is there a purple shape in this image?,yes,no | no | no,False,0.0,1.0,1.0,True,1,yes,yes,yes,0.2681,0.2587,0.0,0.0,41.0,9.05,1,image+text
synth_baseline_00766,baseline,What color is the circle?,the circle is green,cyan | cyan | teal | teal,False,0.0,1.0,1.0,True,1,the circle is green,the circle is green,the circle is green,0.3161,0.3068,0.0,0.0,44.0,9.05,1,image+text
synth_baseline_00767,baseline,What is the dominant color in this image?,the dominant color in this image is yellow,yellow | yellow | yellow,True,1.0,1.0,1.0,False,1,the dominant color in this image is yellow,the dominant color in this image is yellow,the dominant color in this image is yellow,0.4995,0.4901,0.0,0.0,41.0,9.05,1,image+text
synth_baseline_00768,baseline,What is the dominant color in this image?,the dominant color in this image is purple,purple | purple | purple,True,1.0,1.0,1.0,False,1,the dominant color in this image is purple,the dominant color in this image is purple,the dominant color in this image is purple,0.4974,0.4884,0.0,0.0,38.0,9.05,1,image+text
synth_baseline_00769,baseline,Is there a green shape in this image?,yes,yes | yes | yes,True,1.0,1.0,1.0,False,1,yes,yes,yes,0.2769,0.2676,0.0,0.0,41.0,9.05,1,image+text
synth_baseline_00770,baseline,What is the dominant color in this image?,the dominant color in this image is blue,teal | teal | cyan | blue-green,False,0.0,1.0,1.0,True,1,the dominant color in this image is blue,the dominant color in this image is blue,the dominant color in this image is blue,0.4985,0.4887,0.0,0.0,45.5,9.05,1,image+text
synth_baseline_00771,baseline,What color is the large rectangle?,a yellow square,yellow | yellow | yellow,True,1.0,1.0,1.0,False,1,a yellow square,a yellow square,a yellow square,0.3218,0.3122,0.0,0.0,41.5,9.05,1,image+text
synth_baseline_00772,baseline,Is the background color light or dark?,dark background,dark | dark | dark,True,1.0,1.0,1.0,False,1,dark background,dark background,dark background,0.2746,0.2647,0.0,0.0,44.5,9.05,1,image+text
synth_baseline_00773,baseline,What color is the circle in this image?,blue,blue | blue | blue,True,1.0,1.0,1.0,False,1,blue,blue,blue,0.2669,0.2576,0.0,0.0,44.5,9.05,1,image+text
synth_baseline_00774,baseline,What is the dominant color in this image?,the dominant color in this image is purple,purple | purple | purple,True,1.0,1.0,1.0,False,1,the dominant color in this image is purple,the dominant color in this image is purple,the dominant color in this image is purple,0.5121,0.5031,0.0,0.0,40.5,9.05,1,image+text
synth_baseline_00775,baseline,What color is the large rectangle?,the large rectangle is green,olive | olive | dark yellow,False,0.0,1.0,1.0,True,1,the large rectangle is green,the large rectangle is green,the large rectangle is green,0.3591,0.3498,0.0,0.0,40.0,9.05,1,image+text
synth_baseline_00776,baseline,What color is the large rectangle?,a yellow square,yellow | yellow | yellow,True,1.0,1.0,1.0,False,1,a yellow square,a yellow square,a yellow square,0.3135,0.3041,0.0,0.0,44.5,9.05,1,image+text
synth_baseline_00777,baseline,Is the background color light or dark?,dark background,dark | dark | dark,True,1.0,1.0,1.0,False,1,dark background,dark background,dark background,0.2736,0.2642,0.0,0.0,42.5,9.05,1,image+text
synth_baseline_00778,baseline,What color is the large rectangle?,the large rectangle is green,green | green | green,True,1.0,1.0,1.0,False,1,the large rectangle is green,the large rectangle is green,the large rectangle is green,0.3714,0.3599,0.0,0.0,41.0,9.05,1,image+text
synth_baseline_00779,baseline,What is the dominant color in this image?,the dominant color in this image is green,olive | olive | green | dark green,True,0.6667,1.0,1.0,False,1,the dominant color in this image is green,the dominant color in this image is green,the dominant color in this image is green,0.4921,0.4829,0.0,0.0,45.0,9.05,1,image+text
synth_baseline_00780,baseline,What color is the large rectangle?,a yellow square,yellow | yellow | yellow,True,1.0,1.0,1.0,False,1,a yellow square,a yellow square,a yellow square,0.332,0.322,0.0,0.0,38.0,9.05,1,image+text
synth_baseline_00781,baseline,What color is the background?,blue,blue | blue | blue,True,1.0,1.0,1.0,False,1,blue,blue,blue,0.3378,0.328,0.0,0.0,41.0,9.05,1,image+text
synth_baseline_00782,baseline,Is the circle on the left or right side?,is the circle on the left side,left | left | center,True,0.6667,1.0,1.0,False,1,is the circle on the left side,is the circle on the left side,is the circle on the left side,0.4491,0.4387,0.0,0.0,44.0,9.05,1,image+text
synth_baseline_00783,baseline,What is the dominant color in this image?,the dominant color in this image is yellow,yellow | yellow | yellow,True,1.0,1.0,1.0,False,1,the dominant color in this image is yellow,the dominant color in this image is yellow,the dominant color in this image is yellow,0.4927,0.4834,0.0,0.0,41.0,9.05,1,image+text
synth_baseline_00784,baseline,What is the dominant color in this image?,the dominant color in this image is green,green | green | green,True,1.0,1.0,1.0,False,1,the dominant color in this image is green,the dominant color in this image is green,the dominant color in this image is green,0.5165,0.5073,0.0,0.0,37.0,9.05,1,image+text
synth_baseline_00785,baseline,What color is the background?,white,white | white | white,True,1.0,1.0,1.0,False,1,white,white,white,0.3122,0.3026,0.0,0.0,40.5,9.05,1,image+text
synth_baseline_00786,baseline,What color is the small circle?,green,lime | lime | yellow-green,False,0.0,1.0,1.0,True,1,green,green,green,0.3138,0.3042,0.0,0.0,43.5,9.05,1,image+text
synth_baseline_00787,baseline,What color is the large rectangle?,navy blue,navy | dark blue | navy,True,0.3333,1.0,1.0,False,1,navy blue,navy blue,navy blue,0.232,0.2222,0.0,0.0,42.5,9.05,1,image+text
synth_baseline_00788,baseline,What color is the circle in this image?,yellow,yellow | yellow | yellow,True,1.0,1.0,1.0,False,1,yellow,yellow,yellow,0.3139,0.3046,0.0,0.0,44.0,9.05,1,image+text
synth_baseline_00789,baseline,Is the circle on the left or right side?,is the circle on the left side,left | left | left,True,1.0,1.0,1.0,False,1,is the circle on the left side,is the circle on the left side,is the circle on the left side,0.4504,0.441,0.0,0.0,46.0,9.05,1,image+text
synth_baseline_00790,baseline,What color is the background?,white,white | white | white,True,1.0,1.0,1.0,False,1,white,white,white,0.3148,0.3049,0.0,0.0,38.5,9.05,1,image+text
synth_baseline_00791,baseline,What color is the circle?,the circle is green,olive | olive | brown,False,0.0,1.0,1.0,True,1,the circle is green,the circle is green,the circle is green,0.3143,0.3049,0.0,0.0,43.0,9.05,1,image+text
synth_baseline_00792,baseline,What color is the circle in this image?,yellow,yellow | yellow | yellow,True,1.0,1.0,1.0,False,1,yellow,yellow,yellow,0.3136,0.3043,0.0,0.0,44.5,9.05,1,image+text
synth_baseline_00793,baseline,What color is the large rectangle?,red,red | red | red,True,1.0,1.0,1.0,False,1,red,red,red,0.3136,0.3042,0.0,0.0,43.5,9.05,1,image+text
synth_baseline_00794,baseline,What is the dominant color in this image?,burgundy,maroon | maroon | dark red,False,0.0,1.0,1.0,True,1,burgundy,burgundy,burgundy,0.4063,0.3971,0.0,0.0,44.5,9.05,1,image+text
synth_baseline_00795,baseline,What color is the circle in this image?,blue,blue | blue | blue,True,1.0,1.0,1.0,False,1,blue,blue,blue,0.2722,0.2629,0.0,0.0,40.5,9.05,1,image+text
synth_baseline_00796,baseline,What color is the small circle?,green,lime | lime | yellow-green,False,0.0,1.0,1.0,True,1,green,green,green,0.315,0.306,0.0,0.0,41.0,9.05,1,image+text
synth_baseline_00797,baseline,Is there a blue shape in this image?,yes,yes | yes | yes,True,1.0,1.0,1.0,False,1,yes,yes,yes,0.2701,0.2606,0.0,0.0,42.0,9.05,1,image+text
synth_baseline_00798,baseline,What color is the background?,gray,gray | gray | grey,True,0.6667,1.0,1.0,False,1,gray,gray,gray,0.2248,0.215,0.0,0.0,41.0,9.05,1,image+text
synth_baseline_00799,baseline,What is the dominant color in this image?,the dominant color in this image is purple,purple | purple | purple,True,1.0,1.0,1.0,False,1,the dominant color in this image is purple,the dominant color in this image is purple,the dominant color in this image is purple,0.504,0.4944,0.0,0.0,40.0,9.05,1,image+text
synth_baseline_00800,baseline,What is the dominant color in this image?,the dominant color in this image is green,green | green | green,True,1.0,1.0,1.0,False,1,the dominant color in this image is green,the dominant color in this image is green,the dominant color in this image is green,0.509,0.4996,0.0,0.0,38.0,9.05,1,image+text
synth_baseline_00801,baseline,What color is the large rectangle?,the large rectangle is purple,purple | purple | purple,True,1.0,1.0,1.0,False,1,the large rectangle is purple,the large rectangle is purple,the large rectangle is purple,0.3615,0.352,0.0,0.0,42.0,9.05,1,image+text
synth_baseline_00802,baseline,Is the background color light or dark?,a dark background,dark | dark | medium,True,0.6667,1.0,1.0,False,1,a dark background,a dark background,a dark background,0.3172,0.3076,0.0,0.0,41.0,9.05,1,image+text
synth_baseline_00803,baseline,What color is the background?,the background is white,cream | white | beige,True,0.3333,1.0,1.0,False,1,the background is white,the background is white,the background is white,0.3219,0.3121,0.0,0.0,44.0,9.05,1,image+text
synth_baseline_00804,baseline,Is the circle on the left or right side?,is the circle on the left side,right | right | right,False,0.0,1.0,1.0,True,1,is the circle on the left side,is the circle on the left side,is the circle on the left side,0.4533,0.4438,0.0,0.0,40.5,9.05,1,image+text
synth_baseline_00805,baseline,What is the dominant color in this image?,the dominant color is brown,brown | brown | brown,True,1.0,1.0,1.0,False,1,the dominant color is brown,the dominant color is brown,the dominant color is brown,0.4078,0.3984,0.0,0.0,39.0,9.05,1,image+text
synth_baseline_00806,baseline,What color is the large rectangle?,the color orange,orange | orange | orange,True,1.0,1.0,1.0,False,1,the color orange,the color orange,the color orange,0.3124,0.303,0.0,0.0,40.5,9.05,1,image+text
synth_baseline_00807,baseline,What color is the large rectangle?,a yellow square,yellow | yellow | yellow,True,1.0,1.0,1.0,False,1,a yellow square,a yellow square,a yellow square,0.3093,0.2995,0.0,0.0,43.5,9.05,1,image+text
synth_baseline_00808,baseline,What is the dominant color in this image?,the dominant color in this image,orange | orange | orange,False,0.0,1.0,1.0,True,1,the dominant color in this image,the dominant color in this image,the dominant color in this image,0.3992,0.39,0.0,0.0,46.0,9.05,1,image+text
synth_baseline_00809,baseline,What color is the background?,the background is white,cream | white | beige,True,0.3333,1.0,1.0,False,1,the background is white,the background is white,the background is white,0.3154,0.3059,0.0,0.0,45.5,9.05,1,image+text
synth_baseline_00810,baseline,What color is the background?,blue,blue | blue | blue,True,1.0,1.0,1.0,False,1,blue,blue,blue,0.315,0.305,0.0,0.0,41.0,9.05,1,image+text
synth_baseline_00811,baseline,Is the background color light or dark?,dark background,dark | dark | dark,True,1.0,1.0,1.0,False,1,dark background,dark background,dark background,0.2672,0.258,0.0,0.0,41.0,9.05,1,image+text
synth_baseline_00812,baseline,Is the background color light or dark?,light blue,light | light | medium,False,0.0,1.0,1.0,True,1,light blue,light blue,light blue,0.221,0.2118,0.0,0.0,45.0,9.05,1,image+text
synth_baseline_00813,baseline,What color is the circle?,a red circle,brown | brown | maroon,False,0.0,1.0,1.0,True,1,a red circle,a red circle,a red circle,0.3196,0.3101,0.0,0.0,44.0,9.05,1,image+text
synth_baseline_00814,baseline,Is the circle on the left or right side?,is the circle on the left side,left | left | left,True,1.0,1.0,1.0,False,1,is the circle on the left side,is the circle on the left side,is the circle on the left side,0.4508,0.4411,0.0,0.0,40.5,9.05,1,image+text
synth_baseline_00815,baseline,What color is the background?,gray,gray | gray | grey,True,0.6667,1.0,1.0,False,1,gray,gray,gray,0.2371,0.228,0.0,0.0,41.5,9.05,1,image+text
synth_baseline_00816,baseline,What color is the circle in this image?,yellow,yellow | yellow | yellow,True,1.0,1.0,1.0,False,1,yellow,yellow,yellow,0.311,0.302,0.0,0.0,42.5,9.05,1,image+text
synth_baseline_00817,baseline,What color is the background?,navy blue,navy | dark blue | blue,True,0.6667,1.0,1.0,False,1,navy blue,navy blue,navy blue,0.2213,0.2119,0.0,0.0,43.0,9.05,1,image+text
synth_baseline_00818,baseline,What color is the large rectangle?,red,red | red | red,True,1.0,1.0,1.0,False,1,red,red,red,0.3109,0.3017,0.0,0.0,45.5,9.05,1,image+text
synth_baseline_00819,baseline,What color is the small circle?,green,lime | lime | yellow-green,False,0.0,1.0,1.0,True,1,green,green,green,0.3115,0.3023,0.0,0.0,45.0,9.05,1,image+text
synth_baseline_00820,baseline,What is the dominant color in this image?,the dominant color in this image is green,olive | olive | green | dark green,True,0.6667,1.0,1.0,False,1,the dominant color in this image is green,the dominant color in this image is green,the dominant color in this image is green,0.513,0.5031,0.0,0.0,31.0,9.05,1,image+text
synth_baseline_00821,baseline,What color is the large rectangle?,red,maroon | maroon | dark red,True,0.3333,1.0,1.0,False,1,red,red,red,0.3095,0.3002,0.0,0.0,43.0,9.05,1,image+text
synth_baseline_00822,baseline,What is the dominant color in this image?,the dominant color in this image,orange | orange | orange,False,0.0,1.0,1.0,True,1,the dominant color in this image,the dominant color in this image,the dominant color in this image,0.4105,0.4005,0.0,0.0,43.5,9.05,1,image+text
synth_baseline_00823,baseline,What color is the circle in this image?,blue,blue | blue | blue,True,1.0,1.0,1.0,False,1,blue,blue,blue,0.2702,0.2607,0.0,0.0,40.0,9.05,1,image+text
synth_baseline_00824,baseline,Is the circle on the left or right side?,is the circle on the left side,left | left | left,True,1.0,1.0,1.0,False,1,is the circle on the left side,is the circle on the left side,is the circle on the left side,0.4522,0.4425,0.0,0.0,44.5,9.05,1,image+text
synth_baseline_00825,baseline,What is the dominant color in this image?,the dominant color in this image is purple,purple | purple | purple,True,1.0,1.0,1.0,False,1,the dominant color in this image is purple,the dominant color in this image is purple,the dominant color in this image is purple,0.4942,0.4847,0.0,0.0,43.0,9.05,1,image+text
synth_baseline_00826,baseline,What is the dominant color in this image?,cyan,cyan | cyan | blue,True,0.6667,1.0,1.0,False,1,cyan,cyan,cyan,0.3134,0.3042,0.0,0.0,39.5,9.05,1,image+text
synth_baseline_00827,baseline,Is the circle on the left or right side?,is the circle on the left side,left | left | center,True,0.6667,1.0,1.0,False,1,is the circle on the left side,is the circle on the left side,is the circle on the left side,0.4466,0.4368,0.0,0.0,40.0,9.05,1,image+text
synth_baseline_00828,baseline,Is there a green shape in this image?,yes,yes | yes | yes,True,1.0,1.0,1.0,False,1,yes,yes,yes,0.2637,0.2546,0.0,0.0,41.5,9.05,1,image+text
synth_baseline_00829,baseline,Is the background color light or dark?,dark,light | light | light,False,0.0,1.0,1.0,True,1,dark,dark,dark,0.2183,0.2091,0.0,0.0,42.5,9.05,1,image+text
synth_baseline_00830,baseline,What is the dominant color in this image?,the dominant color in this image is green,green | green | green,True,1.0,1.0,1.0,False,1,the dominant color in this image is green,the dominant color in this image is green,the dominant color in this image is green,0.5048,0.4948,0.0,0.0,39.5,9.05,1,image+text
synth_baseline_00831,baseline,Is the circle on the left or right side?,a circle on the left side,right | right | right,False,0.0,1.0,1.0,True,1,a circle on the left side,a circle on the left side,a circle on the left side,0.5055,0.4958,0.0,0.0,39.5,9.05,1,image+text
synth_baseline_00832,baseline,What color is the large rectangle?,red,red | red | red,True,1.0,1.0,1.0,False,1,red,red,red,0.3148,0.305,0.0,0.0,43.0,9.05,1,image+text
synth_baseline_00833,baseline,What is the dominant color in this image?,the dominant color in this image is yellow,yellow | yellow | yellow,True,1.0,1.0,1.0,False,1,the dominant color in this image is yellow,the dominant color in this image is yellow,the dominant color in this image is yellow,0.502,0.4922,0.0,0.0,41.5,9.05,1,image+text
synth_baseline_00834,baseline,What color is the circle?,a red circle,brown | brown | maroon,False,0.0,1.0,1.0,True,1,a red circle,a red circle,a red circle,0.3194,0.31,0.0,0.0,41.0,9.05,1,image+text
synth_baseline_00835,baseline,Is there a green shape in this image?,yes,no | no | no,False,0.0,1.0,1.0,True,1,yes,yes,yes,0.2674,0.2582,0.0,0.0,41.5,9.05,1,image+text
synth_baseline_00836,baseline,What is the dominant color in this image?,red is the dominant color in this image,red | red | red,True,1.0,1.0,1.0,False,1,red is the dominant color in this image,red is the dominant color in this image,red is the dominant color in this image,0.4984,0.4887,0.0,0.0,41.0,9.05,1,image+text
synth_baseline_00837,baseline,What color is the circle?,the circle is green,cyan | cyan | teal | teal,False,0.0,1.0,1.0,True,1,the circle is green,the circle is green,the circle is green,0.3163,0.307,0.0,0.0,39.0,9.05,1,image+text
synth_baseline_00838,baseline,Is the circle on the left or right side?,is the circle on the left side,left | left | center,True,0.6667,1.0,1.0,False,1,is the circle on the left side,is the circle on the left side,is the circle on the left side,0.4523,0.4429,0.0,0.0,43.0,9.05,1,image+text
synth_baseline_00839,baseline,What is the dominant color in this image?,red is the dominant color in this image,red | red | red,True,1.0,1.0,1.0,False,1,red is the dominant color in this image,red is the dominant color in this image,red is the dominant color in this image,0.5133,0.5036,0.0,0.0,38.0,9.05,1,image+text
synth_baseline_00840,baseline,What color is the circle?,the circle is green,olive | olive | brown,False,0.0,1.0,1.0,True,1,the circle is green,the circle is green,the circle is green,0.3339,0.3242,0.0,0.0,26.5,9.05,1,image+text
synth_baseline_00841,baseline,What color is the background?,white,white | white | white,True,1.0,1.0,1.0,False,1,white,white,white,0.3152,0.3055,0.0,0.0,41.5,9.05,1,image+text
synth_baseline_00842,baseline,What is the dominant color in this image?,the dominant color in this image is green,green | green | green,True,1.0,1.0,1.0,False,1,the dominant color in this image is green,the dominant color in this image is green,the dominant color in this image is green,0.4964,0.4867,0.0,0.0,41.0,9.05,1,image+text
synth_baseline_00843,baseline,What color is the circle?,the circle is green,cyan | cyan | teal | teal,False,0.0,1.0,1.0,True,1,the circle is green,the circle is green,the circle is green,0.3106,0.3015,0.0,0.0,38.5,9.05,1,image+text
synth_baseline_00844,baseline,What color is the large rectangle?,red,maroon | maroon | dark red,True,0.3333,1.0,1.0,False,1,red,red,red,0.3109,0.3014,0.0,0.0,45.0,9.05,1,image+text
synth_baseline_00845,baseline,What color is the circle in this image?,yellow,yellow | yellow | yellow,True,1.0,1.0,1.0,False,1,yellow,yellow,yellow,0.3118,0.3025,0.0,0.0,46.0,9.05,1,image+text
synth_baseline_00846,baseline,What color is the large rectangle?,the large rectangle is purple,purple | purple | purple,True,1.0,1.0,1.0,False,1,the large rectangle is purple,the large rectangle is purple,the large rectangle is purple,0.3621,0.3527,0.0,0.0,43.5,9.05,1,image+text
synth_baseline_00847,baseline,What color is the circle?,red,maroon | dark red | red,True,0.6667,1.0,1.0,False,1,red,red,red,0.3142,0.3047,0.0,0.0,42.5,9.05,1,image+text
synth_baseline_00848,baseline,What is the dominant color in this image?,blue is the dominant color in this image,blue | blue | blue,True,1.0,1.0,1.0,False,1,blue is the dominant color in this image,blue is the dominant color in this image,blue is the dominant color in this image,0.5014,0.4917,0.0,0.0,41.5,9.05,1,image+text
synth_baseline_00849,baseline,What color is the background?,white,white | white | white,True,1.0,1.0,1.0,False,1,white,white,white,0.3137,0.3043,0.0,0.0,41.0,9.05,1,image+text
synth_baseline_00850,baseline,What color is the large rectangle?,the large rectangle is green,green | green | green,True,1.0,1.0,1.0,False,1,the large rectangle is green,the large rectangle is green,the large rectangle is green,0.366,0.3562,0.0,0.0,41.5,9.05,1,image+text
synth_baseline_00851,baseline,What color is the circle in this image?,yellow,yellow | yellow | yellow,True,1.0,1.0,1.0,False,1,yellow,yellow,yellow,0.3129,0.3037,0.0,0.0,42.5,9.05,1,image+text
synth_baseline_00852,baseline,Is the background color light or dark?,dark background,dark | dark | dark,True,1.0,1.0,1.0,False,1,dark background,dark background,dark background,0.2723,0.2626,0.0,0.0,44.0,9.05,1,image+text
synth_baseline_00853,baseline,Is there a blue shape in this image?,yes,no | no | no,False,0.0,1.0,1.0,True,1,yes,yes,yes,0.2744,0.265,0.0,0.0,44.0,9.05,1,image+text
synth_baseline_00854,baseline,Is the circle on the left or right side?,a circle on the left side,right | right | right,False,0.0,1.0,1.0,True,1,a circle on the left side,a circle on the left side,a circle on the left side,0.4933,0.4839,0.0,0.0,42.0,9.05,1,image+text
synth_baseline_00855,baseline,What color is the large rectangle?,the color orange,orange | orange | orange,True,1.0,1.0,1.0,False,1,the color orange,the color orange,the color orange,0.3276,0.3183,0.0,0.0,40.5,9.05,1,image+text
synth_baseline_00856,baseline,What color is the large rectangle?,a yellow square,yellow | yellow | yellow,True,1.0,1.0,1.0,False,1,a yellow square,a yellow square,a yellow square,0.3125,0.3033,0.0,0.0,42.5,9.05,1,image+text
synth_baseline_00857,baseline,What color is the circle in this image?,blue,blue | blue | blue,True,1.0,1.0,1.0,False,1,blue,blue,blue,0.2687,0.259,0.0,0.0,43.5,9.05,1,image+text
synth_baseline_00858,baseline,What color is the large rectangle?,a large rectangle,pink | pink | pink,False,0.0,1.0,1.0,True,1,a large rectangle,a large rectangle,a large rectangle,0.315,0.3048,0.0,0.0,45.0,9.05,1,image+text
synth_baseline_00859,baseline,What color is the large rectangle?,blue,blue | blue | blue,True,1.0,1.0,1.0,False,1,blue,blue,blue,0.268,0.2586,0.0,0.0,46.5,9.05,1,image+text
synth_baseline_00860,baseline,Is the background color light or dark?,dark background,dark | dark | dark,True,1.0,1.0,1.0,False,1,dark background,dark background,dark background,0.2913,0.2816,0.0,0.0,39.0,9.05,1,image+text
synth_baseline_00861,baseline,What color is the large rectangle?,navy blue,navy | dark blue | navy,True,0.3333,1.0,1.0,False,1,navy blue,navy blue,navy blue,0.2239,0.2142,0.0,0.0,34.5,9.05,1,image+text
synth_baseline_00862,baseline,What is the dominant color in this image?,blue is the dominant color in this image,blue | blue | blue,True,1.0,1.0,1.0,False,1,blue is the dominant color in this image,blue is the dominant color in this image,blue is the dominant color in this image,0.505,0.4954,0.0,0.0,38.0,9.05,1,image+text
synth_baseline_00863,baseline,What color is the circle?,pink,pink | pink | pink,True,1.0,1.0,1.0,False,1,pink,pink,pink,0.2709,0.2616,0.0,0.0,40.5,9.05,1,image+text
synth_baseline_00864,baseline,What is the dominant color in this image?,burgundy,maroon | maroon | dark red,False,0.0,1.0,1.0,True,1,burgundy,burgundy,burgundy,0.4049,0.3955,0.0,0.0,44.0,9.05,1,image+text
synth_baseline_00865,baseline,Is there a red shape in this image?,yes,yes | yes | yes,True,1.0,1.0,1.0,False,1,yes,yes,yes,0.3087,0.2995,0.0,0.0,42.0,9.05,1,image+text
synth_baseline_00866,baseline,Is there a red shape in this image?,yes,yes | yes | yes,True,1.0,1.0,1.0,False,1,yes,yes,yes,0.3093,0.3001,0.0,0.0,45.5,9.05,1,image+text
synth_baseline_00867,baseline,What color is the large rectangle?,the large rectangle is purple,purple | purple | purple,True,1.0,1.0,1.0,False,1,the large rectangle is purple,the large rectangle is purple,the large rectangle is purple,0.3581,0.3491,0.0,0.0,47.0,9.05,1,image+text
synth_baseline_00868,baseline,What color is the circle?,the circle is green,cyan | cyan | teal | teal,False,0.0,1.0,1.0,True,1,the circle is green,the circle is green,the circle is green,0.3155,0.3061,0.0,0.0,46.5,9.05,1,image+text
synth_baseline_00869,baseline,What color is the large rectangle?,blue,blue | blue | blue,True,1.0,1.0,1.0,False,1,blue,blue,blue,0.2682,0.2589,0.0,0.0,45.0,9.05,1,image+text
synth_baseline_00870,baseline,What color is the large rectangle?,the large rectangle is blue,teal | teal | green,False,0.0,1.0,1.0,True,1,the large rectangle is blue,the large rectangle is blue,the large rectangle is blue,0.3624,0.3525,0.0,0.0,44.5,9.05,1,image+text
synth_baseline_00871,baseline,What is the dominant color in this image?,a blue background,navy | navy | blue | dark blue,True,0.6667,1.0,1.0,False,1,a blue background,a blue background,a blue background,0.3141,0.3044,0.0,0.0,42.0,9.05,1,image+text
synth_baseline_00872,baseline,What color is the large rectangle?,the large rectangle is green,green | green | green,True,1.0,1.0,1.0,False,1,the large rectangle is green,the large rectangle is green,the large rectangle is green,0.3605,0.3509,0.0,0.0,43.0,9.05,1,image+text
synth_baseline_00873,baseline,Is there a purple shape in this image?,yes,yes | yes | yes,True,1.0,1.0,1.0,False,1,yes,yes,yes,0.271,0.2616,0.0,0.0,42.0,9.05,1,image+text
synth_baseline_00874,baseline,Is the background color light or dark?,dark blue,dark | dark | dark,False,0.0,1.0,1.0,True,1,dark blue,dark blue,dark blue,0.2263,0.2151,0.0,0.0,44.5,9.05,1,image+text
synth_baseline_00875,baseline,What color is the large rectangle?,brown color,brown | brown | brown,True,1.0,1.0,1.0,False,1,brown color,brown color,brown color,0.269,0.2597,0.0,0.0,43.5,9.05,1,image+text
synth_baseline_00876,baseline,What is the dominant color in this image?,a blue background,navy | navy | blue | dark blue,True,0.6667,1.0,1.0,False,1,a blue background,a blue background,a blue background,0.3154,0.3054,0.0,0.0,41.5,9.05,1,image+text
synth_baseline_00877,baseline,What color is the large rectangle?,the large rectangle is blue,teal | teal | green,False,0.0,1.0,1.0,True,1,the large rectangle is blue,the large rectangle is blue,the large rectangle is blue,0.3615,0.3519,0.0,0.0,39.0,9.05,1,image+text
synth_baseline_00878,baseline,What color is the circle?,the circle is green,cyan | cyan | teal | teal,False,0.0,1.0,1.0,True,1,the circle is green,the circle is green,the circle is green,0.3153,0.3053,0.0,0.0,42.0,9.05,1,image+text
synth_baseline_00879,baseline,Is the background color light or dark?,dark blue,dark | dark | dark,False,0.0,1.0,1.0,True,1,dark blue,dark blue,dark blue,0.222,0.2128,0.0,0.0,41.5,9.05,1,image+text
synth_baseline_00880,baseline,What color is the background?,blue,blue | blue | blue,True,1.0,1.0,1.0,False,1,blue,blue,blue,0.3377,0.3278,0.0,0.0,42.5,9.05,1,image+text
synth_baseline_00881,baseline,Is the circle on the left or right side?,a circle on the left side,right | right | right,False,0.0,1.0,1.0,True,1,a circle on the left side,a circle on the left side,a circle on the left side,0.5056,0.4959,0.0,0.0,42.5,9.05,1,image+text
synth_baseline_00882,baseline,What color is the large rectangle?,the large rectangle is green,green | green | green,True,1.0,1.0,1.0,False,1,the large rectangle is green,the large rectangle is green,the large rectangle is green,0.3563,0.347,0.0,0.0,42.0,9.05,1,image+text
synth_baseline_00883,baseline,What color is the large rectangle?,green,lime | lime | green,True,0.3333,1.0,1.0,False,1,green,green,green,0.3092,0.2999,0.0,0.0,46.0,9.05,1,image+text
synth_baseline_00884,baseline,What is the dominant color in this image?,the dominant color in this image is green,green | green | green,True,1.0,1.0,1.0,False,1,the dominant color in this image is green,the dominant color in this image is green,the dominant color in this image is green,0.494,0.4847,0.0,0.0,43.5,9.05,1,image+text
synth_baseline_00885,baseline,What is the dominant color in this image?,cyan,cyan | cyan | blue,True,0.6667,1.0,1.0,False,1,cyan,cyan,cyan,0.3168,0.3069,0.0,0.0,43.0,9.05,1,image+text
synth_baseline_00886,baseline,What is the dominant color in this image?,the dominant color is brown,brown | brown | brown,True,1.0,1.0,1.0,False,1,the dominant color is brown,the dominant color is brown,the dominant color is brown,0.411,0.4013,0.0,0.0,43.5,9.05,1,image+text
synth_baseline_00887,baseline,What is the dominant color in this image?,the dominant color in this image is green,green | green | green,True,1.0,1.0,1.0,False,1,the dominant color in this image is green,the dominant color in this image is green,the dominant color in this image is green,0.5141,0.5045,0.0,0.0,39.5,9.05,1,image+text
synth_baseline_00888,baseline,Is the circle on the left or right side?,is the circle on the left side,left | left | left,True,1.0,1.0,1.0,False,1,is the circle on the left side,is the circle on the left side,is the circle on the left side,0.4471,0.4376,0.0,0.0,38.0,9.05,1,image+text
synth_baseline_00889,baseline,Is the circle on the left or right side?,is the circle on the left side,left | left | left,True,1.0,1.0,1.0,False,1,is the circle on the left side,is the circle on the left side,is the circle on the left side,0.4632,0.4538,0.0,0.0,39.0,9.05,1,image+text
synth_baseline_00890,baseline,What is the dominant color in this image?,red is the dominant color in this image,red | red | red,True,1.0,1.0,1.0,False,1,red is the dominant color in this image,red is the dominant color in this image,red is the dominant color in this image,0.5076,0.4979,0.0,0.0,38.5,9.05,1,image+text
synth_baseline_00891,baseline,What color is the large rectangle?,the large rectangle is green,green | green | green,True,1.0,1.0,1.0,False,1,the large rectangle is green,the large rectangle is green,the large rectangle is green,0.3673,0.358,0.0,0.0,38.5,9.05,1,image+text
synth_baseline_00892,baseline,Is the circle on the left or right side?,is the circle on the left side,right | right | right,False,0.0,1.0,1.0,True,1,is the circle on the left side,is the circle on the left side,is the circle on the left side,0.455,0.4455,0.0,0.0,38.5,9.05,1,image+text
synth_baseline_00893,baseline,What color is the circle in this image?,yellow,yellow | yellow | yellow,True,1.0,1.0,1.0,False,1,yellow,yellow,yellow,0.3178,0.3083,0.0,0.0,38.5,9.05,1,image+text
synth_baseline_00894,baseline,Is there a red shape in this image?,yes,yes | yes | yes,True,1.0,1.0,1.0,False,1,yes,yes,yes,0.3183,0.3085,0.0,0.0,42.0,9.05,1,image+text
synth_baseline_00895,baseline,Is there a red shape in this image?,yes,yes | yes | yes,True,1.0,1.0,1.0,False,1,yes,yes,yes,0.3149,0.3055,0.0,0.0,40.5,9.05,1,image+text
synth_baseline_00896,baseline,What color is the background?,white,white | white | white,True,1.0,1.0,1.0,False,1,white,white,white,0.3147,0.3055,0.0,0.0,40.0,9.05,1,image+text
synth_baseline_00897,baseline,What color is the large rectangle?,a yellow square,yellow | yellow | yellow,True,1.0,1.0,1.0,False,1,a yellow square,a yellow square,a yellow square,0.318,0.309,0.0,0.0,42.0,9.05,1,image+text
synth_baseline_00898,baseline,Is the background color light or dark?,light blue,light | light | medium,False,0.0,1.0,1.0,True,1,light blue,light blue,light blue,0.2237,0.2139,0.0,0.0,42.5,9.05,1,image+text
synth_baseline_00899,baseline,Is there a blue shape in this image?,yes,yes | yes | yes,True,1.0,1.0,1.0,False,1,yes,yes,yes,0.2693,0.26,0.0,0.0,41.5,9.05,1,image+text
synth_baseline_00900,baseline,What is the dominant color in this image?,the dominant color in this image,orange | orange | orange,False,0.0,1.0,1.0,True,1,the dominant color in this image,the dominant color in this image,the dominant color in this image,0.4328,0.4228,0.0,0.0,26.5,9.05,1,image+text
synth_baseline_00901,baseline,What color is the small circle?,green,olive | olive | green,True,0.3333,1.0,1.0,False,1,green,green,green,0.3187,0.3087,0.0,0.0,41.5,9.05,1,image+text
synth_baseline_00902,baseline,What color is the large rectangle?,blue,blue | blue | blue,True,1.0,1.0,1.0,False,1,blue,blue,blue,0.2671,0.2575,0.0,0.0,40.0,9.05,1,image+text
synth_baseline_00903,baseline,Is there a purple shape in this image?,yes,yes | yes | yes,True,1.0,1.0,1.0,False,1,yes,yes,yes,0.2845,0.2753,0.0,0.0,45.0,9.05,1,image+text
synth_baseline_00904,baseline,What color is the large rectangle?,the large rectangle is white,white | white | white,True,1.0,1.0,1.0,False,1,the large rectangle is white,the large rectangle is white,the large rectangle is white,0.3591,0.3497,0.0,0.0,43.0,9.05,1,image+text
synth_baseline_00905,baseline,Is the background color light or dark?,dark background,dark | dark | dark,True,1.0,1.0,1.0,False,1,dark background,dark background,dark background,0.2683,0.2588,0.0,0.0,43.5,9.05,1,image+text
synth_baseline_00906,baseline,What is the dominant color in this image?,burgundy,maroon | maroon | dark red,False,0.0,1.0,1.0,True,1,burgundy,burgundy,burgundy,0.4094,0.3999,0.0,0.0,44.0,9.05,1,image+text
synth_baseline_00907,baseline,What color is the large rectangle?,the large rectangle is white,white | white | white,True,1.0,1.0,1.0,False,1,the large rectangle is white,the large rectangle is white,the large rectangle is white,0.3604,0.3505,0.0,0.0,46.5,9.05,1,image+text
synth_baseline_00908,baseline,What color is the circle in this image?,red,red | red | red,True,1.0,1.0,1.0,False,1,red,red,red,0.268,0.2586,0.0,0.0,43.0,9.05,1,image+text
synth_baseline_00909,baseline,What color is the circle in this image?,blue,blue | blue | blue,True,1.0,1.0,1.0,False,1,blue,blue,blue,0.281,0.272,0.0,0.0,44.0,9.05,1,image+text
synth_baseline_00910,baseline,Is the background color light or dark?,a dark background,dark | dark | medium,True,0.6667,1.0,1.0,False,1,a dark background,a dark background,a dark background,0.3099,0.3004,0.0,0.0,43.0,9.05,1,image+text
synth_baseline_00911,baseline,What color is the circle in this image?,yellow,yellow | yellow | yellow,True,1.0,1.0,1.0,False,1,yellow,yellow,yellow,0.3103,0.3012,0.0,0.0,44.5,9.05,1,image+text
synth_baseline_00912,baseline,What color is the background?,white,white | white | white,True,1.0,1.0,1.0,False,1,white,white,white,0.3525,0.3431,0.0,0.0,43.0,9.05,1,image+text
synth_baseline_00913,baseline,Is the circle on the left or right side?,is the circle on the left side,left | left | center,True,0.6667,1.0,1.0,False,1,is the circle on the left side,is the circle on the left side,is the circle on the left side,0.4549,0.4452,0.0,0.0,40.0,9.05,1,image+text
synth_baseline_00914,baseline,Is the circle on the left or right side?,a circle on the left side,right | right | right,False,0.0,1.0,1.0,True,1,a circle on the left side,a circle on the left side,a circle on the left side,0.4949,0.4853,0.0,0.0,42.5,9.05,1,image+text
synth_baseline_00915,baseline,Is the circle on the left or right side?,is the circle on the left side,left | left | left,True,1.0,1.0,1.0,False,1,is the circle on the left side,is the circle on the left side,is the circle on the left side,0.453,0.4432,0.0,0.0,41.5,9.05,1,image+text
synth_baseline_00916,baseline,What color is the large rectangle?,the color orange,orange | orange | orange,True,1.0,1.0,1.0,False,1,the color orange,the color orange,the color orange,0.3137,0.3042,0.0,0.0,40.0,9.05,1,image+text
synth_baseline_00917,baseline,Is there a red shape in this image?,yes,yes | yes | yes,True,1.0,1.0,1.0,False,1,yes,yes,yes,0.3152,0.3058,0.0,0.0,43.5,9.05,1,image+text
synth_baseline_00918,baseline,What color is the background?,white,white | white | white,True,1.0,1.0,1.0,False,1,white,white,white,0.3142,0.3047,0.0,0.0,44.5,9.05,1,image+text
synth_baseline_00919,baseline,What is the dominant color in this image?,the dominant color in this image is yellow,yellow | yellow | yellow,True,1.0,1.0,1.0,False,1,the dominant color in this image is yellow,the dominant color in this image is yellow,the dominant color in this image is yellow,0.5031,0.4935,0.0,0.0,41.0,9.05,1,image+text
synth_baseline_00920,baseline,Is the background color light or dark?,a dark background,dark | dark | medium,True,0.6667,1.0,1.0,False,1,a dark background,a dark background,a dark background,0.3336,0.3239,0.0,0.0,36.5,9.05,1,image+text
synth_baseline_00921,baseline,What is the dominant color in this image?,the dominant color in this image is purple,purple | purple | purple,True,1.0,1.0,1.0,False,1,the dominant color in this image is purple,the dominant color in this image is purple,the dominant color in this image is purple,0.5027,0.4933,0.0,0.0,41.0,9.05,1,image+text
synth_baseline_00922,baseline,What is the dominant color in this image?,the dominant color in this image is purple,purple | purple | purple,True,1.0,1.0,1.0,False,1,the dominant color in this image is purple,the dominant color in this image is purple,the dominant color in this image is purple,0.5044,0.4932,0.0,0.0,39.0,9.05,1,image+text
synth_baseline_00923,baseline,Is the background color light or dark?,a dark background,dark | dark | medium,True,0.6667,1.0,1.0,False,1,a dark background,a dark background,a dark background,0.3132,0.3037,0.0,0.0,40.0,9.05,1,image+text
synth_baseline_00924,baseline,Is there a purple shape in this image?,yes,no | no | no,False,0.0,1.0,1.0,True,1,yes,yes,yes,0.2685,0.2592,0.0,0.0,43.5,9.05,1,image+text
synth_baseline_00925,baseline,Is the circle on the left or right side?,a circle on the left side,right | right | right,False,0.0,1.0,1.0,True,1,a circle on the left side,a circle on the left side,a circle on the left side,0.4982,0.4882,0.0,0.0,42.5,9.05,1,image+text
synth_baseline_00926,baseline,What color is the large rectangle?,a yellow square,yellow | yellow | yellow,True,1.0,1.0,1.0,False,1,a yellow square,a yellow square,a yellow square,0.3137,0.3045,0.0,0.0,43.0,9.05,1,image+text
synth_baseline_00927,baseline,What color is the circle?,the circle is green,olive | olive | brown,False,0.0,1.0,1.0,True,1,the circle is green,the circle is green,the circle is green,0.3268,0.3173,0.0,0.0,43.5,9.05,1,image+text
synth_baseline_00928,baseline,What color is the circle in this image?,red,red | red | red,True,1.0,1.0,1.0,False,1,red,red,red,0.2641,0.2551,0.0,0.0,43.5,9.05,1,image+text
synth_baseline_00929,baseline,What is the dominant color in this image?,the dominant color in this image is purple,purple | purple | purple,True,1.0,1.0,1.0,False,1,the dominant color in this image is purple,the dominant color in this image is purple,the dominant color in this image is purple,0.493,0.4835,0.0,0.0,43.5,9.05,1,image+text
synth_baseline_00930,baseline,Is the circle on the left or right side?,a circle on the left side,right | right | right,False,0.0,1.0,1.0,True,1,a circle on the left side,a circle on the left side,a circle on the left side,0.4938,0.484,0.0,0.0,39.5,9.05,1,image+text
synth_baseline_00931,baseline,What color is the circle in this image?,red,red | red | red,True,1.0,1.0,1.0,False,1,red,red,red,0.2646,0.2554,0.0,0.0,39.5,9.05,1,image+text
synth_baseline_00932,baseline,What color is the background?,white,white | white | white,True,1.0,1.0,1.0,False,1,white,white,white,0.3101,0.3011,0.0,0.0,43.5,9.05,1,image+text
synth_baseline_00933,baseline,Is there a red shape in this image?,yes,no | no | no,False,0.0,1.0,1.0,True,1,yes,yes,yes,0.2633,0.2539,0.0,0.0,44.5,9.05,1,image+text
synth_baseline_00934,baseline,What color is the circle in this image?,yellow,yellow | yellow | yellow,True,1.0,1.0,1.0,False,1,yellow,yellow,yellow,0.3095,0.3,0.0,0.0,44.5,9.05,1,image+text
synth_baseline_00935,baseline,Is the circle on the left or right side?,is the circle on the left side,left | left | left,True,1.0,1.0,1.0,False,1,is the circle on the left side,is the circle on the left side,is the circle on the left side,0.4608,0.4512,0.0,0.0,41.5,9.05,1,image+text
synth_baseline_00936,baseline,Is the circle on the left or right side?,is the circle on the left side,left | left | left,True,1.0,1.0,1.0,False,1,is the circle on the left side,is the circle on the left side,is the circle on the left side,0.4515,0.4418,0.0,0.0,41.0,9.05,1,image+text
synth_baseline_00937,baseline,What color is the circle in this image?,red,red | red | red,True,1.0,1.0,1.0,False,1,red,red,red,0.2664,0.257,0.0,0.0,45.5,9.05,1,image+text
synth_baseline_00938,baseline,What color is the large rectangle?,red,red | red | red,True,1.0,1.0,1.0,False,1,red,red,red,0.314,0.3048,0.0,0.0,45.5,9.05,1,image+text
synth_baseline_00939,baseline,Is the circle on the left or right side?,a circle on the left side,right | right | right,False,0.0,1.0,1.0,True,1,a circle on the left side,a circle on the left side,a circle on the left side,0.4999,0.4905,0.0,0.0,41.5,9.05,1,image+text
synth_baseline_00940,baseline,What color is the large rectangle?,the color orange,orange | orange | orange,True,1.0,1.0,1.0,False,1,the color orange,the color orange,the color orange,0.3343,0.3244,0.0,0.0,32.5,9.05,1,image+text
synth_baseline_00941,baseline,What color is the large rectangle?,the large rectangle is green,olive | olive | dark yellow,False,0.0,1.0,1.0,True,1,the large rectangle is green,the large rectangle is green,the large rectangle is green,0.3616,0.352,0.0,0.0,41.5,9.05,1,image+text
synth_baseline_00942,baseline,Is the background color light or dark?,dark,light | light | light,False,0.0,1.0,1.0,True,1,dark,dark,dark,0.222,0.2128,0.0,0.0,45.5,9.05,1,image+text
synth_baseline_00943,baseline,What color is the circle?,the circle is green,cyan | cyan | teal | teal,False,0.0,1.0,1.0,True,1,the circle is green,the circle is green,the circle is green,0.3149,0.3056,0.0,0.0,45.5,9.05,1,image+text
synth_baseline_00944,baseline,What color is the large rectangle?,a large rectangle,pink | pink | pink,False,0.0,1.0,1.0,True,1,a large rectangle,a large rectangle,a large rectangle,0.3138,0.3042,0.0,0.0,44.0,9.05,1,image+text
synth_baseline_00945,baseline,What is the dominant color in this image?,the dominant color in this image is yellow,yellow | yellow | yellow,True,1.0,1.0,1.0,False,1,the dominant color in this image is yellow,the dominant color in this image is yellow,the dominant color in this image is yellow,0.5002,0.4905,0.0,0.0,40.5,9.05,1,image+text
synth_baseline_00946,baseline,Is there a red shape in this image?,yes,no | no | no,False,0.0,1.0,1.0,True,1,yes,yes,yes,0.2665,0.2572,0.0,0.0,38.0,9.05,1,image+text
synth_baseline_00947,baseline,What is the dominant color in this image?,blue is the dominant color in this image,blue | blue | blue,True,1.0,1.0,1.0,False,1,blue is the dominant color in this image,blue is the dominant color in this image,blue is the dominant color in this image,0.4947,0.4852,0.0,0.0,38.0,9.05,1,image+text
synth_baseline_00948,baseline,What is the dominant color in this image?,the dominant color in this image is purple,purple | purple | purple,True,1.0,1.0,1.0,False,1,the dominant color in this image is purple,the dominant color in this image is purple,the dominant color in this image is purple,0.5006,0.4909,0.0,0.0,39.0,9.05,1,image+text
synth_baseline_00949,baseline,Is there a green shape in this image?,yes,no | no | no,False,0.0,1.0,1.0,True,1,yes,yes,yes,0.2663,0.2561,0.0,0.0,42.5,9.05,1,image+text
synth_baseline_00950,baseline,What is the dominant color in this image?,burgundy,maroon | maroon | dark red,False,0.0,1.0,1.0,True,1,burgundy,burgundy,burgundy,0.4082,0.3985,0.0,0.0,43.5,9.05,1,image+text
synth_baseline_00951,baseline,Is the background color light or dark?,dark background,dark | dark | dark,True,1.0,1.0,1.0,False,1,dark background,dark background,dark background,0.2746,0.2635,0.0,0.0,39.0,9.05,1,image+text
synth_baseline_00952,baseline,What is the dominant color in this image?,the dominant color in this image is green,green | green | green,True,1.0,1.0,1.0,False,1,the dominant color in this image is green,the dominant color in this image is green,the dominant color in this image is green,0.4926,0.4833,0.0,0.0,37.0,9.05,1,image+text
synth_baseline_00953,baseline,What color is the background?,white,white | white | white,True,1.0,1.0,1.0,False,1,white,white,white,0.3464,0.3371,0.0,0.0,41.0,9.05,1,image+text
synth_baseline_00954,baseline,Is the circle on the left or right side?,is the circle on the left side,left | left | left,True,1.0,1.0,1.0,False,1,is the circle on the left side,is the circle on the left side,is the circle on the left side,0.4451,0.4357,0.0,0.0,36.5,9.05,1,image+text
synth_baseline_00955,baseline,What color is the large rectangle?,the large rectangle is white,white | white | white,True,1.0,1.0,1.0,False,1,the large rectangle is white,the large rectangle is white,the large rectangle is white,0.3536,0.3443,0.0,0.0,41.5,9.05,1,image+text
synth_baseline_00956,baseline,Is there a red shape in this image?,yes,no | no | no,False,0.0,1.0,1.0,True,1,yes,yes,yes,0.2822,0.2729,0.0,0.0,43.5,9.05,1,image+text
synth_baseline_00957,baseline,What is the dominant color in this image?,cyan,cyan | cyan | blue,True,0.6667,1.0,1.0,False,1,cyan,cyan,cyan,0.312,0.3025,0.0,0.0,41.5,9.05,1,image+text
synth_baseline_00958,baseline,What color is the background?,navy blue,navy | dark blue | blue,True,0.6667,1.0,1.0,False,1,navy blue,navy blue,navy blue,0.2222,0.2123,0.0,0.0,42.5,9.05,1,image+text
synth_baseline_00959,baseline,What color is the large rectangle?,red,maroon | maroon | dark red,True,0.3333,1.0,1.0,False,1,red,red,red,0.3119,0.3024,0.0,0.0,45.0,9.05,1,image+text
synth_baseline_00960,baseline,What color is the circle in this image?,blue,blue | blue | blue,True,1.0,1.0,1.0,False,1,blue,blue,blue,0.2853,0.2756,0.0,0.0,38.5,9.05,1,image+text
synth_baseline_00961,baseline,What is the dominant color in this image?,the dominant color in this image is purple,purple | purple | purple,True,1.0,1.0,1.0,False,1,the dominant color in this image is purple,the dominant color in this image is purple,the dominant color in this image is purple,0.5275,0.5178,0.0,0.0,40.0,9.05,1,image+text
synth_baseline_00962,baseline,What is the dominant color in this image?,blue is the dominant color in this image,blue | blue | blue,True,1.0,1.0,1.0,False,1,blue is the dominant color in this image,blue is the dominant color in this image,blue is the dominant color in this image,0.4929,0.4833,0.0,0.0,38.0,9.05,1,image+text
synth_baseline_00963,baseline,Is the circle on the left or right side?,is the circle on the left side,left | left | center,True,0.6667,1.0,1.0,False,1,is the circle on the left side,is the circle on the left side,is the circle on the left side,0.445,0.4355,0.0,0.0,40.0,9.05,1,image+text
synth_baseline_00964,baseline,Is there a red shape in this image?,yes,yes | yes | yes,True,1.0,1.0,1.0,False,1,yes,yes,yes,0.3391,0.3298,0.0,0.0,40.5,9.05,1,image+text
synth_baseline_00965,baseline,What color is the background?,white,white | white | white,True,1.0,1.0,1.0,False,1,white,white,white,0.3186,0.3089,0.0,0.0,41.5,9.05,1,image+text
synth_baseline_00966,baseline,Is the background color light or dark?,dark,dark | dark | dark,True,1.0,1.0,1.0,False,1,dark,dark,dark,0.2243,0.2149,0.0,0.0,44.0,9.05,1,image+text
synth_baseline_00967,baseline,What color is the background?,gray,gray | gray | grey,True,0.6667,1.0,1.0,False,1,gray,gray,gray,0.225,0.2151,0.0,0.0,45.0,9.05,1,image+text
synth_baseline_00968,baseline,Is the circle on the left or right side?,a circle on the left side,right | right | right,False,0.0,1.0,1.0,True,1,a circle on the left side,a circle on the left side,a circle on the left side,0.4943,0.4843,0.0,0.0,41.5,9.05,1,image+text
synth_baseline_00969,baseline,Is the circle on the left or right side?,is the circle on the left side,right | right | right,False,0.0,1.0,1.0,True,1,is the circle on the left side,is the circle on the left side,is the circle on the left side,0.4475,0.438,0.0,0.0,41.5,9.05,1,image+text
synth_baseline_00970,baseline,What color is the large rectangle?,red,red | red | red,True,1.0,1.0,1.0,False,1,red,red,red,0.3145,0.3049,0.0,0.0,38.0,9.05,1,image+text
synth_baseline_00971,baseline,What color is the background?,the background is white,cream | white | beige,True,0.3333,1.0,1.0,False,1,the background is white,the background is white,the background is white,0.3158,0.3065,0.0,0.0,40.5,9.05,1,image+text
synth_baseline_00972,baseline,Is the background color light or dark?,dark,dark | dark | dark,True,1.0,1.0,1.0,False,1,dark,dark,dark,0.2225,0.2131,0.0,0.0,44.0,9.05,1,image+text
synth_baseline_00973,baseline,What is the dominant color in this image?,the dominant color in this image is purple,purple | purple | purple,True,1.0,1.0,1.0,False,1,the dominant color in this image is purple,the dominant color in this image is purple,the dominant color in this image is purple,0.5006,0.491,0.0,0.0,42.5,9.05,1,image+text
synth_baseline_00974,baseline,What is the dominant color in this image?,the dominant color in this image,orange | orange | orange,False,0.0,1.0,1.0,True,1,the dominant color in this image,the dominant color in this image,the dominant color in this image,0.4085,0.3989,0.0,0.0,43.0,9.05,1,image+text
synth_baseline_00975,baseline,What color is the circle in this image?,red,red | red | red,True,1.0,1.0,1.0,False,1,red,red,red,0.2714,0.2619,0.0,0.0,42.0,9.05,1,image+text
synth_baseline_00976,baseline,Is there a red shape in this image?,yes,no | no | no,False,0.0,1.0,1.0,True,1,yes,yes,yes,0.2689,0.2596,0.0,0.0,41.5,9.05,1,image+text
synth_baseline_00977,baseline,Is there a purple shape in this image?,yes,yes | yes | yes,True,1.0,1.0,1.0,False,1,yes,yes,yes,0.2699,0.2604,0.0,0.0,42.0,9.05,1,image+text
synth_baseline_00978,baseline,What color is the large rectangle?,brown color,brown | brown | brown,True,1.0,1.0,1.0,False,1,brown color,brown color,brown color,0.2686,0.2593,0.0,0.0,44.5,9.05,1,image+text
synth_baseline_00979,baseline,Is the background color light or dark?,dark,dark | dark | dark,True,1.0,1.0,1.0,False,1,dark,dark,dark,0.2237,0.2141,0.0,0.0,44.0,9.05,1,image+text
synth_baseline_00980,baseline,Is there a red shape in this image?,yes,yes | yes | yes,True,1.0,1.0,1.0,False,1,yes,yes,yes,0.3326,0.323,0.0,0.0,38.0,9.05,1,image+text
synth_baseline_00981,baseline,What is the dominant color in this image?,the dominant color is brown,brown | brown | brown,True,1.0,1.0,1.0,False,1,the dominant color is brown,the dominant color is brown,the dominant color is brown,0.4065,0.397,0.0,0.0,43.5,9.05,1,image+text
synth_baseline_00982,baseline,What color is the large rectangle?,a yellow square,yellow | yellow | yellow,True,1.0,1.0,1.0,False,1,a yellow square,a yellow square,a yellow square,0.3156,0.3059,0.0,0.0,41.5,9.05,1,image+text
synth_baseline_00983,baseline,Is the background color light or dark?,dark background,dark | dark | dark,True,1.0,1.0,1.0,False,1,dark background,dark background,dark background,0.2687,0.2591,0.0,0.0,46.5,9.05,1,image+text
synth_baseline_00984,baseline,What color is the background?,white,white | white | white,True,1.0,1.0,1.0,False,1,white,white,white,0.3153,0.3058,0.0,0.0,46.5,9.05,1,image+text
synth_baseline_00985,baseline,What color is the large rectangle?,brown color,brown | brown | brown,True,1.0,1.0,1.0,False,1,brown color,brown color,brown color,0.2671,0.2578,0.0,0.0,45.0,9.05,1,image+text
synth_baseline_00986,baseline,What color is the circle in this image?,yellow,yellow | yellow | yellow,True,1.0,1.0,1.0,False,1,yellow,yellow,yellow,0.3196,0.3102,0.0,0.0,45.5,9.05,1,image+text
synth_baseline_00987,baseline,What is the dominant color in this image?,blue is the dominant color in this image,blue | blue | blue,True,1.0,1.0,1.0,False,1,blue is the dominant color in this image,blue is the dominant color in this image,blue is the dominant color in this image,0.5065,0.4972,0.0,0.0,42.0,9.05,1,image+text
synth_baseline_00988,baseline,What is the dominant color in this image?,the dominant color in this image is green,olive | olive | green | dark green,True,0.6667,1.0,1.0,False,1,the dominant color in this image is green,the dominant color in this image is green,the dominant color in this image is green,0.5143,0.503,0.0,0.0,38.0,9.05,1,image+text
synth_baseline_00989,baseline,Is the circle on the left or right side?,is the circle on the left side,left | left | left,True,1.0,1.0,1.0,False,1,is the circle on the left side,is the circle on the left side,is the circle on the left side,0.4598,0.4502,0.0,0.0,43.0,9.05,1,image+text
synth_baseline_00990,baseline,What color is the small circle?,green,olive | olive | green,True,0.3333,1.0,1.0,False,1,green,green,green,0.3138,0.3041,0.0,0.0,37.0,9.05,1,image+text
synth_baseline_00991,baseline,What color is the circle?,a red circle,brown | brown | maroon,False,0.0,1.0,1.0,True,1,a red circle,a red circle,a red circle,0.3149,0.3055,0.0,0.0,41.0,9.05,1,image+text
synth_baseline_00992,baseline,What color is the circle in this image?,yellow,yellow | yellow | yellow,True,1.0,1.0,1.0,False,1,yellow,yellow,yellow,0.3344,0.3248,0.0,0.0,41.0,9.05,1,image+text
synth_baseline_00993,baseline,What color is the large rectangle?,the large rectangle is blue,teal | teal | green,False,0.0,1.0,1.0,True,1,the large rectangle is blue,the large rectangle is blue,the large rectangle is blue,0.36,0.3504,0.0,0.0,41.0,9.05,1,image+text
synth_baseline_00994,baseline,Is there a red shape in this image?,yes,yes | yes | yes,True,1.0,1.0,1.0,False,1,yes,yes,yes,0.313,0.3037,0.0,0.0,41.5,9.05,1,image+text
synth_baseline_00995,baseline,What color is the large rectangle?,the color orange,orange | orange | orange,True,1.0,1.0,1.0,False,1,the color orange,the color orange,the color orange,0.3101,0.3007,0.0,0.0,44.0,9.05,1,image+text
synth_baseline_00996,baseline,What color is the large rectangle?,red,red | red | red,True,1.0,1.0,1.0,False,1,red,red,red,0.3105,0.3003,0.0,0.0,44.5,9.05,1,image+text
synth_baseline_00997,baseline,What color is the background?,white,white | white | white,True,1.0,1.0,1.0,False,1,white,white,white,0.311,0.3017,0.0,0.0,45.5,9.05,1,image+text
synth_baseline_00998,baseline,Is there a green shape in this image?,yes,no | no | no,False,0.0,1.0,1.0,True,1,yes,yes,yes,0.2649,0.2551,0.0,0.0,45.5,9.05,1,image+text
synth_baseline_00999,baseline,What color is the circle in this image?,red,red | red | red,True,1.0,1.0,1.0,False,1,red,red,red,0.2672,0.2579,0.0,0.0,43.5,9.05,1,image+text
