sample_id,condition,question,answer,ground_truth,is_correct,vqa_accuracy_score,confidence,consistency,hallucination_flag,selected_pass,pass1_answer,pass2_answer,pass3_answer,latency_total_s,latency_pass1_s,latency_pass2_s,latency_pass3_s,gpu_util_avg_pct,peak_gpu_mem_gb,num_model_calls,modality
synth_no_pass3_00000,no_pass3,What color is the background?,blue,blue | blue | blue,True,1.0,1.0,1.0,False,1,blue,blue,blue,11.4522,0.3873,0.22,0.0,22.5,9.14,2,image+text
synth_no_pass3_00001,no_pass3,What color is the large rectangle?,navy blue,navy | dark blue | navy,True,0.3333,1.0,1.0,False,1,navy blue,navy blue,navy blue,0.4447,0.2168,0.2173,0.0,45.5,9.14,2,image+text
synth_no_pass3_00002,no_pass3,What is the dominant color in this image?,the dominant color in this image is green,olive | olive | green | dark green,True,0.6667,1.0,1.0,False,1,the dominant color in this image is green,the dominant color in this image is green,the dominant color in this image is green,1.0093,0.498,0.5007,0.0,41.5,9.14,2,image+text
synth_no_pass3_00003,no_pass3,What is the dominant color in this image?,the dominant color in this image is yellow,yellow | yellow | yellow,True,1.0,0.6,0.6667,False,1,the dominant color in this image is yellow,a dominant color in this image,the dominant color in this image is yellow,0.9658,0.5051,0.4503,0.0,42.0,9.14,2,image+text
synth_no_pass3_00004,no_pass3,What color is the large rectangle?,the large rectangle is white,white | white | white,True,1.0,1.0,1.0,False,1,the large rectangle is white,the large rectangle is white,the large rectangle is white,0.7356,0.3627,0.3623,0.0,45.5,9.14,2,image+text
synth_no_pass3_00005,no_pass3,Is there a red shape in this image?,yes,yes | yes | yes,True,1.0,1.0,1.0,False,1,yes,yes,yes,0.53,0.3054,0.2143,0.0,43.5,9.14,2,image+text
synth_no_pass3_00006,no_pass3,What color is the large rectangle?,the large rectangle is white,white | white | white,True,1.0,1.0,1.0,False,1,the large rectangle is white,the large rectangle is white,the large rectangle is white,0.713,0.3516,0.351,0.0,41.5,9.14,2,image+text
synth_no_pass3_00007,no_pass3,Is the circle on the left or right side?,a circle on the left side,right | right | right,False,0.0,0.6,0.6667,True,1,a circle on the left side,right side,a circle on the left side,0.7248,0.4961,0.2178,0.0,40.0,9.14,2,image+text
synth_no_pass3_00008,no_pass3,What color is the circle in this image?,blue,blue | blue | blue,True,1.0,1.0,1.0,False,1,blue,blue,blue,0.4893,0.2625,0.2165,0.0,43.0,9.14,2,image+text
synth_no_pass3_00009,no_pass3,What color is the large rectangle?,blue,blue | blue | blue,True,1.0,1.0,1.0,False,1,blue,blue,blue,0.4907,0.2626,0.2175,0.0,43.0,9.14,2,image+text
synth_no_pass3_00010,no_pass3,What is the dominant color in this image?,the dominant color in this image is yellow,yellow | yellow | yellow,True,1.0,0.6,0.6667,False,1,the dominant color in this image is yellow,a dominant color in this image,the dominant color in this image is yellow,0.964,0.4956,0.4578,0.0,39.0,9.14,2,image+text
synth_no_pass3_00011,no_pass3,What color is the circle in this image?,yellow,yellow | yellow | yellow,True,1.0,1.0,1.0,False,1,yellow,yellow,yellow,0.5727,0.3049,0.2574,0.0,43.0,9.14,2,image+text
synth_no_pass3_00012,no_pass3,Is there a red shape in this image?,yes,no | no | no,False,0.0,0.6,0.6667,True,1,yes,no,yes,0.5002,0.2732,0.2167,0.0,43.0,9.14,2,image+text
synth_no_pass3_00013,no_pass3,What color is the circle in this image?,red,red | red | red,True,1.0,1.0,1.0,False,1,red,red,red,0.4795,0.2574,0.212,0.0,42.5,9.14,2,image+text
synth_no_pass3_00014,no_pass3,Is the background color light or dark?,dark background,dark | dark | dark,True,1.0,1.0,1.0,False,1,dark background,dark background,dark background,0.4788,0.2567,0.2119,0.0,44.5,9.14,2,image+text
synth_no_pass3_00015,no_pass3,Is the circle on the left or right side?,a circle on the left side,right | right | right,False,0.0,0.6,0.6667,True,1,a circle on the left side,right side,a circle on the left side,0.7045,0.4835,0.2103,0.0,40.0,9.14,2,image+text
synth_no_pass3_00016,no_pass3,Is the background color light or dark?,light blue,light | light | medium,False,0.0,1.0,1.0,True,1,light blue,light blue,light blue,0.4555,0.2316,0.2134,0.0,39.5,9.14,2,image+text
synth_no_pass3_00017,no_pass3,Is there a red shape in this image?,yes,yes | yes | yes,True,1.0,1.0,1.0,False,1,yes,yes,yes,0.5225,0.3014,0.211,0.0,44.0,9.14,2,image+text
synth_no_pass3_00018,no_pass3,What is the dominant color in this image?,blue is the dominant color in this image,blue | blue | blue,True,1.0,1.0,1.0,False,1,blue is the dominant color in this image,blue is the dominant color in this image,blue is the dominant color in this image,0.9867,0.4917,0.4847,0.0,46.0,9.14,2,image+text
synth_no_pass3_00019,no_pass3,What is the dominant color in this image?,the dominant color in this image is purple,purple | purple | purple,True,1.0,1.0,1.0,False,1,the dominant color in this image is purple,the dominant color is purple,the dominant color in this image is purple,0.8979,0.489,0.3987,0.0,44.5,9.14,2,image+text
synth_no_pass3_00020,no_pass3,What color is the large rectangle?,the large rectangle is green,green | green | green,True,1.0,1.0,1.0,False,1,the large rectangle is green,the large rectangle is green,the large rectangle is green,0.7345,0.3704,0.3528,0.0,43.5,9.05,2,image+text
synth_no_pass3_00021,no_pass3,What color is the background?,navy blue,navy | dark blue | blue,True,0.6667,1.0,1.0,False,1,navy blue,navy blue,navy blue,0.4485,0.2137,0.2244,0.0,47.5,9.05,2,image+text
synth_no_pass3_00022,no_pass3,What color is the circle?,pink,pink | pink | pink,True,1.0,1.0,1.0,False,1,pink,pink,pink,0.5312,0.2604,0.2601,0.0,46.5,9.05,2,image+text
synth_no_pass3_00023,no_pass3,What is the dominant color in this image?,blue is the dominant color in this image,blue | blue | blue,True,1.0,1.0,1.0,False,1,blue is the dominant color in this image,blue is the dominant color in this image,blue is the dominant color in this image,0.9851,0.4881,0.4858,0.0,42.0,9.05,2,image+text
synth_no_pass3_00024,no_pass3,What color is the large rectangle?,the color orange,orange | orange | orange,True,1.0,1.0,1.0,False,1,the color orange,the color orange,the color orange,0.5722,0.3013,0.2601,0.0,39.5,9.05,2,image+text
synth_no_pass3_00025,no_pass3,Is the circle on the left or right side?,is the circle on the left side,left | left | left,True,1.0,1.0,1.0,False,1,is the circle on the left side,is the circle on the left side,is the circle on the left side,0.9553,0.4435,0.5009,0.0,42.5,9.05,2,image+text
synth_no_pass3_00026,no_pass3,Is there a blue shape in this image?,yes,no | no | no,False,0.0,1.0,1.0,True,1,yes,yes,yes,0.4839,0.259,0.2145,0.0,41.5,9.05,2,image+text
synth_no_pass3_00027,no_pass3,What color is the small circle?,green,lime | lime | yellow-green,False,0.0,1.0,1.0,True,1,green,green,green,0.5382,0.31,0.2179,0.0,46.0,9.05,2,image+text
synth_no_pass3_00028,no_pass3,What is the dominant color in this image?,the dominant color in this image,orange | orange | orange,False,0.0,0.6,0.6667,True,1,the dominant color in this image,orange,the dominant color in this image,0.7407,0.4047,0.3247,0.0,46.0,9.05,2,image+text
synth_no_pass3_00029,no_pass3,What is the dominant color in this image?,the dominant color is brown,brown | brown | brown,True,1.0,1.0,1.0,False,1,the dominant color is brown,the dominant color is brown,the dominant color is brown,0.8076,0.3974,0.3995,0.0,46.0,9.05,2,image+text
synth_no_pass3_00030,no_pass3,Is the background color light or dark?,dark,light | light | light,False,0.0,0.6,0.6667,True,1,dark,light,dark,0.4516,0.2269,0.214,0.0,46.5,9.05,2,image+text
synth_no_pass3_00031,no_pass3,Is the background color light or dark?,light blue,light | light | medium,False,0.0,1.0,1.0,True,1,light blue,light blue,light blue,0.433,0.2111,0.2115,0.0,46.5,9.05,2,image+text
synth_no_pass3_00032,no_pass3,What color is the large rectangle?,brown color,brown | brown | brown,True,1.0,1.0,1.0,False,1,brown color,brown color,brown color,0.5297,0.2581,0.2606,0.0,45.0,9.05,2,image+text
synth_no_pass3_00033,no_pass3,What is the dominant color in this image?,the dominant color in this image is purple,purple | purple | purple,True,1.0,1.0,1.0,False,1,the dominant color in this image is purple,the dominant color is purple,the dominant color in this image is purple,0.9001,0.4912,0.3981,0.0,43.5,9.05,2,image+text
synth_no_pass3_00034,no_pass3,Is there a blue shape in this image?,yes,no | no | no,False,0.0,1.0,1.0,True,1,yes,yes,yes,0.4756,0.2542,0.211,0.0,44.0,9.05,2,image+text
synth_no_pass3_00035,no_pass3,Is there a red shape in this image?,yes,yes | yes | yes,True,1.0,1.0,1.0,False,1,yes,yes,yes,0.5332,0.309,0.2137,0.0,44.0,9.05,2,image+text
synth_no_pass3_00036,no_pass3,What color is the large rectangle?,blue,blue | blue | blue,True,1.0,1.0,1.0,False,1,blue,blue,blue,0.4835,0.2589,0.2135,0.0,45.0,9.05,2,image+text
synth_no_pass3_00037,no_pass3,What is the dominant color in this image?,the dominant color in this image,orange | orange | orange,False,0.0,0.6,0.6667,True,1,the dominant color in this image,orange,the dominant color in this image,0.7161,0.3999,0.3056,0.0,47.0,9.05,2,image+text
synth_no_pass3_00038,no_pass3,What is the dominant color in this image?,the dominant color in this image is purple,purple | purple | purple,True,1.0,1.0,1.0,False,1,the dominant color in this image is purple,the dominant color is purple,the dominant color in this image is purple,0.9062,0.4943,0.4012,0.0,47.0,9.05,2,image+text
synth_no_pass3_00039,no_pass3,Is the background color light or dark?,dark,light | light | light,False,0.0,0.6,0.6667,True,1,dark,light,dark,0.4364,0.2129,0.2132,0.0,42.5,9.05,2,image+text
synth_no_pass3_00040,no_pass3,Is the background color light or dark?,dark blue,dark | dark | dark,False,0.0,1.0,1.0,True,1,dark blue,dark blue,dark blue,0.4585,0.2348,0.2127,0.0,45.0,9.05,2,image+text
synth_no_pass3_00041,no_pass3,What color is the large rectangle?,the large rectangle is white,white | white | white,True,1.0,1.0,1.0,False,1,the large rectangle is white,the large rectangle is white,the large rectangle is white,0.7151,0.3497,0.3549,0.0,41.0,9.05,2,image+text
synth_no_pass3_00042,no_pass3,Is the background color light or dark?,dark background,dark | dark | dark,True,1.0,1.0,1.0,False,1,dark background,dark background,dark background,0.4858,0.2613,0.2139,0.0,41.0,9.05,2,image+text
synth_no_pass3_00043,no_pass3,What is the dominant color in this image?,the dominant color in this image is green,green | green | green,True,1.0,1.0,1.0,False,1,the dominant color in this image is green,the dominant color is green,the dominant color in this image is green,0.8508,0.4881,0.3512,0.0,45.0,9.05,2,image+text
synth_no_pass3_00044,no_pass3,What is the dominant color in this image?,the dominant color in this image is green,green | green | green,True,1.0,1.0,1.0,False,1,the dominant color in this image is green,the dominant color is green,the dominant color in this image is green,0.853,0.4898,0.3524,0.0,46.5,9.05,2,image+text
synth_no_pass3_00045,no_pass3,What color is the large rectangle?,red,red | red | red,True,1.0,1.0,1.0,False,1,red,red,red,0.5302,0.3055,0.2142,0.0,43.0,9.05,2,image+text
synth_no_pass3_00046,no_pass3,What is the dominant color in this image?,burgundy,maroon | maroon | dark red,False,0.0,1.0,1.0,True,1,burgundy,burgundy,burgundy,0.7226,0.405,0.307,0.0,44.0,9.05,2,image+text
synth_no_pass3_00047,no_pass3,What is the dominant color in this image?,the dominant color in this image is purple,purple | purple | purple,True,1.0,1.0,1.0,False,1,the dominant color in this image is purple,the dominant color is purple,the dominant color in this image is purple,0.9039,0.4932,0.3994,0.0,47.5,9.05,2,image+text
synth_no_pass3_00048,no_pass3,What color is the circle?,the circle is green,cyan | cyan | teal | teal,False,0.0,1.0,1.0,True,1,the circle is green,the circle is green,the circle is green,0.628,0.3045,0.3125,0.0,45.0,9.05,2,image+text
synth_no_pass3_00049,no_pass3,What color is the large rectangle?,a yellow square,yellow | yellow | yellow,True,1.0,0.6,0.6667,False,1,a yellow square,large rectangle,a yellow square,0.5279,0.3042,0.2129,0.0,41.5,9.05,2,image+text
synth_no_pass3_00050,no_pass3,What color is the large rectangle?,a large rectangle,pink | pink | pink,False,0.0,0.6,0.6667,True,1,a large rectangle,pink,a large rectangle,0.5397,0.3042,0.2244,0.0,42.0,9.05,2,image+text
synth_no_pass3_00051,no_pass3,What color is the large rectangle?,the color orange,orange | orange | orange,True,1.0,1.0,1.0,False,1,the color orange,the color orange,the color orange,0.5683,0.3008,0.2568,0.0,45.5,9.05,2,image+text
synth_no_pass3_00052,no_pass3,Is the background color light or dark?,dark background,dark | dark | dark,True,1.0,1.0,1.0,False,1,dark background,dark background,dark background,0.5024,0.278,0.2132,0.0,44.5,9.05,2,image+text
synth_no_pass3_00053,no_pass3,What color is the large rectangle?,red,maroon | maroon | dark red,True,0.3333,1.0,1.0,False,1,red,red,red,0.5276,0.3044,0.2128,0.0,43.5,9.05,2,image+text
synth_no_pass3_00054,no_pass3,What is the dominant color in this image?,the dominant color in this image,orange | orange | orange,False,0.0,0.6,0.6667,True,1,the dominant color in this image,orange,the dominant color in this image,0.7181,0.4049,0.303,0.0,43.5,9.05,2,image+text
synth_no_pass3_00055,no_pass3,What color is the large rectangle?,green,lime | lime | green,True,0.3333,1.0,1.0,False,1,green,green,green,0.4795,0.3001,0.1689,0.0,41.5,9.05,2,image+text
synth_no_pass3_00056,no_pass3,What color is the circle?,the circle is green,cyan | cyan | teal | teal,False,0.0,1.0,1.0,True,1,the circle is green,the circle is green,the circle is green,0.6261,0.31,0.305,0.0,44.0,9.05,2,image+text
synth_no_pass3_00057,no_pass3,What color is the circle in this image?,blue,blue | blue | blue,True,1.0,1.0,1.0,False,1,blue,blue,blue,0.4831,0.2584,0.2143,0.0,45.5,9.05,2,image+text
synth_no_pass3_00058,no_pass3,What color is the circle?,pink,pink | pink | pink,True,1.0,1.0,1.0,False,1,pink,pink,pink,0.5283,0.2587,0.2592,0.0,45.0,9.05,2,image+text
synth_no_pass3_00059,no_pass3,Is the background color light or dark?,dark,dark | dark | dark,True,1.0,1.0,1.0,False,1,dark,dark,dark,0.4392,0.2154,0.2133,0.0,45.5,9.05,2,image+text
synth_no_pass3_00060,no_pass3,What is the dominant color in this image?,the dominant color in this image,orange | orange | orange,False,0.0,0.6,0.6667,True,1,the dominant color in this image,orange,the dominant color in this image,0.7265,0.4135,0.3017,0.0,45.5,9.05,2,image+text
synth_no_pass3_00061,no_pass3,What color is the circle in this image?,yellow,yellow | yellow | yellow,True,1.0,1.0,1.0,False,1,yellow,yellow,yellow,0.5674,0.3001,0.2567,0.0,47.0,9.05,2,image+text
synth_no_pass3_00062,no_pass3,What is the dominant color in this image?,blue is the dominant color in this image,blue | blue | blue,True,1.0,1.0,1.0,False,1,blue is the dominant color in this image,blue is the dominant color in this image,blue is the dominant color in this image,0.9822,0.488,0.4837,0.0,46.0,9.05,2,image+text
synth_no_pass3_00063,no_pass3,Is the circle on the left or right side?,a circle on the left side,right | right | right,False,0.0,0.6,0.6667,True,1,a circle on the left side,right side,a circle on the left side,0.7068,0.4818,0.2139,0.0,39.5,9.05,2,image+text
synth_no_pass3_00064,no_pass3,What is the dominant color in this image?,the dominant color in this image is yellow,yellow | yellow | yellow,True,1.0,0.6,0.6667,False,1,the dominant color in this image is yellow,a dominant color in this image,the dominant color in this image is yellow,0.9566,0.4903,0.4554,0.0,38.5,9.05,2,image+text
synth_no_pass3_00065,no_pass3,What color is the background?,the background is white,cream | white | beige,True,0.3333,1.0,1.0,False,1,the background is white,the background is white,the background is white,0.6208,0.3042,0.3054,0.0,42.0,9.05,2,image+text
synth_no_pass3_00066,no_pass3,What color is the large rectangle?,the large rectangle is green,green | green | green,True,1.0,1.0,1.0,False,1,the large rectangle is green,the large rectangle is green,the large rectangle is green,0.7125,0.3507,0.351,0.0,43.5,9.05,2,image+text
synth_no_pass3_00067,no_pass3,Is the circle on the left or right side?,a circle on the left side,right | right | right,False,0.0,0.6,0.6667,True,1,a circle on the left side,right side,a circle on the left side,0.7245,0.4929,0.221,0.0,39.5,9.05,2,image+text
synth_no_pass3_00068,no_pass3,What color is the circle in this image?,red,red | red | red,True,1.0,1.0,1.0,False,1,red,red,red,0.4741,0.254,0.2092,0.0,43.5,9.05,2,image+text
synth_no_pass3_00069,no_pass3,Is there a green shape in this image?,yes,yes | yes | yes,True,1.0,1.0,1.0,False,1,yes,yes,yes,0.524,0.2556,0.2584,0.0,46.0,9.05,2,image+text
synth_no_pass3_00070,no_pass3,Is there a red shape in this image?,yes,yes | yes | yes,True,1.0,1.0,1.0,False,1,yes,yes,yes,0.5336,0.3118,0.2109,0.0,44.5,9.05,2,image+text
synth_no_pass3_00071,no_pass3,What color is the large rectangle?,a large rectangle,pink | pink | pink,False,0.0,0.6,0.6667,True,1,a large rectangle,pink,a large rectangle,0.5389,0.3144,0.2141,0.0,45.5,9.05,2,image+text
synth_no_pass3_00072,no_pass3,What color is the large rectangle?,the large rectangle is purple,purple | purple | purple,True,1.0,1.0,1.0,False,1,the large rectangle is purple,the large rectangle is purple,the large rectangle is purple,0.7118,0.35,0.3506,0.0,46.5,9.05,2,image+text
synth_no_pass3_00073,no_pass3,What color is the circle?,red,maroon | dark red | red,True,0.6667,1.0,1.0,False,1,red,red,red,0.4835,0.3056,0.1674,0.0,47.0,9.05,2,image+text
synth_no_pass3_00074,no_pass3,Is there a purple shape in this image?,yes,no | no | no,False,0.0,1.0,1.0,True,1,yes,yes,yes,0.4798,0.2564,0.2127,0.0,45.5,9.05,2,image+text
synth_no_pass3_00075,no_pass3,What color is the circle in this image?,blue,blue | blue | blue,True,1.0,1.0,1.0,False,1,blue,blue,blue,0.4756,0.2561,0.2094,0.0,45.0,9.05,2,image+text
synth_no_pass3_00076,no_pass3,Is there a red shape in this image?,yes,yes | yes | yes,True,1.0,1.0,1.0,False,1,yes,yes,yes,0.5175,0.2978,0.2091,0.0,46.5,9.05,2,image+text
synth_no_pass3_00077,no_pass3,What is the dominant color in this image?,blue is the dominant color in this image,blue | blue | blue,True,1.0,1.0,1.0,False,1,blue is the dominant color in this image,blue is the dominant color in this image,blue is the dominant color in this image,1.0059,0.504,0.4901,0.0,41.5,9.05,2,image+text
synth_no_pass3_00078,no_pass3,Is the background color light or dark?,dark,light | light | light,False,0.0,0.6,0.6667,True,1,dark,light,dark,0.435,0.2117,0.2131,0.0,43.0,9.05,2,image+text
synth_no_pass3_00079,no_pass3,Is the circle on the left or right side?,a circle on the left side,right | right | right,False,0.0,0.6,0.6667,True,1,a circle on the left side,right side,a circle on the left side,0.7401,0.4884,0.241,0.0,45.5,9.05,2,image+text
synth_no_pass3_00080,no_pass3,What color is the large rectangle?,the large rectangle is purple,purple | purple | purple,True,1.0,1.0,1.0,False,1,the large rectangle is purple,the large rectangle is purple,the large rectangle is purple,0.7255,0.3669,0.3474,0.0,36.5,9.05,2,image+text
synth_no_pass3_00081,no_pass3,What color is the circle in this image?,yellow,yellow | yellow | yellow,True,1.0,1.0,1.0,False,1,yellow,yellow,yellow,0.5726,0.3031,0.2594,0.0,39.5,9.05,2,image+text
synth_no_pass3_00082,no_pass3,What color is the circle in this image?,blue,blue | blue | blue,True,1.0,1.0,1.0,False,1,blue,blue,blue,0.4834,0.2583,0.2147,0.0,43.5,9.05,2,image+text
synth_no_pass3_00083,no_pass3,What is the dominant color in this image?,the dominant color in this image is purple,purple | purple | purple,True,1.0,1.0,1.0,False,1,the dominant color in this image is purple,the dominant color is purple,the dominant color in this image is purple,0.9146,0.4892,0.4141,0.0,48.0,9.05,2,image+text
synth_no_pass3_00084,no_pass3,What is the dominant color in this image?,blue is the dominant color in this image,blue | blue | blue,True,1.0,1.0,1.0,False,1,blue is the dominant color in this image,blue is the dominant color in this image,blue is the dominant color in this image,0.9846,0.4831,0.4894,0.0,44.5,9.05,2,image+text
synth_no_pass3_00085,no_pass3,Is there a red shape in this image?,yes,yes | yes | yes,True,1.0,1.0,1.0,False,1,yes,yes,yes,0.5211,0.3007,0.2097,0.0,43.0,9.05,2,image+text
synth_no_pass3_00086,no_pass3,What is the dominant color in this image?,the dominant color in this image is purple,purple | purple | purple,True,1.0,1.0,1.0,False,1,the dominant color in this image is purple,the dominant color is purple,the dominant color in this image is purple,0.893,0.4851,0.3967,0.0,46.5,9.05,2,image+text
synth_no_pass3_00087,no_pass3,What color is the circle in this image?,red,red | red | red,True,1.0,1.0,1.0,False,1,red,red,red,0.4809,0.2576,0.213,0.0,47.0,9.05,2,image+text
synth_no_pass3_00088,no_pass3,What is the dominant color in this image?,blue is the dominant color in this image,blue | blue | blue,True,1.0,1.0,1.0,False,1,blue is the dominant color in this image,blue is the dominant color in this image,blue is the dominant color in this image,1.026,0.4888,0.5265,0.0,41.5,9.05,2,image+text
synth_no_pass3_00089,no_pass3,What color is the large rectangle?,blue,blue | blue | blue,True,1.0,1.0,1.0,False,1,blue,blue,blue,0.475,0.2542,0.2101,0.0,39.0,9.05,2,image+text
synth_no_pass3_00090,no_pass3,What color is the large rectangle?,the large rectangle is green,green | green | green,True,1.0,1.0,1.0,False,1,the large rectangle is green,the large rectangle is green,the large rectangle is green,0.7189,0.3498,0.3587,0.0,42.5,9.05,2,image+text
synth_no_pass3_00091,no_pass3,Is the circle on the left or right side?,is the circle on the left side,left | left | left,True,1.0,1.0,1.0,False,1,is the circle on the left side,Is the circle on the left side,is the circle on the left side,0.9559,0.4466,0.4984,0.0,40.0,9.05,2,image+text
synth_no_pass3_00092,no_pass3,Is the background color light or dark?,dark,light | light | light,False,0.0,0.6,0.6667,True,1,dark,light,dark,0.4429,0.2148,0.2174,0.0,41.0,9.05,2,image+text
synth_no_pass3_00093,no_pass3,What is the dominant color in this image?,the dominant color in this image is green,green | green | green,True,1.0,1.0,1.0,False,1,the dominant color in this image is green,the dominant color is green,the dominant color in this image is green,0.862,0.4957,0.3545,0.0,46.0,9.05,2,image+text
synth_no_pass3_00094,no_pass3,What color is the background?,blue,blue | blue | blue,True,1.0,1.0,1.0,False,1,blue,blue,blue,0.5331,0.3091,0.2136,0.0,45.5,9.05,2,image+text
synth_no_pass3_00095,no_pass3,Is the background color light or dark?,dark background,dark | dark | dark,True,1.0,1.0,1.0,False,1,dark background,dark background,dark background,0.4799,0.2581,0.2114,0.0,42.5,9.05,2,image+text
synth_no_pass3_00096,no_pass3,Is the background color light or dark?,a dark background,dark | dark | medium,True,0.6667,1.0,1.0,False,1,a dark background,a dark background,a dark background,0.6293,0.302,0.3167,0.0,43.0,9.05,2,image+text
synth_no_pass3_00097,no_pass3,What color is the background?,gray,gray | gray | grey,True,0.6667,1.0,1.0,False,1,gray,gray,gray,0.4318,0.21,0.2106,0.0,45.0,9.05,2,image+text
synth_no_pass3_00098,no_pass3,What color is the circle in this image?,blue,blue | blue | blue,True,1.0,1.0,1.0,False,1,blue,blue,blue,0.4777,0.2562,0.2109,0.0,45.5,9.05,2,image+text
synth_no_pass3_00099,no_pass3,What color is the background?,white,white | white | white,True,1.0,1.0,1.0,False,1,white,white,white,0.4787,0.3027,0.1656,0.0,45.0,9.05,2,image+text
synth_no_pass3_00100,no_pass3,What color is the large rectangle?,red,red | red | red,True,1.0,1.0,1.0,False,1,red,red,red,0.5419,0.3203,0.2106,0.0,29.0,9.05,2,image+text
synth_no_pass3_00101,no_pass3,Is the background color light or dark?,dark background,dark | dark | dark,True,1.0,1.0,1.0,False,1,dark background,dark background,dark background,0.4774,0.256,0.2108,0.0,43.5,9.05,2,image+text
synth_no_pass3_00102,no_pass3,Is there a green shape in this image?,yes,no | no | no,False,0.0,1.0,1.0,True,1,yes,yes,yes,0.4921,0.2552,0.2265,0.0,43.5,9.05,2,image+text
synth_no_pass3_00103,no_pass3,What color is the large rectangle?,the large rectangle is blue,teal | teal | green,False,0.0,1.0,1.0,True,1,the large rectangle is blue,the large rectangle is blue,the large rectangle is blue,0.7059,0.3462,0.3487,0.0,44.5,9.05,2,image+text
synth_no_pass3_00104,no_pass3,Is the background color light or dark?,dark blue,dark | dark | dark,False,0.0,1.0,1.0,True,1,dark blue,dark blue,dark blue,0.4349,0.2095,0.2152,0.0,47.0,9.05,2,image+text
synth_no_pass3_00105,no_pass3,What is the dominant color in this image?,red is the dominant color in this image,red | red | red,True,1.0,1.0,1.0,False,1,red is the dominant color in this image,red is the dominant color in this image,red is the dominant color in this image,0.9927,0.4926,0.4893,0.0,42.5,9.05,2,image+text
synth_no_pass3_00106,no_pass3,What color is the circle in this image?,blue,blue | blue | blue,True,1.0,1.0,1.0,False,1,blue,blue,blue,0.4758,0.2542,0.2114,0.0,41.0,9.05,2,image+text
synth_no_pass3_00107,no_pass3,What color is the large rectangle?,the large rectangle is white,white | white | white,True,1.0,1.0,1.0,False,1,the large rectangle is white,the large rectangle is white,the large rectangle is white,0.7264,0.361,0.3549,0.0,42.5,9.05,2,image+text
synth_no_pass3_00108,no_pass3,What is the dominant color in this image?,the dominant color in this image is yellow,yellow | yellow | yellow,True,1.0,0.6,0.6667,False,1,the dominant color in this image is yellow,a dominant color in this image,the dominant color in this image is yellow,0.9377,0.4823,0.4441,0.0,43.0,9.05,2,image+text
synth_no_pass3_00109,no_pass3,What color is the circle?,a red circle,brown | brown | maroon,False,0.0,0.6,0.6667,True,1,a red circle,maroon,a red circle,0.5733,0.3057,0.2573,0.0,44.5,9.05,2,image+text
synth_no_pass3_00110,no_pass3,What color is the large rectangle?,blue,blue | blue | blue,True,1.0,1.0,1.0,False,1,blue,blue,blue,0.4989,0.2599,0.2283,0.0,45.0,9.05,2,image+text
synth_no_pass3_00111,no_pass3,What color is the large rectangle?,navy blue,navy | dark blue | navy,True,0.3333,1.0,1.0,False,1,navy blue,navy blue,navy blue,0.4359,0.2123,0.2131,0.0,46.0,9.05,2,image+text
synth_no_pass3_00112,no_pass3,Is the background color light or dark?,dark background,dark | dark | dark,True,1.0,1.0,1.0,False,1,dark background,dark background,dark background,0.4814,0.258,0.2122,0.0,43.5,9.05,2,image+text
synth_no_pass3_00113,no_pass3,Is there a purple shape in this image?,yes,yes | yes | yes,True,1.0,1.0,1.0,False,1,yes,yes,yes,0.4938,0.2585,0.2249,0.0,44.0,9.05,2,image+text
synth_no_pass3_00114,no_pass3,What is the dominant color in this image?,the dominant color in this image,orange | orange | orange,False,0.0,0.6,0.6667,True,1,the dominant color in this image,orange,the dominant color in this image,0.7157,0.3996,0.3052,0.0,46.0,9.05,2,image+text
synth_no_pass3_00115,no_pass3,Is there a blue shape in this image?,yes,no | no | no,False,0.0,1.0,1.0,True,1,yes,yes,yes,0.4921,0.2596,0.2221,0.0,46.0,9.05,2,image+text
synth_no_pass3_00116,no_pass3,What is the dominant color in this image?,the dominant color in this image is yellow,yellow | yellow | yellow,True,1.0,0.6,0.6667,False,1,the dominant color in this image is yellow,a dominant color in this image,the dominant color in this image is yellow,0.9717,0.4913,0.469,0.0,45.5,9.05,2,image+text
synth_no_pass3_00117,no_pass3,What color is the background?,gray,gray | gray | grey,True,0.6667,1.0,1.0,False,1,gray,gray,gray,0.4381,0.2142,0.2135,0.0,44.5,9.05,2,image+text
synth_no_pass3_00118,no_pass3,Is the circle on the left or right side?,is the circle on the left side,left | left | left,True,1.0,1.0,1.0,False,1,is the circle on the left side,is the circle on the left side,is the circle on the left side,0.9473,0.443,0.4931,0.0,41.5,9.05,2,image+text
synth_no_pass3_00119,no_pass3,Is the background color light or dark?,dark,light | light | light,False,0.0,0.6,0.6667,True,1,dark,light,dark,0.4385,0.2134,0.2144,0.0,42.0,9.05,2,image+text
synth_no_pass3_00120,no_pass3,What is the dominant color in this image?,the dominant color in this image is blue,teal | teal | cyan | blue-green,False,0.0,1.0,1.0,True,1,the dominant color in this image is blue,the dominant color is blue,the dominant color in this image is blue,0.9277,0.5133,0.4032,0.0,34.5,9.05,2,image+text
synth_no_pass3_00121,no_pass3,What is the dominant color in this image?,the dominant color in this image is purple,purple | purple | purple,True,1.0,1.0,1.0,False,1,the dominant color in this image is purple,the dominant color is purple,the dominant color in this image is purple,0.8977,0.4891,0.3975,0.0,39.0,9.05,2,image+text
synth_no_pass3_00122,no_pass3,What color is the circle in this image?,yellow,yellow | yellow | yellow,True,1.0,1.0,1.0,False,1,yellow,yellow,yellow,0.5754,0.3048,0.2595,0.0,44.0,9.05,2,image+text
synth_no_pass3_00123,no_pass3,Is the background color light or dark?,light blue,light | light | medium,False,0.0,1.0,1.0,True,1,light blue,light blue,light blue,0.4388,0.2139,0.2145,0.0,46.5,9.05,2,image+text
synth_no_pass3_00124,no_pass3,What color is the background?,the background is white,cream | white | beige,True,0.3333,1.0,1.0,False,1,the background is white,the background is white,the background is white,0.6148,0.3021,0.3023,0.0,46.5,9.05,2,image+text
synth_no_pass3_00125,no_pass3,What is the dominant color in this image?,the dominant color in this image is purple,purple | purple | purple,True,1.0,1.0,1.0,False,1,the dominant color in this image is purple,the dominant color is purple,the dominant color in this image is purple,0.9067,0.4974,0.3987,0.0,46.5,9.05,2,image+text
synth_no_pass3_00126,no_pass3,Is the circle on the left or right side?,is the circle on the left side,left | left | left,True,1.0,1.0,1.0,False,1,is the circle on the left side,Is the circle on the left side,is the circle on the left side,0.9678,0.4425,0.514,0.0,38.5,9.05,2,image+text
synth_no_pass3_00127,no_pass3,What color is the circle in this image?,red,red | red | red,True,1.0,1.0,1.0,False,1,red,red,red,0.4839,0.2594,0.2138,0.0,42.0,9.05,2,image+text
synth_no_pass3_00128,no_pass3,What is the dominant color in this image?,a blue background,navy | navy | blue | dark blue,True,0.6667,1.0,1.0,False,1,a blue background,navy blue,a blue background,0.5351,0.3087,0.2158,0.0,46.0,9.05,2,image+text
synth_no_pass3_00129,no_pass3,Is there a green shape in this image?,yes,no | no | no,False,0.0,1.0,1.0,True,1,yes,yes,yes,0.4898,0.2597,0.2193,0.0,45.0,9.05,2,image+text
synth_no_pass3_00130,no_pass3,Is there a blue shape in this image?,yes,yes | yes | yes,True,1.0,1.0,1.0,False,1,yes,yes,yes,0.4826,0.2589,0.213,0.0,44.0,9.05,2,image+text
synth_no_pass3_00131,no_pass3,What color is the background?,white,white | white | white,True,1.0,1.0,1.0,False,1,white,white,white,0.484,0.3066,0.167,0.0,42.5,9.05,2,image+text
synth_no_pass3_00132,no_pass3,What color is the circle in this image?,yellow,yellow | yellow | yellow,True,1.0,1.0,1.0,False,1,yellow,yellow,yellow,0.5739,0.3022,0.2611,0.0,43.5,9.05,2,image+text
synth_no_pass3_00133,no_pass3,What color is the background?,white,white | white | white,True,1.0,1.0,1.0,False,1,white,white,white,0.4786,0.3024,0.1661,0.0,43.0,9.05,2,image+text
synth_no_pass3_00134,no_pass3,What color is the circle in this image?,yellow,yellow | yellow | yellow,True,1.0,1.0,1.0,False,1,yellow,yellow,yellow,0.5761,0.3047,0.26,0.0,42.5,9.05,2,image+text
synth_no_pass3_00135,no_pass3,What color is the large rectangle?,a large rectangle,pink | pink | pink,False,0.0,0.6,0.6667,True,1,a large rectangle,pink,a large rectangle,0.5279,0.3054,0.212,0.0,46.5,9.05,2,image+text
synth_no_pass3_00136,no_pass3,What is the dominant color in this image?,the dominant color in this image,orange | orange | orange,False,0.0,0.6,0.6667,True,1,the dominant color in this image,orange,the dominant color in this image,0.7061,0.3925,0.3031,0.0,47.5,9.05,2,image+text
synth_no_pass3_00137,no_pass3,Is the background color light or dark?,dark,light | light | light,False,0.0,0.6,0.6667,True,1,dark,light,dark,0.4384,0.2147,0.213,0.0,47.5,9.05,2,image+text
synth_no_pass3_00138,no_pass3,Is the background color light or dark?,dark,light | light | light,False,0.0,0.6,0.6667,True,1,dark,light,dark,0.4423,0.2118,0.2195,0.0,46.5,9.05,2,image+text
synth_no_pass3_00139,no_pass3,What is the dominant color in this image?,blue is the dominant color in this image,blue | blue | blue,True,1.0,1.0,1.0,False,1,blue is the dominant color in this image,blue is the dominant color in this image,blue is the dominant color in this image,0.991,0.4903,0.4899,0.0,42.0,9.05,2,image+text
synth_no_pass3_00140,no_pass3,Is there a red shape in this image?,yes,yes | yes | yes,True,1.0,1.0,1.0,False,1,yes,yes,yes,0.563,0.3407,0.2112,0.0,36.5,9.05,2,image+text
synth_no_pass3_00141,no_pass3,What is the dominant color in this image?,the dominant color in this image,orange | orange | orange,False,0.0,0.6,0.6667,True,1,the dominant color in this image,orange,the dominant color in this image,0.7253,0.4019,0.3124,0.0,40.5,9.05,2,image+text
synth_no_pass3_00142,no_pass3,What color is the background?,the background is white,cream | white | beige,True,0.3333,1.0,1.0,False,1,the background is white,the background is white,the background is white,0.6237,0.3064,0.3064,0.0,46.5,9.05,2,image+text
synth_no_pass3_00143,no_pass3,Is there a red shape in this image?,yes,yes | yes | yes,True,1.0,1.0,1.0,False,1,yes,yes,yes,0.5277,0.3044,0.2127,0.0,47.0,9.05,2,image+text
synth_no_pass3_00144,no_pass3,Is the background color light or dark?,dark,light | light | light,False,0.0,0.6,0.6667,True,1,dark,light,dark,0.4395,0.2113,0.218,0.0,46.5,9.05,2,image+text
synth_no_pass3_00145,no_pass3,What is the dominant color in this image?,red is the dominant color in this image,red | red | red,True,1.0,1.0,1.0,False,1,red is the dominant color in this image,red is the dominant color in this image,red is the dominant color in this image,1.0114,0.5105,0.4885,0.0,42.0,9.05,2,image+text
synth_no_pass3_00146,no_pass3,What color is the background?,white,white | white | white,True,1.0,1.0,1.0,False,1,white,white,white,0.4809,0.3033,0.167,0.0,41.5,9.05,2,image+text
synth_no_pass3_00147,no_pass3,What is the dominant color in this image?,the dominant color is brown,brown | brown | brown,True,1.0,1.0,1.0,False,1,the dominant color is brown,the dominant color is brown,the dominant color is brown,0.8227,0.414,0.3979,0.0,46.5,9.05,2,image+text
synth_no_pass3_00148,no_pass3,What is the dominant color in this image?,the dominant color in this image,orange | orange | orange,False,0.0,0.6,0.6667,True,1,the dominant color in this image,orange,the dominant color in this image,0.7147,0.3978,0.3054,0.0,47.5,9.05,2,image+text
synth_no_pass3_00149,no_pass3,What color is the background?,blue,blue | blue | blue,True,1.0,1.0,1.0,False,1,blue,blue,blue,0.5529,0.3065,0.236,0.0,47.0,9.05,2,image+text
synth_no_pass3_00150,no_pass3,What color is the small circle?,green,lime | lime | yellow-green,False,0.0,1.0,1.0,True,1,green,green,green,0.5285,0.3042,0.2137,0.0,47.0,9.05,2,image+text
synth_no_pass3_00151,no_pass3,Is there a blue shape in this image?,yes,no | no | no,False,0.0,1.0,1.0,True,1,yes,yes,yes,0.483,0.2596,0.2129,0.0,45.0,9.05,2,image+text
synth_no_pass3_00152,no_pass3,What is the dominant color in this image?,the dominant color in this image is yellow,yellow | yellow | yellow,True,1.0,0.6,0.6667,False,1,the dominant color in this image is yellow,a dominant color in this image,the dominant color in this image is yellow,0.9405,0.4873,0.442,0.0,45.0,9.05,2,image+text
synth_no_pass3_00153,no_pass3,What color is the circle?,a red circle,brown | brown | maroon,False,0.0,0.6,0.6667,True,1,a red circle,maroon,a red circle,0.5914,0.3046,0.2763,0.0,45.5,9.05,2,image+text
synth_no_pass3_00154,no_pass3,What color is the circle?,pink,pink | pink | pink,True,1.0,1.0,1.0,False,1,pink,pink,pink,0.5272,0.2577,0.2591,0.0,42.5,9.05,2,image+text
synth_no_pass3_00155,no_pass3,Is there a red shape in this image?,yes,no | no | no,False,0.0,0.6,0.6667,True,1,yes,no,yes,0.4796,0.257,0.2124,0.0,46.0,9.05,2,image+text
synth_no_pass3_00156,no_pass3,What is the dominant color in this image?,blue is the dominant color in this image,blue | blue | blue,True,1.0,1.0,1.0,False,1,blue is the dominant color in this image,blue is the dominant color in this image,blue is the dominant color in this image,0.9908,0.4977,0.4815,0.0,43.0,9.05,2,image+text
synth_no_pass3_00157,no_pass3,What color is the large rectangle?,the large rectangle is white,white | white | white,True,1.0,1.0,1.0,False,1,the large rectangle is white,the large rectangle is white,the large rectangle is white,0.7024,0.3468,0.3451,0.0,43.0,9.05,2,image+text
synth_no_pass3_00158,no_pass3,What is the dominant color in this image?,burgundy,maroon | maroon | dark red,False,0.0,1.0,1.0,True,1,burgundy,burgundy,burgundy,0.7279,0.3981,0.3195,0.0,46.5,9.05,2,image+text
synth_no_pass3_00159,no_pass3,Is there a purple shape in this image?,yes,yes | yes | yes,True,1.0,1.0,1.0,False,1,yes,yes,yes,0.4821,0.2579,0.2138,0.0,44.0,9.05,2,image+text
synth_no_pass3_00160,no_pass3,What color is the large rectangle?,the large rectangle is white,white | white | white,True,1.0,1.0,1.0,False,1,the large rectangle is white,the large rectangle is white,the large rectangle is white,0.725,0.367,0.3467,0.0,44.5,9.05,2,image+text
synth_no_pass3_00161,no_pass3,What color is the circle?,the circle is green,cyan | cyan | teal | teal,False,0.0,1.0,1.0,True,1,the circle is green,the circle is green,the circle is green,0.6609,0.3265,0.3241,0.0,43.5,9.05,2,image+text
synth_no_pass3_00162,no_pass3,What is the dominant color in this image?,the dominant color in this image is yellow,yellow | yellow | yellow,True,1.0,0.6,0.6667,False,1,the dominant color in this image is yellow,a dominant color in this image,the dominant color in this image is yellow,0.9464,0.4907,0.4447,0.0,40.0,9.05,2,image+text
synth_no_pass3_00163,no_pass3,What color is the circle?,pink,pink | pink | pink,True,1.0,1.0,1.0,False,1,pink,pink,pink,0.5199,0.2539,0.2555,0.0,41.0,9.05,2,image+text
synth_no_pass3_00164,no_pass3,What is the dominant color in this image?,the dominant color in this image is yellow,yellow | yellow | yellow,True,1.0,0.6,0.6667,False,1,the dominant color in this image is yellow,a dominant color in this image,the dominant color in this image is yellow,0.9469,0.4964,0.4399,0.0,44.0,9.05,2,image+text
synth_no_pass3_00165,no_pass3,Is the background color light or dark?,dark,light | light | light,False,0.0,0.6,0.6667,True,1,dark,light,dark,0.4317,0.2107,0.2104,0.0,46.5,9.05,2,image+text
synth_no_pass3_00166,no_pass3,What color is the circle in this image?,blue,blue | blue | blue,True,1.0,1.0,1.0,False,1,blue,blue,blue,0.4758,0.2546,0.2108,0.0,47.5,9.05,2,image+text
synth_no_pass3_00167,no_pass3,Is the background color light or dark?,dark,light | light | light,False,0.0,0.6,0.6667,True,1,dark,light,dark,0.4379,0.2124,0.2152,0.0,46.5,9.05,2,image+text
synth_no_pass3_00168,no_pass3,What color is the large rectangle?,brown color,brown | brown | brown,True,1.0,1.0,1.0,False,1,brown color,brown color,brown color,0.5335,0.2604,0.2619,0.0,44.5,9.05,2,image+text
synth_no_pass3_00169,no_pass3,Is the background color light or dark?,dark background,dark | dark | dark,True,1.0,1.0,1.0,False,1,dark background,dark background,dark background,0.4841,0.2626,0.2105,0.0,44.0,9.05,2,image+text
synth_no_pass3_00170,no_pass3,What color is the large rectangle?,a yellow square,yellow | yellow | yellow,True,1.0,0.6,0.6667,False,1,a yellow square,large rectangle,a yellow square,0.5208,0.2998,0.2101,0.0,44.5,9.05,2,image+text
synth_no_pass3_00171,no_pass3,Is the circle on the left or right side?,a circle on the left side,right | right | right,False,0.0,0.6,0.6667,True,1,a circle on the left side,right side,a circle on the left side,0.7107,0.4898,0.2103,0.0,43.5,9.05,2,image+text
synth_no_pass3_00172,no_pass3,What color is the circle in this image?,red,red | red | red,True,1.0,1.0,1.0,False,1,red,red,red,0.4756,0.2548,0.21,0.0,43.0,9.05,2,image+text
synth_no_pass3_00173,no_pass3,Is there a purple shape in this image?,yes,yes | yes | yes,True,1.0,1.0,1.0,False,1,yes,yes,yes,0.4834,0.2601,0.213,0.0,44.0,9.05,2,image+text
synth_no_pass3_00174,no_pass3,Is the circle on the left or right side?,is the circle on the left side,left | left | left,True,1.0,1.0,1.0,False,1,is the circle on the left side,Is the circle on the left side,is the circle on the left side,0.9442,0.4424,0.491,0.0,39.5,9.05,2,image+text
synth_no_pass3_00175,no_pass3,What is the dominant color in this image?,the dominant color in this image is purple,purple | purple | purple,True,1.0,1.0,1.0,False,1,the dominant color in this image is purple,the dominant color is purple,the dominant color in this image is purple,0.8955,0.4859,0.3991,0.0,42.0,9.05,2,image+text
synth_no_pass3_00176,no_pass3,What color is the large rectangle?,the large rectangle is green,olive | olive | dark yellow,False,0.0,1.0,1.0,True,1,the large rectangle is green,the large rectangle is green,the large rectangle is green,0.7009,0.3442,0.3457,0.0,46.0,9.05,2,image+text
synth_no_pass3_00177,no_pass3,Is the background color light or dark?,dark,dark | dark | dark,True,1.0,1.0,1.0,False,1,dark,dark,dark,0.45,0.2276,0.212,0.0,44.5,9.05,2,image+text
synth_no_pass3_00178,no_pass3,What color is the background?,blue,blue | blue | blue,True,1.0,1.0,1.0,False,1,blue,blue,blue,0.5283,0.3046,0.2131,0.0,45.0,9.05,2,image+text
synth_no_pass3_00179,no_pass3,Is the background color light or dark?,dark background,dark | dark | dark,True,1.0,1.0,1.0,False,1,dark background,dark background,dark background,0.4805,0.2592,0.211,0.0,44.0,9.05,2,image+text
synth_no_pass3_00180,no_pass3,What color is the large rectangle?,the large rectangle is white,white | white | white,True,1.0,1.0,1.0,False,1,the large rectangle is white,the large rectangle is white,the large rectangle is white,0.7321,0.37,0.3509,0.0,46.0,9.05,2,image+text
synth_no_pass3_00181,no_pass3,What color is the circle in this image?,yellow,yellow | yellow | yellow,True,1.0,1.0,1.0,False,1,yellow,yellow,yellow,0.5757,0.3049,0.2603,0.0,40.0,9.05,2,image+text
synth_no_pass3_00182,no_pass3,What color is the large rectangle?,the large rectangle is purple,purple | purple | purple,True,1.0,1.0,1.0,False,1,the large rectangle is purple,the large rectangle is purple,the large rectangle is purple,0.72,0.3501,0.3595,0.0,46.0,9.05,2,image+text
synth_no_pass3_00183,no_pass3,Is the background color light or dark?,light blue,light | light | medium,False,0.0,1.0,1.0,True,1,light blue,light blue,light blue,0.4458,0.2138,0.2216,0.0,45.0,9.05,2,image+text
synth_no_pass3_00184,no_pass3,Is there a red shape in this image?,yes,yes | yes | yes,True,1.0,1.0,1.0,False,1,yes,yes,yes,0.5257,0.3028,0.2126,0.0,43.5,9.05,2,image+text
synth_no_pass3_00185,no_pass3,What color is the circle in this image?,red,red | red | red,True,1.0,1.0,1.0,False,1,red,red,red,0.4853,0.2592,0.2154,0.0,44.0,9.05,2,image+text
synth_no_pass3_00186,no_pass3,What color is the large rectangle?,the large rectangle is green,green | green | green,True,1.0,1.0,1.0,False,1,the large rectangle is green,the large rectangle is green,the large rectangle is green,0.7211,0.3533,0.3571,0.0,46.0,9.05,2,image+text
synth_no_pass3_00187,no_pass3,What color is the large rectangle?,the large rectangle is green,green | green | green,True,1.0,1.0,1.0,False,1,the large rectangle is green,the large rectangle is green,the large rectangle is green,0.7207,0.3554,0.3546,0.0,44.0,9.05,2,image+text
synth_no_pass3_00188,no_pass3,What is the dominant color in this image?,blue is the dominant color in this image,blue | blue | blue,True,1.0,1.0,1.0,False,1,blue is the dominant color in this image,blue is the dominant color in this image,blue is the dominant color in this image,0.9988,0.4936,0.494,0.0,45.0,9.05,2,image+text
synth_no_pass3_00189,no_pass3,What color is the background?,blue,blue | blue | blue,True,1.0,1.0,1.0,False,1,blue,blue,blue,0.5316,0.3062,0.2146,0.0,47.0,9.05,2,image+text
synth_no_pass3_00190,no_pass3,What color is the large rectangle?,a yellow square,yellow | yellow | yellow,True,1.0,0.6,0.6667,False,1,a yellow square,large rectangle,a yellow square,0.5388,0.3102,0.2178,0.0,42.5,9.05,2,image+text
synth_no_pass3_00191,no_pass3,What is the dominant color in this image?,blue is the dominant color in this image,blue | blue | blue,True,1.0,1.0,1.0,False,1,blue is the dominant color in this image,blue is the dominant color in this image,blue is the dominant color in this image,1.004,0.497,0.4962,0.0,38.5,9.05,2,image+text
synth_no_pass3_00192,no_pass3,What is the dominant color in this image?,the dominant color in this image is green,green | green | green,True,1.0,1.0,1.0,False,1,the dominant color in this image is green,the dominant color is green,the dominant color in this image is green,0.8535,0.4836,0.3591,0.0,42.5,9.05,2,image+text
synth_no_pass3_00193,no_pass3,What is the dominant color in this image?,the dominant color in this image is purple,purple | purple | purple,True,1.0,1.0,1.0,False,1,the dominant color in this image is purple,the dominant color is purple,the dominant color in this image is purple,0.8933,0.4878,0.3949,0.0,44.5,9.05,2,image+text
synth_no_pass3_00194,no_pass3,What color is the large rectangle?,the large rectangle is green,olive | olive | dark yellow,False,0.0,1.0,1.0,True,1,the large rectangle is green,the large rectangle is green,the large rectangle is green,0.7084,0.3484,0.3494,0.0,44.5,9.05,2,image+text
synth_no_pass3_00195,no_pass3,What is the dominant color in this image?,the dominant color is brown,brown | brown | brown,True,1.0,1.0,1.0,False,1,the dominant color is brown,the dominant color is brown,the dominant color is brown,0.8091,0.3939,0.4042,0.0,47.5,9.05,2,image+text
synth_no_pass3_00196,no_pass3,What is the dominant color in this image?,cyan,cyan | cyan | blue,True,0.6667,0.6,0.6667,False,1,cyan,blue,cyan,0.5294,0.3058,0.2125,0.0,44.0,9.05,2,image+text
synth_no_pass3_00197,no_pass3,Is the background color light or dark?,a dark background,dark | dark | medium,True,0.6667,1.0,1.0,False,1,a dark background,a dark background,a dark background,0.6273,0.3056,0.311,0.0,43.5,9.05,2,image+text
synth_no_pass3_00198,no_pass3,What color is the circle in this image?,yellow,yellow | yellow | yellow,True,1.0,1.0,1.0,False,1,yellow,yellow,yellow,0.5779,0.3066,0.2605,0.0,45.5,9.05,2,image+text
synth_no_pass3_00199,no_pass3,What color is the circle in this image?,red,red | red | red,True,1.0,1.0,1.0,False,1,red,red,red,0.4823,0.26,0.2116,0.0,45.5,9.05,2,image+text
synth_no_pass3_00200,no_pass3,Is the background color light or dark?,dark,light | light | light,False,0.0,0.6,0.6667,True,1,dark,light,dark,0.4561,0.2328,0.2124,0.0,35.0,9.05,2,image+text
synth_no_pass3_00201,no_pass3,What color is the large rectangle?,red,red | red | red,True,1.0,1.0,1.0,False,1,red,red,red,0.5275,0.304,0.2134,0.0,43.5,9.05,2,image+text
synth_no_pass3_00202,no_pass3,Is there a red shape in this image?,yes,no | no | no,False,0.0,0.6,0.6667,True,1,yes,no,yes,0.4801,0.2568,0.213,0.0,43.0,9.05,2,image+text
synth_no_pass3_00203,no_pass3,Is the circle on the left or right side?,a circle on the left side,right | right | right,False,0.0,0.6,0.6667,True,1,a circle on the left side,right side,a circle on the left side,0.7232,0.4998,0.2123,0.0,46.0,9.05,2,image+text
synth_no_pass3_00204,no_pass3,What is the dominant color in this image?,a blue background,navy | navy | blue | dark blue,True,0.6667,1.0,1.0,False,1,a blue background,navy blue,a blue background,0.5371,0.304,0.2225,0.0,43.5,9.05,2,image+text
synth_no_pass3_00205,no_pass3,What color is the large rectangle?,brown color,brown | brown | brown,True,1.0,1.0,1.0,False,1,brown color,brown color,brown color,0.5293,0.2591,0.2594,0.0,43.5,9.05,2,image+text
synth_no_pass3_00206,no_pass3,What color is the large rectangle?,red,red | red | red,True,1.0,1.0,1.0,False,1,red,red,red,0.5321,0.3045,0.2172,0.0,44.0,9.05,2,image+text
synth_no_pass3_00207,no_pass3,What color is the large rectangle?,the large rectangle is white,white | white | white,True,1.0,1.0,1.0,False,1,the large rectangle is white,the large rectangle is white,the large rectangle is white,0.7194,0.3539,0.3546,0.0,44.0,9.05,2,image+text
synth_no_pass3_00208,no_pass3,What is the dominant color in this image?,cyan,cyan | cyan | blue,True,0.6667,0.6,0.6667,False,1,cyan,blue,cyan,0.5527,0.3248,0.2169,0.0,44.0,9.05,2,image+text
synth_no_pass3_00209,no_pass3,What color is the circle in this image?,blue,blue | blue | blue,True,1.0,1.0,1.0,False,1,blue,blue,blue,0.4834,0.2591,0.2138,0.0,41.0,9.05,2,image+text
synth_no_pass3_00210,no_pass3,What is the dominant color in this image?,the dominant color in this image is yellow,yellow | yellow | yellow,True,1.0,0.6,0.6667,False,1,the dominant color in this image is yellow,a dominant color in this image,the dominant color in this image is yellow,0.9446,0.4888,0.4445,0.0,43.5,9.05,2,image+text
synth_no_pass3_00211,no_pass3,What is the dominant color in this image?,the dominant color in this image is blue,teal | teal | cyan | blue-green,False,0.0,1.0,1.0,True,1,the dominant color in this image is blue,the dominant color is blue,the dominant color in this image is blue,0.9074,0.4945,0.4022,0.0,43.0,9.05,2,image+text
synth_no_pass3_00212,no_pass3,Is there a blue shape in this image?,yes,no | no | no,False,0.0,1.0,1.0,True,1,yes,yes,yes,0.4866,0.2616,0.214,0.0,43.5,9.05,2,image+text
synth_no_pass3_00213,no_pass3,Is the background color light or dark?,light blue,light | light | medium,False,0.0,1.0,1.0,True,1,light blue,light blue,light blue,0.4403,0.2157,0.2142,0.0,42.5,9.05,2,image+text
synth_no_pass3_00214,no_pass3,Is there a purple shape in this image?,yes,yes | yes | yes,True,1.0,1.0,1.0,False,1,yes,yes,yes,0.4811,0.2576,0.213,0.0,45.5,9.05,2,image+text
synth_no_pass3_00215,no_pass3,Is the circle on the left or right side?,a circle on the left side,right | right | right,False,0.0,0.6,0.6667,True,1,a circle on the left side,right side,a circle on the left side,0.7074,0.4814,0.2156,0.0,44.0,9.05,2,image+text
synth_no_pass3_00216,no_pass3,Is there a blue shape in this image?,yes,no | no | no,False,0.0,1.0,1.0,True,1,yes,yes,yes,0.4925,0.2679,0.2114,0.0,44.0,9.05,2,image+text
synth_no_pass3_00217,no_pass3,Is the circle on the left or right side?,is the circle on the left side,left | left | left,True,1.0,1.0,1.0,False,1,is the circle on the left side,Is the circle on the left side,is the circle on the left side,0.9356,0.4368,0.4878,0.0,42.5,9.05,2,image+text
synth_no_pass3_00218,no_pass3,What color is the large rectangle?,a yellow square,yellow | yellow | yellow,True,1.0,0.6,0.6667,False,1,a yellow square,large rectangle,a yellow square,0.5283,0.3044,0.2131,0.0,40.5,9.05,2,image+text
synth_no_pass3_00219,no_pass3,What is the dominant color in this image?,red is the dominant color in this image,red | red | red,True,1.0,1.0,1.0,False,1,red is the dominant color in this image,red is the dominant color in this image,red is the dominant color in this image,0.9863,0.4875,0.4879,0.0,40.5,9.05,2,image+text
synth_no_pass3_00220,no_pass3,Is there a blue shape in this image?,yes,yes | yes | yes,True,1.0,1.0,1.0,False,1,yes,yes,yes,0.5018,0.2785,0.2125,0.0,38.5,9.05,2,image+text
synth_no_pass3_00221,no_pass3,What is the dominant color in this image?,red is the dominant color in this image,red | red | red,True,1.0,1.0,1.0,False,1,red is the dominant color in this image,red is the dominant color in this image,red is the dominant color in this image,0.9964,0.4962,0.4894,0.0,39.0,9.05,2,image+text
synth_no_pass3_00222,no_pass3,What color is the large rectangle?,the large rectangle is green,green | green | green,True,1.0,1.0,1.0,False,1,the large rectangle is green,the large rectangle is green,the large rectangle is green,0.7093,0.3475,0.3513,0.0,42.0,9.05,2,image+text
synth_no_pass3_00223,no_pass3,What color is the large rectangle?,blue,blue | blue | blue,True,1.0,1.0,1.0,False,1,blue,blue,blue,0.4811,0.2581,0.2123,0.0,45.0,9.05,2,image+text
synth_no_pass3_00224,no_pass3,Is the circle on the left or right side?,is the circle on the left side,right | right | right,False,0.0,0.6,0.6667,True,1,is the circle on the left side,right side,is the circle on the left side,0.759,0.4434,0.3051,0.0,45.5,9.05,2,image+text
synth_no_pass3_00225,no_pass3,What color is the large rectangle?,the large rectangle is green,green | green | green,True,1.0,1.0,1.0,False,1,the large rectangle is green,the large rectangle is green,the large rectangle is green,0.7112,0.3489,0.3517,0.0,44.5,9.05,2,image+text
synth_no_pass3_00226,no_pass3,Is the background color light or dark?,dark background,dark | dark | dark,True,1.0,1.0,1.0,False,1,dark background,dark background,dark background,0.4801,0.2565,0.2132,0.0,41.5,9.05,2,image+text
synth_no_pass3_00227,no_pass3,What is the dominant color in this image?,the dominant color in this image is green,green | green | green,True,1.0,1.0,1.0,False,1,the dominant color in this image is green,the dominant color is green,the dominant color in this image is green,0.8502,0.4882,0.3514,0.0,44.0,9.05,2,image+text
synth_no_pass3_00228,no_pass3,What color is the large rectangle?,a yellow square,yellow | yellow | yellow,True,1.0,0.6,0.6667,False,1,a yellow square,large rectangle,a yellow square,0.5278,0.304,0.2127,0.0,44.5,9.05,2,image+text
synth_no_pass3_00229,no_pass3,Is the circle on the left or right side?,is the circle on the left side,left | left | left,True,1.0,1.0,1.0,False,1,is the circle on the left side,Is the circle on the left side,is the circle on the left side,0.9617,0.446,0.5049,0.0,40.0,9.05,2,image+text
synth_no_pass3_00230,no_pass3,What is the dominant color in this image?,the dominant color is brown,brown | brown | brown,True,1.0,1.0,1.0,False,1,the dominant color is brown,the dominant color is brown,the dominant color is brown,0.806,0.3978,0.3967,0.0,40.0,9.05,2,image+text
synth_no_pass3_00231,no_pass3,What color is the large rectangle?,a yellow square,yellow | yellow | yellow,True,1.0,0.6,0.6667,False,1,a yellow square,large rectangle,a yellow square,0.5269,0.3041,0.212,0.0,44.5,9.05,2,image+text
synth_no_pass3_00232,no_pass3,Is the background color light or dark?,dark,light | light | light,False,0.0,0.6,0.6667,True,1,dark,light,dark,0.4339,0.2109,0.2122,0.0,47.0,9.05,2,image+text
synth_no_pass3_00233,no_pass3,What color is the large rectangle?,the large rectangle is white,white | white | white,True,1.0,1.0,1.0,False,1,the large rectangle is white,the large rectangle is white,the large rectangle is white,0.708,0.3485,0.349,0.0,47.0,9.05,2,image+text
synth_no_pass3_00234,no_pass3,What color is the background?,gray,gray | gray | grey,True,0.6667,1.0,1.0,False,1,gray,gray,gray,0.4415,0.2127,0.2184,0.0,46.5,9.05,2,image+text
synth_no_pass3_00235,no_pass3,What color is the large rectangle?,red,red | red | red,True,1.0,1.0,1.0,False,1,red,red,red,0.5271,0.3055,0.2102,0.0,43.5,9.05,2,image+text
synth_no_pass3_00236,no_pass3,What color is the circle in this image?,red,red | red | red,True,1.0,1.0,1.0,False,1,red,red,red,0.4773,0.2548,0.2114,0.0,44.0,9.05,2,image+text
synth_no_pass3_00237,no_pass3,What color is the large rectangle?,red,red | red | red,True,1.0,1.0,1.0,False,1,red,red,red,0.5372,0.3102,0.2153,0.0,43.5,9.05,2,image+text
synth_no_pass3_00238,no_pass3,What color is the circle in this image?,red,red | red | red,True,1.0,1.0,1.0,False,1,red,red,red,0.4853,0.2598,0.2149,0.0,43.0,9.05,2,image+text
synth_no_pass3_00239,no_pass3,What color is the circle?,the circle is green,olive | olive | brown,False,0.0,1.0,1.0,True,1,the circle is green,the circle is green,the circle is green,0.62,0.3057,0.3037,0.0,42.0,9.05,2,image+text
synth_no_pass3_00240,no_pass3,What color is the circle in this image?,red,red | red | red,True,1.0,1.0,1.0,False,1,red,red,red,0.5095,0.2779,0.2206,0.0,35.0,9.05,2,image+text
synth_no_pass3_00241,no_pass3,What color is the circle in this image?,blue,blue | blue | blue,True,1.0,1.0,1.0,False,1,blue,blue,blue,0.4757,0.2543,0.2108,0.0,43.5,9.05,2,image+text
synth_no_pass3_00242,no_pass3,What color is the large rectangle?,the large rectangle is green,green | green | green,True,1.0,1.0,1.0,False,1,the large rectangle is green,the large rectangle is green,the large rectangle is green,0.7295,0.3678,0.3513,0.0,47.0,9.05,2,image+text
synth_no_pass3_00243,no_pass3,What color is the large rectangle?,red,maroon | maroon | dark red,True,0.3333,1.0,1.0,False,1,red,red,red,0.5509,0.3043,0.236,0.0,45.5,9.05,2,image+text
synth_no_pass3_00244,no_pass3,What is the dominant color in this image?,a blue background,navy | navy | blue | dark blue,True,0.6667,1.0,1.0,False,1,a blue background,navy blue,a blue background,0.5347,0.3054,0.2186,0.0,45.5,9.05,2,image+text
synth_no_pass3_00245,no_pass3,What is the dominant color in this image?,the dominant color in this image is green,green | green | green,True,1.0,1.0,1.0,False,1,the dominant color in this image is green,the dominant color is green,the dominant color in this image is green,0.8523,0.4874,0.3542,0.0,47.5,9.05,2,image+text
synth_no_pass3_00246,no_pass3,What color is the circle in this image?,blue,blue | blue | blue,True,1.0,1.0,1.0,False,1,blue,blue,blue,0.4877,0.2605,0.2167,0.0,46.0,9.05,2,image+text
synth_no_pass3_00247,no_pass3,What is the dominant color in this image?,the dominant color in this image is green,olive | olive | green | dark green,True,0.6667,1.0,1.0,False,1,the dominant color in this image is green,the dominant color in this image is green,the dominant color in this image is green,1.0068,0.5056,0.4889,0.0,41.0,9.05,2,image+text
synth_no_pass3_00248,no_pass3,What is the dominant color in this image?,the dominant color is brown,brown | brown | brown,True,1.0,1.0,1.0,False,1,the dominant color is brown,the dominant color is brown,the dominant color is brown,0.802,0.395,0.3962,0.0,38.0,9.05,2,image+text
synth_no_pass3_00249,no_pass3,What color is the large rectangle?,blue,blue | blue | blue,True,1.0,1.0,1.0,False,1,blue,blue,blue,0.4795,0.2576,0.2119,0.0,41.0,9.05,2,image+text
synth_no_pass3_00250,no_pass3,Is there a green shape in this image?,yes,yes | yes | yes,True,1.0,1.0,1.0,False,1,yes,yes,yes,0.5254,0.2564,0.2587,0.0,45.5,9.05,2,image+text
synth_no_pass3_00251,no_pass3,What color is the background?,blue,blue | blue | blue,True,1.0,1.0,1.0,False,1,blue,blue,blue,0.5422,0.3183,0.2135,0.0,41.0,9.05,2,image+text
synth_no_pass3_00252,no_pass3,What is the dominant color in this image?,red is the dominant color in this image,red | red | red,True,1.0,1.0,1.0,False,1,red is the dominant color in this image,red is the dominant color in this image,red is the dominant color in this image,0.9851,0.4854,0.4884,0.0,37.5,9.05,2,image+text
synth_no_pass3_00253,no_pass3,What is the dominant color in this image?,red is the dominant color in this image,red | red | red,True,1.0,1.0,1.0,False,1,red is the dominant color in this image,red is the dominant color in this image,red is the dominant color in this image,0.9987,0.4889,0.499,0.0,39.0,9.05,2,image+text
synth_no_pass3_00254,no_pass3,What is the dominant color in this image?,the dominant color in this image,orange | orange | orange,False,0.0,0.6,0.6667,True,1,the dominant color in this image,orange,the dominant color in this image,0.7113,0.3958,0.3047,0.0,42.5,9.05,2,image+text
synth_no_pass3_00255,no_pass3,What color is the large rectangle?,green,lime | lime | green,True,0.3333,1.0,1.0,False,1,green,green,green,0.4808,0.3035,0.1668,0.0,44.0,9.05,2,image+text
synth_no_pass3_00256,no_pass3,What color is the large rectangle?,a yellow square,yellow | yellow | yellow,True,1.0,0.6,0.6667,False,1,a yellow square,large rectangle,a yellow square,0.528,0.3038,0.2133,0.0,43.0,9.05,2,image+text
synth_no_pass3_00257,no_pass3,Is the background color light or dark?,dark blue,dark | dark | dark,False,0.0,1.0,1.0,True,1,dark blue,dark blue,dark blue,0.4836,0.2519,0.2193,0.0,41.0,9.05,2,image+text
synth_no_pass3_00258,no_pass3,Is there a blue shape in this image?,yes,yes | yes | yes,True,1.0,1.0,1.0,False,1,yes,yes,yes,0.4819,0.2606,0.2107,0.0,42.5,9.05,2,image+text
synth_no_pass3_00259,no_pass3,What color is the large rectangle?,blue,blue | blue | blue,True,1.0,1.0,1.0,False,1,blue,blue,blue,0.4787,0.2552,0.2129,0.0,44.5,9.05,2,image+text
synth_no_pass3_00260,no_pass3,What color is the circle in this image?,red,red | red | red,True,1.0,1.0,1.0,False,1,red,red,red,0.5011,0.277,0.2133,0.0,47.0,9.05,2,image+text
synth_no_pass3_00261,no_pass3,Is the background color light or dark?,dark background,dark | dark | dark,True,1.0,1.0,1.0,False,1,dark background,dark background,dark background,0.4816,0.2572,0.2138,0.0,45.5,9.05,2,image+text
synth_no_pass3_00262,no_pass3,Is there a red shape in this image?,yes,no | no | no,False,0.0,0.6,0.6667,True,1,yes,no,yes,0.4881,0.2572,0.2203,0.0,45.0,9.05,2,image+text
synth_no_pass3_00263,no_pass3,Is there a green shape in this image?,yes,no | no | no,False,0.0,1.0,1.0,True,1,yes,yes,yes,0.4765,0.2554,0.2108,0.0,46.0,9.05,2,image+text
synth_no_pass3_00264,no_pass3,Is the background color light or dark?,dark,light | light | light,False,0.0,0.6,0.6667,True,1,dark,light,dark,0.4302,0.2094,0.2106,0.0,46.5,9.05,2,image+text
synth_no_pass3_00265,no_pass3,What color is the large rectangle?,red,red | red | red,True,1.0,1.0,1.0,False,1,red,red,red,0.5402,0.3146,0.2136,0.0,47.0,9.05,2,image+text
synth_no_pass3_00266,no_pass3,Is there a purple shape in this image?,yes,yes | yes | yes,True,1.0,1.0,1.0,False,1,yes,yes,yes,0.4811,0.2571,0.2135,0.0,44.0,9.05,2,image+text
synth_no_pass3_00267,no_pass3,Is there a purple shape in this image?,yes,no | no | no,False,0.0,1.0,1.0,True,1,yes,yes,yes,0.4792,0.2572,0.2114,0.0,44.5,9.05,2,image+text
synth_no_pass3_00268,no_pass3,What is the dominant color in this image?,the dominant color in this image is green,olive | olive | green | dark green,True,0.6667,1.0,1.0,False,1,the dominant color in this image is green,the dominant color in this image is green,the dominant color in this image is green,0.9819,0.4805,0.4901,0.0,45.5,9.05,2,image+text
synth_no_pass3_00269,no_pass3,What is the dominant color in this image?,the dominant color in this image is yellow,yellow | yellow | yellow,True,1.0,0.6,0.6667,False,1,the dominant color in this image is yellow,a dominant color in this image,the dominant color in this image is yellow,0.9462,0.4907,0.4445,0.0,42.5,9.05,2,image+text
synth_no_pass3_00270,no_pass3,What color is the large rectangle?,the color orange,orange | orange | orange,True,1.0,1.0,1.0,False,1,the color orange,the color orange,the color orange,0.5767,0.3065,0.2593,0.0,43.5,9.05,2,image+text
synth_no_pass3_00271,no_pass3,What color is the large rectangle?,brown color,brown | brown | brown,True,1.0,1.0,1.0,False,1,brown color,brown color,brown color,0.5312,0.2621,0.2585,0.0,46.0,9.05,2,image+text
synth_no_pass3_00272,no_pass3,What color is the large rectangle?,the large rectangle is white,white | white | white,True,1.0,1.0,1.0,False,1,the large rectangle is white,the large rectangle is white,the large rectangle is white,0.7133,0.349,0.353,0.0,47.0,9.05,2,image+text
synth_no_pass3_00273,no_pass3,Is the circle on the left or right side?,is the circle on the left side,left | left | left,True,1.0,1.0,1.0,False,1,is the circle on the left side,is the circle on the left side,is the circle on the left side,0.9327,0.4359,0.4862,0.0,43.0,9.05,2,image+text
synth_no_pass3_00274,no_pass3,Is the background color light or dark?,dark,light | light | light,False,0.0,0.6,0.6667,True,1,dark,light,dark,0.4425,0.2187,0.2133,0.0,42.5,9.05,2,image+text
synth_no_pass3_00275,no_pass3,What color is the large rectangle?,the color orange,orange | orange | orange,True,1.0,1.0,1.0,False,1,the color orange,the color orange,the color orange,0.5699,0.3031,0.2561,0.0,45.5,9.05,2,image+text
synth_no_pass3_00276,no_pass3,Is the circle on the left or right side?,is the circle on the left side,left | left | center,True,0.6667,0.6,0.6667,False,1,is the circle on the left side,right side,is the circle on the left side,0.7481,0.4367,0.2998,0.0,46.5,9.05,2,image+text
synth_no_pass3_00277,no_pass3,Is the circle on the left or right side?,a circle on the left side,right | right | right,False,0.0,0.6,0.6667,True,1,a circle on the left side,right side,a circle on the left side,0.7156,0.4926,0.2125,0.0,47.5,9.05,2,image+text
synth_no_pass3_00278,no_pass3,What color is the large rectangle?,red,maroon | maroon | dark red,True,0.3333,1.0,1.0,False,1,red,red,red,0.537,0.3078,0.2185,0.0,43.0,9.05,2,image+text
synth_no_pass3_00279,no_pass3,Is the circle on the left or right side?,is the circle on the left side,left | left | left,True,1.0,1.0,1.0,False,1,is the circle on the left side,Is the circle on the left side,is the circle on the left side,0.9528,0.4465,0.495,0.0,38.5,9.05,2,image+text
synth_no_pass3_00280,no_pass3,What is the dominant color in this image?,the dominant color in this image is green,olive | olive | green | dark green,True,0.6667,1.0,1.0,False,1,the dominant color in this image is green,the dominant color in this image is green,the dominant color in this image is green,1.0324,0.5159,0.5054,0.0,35.0,9.05,2,image+text
synth_no_pass3_00281,no_pass3,What is the dominant color in this image?,the dominant color in this image is blue,teal | teal | cyan | blue-green,False,0.0,1.0,1.0,True,1,the dominant color in this image is blue,the dominant color is blue,the dominant color in this image is blue,0.9095,0.4963,0.4022,0.0,41.5,9.05,2,image+text
synth_no_pass3_00282,no_pass3,What color is the circle in this image?,red,red | red | red,True,1.0,1.0,1.0,False,1,red,red,red,0.4848,0.2615,0.2122,0.0,45.0,9.05,2,image+text
synth_no_pass3_00283,no_pass3,What color is the large rectangle?,the large rectangle is green,green | green | green,True,1.0,1.0,1.0,False,1,the large rectangle is green,the large rectangle is green,the large rectangle is green,0.7101,0.3522,0.3472,0.0,42.0,9.05,2,image+text
synth_no_pass3_00284,no_pass3,What color is the large rectangle?,red,red | red | red,True,1.0,1.0,1.0,False,1,red,red,red,0.525,0.3013,0.2132,0.0,41.0,9.05,2,image+text
synth_no_pass3_00285,no_pass3,What color is the large rectangle?,the large rectangle is blue,teal | teal | green,False,0.0,1.0,1.0,True,1,the large rectangle is blue,the large rectangle is blue,the large rectangle is blue,0.7163,0.3523,0.3534,0.0,40.5,9.05,2,image+text
synth_no_pass3_00286,no_pass3,What color is the large rectangle?,a yellow square,yellow | yellow | yellow,True,1.0,0.6,0.6667,False,1,a yellow square,large rectangle,a yellow square,0.5415,0.3177,0.2128,0.0,45.5,9.05,2,image+text
synth_no_pass3_00287,no_pass3,Is there a blue shape in this image?,yes,no | no | no,False,0.0,1.0,1.0,True,1,yes,yes,yes,0.4816,0.2583,0.2131,0.0,46.0,9.05,2,image+text
synth_no_pass3_00288,no_pass3,What color is the large rectangle?,the large rectangle is blue,teal | teal | green,False,0.0,1.0,1.0,True,1,the large rectangle is blue,the large rectangle is blue,the large rectangle is blue,0.7214,0.3543,0.3566,0.0,45.5,9.05,2,image+text
synth_no_pass3_00289,no_pass3,Is there a green shape in this image?,yes,no | no | no,False,0.0,1.0,1.0,True,1,yes,yes,yes,0.4868,0.2608,0.2154,0.0,44.5,9.05,2,image+text
synth_no_pass3_00290,no_pass3,Is there a blue shape in this image?,yes,yes | yes | yes,True,1.0,1.0,1.0,False,1,yes,yes,yes,0.4778,0.2561,0.211,0.0,45.5,9.05,2,image+text
synth_no_pass3_00291,no_pass3,What color is the large rectangle?,the large rectangle is green,green | green | green,True,1.0,1.0,1.0,False,1,the large rectangle is green,the large rectangle is green,the large rectangle is green,0.7088,0.3477,0.3506,0.0,47.5,9.05,2,image+text
synth_no_pass3_00292,no_pass3,What color is the background?,blue,blue | blue | blue,True,1.0,1.0,1.0,False,1,blue,blue,blue,0.5315,0.3059,0.2151,0.0,47.0,9.05,2,image+text
synth_no_pass3_00293,no_pass3,Is there a red shape in this image?,yes,no | no | no,False,0.0,0.6,0.6667,True,1,yes,no,yes,0.5043,0.2595,0.2342,0.0,43.0,9.05,2,image+text
synth_no_pass3_00294,no_pass3,What color is the large rectangle?,red,maroon | maroon | dark red,True,0.3333,1.0,1.0,False,1,red,red,red,0.5292,0.3038,0.2144,0.0,42.5,9.05,2,image+text
synth_no_pass3_00295,no_pass3,Is the background color light or dark?,dark background,dark | dark | dark,True,1.0,1.0,1.0,False,1,dark background,dark background,dark background,0.4818,0.2574,0.2139,0.0,44.5,9.05,2,image+text
synth_no_pass3_00296,no_pass3,What is the dominant color in this image?,the dominant color in this image is green,green | green | green,True,1.0,1.0,1.0,False,1,the dominant color in this image is green,the dominant color is green,the dominant color in this image is green,0.8512,0.4883,0.3523,0.0,40.5,9.05,2,image+text
synth_no_pass3_00297,no_pass3,What color is the large rectangle?,the large rectangle is green,green | green | green,True,1.0,1.0,1.0,False,1,the large rectangle is green,the large rectangle is green,the large rectangle is green,0.7114,0.35,0.3511,0.0,42.5,9.05,2,image+text
synth_no_pass3_00298,no_pass3,What color is the circle in this image?,red,red | red | red,True,1.0,1.0,1.0,False,1,red,red,red,0.4841,0.2585,0.2149,0.0,45.5,9.05,2,image+text
synth_no_pass3_00299,no_pass3,What color is the large rectangle?,a yellow square,yellow | yellow | yellow,True,1.0,0.6,0.6667,False,1,a yellow square,large rectangle,a yellow square,0.5325,0.3079,0.2142,0.0,41.5,9.05,2,image+text
synth_no_pass3_00300,no_pass3,Is there a blue shape in this image?,yes,no | no | no,False,0.0,1.0,1.0,True,1,yes,yes,yes,0.5036,0.2799,0.2126,0.0,43.5,9.05,2,image+text
synth_no_pass3_00301,no_pass3,Is there a red shape in this image?,yes,no | no | no,False,0.0,0.6,0.6667,True,1,yes,no,yes,0.482,0.2576,0.2137,0.0,44.5,9.05,2,image+text
synth_no_pass3_00302,no_pass3,Is the circle on the left or right side?,is the circle on the left side,left | left | left,True,1.0,1.0,1.0,False,1,is the circle on the left side,Is the circle on the left side,is the circle on the left side,0.9513,0.45,0.4907,0.0,40.0,9.05,2,image+text
synth_no_pass3_00303,no_pass3,What is the dominant color in this image?,the dominant color is brown,brown | brown | brown,True,1.0,1.0,1.0,False,1,the dominant color is brown,the dominant color is brown,the dominant color is brown,0.8041,0.3987,0.3947,0.0,39.5,9.05,2,image+text
synth_no_pass3_00304,no_pass3,Is there a green shape in this image?,yes,no | no | no,False,0.0,1.0,1.0,True,1,yes,yes,yes,0.4843,0.2596,0.2143,0.0,41.0,9.05,2,image+text
synth_no_pass3_00305,no_pass3,What color is the background?,navy blue,navy | dark blue | blue,True,0.6667,1.0,1.0,False,1,navy blue,navy blue,navy blue,0.4444,0.2111,0.2229,0.0,43.5,9.05,2,image+text
synth_no_pass3_00306,no_pass3,Is the circle on the left or right side?,is the circle on the left side,left | left | left,True,1.0,1.0,1.0,False,1,is the circle on the left side,Is the circle on the left side,is the circle on the left side,0.9419,0.4426,0.4883,0.0,42.5,9.05,2,image+text
synth_no_pass3_00307,no_pass3,What color is the circle in this image?,blue,blue | blue | blue,True,1.0,1.0,1.0,False,1,blue,blue,blue,0.5049,0.2577,0.2349,0.0,42.0,9.05,2,image+text
synth_no_pass3_00308,no_pass3,What color is the circle?,the circle is green,cyan | cyan | teal | teal,False,0.0,1.0,1.0,True,1,the circle is green,the circle is green,the circle is green,0.6139,0.3013,0.3018,0.0,45.5,9.05,2,image+text
synth_no_pass3_00309,no_pass3,Is the circle on the left or right side?,is the circle on the left side,left | left | left,True,1.0,1.0,1.0,False,1,is the circle on the left side,is the circle on the left side,is the circle on the left side,0.9396,0.444,0.484,0.0,43.0,9.05,2,image+text
synth_no_pass3_00310,no_pass3,What is the dominant color in this image?,blue is the dominant color in this image,blue | blue | blue,True,1.0,1.0,1.0,False,1,blue is the dominant color in this image,blue is the dominant color in this image,blue is the dominant color in this image,1.0063,0.5021,0.493,0.0,38.5,9.05,2,image+text
synth_no_pass3_00311,no_pass3,Is the background color light or dark?,dark,light | light | light,False,0.0,0.6,0.6667,True,1,dark,light,dark,0.4397,0.2132,0.2161,0.0,42.0,9.05,2,image+text
synth_no_pass3_00312,no_pass3,What color is the large rectangle?,a yellow square,yellow | yellow | yellow,True,1.0,0.6,0.6667,False,1,a yellow square,large rectangle,a yellow square,0.5299,0.3063,0.2128,0.0,43.0,9.05,2,image+text
synth_no_pass3_00313,no_pass3,Is the circle on the left or right side?,is the circle on the left side,right | right | right,False,0.0,0.6,0.6667,True,1,is the circle on the left side,right side,is the circle on the left side,0.7625,0.4486,0.3027,0.0,42.5,9.05,2,image+text
synth_no_pass3_00314,no_pass3,What is the dominant color in this image?,the dominant color in this image is green,green | green | green,True,1.0,1.0,1.0,False,1,the dominant color in this image is green,the dominant color is green,the dominant color in this image is green,0.8486,0.4867,0.3511,0.0,40.0,9.05,2,image+text
synth_no_pass3_00315,no_pass3,Is there a red shape in this image?,yes,no | no | no,False,0.0,0.6,0.6667,True,1,yes,no,yes,0.4815,0.2579,0.2132,0.0,42.0,9.05,2,image+text
synth_no_pass3_00316,no_pass3,What color is the background?,gray,gray | gray | grey,True,0.6667,1.0,1.0,False,1,gray,gray,gray,0.439,0.214,0.2144,0.0,45.0,9.05,2,image+text
synth_no_pass3_00317,no_pass3,What is the dominant color in this image?,red is the dominant color in this image,red | red | red,True,1.0,1.0,1.0,False,1,red is the dominant color in this image,red is the dominant color in this image,red is the dominant color in this image,1.0121,0.499,0.5016,0.0,41.0,9.05,2,image+text
synth_no_pass3_00318,no_pass3,What color is the circle?,a red circle,brown | brown | maroon,False,0.0,0.6,0.6667,True,1,a red circle,maroon,a red circle,0.5833,0.3093,0.2632,0.0,40.0,9.05,2,image+text
synth_no_pass3_00319,no_pass3,What color is the large rectangle?,the large rectangle is white,white | white | white,True,1.0,1.0,1.0,False,1,the large rectangle is white,the large rectangle is white,the large rectangle is white,0.7316,0.3635,0.3575,0.0,44.0,9.05,2,image+text
synth_no_pass3_00320,no_pass3,What color is the background?,white,white | white | white,True,1.0,1.0,1.0,False,1,white,white,white,0.5292,0.3463,0.1715,0.0,33.0,9.05,2,image+text
synth_no_pass3_00321,no_pass3,What is the dominant color in this image?,the dominant color in this image is green,olive | olive | green | dark green,True,0.6667,1.0,1.0,False,1,the dominant color in this image is green,the dominant color in this image is green,the dominant color in this image is green,1.0183,0.4966,0.5107,0.0,39.0,9.05,2,image+text
synth_no_pass3_00322,no_pass3,What is the dominant color in this image?,the dominant color in this image is purple,purple | purple | purple,True,1.0,1.0,1.0,False,1,the dominant color in this image is purple,the dominant color is purple,the dominant color in this image is purple,0.9291,0.493,0.4251,0.0,43.0,9.05,2,image+text
synth_no_pass3_00323,no_pass3,What color is the background?,white,white | white | white,True,1.0,1.0,1.0,False,1,white,white,white,0.4816,0.3042,0.1666,0.0,44.5,9.05,2,image+text
synth_no_pass3_00324,no_pass3,What is the dominant color in this image?,burgundy,maroon | maroon | dark red,False,0.0,1.0,1.0,True,1,burgundy,burgundy,burgundy,0.716,0.396,0.3092,0.0,46.5,9.05,2,image+text
synth_no_pass3_00325,no_pass3,Is there a red shape in this image?,yes,no | no | no,False,0.0,0.6,0.6667,True,1,yes,no,yes,0.485,0.2602,0.2141,0.0,47.0,9.05,2,image+text
synth_no_pass3_00326,no_pass3,Is the circle on the left or right side?,is the circle on the left side,left | left | left,True,1.0,1.0,1.0,False,1,is the circle on the left side,Is the circle on the left side,is the circle on the left side,0.9507,0.4531,0.4853,0.0,45.0,9.05,2,image+text
synth_no_pass3_00327,no_pass3,Is there a red shape in this image?,yes,no | no | no,False,0.0,0.6,0.6667,True,1,yes,no,yes,0.4788,0.2569,0.2112,0.0,45.0,9.05,2,image+text
synth_no_pass3_00328,no_pass3,Is the circle on the left or right side?,a circle on the left side,right | right | right,False,0.0,0.6,0.6667,True,1,a circle on the left side,right side,a circle on the left side,0.713,0.4904,0.2109,0.0,47.0,9.05,2,image+text
synth_no_pass3_00329,no_pass3,What color is the background?,blue,blue | blue | blue,True,1.0,1.0,1.0,False,1,blue,blue,blue,0.5309,0.3057,0.2147,0.0,45.0,9.05,2,image+text
synth_no_pass3_00330,no_pass3,What color is the large rectangle?,red,maroon | maroon | dark red,True,0.3333,1.0,1.0,False,1,red,red,red,0.5306,0.3053,0.2144,0.0,45.0,9.05,2,image+text
synth_no_pass3_00331,no_pass3,What color is the background?,blue,blue | blue | blue,True,1.0,1.0,1.0,False,1,blue,blue,blue,0.5321,0.3078,0.2135,0.0,43.0,9.05,2,image+text
synth_no_pass3_00332,no_pass3,Is there a purple shape in this image?,yes,no | no | no,False,0.0,1.0,1.0,True,1,yes,yes,yes,0.4816,0.2575,0.2124,0.0,42.5,9.05,2,image+text
synth_no_pass3_00333,no_pass3,What is the dominant color in this image?,blue is the dominant color in this image,blue | blue | blue,True,1.0,1.0,1.0,False,1,blue is the dominant color in this image,blue is the dominant color in this image,blue is the dominant color in this image,0.9904,0.4897,0.4897,0.0,42.0,9.05,2,image+text
synth_no_pass3_00334,no_pass3,What is the dominant color in this image?,cyan,cyan | cyan | blue,True,0.6667,0.6,0.6667,False,1,cyan,blue,cyan,0.53,0.3058,0.2138,0.0,42.5,9.05,2,image+text
synth_no_pass3_00335,no_pass3,Is there a red shape in this image?,yes,no | no | no,False,0.0,0.6,0.6667,True,1,yes,no,yes,0.4832,0.259,0.2135,0.0,46.0,9.05,2,image+text
synth_no_pass3_00336,no_pass3,What color is the large rectangle?,a yellow square,yellow | yellow | yellow,True,1.0,0.6,0.6667,False,1,a yellow square,large rectangle,a yellow square,0.5298,0.3042,0.2141,0.0,46.0,9.05,2,image+text
synth_no_pass3_00337,no_pass3,What color is the background?,blue,blue | blue | blue,True,1.0,1.0,1.0,False,1,blue,blue,blue,0.5318,0.3065,0.215,0.0,43.5,9.05,2,image+text
synth_no_pass3_00338,no_pass3,What color is the circle?,pink,pink | pink | pink,True,1.0,1.0,1.0,False,1,pink,pink,pink,0.5347,0.2612,0.2627,0.0,43.5,9.05,2,image+text
synth_no_pass3_00339,no_pass3,Is the circle on the left or right side?,a circle on the left side,right | right | right,False,0.0,0.6,0.6667,True,1,a circle on the left side,right side,a circle on the left side,0.7125,0.4888,0.2128,0.0,47.0,9.05,2,image+text
synth_no_pass3_00340,no_pass3,What color is the large rectangle?,red,red | red | red,True,1.0,1.0,1.0,False,1,red,red,red,0.5512,0.3274,0.2125,0.0,43.5,9.05,2,image+text
synth_no_pass3_00341,no_pass3,What color is the circle?,the circle is green,olive | olive | brown,False,0.0,1.0,1.0,True,1,the circle is green,the circle is green,the circle is green,0.6136,0.3007,0.3023,0.0,43.5,9.05,2,image+text
synth_no_pass3_00342,no_pass3,Is the background color light or dark?,light blue,light | light | medium,False,0.0,1.0,1.0,True,1,light blue,light blue,light blue,0.4349,0.2103,0.2143,0.0,47.0,9.05,2,image+text
synth_no_pass3_00343,no_pass3,Is there a red shape in this image?,yes,yes | yes | yes,True,1.0,1.0,1.0,False,1,yes,yes,yes,0.5283,0.3041,0.2133,0.0,44.0,9.05,2,image+text
synth_no_pass3_00344,no_pass3,What is the dominant color in this image?,blue is the dominant color in this image,blue | blue | blue,True,1.0,1.0,1.0,False,1,blue is the dominant color in this image,blue is the dominant color in this image,blue is the dominant color in this image,1.0095,0.4881,0.5108,0.0,38.5,9.05,2,image+text
synth_no_pass3_00345,no_pass3,Is the circle on the left or right side?,is the circle on the left side,left | left | center,True,0.6667,0.6,0.6667,False,1,is the circle on the left side,right side,is the circle on the left side,0.7553,0.4422,0.3027,0.0,42.0,9.05,2,image+text
synth_no_pass3_00346,no_pass3,What color is the circle?,red,maroon | dark red | red,True,0.6667,1.0,1.0,False,1,red,red,red,0.4785,0.3009,0.1672,0.0,45.0,9.05,2,image+text
synth_no_pass3_00347,no_pass3,What is the dominant color in this image?,the dominant color in this image is yellow,yellow | yellow | yellow,True,1.0,0.6,0.6667,False,1,the dominant color in this image is yellow,a dominant color in this image,the dominant color in this image is yellow,0.9467,0.4918,0.4441,0.0,41.0,9.05,2,image+text
synth_no_pass3_00348,no_pass3,What is the dominant color in this image?,the dominant color in this image is green,olive | olive | green | dark green,True,0.6667,1.0,1.0,False,1,the dominant color in this image is green,the dominant color in this image is green,the dominant color in this image is green,0.9911,0.4896,0.4907,0.0,39.0,9.05,2,image+text
synth_no_pass3_00349,no_pass3,What is the dominant color in this image?,the dominant color in this image,orange | orange | orange,False,0.0,0.6,0.6667,True,1,the dominant color in this image,orange,the dominant color in this image,0.7317,0.404,0.3169,0.0,41.0,9.05,2,image+text
synth_no_pass3_00350,no_pass3,Is the circle on the left or right side?,a circle on the left side,right | right | right,False,0.0,0.6,0.6667,True,1,a circle on the left side,right side,a circle on the left side,0.7566,0.5303,0.2141,0.0,39.0,9.05,2,image+text
synth_no_pass3_00351,no_pass3,What color is the small circle?,green,lime | lime | yellow-green,False,0.0,1.0,1.0,True,1,green,green,green,0.53,0.3043,0.2148,0.0,44.0,9.05,2,image+text
synth_no_pass3_00352,no_pass3,Is the circle on the left or right side?,is the circle on the left side,left | left | left,True,1.0,1.0,1.0,False,1,is the circle on the left side,is the circle on the left side,is the circle on the left side,0.9463,0.4439,0.4911,0.0,39.5,9.05,2,image+text
synth_no_pass3_00353,no_pass3,Is there a purple shape in this image?,yes,no | no | no,False,0.0,1.0,1.0,True,1,yes,yes,yes,0.4842,0.2597,0.214,0.0,40.0,9.05,2,image+text
synth_no_pass3_00354,no_pass3,Is the background color light or dark?,a dark background,dark | dark | medium,True,0.6667,1.0,1.0,False,1,a dark background,a dark background,a dark background,0.624,0.3056,0.3074,0.0,42.5,9.05,2,image+text
synth_no_pass3_00355,no_pass3,What color is the circle in this image?,red,red | red | red,True,1.0,1.0,1.0,False,1,red,red,red,0.477,0.2554,0.2113,0.0,44.0,9.05,2,image+text
synth_no_pass3_00356,no_pass3,What is the dominant color in this image?,the dominant color in this image is green,green | green | green,True,1.0,1.0,1.0,False,1,the dominant color in this image is green,the dominant color is green,the dominant color in this image is green,0.8491,0.4883,0.3499,0.0,46.0,9.05,2,image+text
synth_no_pass3_00357,no_pass3,What is the dominant color in this image?,cyan,cyan | cyan | blue,True,0.6667,0.6,0.6667,False,1,cyan,blue,cyan,0.5246,0.3035,0.2105,0.0,47.0,9.05,2,image+text
synth_no_pass3_00358,no_pass3,What color is the large rectangle?,the large rectangle is blue,teal | teal | green,False,0.0,1.0,1.0,True,1,the large rectangle is blue,the large rectangle is blue,the large rectangle is blue,0.7156,0.3512,0.3536,0.0,47.0,9.05,2,image+text
synth_no_pass3_00359,no_pass3,Is the background color light or dark?,dark background,dark | dark | dark,True,1.0,1.0,1.0,False,1,dark background,dark background,dark background,0.4994,0.2594,0.2296,0.0,46.5,9.05,2,image+text
synth_no_pass3_00360,no_pass3,What color is the circle?,a red circle,brown | brown | maroon,False,0.0,0.6,0.6667,True,1,a red circle,maroon,a red circle,0.6157,0.3235,0.2812,0.0,38.5,9.05,2,image+text
synth_no_pass3_00361,no_pass3,Is the circle on the left or right side?,is the circle on the left side,right | right | right,False,0.0,0.6,0.6667,True,1,is the circle on the left side,right side,is the circle on the left side,0.768,0.4493,0.3077,0.0,42.0,9.05,2,image+text
synth_no_pass3_00362,no_pass3,Is the circle on the left or right side?,is the circle on the left side,left | left | left,True,1.0,1.0,1.0,False,1,is the circle on the left side,Is the circle on the left side,is the circle on the left side,0.9507,0.4456,0.4943,0.0,42.0,9.05,2,image+text
synth_no_pass3_00363,no_pass3,What is the dominant color in this image?,the dominant color in this image is purple,purple | purple | purple,True,1.0,1.0,1.0,False,1,the dominant color in this image is purple,the dominant color is purple,the dominant color in this image is purple,0.8975,0.4906,0.3963,0.0,41.5,9.05,2,image+text
synth_no_pass3_00364,no_pass3,What color is the circle?,the circle is green,cyan | cyan | teal | teal,False,0.0,1.0,1.0,True,1,the circle is green,the circle is green,the circle is green,0.6298,0.3077,0.3112,0.0,45.0,9.05,2,image+text
synth_no_pass3_00365,no_pass3,What is the dominant color in this image?,the dominant color in this image,orange | orange | orange,False,0.0,0.6,0.6667,True,1,the dominant color in this image,orange,the dominant color in this image,0.7287,0.4018,0.3161,0.0,46.0,9.05,2,image+text
synth_no_pass3_00366,no_pass3,What color is the large rectangle?,the large rectangle is green,green | green | green,True,1.0,1.0,1.0,False,1,the large rectangle is green,the large rectangle is green,the large rectangle is green,0.7235,0.3627,0.3501,0.0,42.5,9.05,2,image+text
synth_no_pass3_00367,no_pass3,Is the background color light or dark?,dark background,dark | dark | dark,True,1.0,1.0,1.0,False,1,dark background,dark background,dark background,0.49,0.2594,0.2195,0.0,41.0,9.05,2,image+text
synth_no_pass3_00368,no_pass3,What is the dominant color in this image?,the dominant color in this image is green,green | green | green,True,1.0,1.0,1.0,False,1,the dominant color in this image is green,the dominant color is green,the dominant color in this image is green,0.8692,0.4976,0.3603,0.0,45.5,9.05,2,image+text
synth_no_pass3_00369,no_pass3,What color is the circle in this image?,yellow,yellow | yellow | yellow,True,1.0,1.0,1.0,False,1,yellow,yellow,yellow,0.5906,0.3124,0.265,0.0,45.0,9.05,2,image+text
synth_no_pass3_00370,no_pass3,Is the background color light or dark?,dark background,dark | dark | dark,True,1.0,1.0,1.0,False,1,dark background,dark background,dark background,0.4937,0.2652,0.2172,0.0,44.5,9.05,2,image+text
synth_no_pass3_00371,no_pass3,Is the background color light or dark?,dark,light | light | light,False,0.0,0.6,0.6667,True,1,dark,light,dark,0.4451,0.2161,0.2183,0.0,45.5,9.05,2,image+text
synth_no_pass3_00372,no_pass3,Is there a red shape in this image?,yes,yes | yes | yes,True,1.0,1.0,1.0,False,1,yes,yes,yes,0.5513,0.3097,0.2307,0.0,45.0,9.05,2,image+text
synth_no_pass3_00373,no_pass3,What is the dominant color in this image?,the dominant color in this image is green,green | green | green,True,1.0,1.0,1.0,False,1,the dominant color in this image is green,the dominant color is green,the dominant color in this image is green,0.8623,0.4946,0.3558,0.0,46.0,9.05,2,image+text
synth_no_pass3_00374,no_pass3,What is the dominant color in this image?,the dominant color in this image,orange | orange | orange,False,0.0,0.6,0.6667,True,1,the dominant color in this image,orange,the dominant color in this image,0.7205,0.4033,0.3059,0.0,44.0,9.05,2,image+text
synth_no_pass3_00375,no_pass3,What color is the large rectangle?,blue,blue | blue | blue,True,1.0,1.0,1.0,False,1,blue,blue,blue,0.4825,0.259,0.213,0.0,41.0,9.05,2,image+text
synth_no_pass3_00376,no_pass3,What color is the background?,white,white | white | white,True,1.0,1.0,1.0,False,1,white,white,white,0.477,0.3017,0.1648,0.0,42.5,9.05,2,image+text
synth_no_pass3_00377,no_pass3,Is the background color light or dark?,dark,dark | dark | dark,True,1.0,1.0,1.0,False,1,dark,dark,dark,0.4309,0.21,0.21,0.0,48.0,9.05,2,image+text
synth_no_pass3_00378,no_pass3,Is there a red shape in this image?,yes,yes | yes | yes,True,1.0,1.0,1.0,False,1,yes,yes,yes,0.5238,0.3025,0.2106,0.0,43.5,9.05,2,image+text
synth_no_pass3_00379,no_pass3,What color is the circle?,the circle is green,olive | olive | brown,False,0.0,1.0,1.0,True,1,the circle is green,the circle is green,the circle is green,0.6216,0.3022,0.3088,0.0,41.5,9.05,2,image+text
synth_no_pass3_00380,no_pass3,Is the background color light or dark?,dark,light | light | light,False,0.0,0.6,0.6667,True,1,dark,light,dark,0.458,0.2337,0.2131,0.0,43.5,9.05,2,image+text
synth_no_pass3_00381,no_pass3,What color is the circle?,pink,pink | pink | pink,True,1.0,1.0,1.0,False,1,pink,pink,pink,0.5486,0.2762,0.2619,0.0,45.5,9.05,2,image+text
synth_no_pass3_00382,no_pass3,Is there a purple shape in this image?,yes,yes | yes | yes,True,1.0,1.0,1.0,False,1,yes,yes,yes,0.5009,0.2606,0.2297,0.0,45.0,9.05,2,image+text
synth_no_pass3_00383,no_pass3,Is the circle on the left or right side?,is the circle on the left side,left | left | left,True,1.0,1.0,1.0,False,1,is the circle on the left side,is the circle on the left side,is the circle on the left side,0.943,0.4467,0.4849,0.0,46.0,9.05,2,image+text
synth_no_pass3_00384,no_pass3,What color is the large rectangle?,navy blue,navy | dark blue | navy,True,0.3333,1.0,1.0,False,1,navy blue,navy blue,navy blue,0.4379,0.2143,0.2134,0.0,46.0,9.05,2,image+text
synth_no_pass3_00385,no_pass3,What color is the circle?,red,maroon | dark red | red,True,0.6667,1.0,1.0,False,1,red,red,red,0.4831,0.306,0.1668,0.0,43.0,9.05,2,image+text
synth_no_pass3_00386,no_pass3,What is the dominant color in this image?,burgundy,maroon | maroon | dark red,False,0.0,1.0,1.0,True,1,burgundy,burgundy,burgundy,0.713,0.3968,0.3058,0.0,44.0,9.05,2,image+text
synth_no_pass3_00387,no_pass3,What color is the large rectangle?,the color orange,orange | orange | orange,True,1.0,1.0,1.0,False,1,the color orange,the color orange,the color orange,0.5719,0.3035,0.258,0.0,47.5,9.05,2,image+text
synth_no_pass3_00388,no_pass3,What color is the large rectangle?,a yellow square,yellow | yellow | yellow,True,1.0,0.6,0.6667,False,1,a yellow square,large rectangle,a yellow square,0.5222,0.301,0.2102,0.0,42.5,9.05,2,image+text
synth_no_pass3_00389,no_pass3,Is the circle on the left or right side?,a circle on the left side,right | right | right,False,0.0,0.6,0.6667,True,1,a circle on the left side,right side,a circle on the left side,0.7103,0.4862,0.2139,0.0,41.5,9.05,2,image+text
synth_no_pass3_00390,no_pass3,Is the circle on the left or right side?,is the circle on the left side,left | left | left,True,1.0,1.0,1.0,False,1,is the circle on the left side,is the circle on the left side,is the circle on the left side,0.9498,0.4442,0.4941,0.0,41.5,9.05,2,image+text
synth_no_pass3_00391,no_pass3,Is the circle on the left or right side?,is the circle on the left side,left | left | left,True,1.0,1.0,1.0,False,1,is the circle on the left side,is the circle on the left side,is the circle on the left side,0.9589,0.4439,0.504,0.0,40.5,9.05,2,image+text
synth_no_pass3_00392,no_pass3,What color is the large rectangle?,navy blue,navy | dark blue | navy,True,0.3333,1.0,1.0,False,1,navy blue,navy blue,navy blue,0.4359,0.212,0.2134,0.0,45.0,9.05,2,image+text
synth_no_pass3_00393,no_pass3,What color is the background?,blue,blue | blue | blue,True,1.0,1.0,1.0,False,1,blue,blue,blue,0.5329,0.3091,0.2132,0.0,42.0,9.05,2,image+text
synth_no_pass3_00394,no_pass3,What is the dominant color in this image?,the dominant color in this image is green,green | green | green,True,1.0,1.0,1.0,False,1,the dominant color in this image is green,the dominant color is green,the dominant color in this image is green,0.8559,0.493,0.3522,0.0,39.0,9.05,2,image+text
synth_no_pass3_00395,no_pass3,What color is the large rectangle?,the large rectangle is green,olive | olive | dark yellow,False,0.0,1.0,1.0,True,1,the large rectangle is green,the large rectangle is green,the large rectangle is green,0.7404,0.3732,0.3565,0.0,44.0,9.05,2,image+text
synth_no_pass3_00396,no_pass3,Is there a purple shape in this image?,yes,yes | yes | yes,True,1.0,1.0,1.0,False,1,yes,yes,yes,0.4828,0.2611,0.2107,0.0,47.0,9.05,2,image+text
synth_no_pass3_00397,no_pass3,What color is the large rectangle?,the color orange,orange | orange | orange,True,1.0,1.0,1.0,False,1,the color orange,the color orange,the color orange,0.5703,0.3038,0.2559,0.0,47.5,9.05,2,image+text
synth_no_pass3_00398,no_pass3,What color is the background?,blue,blue | blue | blue,True,1.0,1.0,1.0,False,1,blue,blue,blue,0.5321,0.308,0.2134,0.0,43.0,9.05,2,image+text
synth_no_pass3_00399,no_pass3,Is the circle on the left or right side?,is the circle on the left side,left | left | left,True,1.0,1.0,1.0,False,1,is the circle on the left side,is the circle on the left side,is the circle on the left side,0.9471,0.4417,0.4942,0.0,38.0,9.05,2,image+text
synth_no_pass3_00400,no_pass3,What color is the circle in this image?,blue,blue | blue | blue,True,1.0,1.0,1.0,False,1,blue,blue,blue,0.5192,0.2807,0.2274,0.0,40.0,9.05,2,image+text
synth_no_pass3_00401,no_pass3,Is the background color light or dark?,dark,dark | dark | dark,True,1.0,1.0,1.0,False,1,dark,dark,dark,0.4379,0.2123,0.2137,0.0,46.5,9.05,2,image+text
synth_no_pass3_00402,no_pass3,What color is the large rectangle?,green,lime | lime | green,True,0.3333,1.0,1.0,False,1,green,green,green,0.4836,0.3033,0.1693,0.0,43.5,9.05,2,image+text
synth_no_pass3_00403,no_pass3,What color is the circle in this image?,blue,blue | blue | blue,True,1.0,1.0,1.0,False,1,blue,blue,blue,0.4873,0.2616,0.2149,0.0,43.0,9.05,2,image+text
synth_no_pass3_00404,no_pass3,Is the background color light or dark?,dark blue,dark | dark | dark,False,0.0,1.0,1.0,True,1,dark blue,dark blue,dark blue,0.4382,0.213,0.2148,0.0,46.0,9.05,2,image+text
synth_no_pass3_00405,no_pass3,What is the dominant color in this image?,red is the dominant color in this image,red | red | red,True,1.0,1.0,1.0,False,1,red is the dominant color in this image,red is the dominant color in this image,red is the dominant color in this image,0.9945,0.4921,0.4914,0.0,42.0,9.05,2,image+text
synth_no_pass3_00406,no_pass3,What is the dominant color in this image?,burgundy,maroon | maroon | dark red,False,0.0,1.0,1.0,True,1,burgundy,burgundy,burgundy,0.7198,0.4018,0.307,0.0,39.5,9.05,2,image+text
synth_no_pass3_00407,no_pass3,Is the circle on the left or right side?,is the circle on the left side,left | left | left,True,1.0,1.0,1.0,False,1,is the circle on the left side,Is the circle on the left side,is the circle on the left side,0.9474,0.4452,0.491,0.0,40.0,9.05,2,image+text
synth_no_pass3_00408,no_pass3,Is there a green shape in this image?,yes,no | no | no,False,0.0,1.0,1.0,True,1,yes,yes,yes,0.5287,0.2916,0.2247,0.0,41.5,9.05,2,image+text
synth_no_pass3_00409,no_pass3,What color is the large rectangle?,the color orange,orange | orange | orange,True,1.0,1.0,1.0,False,1,the color orange,the color orange,the color orange,0.5866,0.3106,0.265,0.0,45.5,9.05,2,image+text
synth_no_pass3_00410,no_pass3,Is there a blue shape in this image?,yes,yes | yes | yes,True,1.0,1.0,1.0,False,1,yes,yes,yes,0.482,0.2563,0.2149,0.0,44.0,9.05,2,image+text
synth_no_pass3_00411,no_pass3,What color is the large rectangle?,the color orange,orange | orange | orange,True,1.0,1.0,1.0,False,1,the color orange,the color orange,the color orange,0.5744,0.3044,0.2596,0.0,45.5,9.05,2,image+text
synth_no_pass3_00412,no_pass3,What color is the circle in this image?,yellow,yellow | yellow | yellow,True,1.0,1.0,1.0,False,1,yellow,yellow,yellow,0.58,0.3088,0.26,0.0,45.0,9.05,2,image+text
synth_no_pass3_00413,no_pass3,What color is the large rectangle?,the large rectangle is green,green | green | green,True,1.0,1.0,1.0,False,1,the large rectangle is green,the large rectangle is green,the large rectangle is green,0.7524,0.3692,0.3724,0.0,44.5,9.05,2,image+text
synth_no_pass3_00414,no_pass3,What color is the large rectangle?,blue,blue | blue | blue,True,1.0,1.0,1.0,False,1,blue,blue,blue,0.4842,0.2589,0.2141,0.0,42.5,9.05,2,image+text
synth_no_pass3_00415,no_pass3,What is the dominant color in this image?,the dominant color in this image,orange | orange | orange,False,0.0,0.6,0.6667,True,1,the dominant color in this image,orange,the dominant color in this image,0.7135,0.3986,0.3041,0.0,44.5,9.05,2,image+text
synth_no_pass3_00416,no_pass3,What color is the large rectangle?,the large rectangle is purple,purple | purple | purple,True,1.0,1.0,1.0,False,1,the large rectangle is purple,the large rectangle is purple,the large rectangle is purple,0.7227,0.3519,0.3592,0.0,46.5,9.05,2,image+text
synth_no_pass3_00417,no_pass3,Is there a red shape in this image?,yes,no | no | no,False,0.0,0.6,0.6667,True,1,yes,no,yes,0.4868,0.2615,0.2143,0.0,45.5,9.05,2,image+text
synth_no_pass3_00418,no_pass3,Is the circle on the left or right side?,a circle on the left side,right | right | right,False,0.0,0.6,0.6667,True,1,a circle on the left side,right side,a circle on the left side,0.7174,0.4913,0.2152,0.0,46.0,9.05,2,image+text
synth_no_pass3_00419,no_pass3,Is there a green shape in this image?,yes,yes | yes | yes,True,1.0,1.0,1.0,False,1,yes,yes,yes,0.5309,0.2598,0.2605,0.0,46.0,9.05,2,image+text
synth_no_pass3_00420,no_pass3,What color is the background?,the background is white,cream | white | beige,True,0.3333,1.0,1.0,False,1,the background is white,the background is white,the background is white,0.6638,0.3425,0.3101,0.0,40.5,9.05,2,image+text
synth_no_pass3_00421,no_pass3,Is there a red shape in this image?,yes,yes | yes | yes,True,1.0,1.0,1.0,False,1,yes,yes,yes,0.5374,0.3131,0.2134,0.0,41.0,9.05,2,image+text
synth_no_pass3_00422,no_pass3,Is the circle on the left or right side?,is the circle on the left side,left | left | left,True,1.0,1.0,1.0,False,1,is the circle on the left side,Is the circle on the left side,is the circle on the left side,0.9459,0.4423,0.4928,0.0,38.5,9.05,2,image+text
synth_no_pass3_00423,no_pass3,What color is the circle?,a red circle,brown | brown | maroon,False,0.0,0.6,0.6667,True,1,a red circle,maroon,a red circle,0.5748,0.3039,0.2598,0.0,42.5,9.05,2,image+text
synth_no_pass3_00424,no_pass3,Is the circle on the left or right side?,a circle on the left side,right | right | right,False,0.0,0.6,0.6667,True,1,a circle on the left side,right side,a circle on the left side,0.7392,0.5133,0.2155,0.0,42.0,9.05,2,image+text
synth_no_pass3_00425,no_pass3,Is the circle on the left or right side?,is the circle on the left side,left | left | center,True,0.6667,0.6,0.6667,False,1,is the circle on the left side,right side,is the circle on the left side,0.7689,0.4492,0.308,0.0,38.0,9.05,2,image+text
synth_no_pass3_00426,no_pass3,What is the dominant color in this image?,the dominant color in this image is green,olive | olive | green | dark green,True,0.6667,1.0,1.0,False,1,the dominant color in this image is green,the dominant color in this image is green,the dominant color in this image is green,1.0171,0.4876,0.5184,0.0,39.0,9.05,2,image+text
synth_no_pass3_00427,no_pass3,What is the dominant color in this image?,the dominant color in this image is green,green | green | green,True,1.0,1.0,1.0,False,1,the dominant color in this image is green,the dominant color is green,the dominant color in this image is green,0.8822,0.4988,0.371,0.0,39.5,9.05,2,image+text
synth_no_pass3_00428,no_pass3,What color is the large rectangle?,red,red | red | red,True,1.0,1.0,1.0,False,1,red,red,red,0.5294,0.3053,0.2137,0.0,43.5,9.05,2,image+text
synth_no_pass3_00429,no_pass3,What color is the large rectangle?,blue,blue | blue | blue,True,1.0,1.0,1.0,False,1,blue,blue,blue,0.4911,0.2645,0.2154,0.0,45.0,9.05,2,image+text
synth_no_pass3_00430,no_pass3,What is the dominant color in this image?,the dominant color in this image is purple,purple | purple | purple,True,1.0,1.0,1.0,False,1,the dominant color in this image is purple,the dominant color is purple,the dominant color in this image is purple,0.9089,0.4957,0.4019,0.0,40.5,9.05,2,image+text
synth_no_pass3_00431,no_pass3,Is there a blue shape in this image?,yes,yes | yes | yes,True,1.0,1.0,1.0,False,1,yes,yes,yes,0.4866,0.26,0.216,0.0,40.5,9.05,2,image+text
synth_no_pass3_00432,no_pass3,What color is the circle in this image?,red,red | red | red,True,1.0,1.0,1.0,False,1,red,red,red,0.4863,0.2604,0.2153,0.0,44.0,9.05,2,image+text
synth_no_pass3_00433,no_pass3,What color is the large rectangle?,the large rectangle is purple,purple | purple | purple,True,1.0,1.0,1.0,False,1,the large rectangle is purple,the large rectangle is purple,the large rectangle is purple,0.7112,0.3452,0.3549,0.0,46.5,9.05,2,image+text
synth_no_pass3_00434,no_pass3,What color is the circle?,red,maroon | dark red | red,True,0.6667,1.0,1.0,False,1,red,red,red,0.4929,0.3129,0.1697,0.0,46.5,9.05,2,image+text
synth_no_pass3_00435,no_pass3,Is there a green shape in this image?,yes,yes | yes | yes,True,1.0,1.0,1.0,False,1,yes,yes,yes,0.5225,0.2554,0.2565,0.0,45.5,9.05,2,image+text
synth_no_pass3_00436,no_pass3,What is the dominant color in this image?,the dominant color in this image is purple,purple | purple | purple,True,1.0,1.0,1.0,False,1,the dominant color in this image is purple,the dominant color is purple,the dominant color in this image is purple,0.8939,0.4888,0.3941,0.0,46.5,9.05,2,image+text
synth_no_pass3_00437,no_pass3,Is there a red shape in this image?,yes,no | no | no,False,0.0,0.6,0.6667,True,1,yes,no,yes,0.503,0.2551,0.2371,0.0,45.5,9.05,2,image+text
synth_no_pass3_00438,no_pass3,What is the dominant color in this image?,burgundy,maroon | maroon | dark red,False,0.0,1.0,1.0,True,1,burgundy,burgundy,burgundy,0.7077,0.3927,0.3024,0.0,44.5,9.05,2,image+text
synth_no_pass3_00439,no_pass3,Is the background color light or dark?,a dark background,dark | dark | medium,True,0.6667,1.0,1.0,False,1,a dark background,a dark background,a dark background,0.6229,0.3058,0.3069,0.0,46.5,9.05,2,image+text
synth_no_pass3_00440,no_pass3,What color is the large rectangle?,brown color,brown | brown | brown,True,1.0,1.0,1.0,False,1,brown color,brown color,brown color,0.5549,0.2795,0.2644,0.0,38.0,9.05,2,image+text
synth_no_pass3_00441,no_pass3,What color is the circle in this image?,yellow,yellow | yellow | yellow,True,1.0,1.0,1.0,False,1,yellow,yellow,yellow,0.5818,0.308,0.2631,0.0,45.0,9.05,2,image+text
synth_no_pass3_00442,no_pass3,What color is the large rectangle?,red,red | red | red,True,1.0,1.0,1.0,False,1,red,red,red,0.5482,0.3241,0.2137,0.0,42.0,9.05,2,image+text
synth_no_pass3_00443,no_pass3,What color is the circle in this image?,red,red | red | red,True,1.0,1.0,1.0,False,1,red,red,red,0.4782,0.256,0.2118,0.0,44.0,9.05,2,image+text
synth_no_pass3_00444,no_pass3,What is the dominant color in this image?,cyan,cyan | cyan | blue,True,0.6667,0.6,0.6667,False,1,cyan,blue,cyan,0.5243,0.3028,0.2111,0.0,44.0,9.05,2,image+text
synth_no_pass3_00445,no_pass3,Is the background color light or dark?,dark,light | light | light,False,0.0,0.6,0.6667,True,1,dark,light,dark,0.4383,0.214,0.2138,0.0,43.5,9.05,2,image+text
synth_no_pass3_00446,no_pass3,What is the dominant color in this image?,red is the dominant color in this image,red | red | red,True,1.0,1.0,1.0,False,1,red is the dominant color in this image,red is the dominant color in this image,red is the dominant color in this image,0.9951,0.4913,0.4932,0.0,42.5,9.05,2,image+text
synth_no_pass3_00447,no_pass3,What color is the large rectangle?,blue,blue | blue | blue,True,1.0,1.0,1.0,False,1,blue,blue,blue,0.4928,0.2692,0.2134,0.0,41.0,9.05,2,image+text
synth_no_pass3_00448,no_pass3,What is the dominant color in this image?,the dominant color in this image is green,green | green | green,True,1.0,1.0,1.0,False,1,the dominant color in this image is green,the dominant color is green,the dominant color in this image is green,0.8574,0.4904,0.356,0.0,45.5,9.05,2,image+text
synth_no_pass3_00449,no_pass3,What color is the background?,navy blue,navy | dark blue | blue,True,0.6667,1.0,1.0,False,1,navy blue,navy blue,navy blue,0.4427,0.2163,0.2155,0.0,46.5,9.05,2,image+text
synth_no_pass3_00450,no_pass3,What color is the background?,gray,gray | gray | grey,True,0.6667,1.0,1.0,False,1,gray,gray,gray,0.4425,0.2157,0.2159,0.0,46.0,9.05,2,image+text
synth_no_pass3_00451,no_pass3,What color is the circle in this image?,yellow,yellow | yellow | yellow,True,1.0,1.0,1.0,False,1,yellow,yellow,yellow,0.596,0.3252,0.2604,0.0,46.5,9.05,2,image+text
synth_no_pass3_00452,no_pass3,What color is the background?,navy blue,navy | dark blue | blue,True,0.6667,1.0,1.0,False,1,navy blue,navy blue,navy blue,0.4561,0.2133,0.2316,0.0,44.0,9.05,2,image+text
synth_no_pass3_00453,no_pass3,Is there a red shape in this image?,yes,no | no | no,False,0.0,0.6,0.6667,True,1,yes,no,yes,0.4814,0.2585,0.2119,0.0,43.0,9.05,2,image+text
synth_no_pass3_00454,no_pass3,What color is the circle in this image?,blue,blue | blue | blue,True,1.0,1.0,1.0,False,1,blue,blue,blue,0.4799,0.2562,0.2128,0.0,47.0,9.05,2,image+text
synth_no_pass3_00455,no_pass3,What color is the large rectangle?,blue,blue | blue | blue,True,1.0,1.0,1.0,False,1,blue,blue,blue,0.4774,0.2557,0.2113,0.0,45.0,9.05,2,image+text
synth_no_pass3_00456,no_pass3,What color is the large rectangle?,the color orange,orange | orange | orange,True,1.0,1.0,1.0,False,1,the color orange,the color orange,the color orange,0.5682,0.3005,0.2563,0.0,45.0,9.05,2,image+text
synth_no_pass3_00457,no_pass3,What color is the small circle?,green,olive | olive | green,True,0.3333,1.0,1.0,False,1,green,green,green,0.4865,0.3084,0.1678,0.0,46.0,9.05,2,image+text
synth_no_pass3_00458,no_pass3,Is the circle on the left or right side?,a circle on the left side,right | right | right,False,0.0,0.6,0.6667,True,1,a circle on the left side,right side,a circle on the left side,0.7151,0.4909,0.2136,0.0,43.0,9.05,2,image+text
synth_no_pass3_00459,no_pass3,What is the dominant color in this image?,the dominant color in this image is green,green | green | green,True,1.0,1.0,1.0,False,1,the dominant color in this image is green,the dominant color is green,the dominant color in this image is green,0.8449,0.4853,0.3489,0.0,44.0,9.05,2,image+text
synth_no_pass3_00460,no_pass3,What color is the large rectangle?,brown color,brown | brown | brown,True,1.0,1.0,1.0,False,1,brown color,brown color,brown color,0.5409,0.2754,0.2548,0.0,29.5,9.05,2,image+text
synth_no_pass3_00461,no_pass3,Is the circle on the left or right side?,is the circle on the left side,left | left | left,True,1.0,1.0,1.0,False,1,is the circle on the left side,is the circle on the left side,is the circle on the left side,0.973,0.4641,0.4961,0.0,42.5,9.05,2,image+text
synth_no_pass3_00462,no_pass3,What color is the small circle?,green,olive | olive | green,True,0.3333,1.0,1.0,False,1,green,green,green,0.4868,0.3052,0.1707,0.0,39.5,9.05,2,image+text
synth_no_pass3_00463,no_pass3,What color is the circle?,pink,pink | pink | pink,True,1.0,1.0,1.0,False,1,pink,pink,pink,0.536,0.2616,0.2641,0.0,43.5,9.05,2,image+text
synth_no_pass3_00464,no_pass3,What color is the background?,the background is white,cream | white | beige,True,0.3333,1.0,1.0,False,1,the background is white,the background is white,the background is white,0.6372,0.3136,0.313,0.0,46.0,9.05,2,image+text
synth_no_pass3_00465,no_pass3,What is the dominant color in this image?,the dominant color in this image is yellow,yellow | yellow | yellow,True,1.0,0.6,0.6667,False,1,the dominant color in this image is yellow,a dominant color in this image,the dominant color in this image is yellow,0.9749,0.5062,0.4577,0.0,42.5,9.05,2,image+text
synth_no_pass3_00466,no_pass3,What color is the large rectangle?,the large rectangle is white,white | white | white,True,1.0,1.0,1.0,False,1,the large rectangle is white,the large rectangle is white,the large rectangle is white,0.7282,0.3572,0.3597,0.0,39.5,9.05,2,image+text
synth_no_pass3_00467,no_pass3,Is there a red shape in this image?,yes,yes | yes | yes,True,1.0,1.0,1.0,False,1,yes,yes,yes,0.5311,0.3053,0.2151,0.0,39.5,9.05,2,image+text
synth_no_pass3_00468,no_pass3,What color is the circle in this image?,blue,blue | blue | blue,True,1.0,1.0,1.0,False,1,blue,blue,blue,0.5045,0.2793,0.2138,0.0,41.5,9.05,2,image+text
synth_no_pass3_00469,no_pass3,Is the circle on the left or right side?,is the circle on the left side,right | right | right,False,0.0,0.6,0.6667,True,1,is the circle on the left side,right side,is the circle on the left side,0.7614,0.4439,0.3069,0.0,44.5,9.05,2,image+text
synth_no_pass3_00470,no_pass3,What is the dominant color in this image?,the dominant color in this image is purple,purple | purple | purple,True,1.0,1.0,1.0,False,1,the dominant color in this image is purple,the dominant color is purple,the dominant color in this image is purple,0.9046,0.4933,0.3999,0.0,41.5,9.05,2,image+text
synth_no_pass3_00471,no_pass3,Is there a green shape in this image?,yes,yes | yes | yes,True,1.0,1.0,1.0,False,1,yes,yes,yes,0.5317,0.2608,0.2607,0.0,42.5,9.05,2,image+text
synth_no_pass3_00472,no_pass3,What is the dominant color in this image?,the dominant color in this image,orange | orange | orange,False,0.0,0.6,0.6667,True,1,the dominant color in this image,orange,the dominant color in this image,0.7179,0.4005,0.3059,0.0,46.5,9.05,2,image+text
synth_no_pass3_00473,no_pass3,Is the background color light or dark?,dark,light | light | light,False,0.0,0.6,0.6667,True,1,dark,light,dark,0.4335,0.2112,0.2119,0.0,46.5,9.05,2,image+text
synth_no_pass3_00474,no_pass3,Is the background color light or dark?,dark blue,dark | dark | dark,False,0.0,1.0,1.0,True,1,dark blue,dark blue,dark blue,0.438,0.2138,0.2142,0.0,46.0,9.05,2,image+text
synth_no_pass3_00475,no_pass3,What color is the large rectangle?,the large rectangle is green,green | green | green,True,1.0,1.0,1.0,False,1,the large rectangle is green,the large rectangle is green,the large rectangle is green,0.7048,0.3468,0.3473,0.0,46.0,9.05,2,image+text
synth_no_pass3_00476,no_pass3,What color is the large rectangle?,red,red | red | red,True,1.0,1.0,1.0,False,1,red,red,red,0.5269,0.3035,0.2124,0.0,43.0,9.05,2,image+text
synth_no_pass3_00477,no_pass3,What is the dominant color in this image?,red is the dominant color in this image,red | red | red,True,1.0,1.0,1.0,False,1,red is the dominant color in this image,red is the dominant color in this image,red is the dominant color in this image,1.0016,0.4873,0.5036,0.0,37.5,9.05,2,image+text
synth_no_pass3_00478,no_pass3,Is the circle on the left or right side?,is the circle on the left side,left | left | left,True,1.0,1.0,1.0,False,1,is the circle on the left side,Is the circle on the left side,is the circle on the left side,0.9683,0.461,0.4963,0.0,36.5,9.05,2,image+text
synth_no_pass3_00479,no_pass3,What is the dominant color in this image?,the dominant color in this image is yellow,yellow | yellow | yellow,True,1.0,0.6,0.6667,False,1,the dominant color in this image is yellow,a dominant color in this image,the dominant color in this image is yellow,0.9384,0.485,0.4422,0.0,42.0,9.05,2,image+text
synth_no_pass3_00480,no_pass3,What is the dominant color in this image?,the dominant color in this image is green,green | green | green,True,1.0,1.0,1.0,False,1,the dominant color in this image is green,the dominant color is green,the dominant color in this image is green,0.8764,0.5111,0.3543,0.0,36.5,9.05,2,image+text
synth_no_pass3_00481,no_pass3,What is the dominant color in this image?,the dominant color in this image is purple,purple | purple | purple,True,1.0,1.0,1.0,False,1,the dominant color in this image is purple,the dominant color is purple,the dominant color in this image is purple,0.9016,0.4911,0.3993,0.0,42.0,9.05,2,image+text
synth_no_pass3_00482,no_pass3,What color is the circle?,a red circle,brown | brown | maroon,False,0.0,0.6,0.6667,True,1,a red circle,maroon,a red circle,0.5768,0.3054,0.2608,0.0,39.0,9.05,2,image+text
synth_no_pass3_00483,no_pass3,What color is the small circle?,green,lime | lime | yellow-green,False,0.0,1.0,1.0,True,1,green,green,green,0.5375,0.3144,0.213,0.0,39.5,9.05,2,image+text
synth_no_pass3_00484,no_pass3,What color is the circle in this image?,yellow,yellow | yellow | yellow,True,1.0,1.0,1.0,False,1,yellow,yellow,yellow,0.5753,0.3037,0.2612,0.0,42.5,9.05,2,image+text
synth_no_pass3_00485,no_pass3,What is the dominant color in this image?,red is the dominant color in this image,red | red | red,True,1.0,1.0,1.0,False,1,red is the dominant color in this image,red is the dominant color in this image,red is the dominant color in this image,1.0169,0.4936,0.5124,0.0,41.5,9.05,2,image+text
synth_no_pass3_00486,no_pass3,Is the background color light or dark?,a dark background,dark | dark | medium,True,0.6667,1.0,1.0,False,1,a dark background,a dark background,a dark background,0.6225,0.3062,0.3058,0.0,42.0,9.05,2,image+text
synth_no_pass3_00487,no_pass3,What is the dominant color in this image?,the dominant color in this image,orange | orange | orange,False,0.0,0.6,0.6667,True,1,the dominant color in this image,orange,the dominant color in this image,0.7149,0.3984,0.3059,0.0,47.0,9.05,2,image+text
synth_no_pass3_00488,no_pass3,What is the dominant color in this image?,cyan,cyan | cyan | blue,True,0.6667,0.6,0.6667,False,1,cyan,blue,cyan,0.5321,0.307,0.2145,0.0,44.0,9.05,2,image+text
synth_no_pass3_00489,no_pass3,What color is the circle in this image?,red,red | red | red,True,1.0,1.0,1.0,False,1,red,red,red,0.4847,0.2602,0.2141,0.0,42.5,9.05,2,image+text
synth_no_pass3_00490,no_pass3,Is there a red shape in this image?,yes,yes | yes | yes,True,1.0,1.0,1.0,False,1,yes,yes,yes,0.532,0.3057,0.2153,0.0,45.5,9.05,2,image+text
synth_no_pass3_00491,no_pass3,What color is the large rectangle?,the large rectangle is green,green | green | green,True,1.0,1.0,1.0,False,1,the large rectangle is green,the large rectangle is green,the large rectangle is green,0.708,0.3487,0.3487,0.0,47.0,9.05,2,image+text
synth_no_pass3_00492,no_pass3,What color is the background?,navy blue,navy | dark blue | blue,True,0.6667,1.0,1.0,False,1,navy blue,navy blue,navy blue,0.4371,0.2111,0.2149,0.0,47.0,9.05,2,image+text
synth_no_pass3_00493,no_pass3,What color is the background?,white,white | white | white,True,1.0,1.0,1.0,False,1,white,white,white,0.486,0.3069,0.1686,0.0,43.0,9.05,2,image+text
synth_no_pass3_00494,no_pass3,What color is the circle in this image?,red,red | red | red,True,1.0,1.0,1.0,False,1,red,red,red,0.486,0.2597,0.2155,0.0,40.0,9.05,2,image+text
synth_no_pass3_00495,no_pass3,What is the dominant color in this image?,burgundy,maroon | maroon | dark red,False,0.0,1.0,1.0,True,1,burgundy,burgundy,burgundy,0.7259,0.4088,0.3066,0.0,44.0,9.05,2,image+text
synth_no_pass3_00496,no_pass3,What color is the large rectangle?,blue,blue | blue | blue,True,1.0,1.0,1.0,False,1,blue,blue,blue,0.5171,0.2949,0.2119,0.0,46.5,9.05,2,image+text
synth_no_pass3_00497,no_pass3,Is the background color light or dark?,light blue,light | light | medium,False,0.0,1.0,1.0,True,1,light blue,light blue,light blue,0.4318,0.2104,0.2112,0.0,47.0,9.05,2,image+text
synth_no_pass3_00498,no_pass3,Is there a red shape in this image?,yes,no | no | no,False,0.0,0.6,0.6667,True,1,yes,no,yes,0.4775,0.2548,0.2119,0.0,44.5,9.05,2,image+text
synth_no_pass3_00499,no_pass3,What is the dominant color in this image?,a blue background,navy | navy | blue | dark blue,True,0.6667,1.0,1.0,False,1,a blue background,navy blue,a blue background,0.5227,0.3013,0.2112,0.0,44.5,9.05,2,image+text
synth_no_pass3_00500,no_pass3,What color is the background?,gray,gray | gray | grey,True,0.6667,1.0,1.0,False,1,gray,gray,gray,0.4587,0.233,0.2149,0.0,35.5,9.05,2,image+text
synth_no_pass3_00501,no_pass3,What color is the large rectangle?,red,red | red | red,True,1.0,1.0,1.0,False,1,red,red,red,0.5425,0.3069,0.2248,0.0,44.5,9.05,2,image+text
synth_no_pass3_00502,no_pass3,What color is the circle in this image?,yellow,yellow | yellow | yellow,True,1.0,1.0,1.0,False,1,yellow,yellow,yellow,0.5908,0.3178,0.2626,0.0,46.0,9.05,2,image+text
synth_no_pass3_00503,no_pass3,What color is the background?,gray,gray | gray | grey,True,0.6667,1.0,1.0,False,1,gray,gray,gray,0.4379,0.2143,0.2129,0.0,46.0,9.05,2,image+text
synth_no_pass3_00504,no_pass3,What color is the circle?,pink,pink | pink | pink,True,1.0,1.0,1.0,False,1,pink,pink,pink,0.5439,0.2737,0.2596,0.0,46.5,9.05,2,image+text
synth_no_pass3_00505,no_pass3,What is the dominant color in this image?,the dominant color in this image is blue,teal | teal | cyan | blue-green,False,0.0,1.0,1.0,True,1,the dominant color in this image is blue,the dominant color is blue,the dominant color in this image is blue,0.9035,0.4938,0.399,0.0,45.5,9.05,2,image+text
synth_no_pass3_00506,no_pass3,What is the dominant color in this image?,red is the dominant color in this image,red | red | red,True,1.0,1.0,1.0,False,1,red is the dominant color in this image,red is the dominant color in this image,red is the dominant color in this image,0.9991,0.4918,0.4965,0.0,40.5,9.05,2,image+text
synth_no_pass3_00507,no_pass3,What is the dominant color in this image?,the dominant color in this image is purple,purple | purple | purple,True,1.0,1.0,1.0,False,1,the dominant color in this image is purple,the dominant color is purple,the dominant color in this image is purple,0.9036,0.4922,0.4004,0.0,37.5,9.05,2,image+text
synth_no_pass3_00508,no_pass3,What color is the circle in this image?,blue,blue | blue | blue,True,1.0,1.0,1.0,False,1,blue,blue,blue,0.4844,0.2593,0.2138,0.0,39.5,9.05,2,image+text
synth_no_pass3_00509,no_pass3,Is there a blue shape in this image?,yes,no | no | no,False,0.0,1.0,1.0,True,1,yes,yes,yes,0.4948,0.2684,0.2157,0.0,43.0,9.05,2,image+text
synth_no_pass3_00510,no_pass3,Is the circle on the left or right side?,is the circle on the left side,left | left | left,True,1.0,1.0,1.0,False,1,is the circle on the left side,Is the circle on the left side,is the circle on the left side,0.9721,0.442,0.5188,0.0,41.0,9.05,2,image+text
synth_no_pass3_00511,no_pass3,What color is the large rectangle?,red,red | red | red,True,1.0,1.0,1.0,False,1,red,red,red,0.529,0.3047,0.214,0.0,39.0,9.05,2,image+text
synth_no_pass3_00512,no_pass3,What color is the large rectangle?,the large rectangle is green,green | green | green,True,1.0,1.0,1.0,False,1,the large rectangle is green,the large rectangle is green,the large rectangle is green,0.7163,0.3524,0.3527,0.0,43.0,9.05,2,image+text
synth_no_pass3_00513,no_pass3,What color is the small circle?,green,olive | olive | green,True,0.3333,1.0,1.0,False,1,green,green,green,0.4805,0.3036,0.1667,0.0,42.5,9.05,2,image+text
synth_no_pass3_00514,no_pass3,Is there a red shape in this image?,yes,yes | yes | yes,True,1.0,1.0,1.0,False,1,yes,yes,yes,0.5451,0.32,0.2143,0.0,42.5,9.05,2,image+text
synth_no_pass3_00515,no_pass3,What color is the large rectangle?,the large rectangle is green,green | green | green,True,1.0,1.0,1.0,False,1,the large rectangle is green,the large rectangle is green,the large rectangle is green,0.7433,0.353,0.3795,0.0,45.0,9.05,2,image+text
synth_no_pass3_00516,no_pass3,Is the background color light or dark?,dark background,dark | dark | dark,True,1.0,1.0,1.0,False,1,dark background,dark background,dark background,0.4793,0.2576,0.2106,0.0,39.5,9.05,2,image+text
synth_no_pass3_00517,no_pass3,What color is the large rectangle?,red,maroon | maroon | dark red,True,0.3333,1.0,1.0,False,1,red,red,red,0.5313,0.3063,0.2146,0.0,44.5,9.05,2,image+text
synth_no_pass3_00518,no_pass3,What is the dominant color in this image?,the dominant color in this image is yellow,yellow | yellow | yellow,True,1.0,0.6,0.6667,False,1,the dominant color in this image is yellow,a dominant color in this image,the dominant color in this image is yellow,0.9535,0.4926,0.4499,0.0,42.0,9.05,2,image+text
synth_no_pass3_00519,no_pass3,What is the dominant color in this image?,the dominant color in this image,orange | orange | orange,False,0.0,0.6,0.6667,True,1,the dominant color in this image,orange,the dominant color in this image,0.7352,0.4001,0.3241,0.0,42.0,9.05,2,image+text
synth_no_pass3_00520,no_pass3,What is the dominant color in this image?,the dominant color in this image is purple,purple | purple | purple,True,1.0,1.0,1.0,False,1,the dominant color in this image is purple,the dominant color is purple,the dominant color in this image is purple,0.9277,0.5147,0.4016,0.0,35.0,9.05,2,image+text
synth_no_pass3_00521,no_pass3,What is the dominant color in this image?,the dominant color in this image,orange | orange | orange,False,0.0,0.6,0.6667,True,1,the dominant color in this image,orange,the dominant color in this image,0.7164,0.3984,0.3066,0.0,42.0,9.05,2,image+text
synth_no_pass3_00522,no_pass3,Is the background color light or dark?,dark background,dark | dark | dark,True,1.0,1.0,1.0,False,1,dark background,dark background,dark background,0.494,0.2693,0.2139,0.0,42.5,9.05,2,image+text
synth_no_pass3_00523,no_pass3,What color is the large rectangle?,blue,blue | blue | blue,True,1.0,1.0,1.0,False,1,blue,blue,blue,0.4845,0.26,0.2135,0.0,42.0,9.05,2,image+text
synth_no_pass3_00524,no_pass3,Is the circle on the left or right side?,is the circle on the left side,left | left | left,True,1.0,1.0,1.0,False,1,is the circle on the left side,is the circle on the left side,is the circle on the left side,0.9452,0.4421,0.4922,0.0,39.0,9.05,2,image+text
synth_no_pass3_00525,no_pass3,Is there a red shape in this image?,yes,no | no | no,False,0.0,0.6,0.6667,True,1,yes,no,yes,0.5081,0.2588,0.2384,0.0,41.0,9.05,2,image+text
synth_no_pass3_00526,no_pass3,What is the dominant color in this image?,blue is the dominant color in this image,blue | blue | blue,True,1.0,1.0,1.0,False,1,blue is the dominant color in this image,blue is the dominant color in this image,blue is the dominant color in this image,0.9922,0.4871,0.4941,0.0,41.0,9.05,2,image+text
synth_no_pass3_00527,no_pass3,What color is the large rectangle?,a yellow square,yellow | yellow | yellow,True,1.0,0.6,0.6667,False,1,a yellow square,large rectangle,a yellow square,0.5302,0.3065,0.2134,0.0,39.5,9.05,2,image+text
synth_no_pass3_00528,no_pass3,What color is the large rectangle?,brown color,brown | brown | brown,True,1.0,1.0,1.0,False,1,brown color,brown color,brown color,0.5318,0.2598,0.2617,0.0,44.0,9.05,2,image+text
synth_no_pass3_00529,no_pass3,Is the background color light or dark?,a dark background,dark | dark | medium,True,0.6667,1.0,1.0,False,1,a dark background,a dark background,a dark background,0.6242,0.3057,0.3076,0.0,47.0,9.05,2,image+text
synth_no_pass3_00530,no_pass3,Is the background color light or dark?,dark background,dark | dark | dark,True,1.0,1.0,1.0,False,1,dark background,dark background,dark background,0.484,0.2606,0.2125,0.0,47.0,9.05,2,image+text
synth_no_pass3_00531,no_pass3,What color is the large rectangle?,the large rectangle is green,green | green | green,True,1.0,1.0,1.0,False,1,the large rectangle is green,the large rectangle is green,the large rectangle is green,0.7373,0.3503,0.3757,0.0,45.5,9.05,2,image+text
synth_no_pass3_00532,no_pass3,What color is the circle in this image?,yellow,yellow | yellow | yellow,True,1.0,1.0,1.0,False,1,yellow,yellow,yellow,0.5819,0.3083,0.2629,0.0,44.0,9.05,2,image+text
synth_no_pass3_00533,no_pass3,Is the circle on the left or right side?,is the circle on the left side,left | left | left,True,1.0,1.0,1.0,False,1,is the circle on the left side,Is the circle on the left side,is the circle on the left side,0.9445,0.4443,0.4888,0.0,41.0,9.05,2,image+text
synth_no_pass3_00534,no_pass3,What is the dominant color in this image?,the dominant color in this image is yellow,yellow | yellow | yellow,True,1.0,0.6,0.6667,False,1,the dominant color in this image is yellow,a dominant color in this image,the dominant color in this image is yellow,0.9428,0.4911,0.441,0.0,38.0,9.05,2,image+text
synth_no_pass3_00535,no_pass3,What color is the circle in this image?,yellow,yellow | yellow | yellow,True,1.0,1.0,1.0,False,1,yellow,yellow,yellow,0.5718,0.3017,0.2596,0.0,39.0,9.05,2,image+text
synth_no_pass3_00536,no_pass3,Is there a green shape in this image?,yes,no | no | no,False,0.0,1.0,1.0,True,1,yes,yes,yes,0.4825,0.2579,0.2141,0.0,42.5,9.05,2,image+text
synth_no_pass3_00537,no_pass3,What color is the background?,blue,blue | blue | blue,True,1.0,1.0,1.0,False,1,blue,blue,blue,0.5296,0.3056,0.2137,0.0,43.0,9.05,2,image+text
synth_no_pass3_00538,no_pass3,Is the circle on the left or right side?,is the circle on the left side,left | left | left,True,1.0,1.0,1.0,False,1,is the circle on the left side,Is the circle on the left side,is the circle on the left side,0.947,0.4421,0.493,0.0,40.5,9.05,2,image+text
synth_no_pass3_00539,no_pass3,Is there a red shape in this image?,yes,no | no | no,False,0.0,0.6,0.6667,True,1,yes,no,yes,0.488,0.2627,0.2149,0.0,43.5,9.05,2,image+text
synth_no_pass3_00540,no_pass3,Is the background color light or dark?,dark,dark | dark | dark,True,1.0,1.0,1.0,False,1,dark,dark,dark,0.4583,0.2321,0.2148,0.0,35.5,9.05,2,image+text
synth_no_pass3_00541,no_pass3,What color is the background?,white,white | white | white,True,1.0,1.0,1.0,False,1,white,white,white,0.48,0.3033,0.1658,0.0,43.0,9.05,2,image+text
synth_no_pass3_00542,no_pass3,Is there a green shape in this image?,yes,yes | yes | yes,True,1.0,1.0,1.0,False,1,yes,yes,yes,0.55,0.2799,0.2598,0.0,44.0,9.05,2,image+text
synth_no_pass3_00543,no_pass3,What is the dominant color in this image?,the dominant color in this image is purple,purple | purple | purple,True,1.0,1.0,1.0,False,1,the dominant color in this image is purple,the dominant color is purple,the dominant color in this image is purple,0.8967,0.488,0.3977,0.0,41.0,9.05,2,image+text
synth_no_pass3_00544,no_pass3,What color is the circle in this image?,red,red | red | red,True,1.0,1.0,1.0,False,1,red,red,red,0.4758,0.2554,0.2102,0.0,40.0,9.05,2,image+text
synth_no_pass3_00545,no_pass3,Is the circle on the left or right side?,is the circle on the left side,left | left | left,True,1.0,1.0,1.0,False,1,is the circle on the left side,is the circle on the left side,is the circle on the left side,0.9362,0.4414,0.484,0.0,40.5,9.05,2,image+text
synth_no_pass3_00546,no_pass3,What is the dominant color in this image?,the dominant color in this image is yellow,yellow | yellow | yellow,True,1.0,0.6,0.6667,False,1,the dominant color in this image is yellow,a dominant color in this image,the dominant color in this image is yellow,0.9623,0.5024,0.449,0.0,38.5,9.05,2,image+text
synth_no_pass3_00547,no_pass3,What is the dominant color in this image?,the dominant color in this image is purple,purple | purple | purple,True,1.0,1.0,1.0,False,1,the dominant color in this image is purple,the dominant color is purple,the dominant color in this image is purple,0.9124,0.4949,0.4067,0.0,40.0,9.05,2,image+text
synth_no_pass3_00548,no_pass3,What color is the large rectangle?,the large rectangle is purple,purple | purple | purple,True,1.0,1.0,1.0,False,1,the large rectangle is purple,the large rectangle is purple,the large rectangle is purple,0.703,0.3459,0.3465,0.0,43.0,9.05,2,image+text
synth_no_pass3_00549,no_pass3,What color is the large rectangle?,the large rectangle is white,white | white | white,True,1.0,1.0,1.0,False,1,the large rectangle is white,the large rectangle is white,the large rectangle is white,0.703,0.3461,0.3459,0.0,46.0,9.05,2,image+text
synth_no_pass3_00550,no_pass3,What color is the large rectangle?,red,red | red | red,True,1.0,1.0,1.0,False,1,red,red,red,0.5361,0.3102,0.2151,0.0,45.5,9.05,2,image+text
synth_no_pass3_00551,no_pass3,Is there a red shape in this image?,yes,no | no | no,False,0.0,0.6,0.6667,True,1,yes,no,yes,0.4905,0.2604,0.2193,0.0,44.0,9.05,2,image+text
synth_no_pass3_00552,no_pass3,What color is the circle?,the circle is green,olive | olive | brown,False,0.0,1.0,1.0,True,1,the circle is green,the circle is green,the circle is green,0.6265,0.3085,0.3073,0.0,42.0,9.05,2,image+text
synth_no_pass3_00553,no_pass3,What color is the circle?,red,maroon | dark red | red,True,0.6667,1.0,1.0,False,1,red,red,red,0.4844,0.3057,0.1675,0.0,39.0,9.05,2,image+text
synth_no_pass3_00554,no_pass3,What is the dominant color in this image?,the dominant color in this image is green,green | green | green,True,1.0,1.0,1.0,False,1,the dominant color in this image is green,the dominant color is green,the dominant color in this image is green,0.8542,0.49,0.3534,0.0,43.0,9.05,2,image+text
synth_no_pass3_00555,no_pass3,What color is the circle?,pink,pink | pink | pink,True,1.0,1.0,1.0,False,1,pink,pink,pink,0.5366,0.2629,0.263,0.0,47.0,9.05,2,image+text
synth_no_pass3_00556,no_pass3,What color is the background?,blue,blue | blue | blue,True,1.0,1.0,1.0,False,1,blue,blue,blue,0.5352,0.3096,0.2152,0.0,47.0,9.05,2,image+text
synth_no_pass3_00557,no_pass3,What is the dominant color in this image?,the dominant color in this image is yellow,yellow | yellow | yellow,True,1.0,0.6,0.6667,False,1,the dominant color in this image is yellow,a dominant color in this image,the dominant color in this image is yellow,0.9495,0.4933,0.4447,0.0,46.5,9.05,2,image+text
synth_no_pass3_00558,no_pass3,Is there a purple shape in this image?,yes,yes | yes | yes,True,1.0,1.0,1.0,False,1,yes,yes,yes,0.4795,0.2578,0.2109,0.0,42.0,9.05,2,image+text
synth_no_pass3_00559,no_pass3,What color is the large rectangle?,a yellow square,yellow | yellow | yellow,True,1.0,0.6,0.6667,False,1,a yellow square,large rectangle,a yellow square,0.528,0.3031,0.2143,0.0,43.5,9.05,2,image+text
synth_no_pass3_00560,no_pass3,What is the dominant color in this image?,a blue background,navy | navy | blue | dark blue,True,0.6667,1.0,1.0,False,1,a blue background,navy blue,a blue background,0.5569,0.3293,0.2165,0.0,42.5,9.05,2,image+text
synth_no_pass3_00561,no_pass3,What color is the circle in this image?,yellow,yellow | yellow | yellow,True,1.0,1.0,1.0,False,1,yellow,yellow,yellow,0.5724,0.3039,0.2581,0.0,41.5,9.05,2,image+text
synth_no_pass3_00562,no_pass3,Is there a green shape in this image?,yes,no | no | no,False,0.0,1.0,1.0,True,1,yes,yes,yes,0.4758,0.2543,0.2116,0.0,46.5,9.05,2,image+text
synth_no_pass3_00563,no_pass3,Is there a purple shape in this image?,yes,yes | yes | yes,True,1.0,1.0,1.0,False,1,yes,yes,yes,0.4795,0.2558,0.2132,0.0,46.0,9.05,2,image+text
synth_no_pass3_00564,no_pass3,What is the dominant color in this image?,the dominant color in this image is green,green | green | green,True,1.0,1.0,1.0,False,1,the dominant color in this image is green,the dominant color is green,the dominant color in this image is green,0.8612,0.4907,0.36,0.0,45.5,9.05,2,image+text
synth_no_pass3_00565,no_pass3,What color is the small circle?,green,olive | olive | green,True,0.3333,1.0,1.0,False,1,green,green,green,0.4827,0.3042,0.1679,0.0,46.0,9.05,2,image+text
synth_no_pass3_00566,no_pass3,What color is the large rectangle?,the large rectangle is white,white | white | white,True,1.0,1.0,1.0,False,1,the large rectangle is white,the large rectangle is white,the large rectangle is white,0.7133,0.3498,0.3525,0.0,46.0,9.05,2,image+text
synth_no_pass3_00567,no_pass3,What is the dominant color in this image?,the dominant color in this image is green,green | green | green,True,1.0,1.0,1.0,False,1,the dominant color in this image is green,the dominant color is green,the dominant color in this image is green,0.8565,0.493,0.3522,0.0,46.0,9.05,2,image+text
synth_no_pass3_00568,no_pass3,What color is the large rectangle?,a large rectangle,pink | pink | pink,False,0.0,0.6,0.6667,True,1,a large rectangle,pink,a large rectangle,0.5234,0.3012,0.2105,0.0,40.0,9.05,2,image+text
synth_no_pass3_00569,no_pass3,What is the dominant color in this image?,red is the dominant color in this image,red | red | red,True,1.0,1.0,1.0,False,1,red is the dominant color in this image,red is the dominant color in this image,red is the dominant color in this image,0.9991,0.4951,0.4928,0.0,39.5,9.05,2,image+text
synth_no_pass3_00570,no_pass3,What color is the background?,gray,gray | gray | grey,True,0.6667,1.0,1.0,False,1,gray,gray,gray,0.4532,0.2309,0.2114,0.0,42.5,9.05,2,image+text
synth_no_pass3_00571,no_pass3,What is the dominant color in this image?,the dominant color in this image is purple,purple | purple | purple,True,1.0,1.0,1.0,False,1,the dominant color in this image is purple,the dominant color is purple,the dominant color in this image is purple,0.8972,0.4847,0.4013,0.0,46.0,9.05,2,image+text
synth_no_pass3_00572,no_pass3,What color is the large rectangle?,the large rectangle is blue,teal | teal | green,False,0.0,1.0,1.0,True,1,the large rectangle is blue,the large rectangle is blue,the large rectangle is blue,0.7171,0.353,0.3529,0.0,44.5,9.05,2,image+text
synth_no_pass3_00573,no_pass3,What is the dominant color in this image?,the dominant color in this image is green,olive | olive | green | dark green,True,0.6667,1.0,1.0,False,1,the dominant color in this image is green,the dominant color in this image is green,the dominant color in this image is green,0.9978,0.4937,0.4933,0.0,41.0,9.05,2,image+text
synth_no_pass3_00574,no_pass3,What color is the large rectangle?,blue,blue | blue | blue,True,1.0,1.0,1.0,False,1,blue,blue,blue,0.4889,0.2628,0.2157,0.0,39.5,9.05,2,image+text
synth_no_pass3_00575,no_pass3,What color is the background?,white,white | white | white,True,1.0,1.0,1.0,False,1,white,white,white,0.5064,0.3247,0.1714,0.0,42.0,9.05,2,image+text
synth_no_pass3_00576,no_pass3,What is the dominant color in this image?,burgundy,maroon | maroon | dark red,False,0.0,1.0,1.0,True,1,burgundy,burgundy,burgundy,0.721,0.4019,0.3076,0.0,44.5,9.05,2,image+text
synth_no_pass3_00577,no_pass3,What color is the small circle?,green,olive | olive | green,True,0.3333,1.0,1.0,False,1,green,green,green,0.4889,0.3072,0.1712,0.0,45.5,9.05,2,image+text
synth_no_pass3_00578,no_pass3,What is the dominant color in this image?,red is the dominant color in this image,red | red | red,True,1.0,1.0,1.0,False,1,red is the dominant color in this image,red is the dominant color in this image,red is the dominant color in this image,0.9931,0.4898,0.4925,0.0,41.0,9.05,2,image+text
synth_no_pass3_00579,no_pass3,What color is the circle in this image?,yellow,yellow | yellow | yellow,True,1.0,1.0,1.0,False,1,yellow,yellow,yellow,0.5773,0.3058,0.261,0.0,38.0,9.05,2,image+text
synth_no_pass3_00580,no_pass3,What color is the background?,navy blue,navy | dark blue | blue,True,0.6667,1.0,1.0,False,1,navy blue,navy blue,navy blue,0.4585,0.2323,0.2152,0.0,46.5,9.05,2,image+text
synth_no_pass3_00581,no_pass3,Is the background color light or dark?,dark,dark | dark | dark,True,1.0,1.0,1.0,False,1,dark,dark,dark,0.436,0.2107,0.215,0.0,46.0,9.05,2,image+text
synth_no_pass3_00582,no_pass3,Is there a red shape in this image?,yes,no | no | no,False,0.0,0.6,0.6667,True,1,yes,no,yes,0.5336,0.286,0.2371,0.0,45.0,9.05,2,image+text
synth_no_pass3_00583,no_pass3,Is the background color light or dark?,dark,dark | dark | dark,True,1.0,1.0,1.0,False,1,dark,dark,dark,0.4337,0.2114,0.2119,0.0,45.0,9.05,2,image+text
synth_no_pass3_00584,no_pass3,What is the dominant color in this image?,blue is the dominant color in this image,blue | blue | blue,True,1.0,1.0,1.0,False,1,blue is the dominant color in this image,blue is the dominant color in this image,blue is the dominant color in this image,0.9891,0.4882,0.4906,0.0,42.0,9.05,2,image+text
synth_no_pass3_00585,no_pass3,What color is the small circle?,green,olive | olive | green,True,0.3333,1.0,1.0,False,1,green,green,green,0.5066,0.3283,0.1677,0.0,37.0,9.05,2,image+text
synth_no_pass3_00586,no_pass3,What color is the circle in this image?,red,red | red | red,True,1.0,1.0,1.0,False,1,red,red,red,0.4863,0.261,0.2148,0.0,41.0,9.05,2,image+text
synth_no_pass3_00587,no_pass3,What color is the large rectangle?,blue,blue | blue | blue,True,1.0,1.0,1.0,False,1,blue,blue,blue,0.4933,0.2593,0.2231,0.0,44.5,9.05,2,image+text
synth_no_pass3_00588,no_pass3,What color is the large rectangle?,a large rectangle,pink | pink | pink,False,0.0,0.6,0.6667,True,1,a large rectangle,pink,a large rectangle,0.5314,0.3065,0.2138,0.0,43.5,9.05,2,image+text
synth_no_pass3_00589,no_pass3,What color is the large rectangle?,the large rectangle is white,white | white | white,True,1.0,1.0,1.0,False,1,the large rectangle is white,the large rectangle is white,the large rectangle is white,0.7187,0.3532,0.3549,0.0,41.5,9.05,2,image+text
synth_no_pass3_00590,no_pass3,What color is the large rectangle?,navy blue,navy | dark blue | navy,True,0.3333,1.0,1.0,False,1,navy blue,navy blue,navy blue,0.4404,0.2138,0.2156,0.0,42.5,9.05,2,image+text
synth_no_pass3_00591,no_pass3,What is the dominant color in this image?,cyan,cyan | cyan | blue,True,0.6667,0.6,0.6667,False,1,cyan,blue,cyan,0.5302,0.3075,0.2121,0.0,43.0,9.05,2,image+text
synth_no_pass3_00592,no_pass3,What color is the circle?,a red circle,brown | brown | maroon,False,0.0,0.6,0.6667,True,1,a red circle,maroon,a red circle,0.5817,0.3029,0.2678,0.0,40.0,9.05,2,image+text
synth_no_pass3_00593,no_pass3,What is the dominant color in this image?,cyan,cyan | cyan | blue,True,0.6667,0.6,0.6667,False,1,cyan,blue,cyan,0.5338,0.3087,0.2144,0.0,40.0,9.05,2,image+text
synth_no_pass3_00594,no_pass3,What color is the large rectangle?,the large rectangle is blue,teal | teal | green,False,0.0,1.0,1.0,True,1,the large rectangle is blue,the large rectangle is blue,the large rectangle is blue,0.7547,0.3762,0.3679,0.0,41.0,9.05,2,image+text
synth_no_pass3_00595,no_pass3,Is the circle on the left or right side?,a circle on the left side,right | right | right,False,0.0,0.6,0.6667,True,1,a circle on the left side,right side,a circle on the left side,0.7204,0.4911,0.2184,0.0,40.0,9.05,2,image+text
synth_no_pass3_00596,no_pass3,What color is the large rectangle?,the large rectangle is green,olive | olive | dark yellow,False,0.0,1.0,1.0,True,1,the large rectangle is green,the large rectangle is green,the large rectangle is green,0.7214,0.3551,0.3533,0.0,42.5,9.05,2,image+text
synth_no_pass3_00597,no_pass3,What color is the large rectangle?,red,maroon | maroon | dark red,True,0.3333,1.0,1.0,False,1,red,red,red,0.5649,0.3122,0.2419,0.0,43.0,9.05,2,image+text
synth_no_pass3_00598,no_pass3,What color is the large rectangle?,green,lime | lime | green,True,0.3333,1.0,1.0,False,1,green,green,green,0.4836,0.3048,0.1684,0.0,41.0,9.05,2,image+text
synth_no_pass3_00599,no_pass3,What is the dominant color in this image?,red is the dominant color in this image,red | red | red,True,1.0,1.0,1.0,False,1,red is the dominant color in this image,red is the dominant color in this image,red is the dominant color in this image,1.001,0.4985,0.4917,0.0,44.0,9.05,2,image+text
synth_no_pass3_00600,no_pass3,What color is the large rectangle?,the large rectangle is purple,purple | purple | purple,True,1.0,1.0,1.0,False,1,the large rectangle is purple,the large rectangle is purple,the large rectangle is purple,0.7296,0.371,0.3476,0.0,42.5,9.05,2,image+text
synth_no_pass3_00601,no_pass3,Is the background color light or dark?,dark blue,dark | dark | dark,False,0.0,1.0,1.0,True,1,dark blue,dark blue,dark blue,0.4434,0.2101,0.2227,0.0,47.5,9.05,2,image+text
synth_no_pass3_00602,no_pass3,Is there a red shape in this image?,yes,yes | yes | yes,True,1.0,1.0,1.0,False,1,yes,yes,yes,0.5276,0.3033,0.2141,0.0,46.5,9.05,2,image+text
synth_no_pass3_00603,no_pass3,Is the circle on the left or right side?,is the circle on the left side,left | left | left,True,1.0,1.0,1.0,False,1,is the circle on the left side,Is the circle on the left side,is the circle on the left side,0.9429,0.4419,0.4896,0.0,41.5,9.05,2,image+text
synth_no_pass3_00604,no_pass3,What color is the background?,blue,blue | blue | blue,True,1.0,1.0,1.0,False,1,blue,blue,blue,0.5308,0.3049,0.2152,0.0,38.0,9.05,2,image+text
synth_no_pass3_00605,no_pass3,What color is the background?,blue,blue | blue | blue,True,1.0,1.0,1.0,False,1,blue,blue,blue,0.5301,0.3064,0.2133,0.0,41.0,9.05,2,image+text
synth_no_pass3_00606,no_pass3,What color is the background?,navy blue,navy | dark blue | blue,True,0.6667,1.0,1.0,False,1,navy blue,navy blue,navy blue,0.4367,0.2122,0.2141,0.0,44.5,9.05,2,image+text
synth_no_pass3_00607,no_pass3,What is the dominant color in this image?,the dominant color in this image,orange | orange | orange,False,0.0,0.6,0.6667,True,1,the dominant color in this image,orange,the dominant color in this image,0.7171,0.3976,0.3083,0.0,45.0,9.05,2,image+text
synth_no_pass3_00608,no_pass3,Is the circle on the left or right side?,is the circle on the left side,right | right | right,False,0.0,0.6,0.6667,True,1,is the circle on the left side,right side,is the circle on the left side,0.7705,0.4542,0.3051,0.0,42.5,9.05,2,image+text
synth_no_pass3_00609,no_pass3,What color is the circle in this image?,yellow,yellow | yellow | yellow,True,1.0,1.0,1.0,False,1,yellow,yellow,yellow,0.5786,0.3064,0.2618,0.0,42.5,9.05,2,image+text
synth_no_pass3_00610,no_pass3,Is the background color light or dark?,dark,light | light | light,False,0.0,0.6,0.6667,True,1,dark,light,dark,0.438,0.2128,0.2143,0.0,46.0,9.05,2,image+text
synth_no_pass3_00611,no_pass3,Is the circle on the left or right side?,is the circle on the left side,left | left | center,True,0.6667,0.6,0.6667,False,1,is the circle on the left side,right side,is the circle on the left side,0.7652,0.4468,0.3076,0.0,45.5,9.05,2,image+text
synth_no_pass3_00612,no_pass3,What color is the large rectangle?,the large rectangle is white,white | white | white,True,1.0,1.0,1.0,False,1,the large rectangle is white,the large rectangle is white,the large rectangle is white,0.7236,0.3519,0.3606,0.0,45.5,9.05,2,image+text
synth_no_pass3_00613,no_pass3,What is the dominant color in this image?,blue is the dominant color in this image,blue | blue | blue,True,1.0,1.0,1.0,False,1,blue is the dominant color in this image,blue is the dominant color in this image,blue is the dominant color in this image,0.9887,0.4875,0.4901,0.0,43.0,9.05,2,image+text
synth_no_pass3_00614,no_pass3,What is the dominant color in this image?,the dominant color in this image is green,green | green | green,True,1.0,1.0,1.0,False,1,the dominant color in this image is green,the dominant color is green,the dominant color in this image is green,0.8509,0.4897,0.3498,0.0,38.5,9.05,2,image+text
synth_no_pass3_00615,no_pass3,What color is the large rectangle?,blue,blue | blue | blue,True,1.0,1.0,1.0,False,1,blue,blue,blue,0.4828,0.2593,0.2129,0.0,41.5,9.05,2,image+text
synth_no_pass3_00616,no_pass3,What color is the circle?,the circle is green,cyan | cyan | teal | teal,False,0.0,1.0,1.0,True,1,the circle is green,the circle is green,the circle is green,0.6219,0.3045,0.3061,0.0,46.5,9.05,2,image+text
synth_no_pass3_00617,no_pass3,What color is the background?,white,white | white | white,True,1.0,1.0,1.0,False,1,white,white,white,0.4846,0.3059,0.1679,0.0,46.5,9.05,2,image+text
synth_no_pass3_00618,no_pass3,What color is the large rectangle?,blue,blue | blue | blue,True,1.0,1.0,1.0,False,1,blue,blue,blue,0.4833,0.2581,0.2144,0.0,45.5,9.05,2,image+text
synth_no_pass3_00619,no_pass3,Is the circle on the left or right side?,is the circle on the left side,left | left | left,True,1.0,1.0,1.0,False,1,is the circle on the left side,Is the circle on the left side,is the circle on the left side,0.9303,0.4367,0.4828,0.0,42.5,9.05,2,image+text
synth_no_pass3_00620,no_pass3,What color is the circle?,red,maroon | dark red | red,True,0.6667,1.0,1.0,False,1,red,red,red,0.4992,0.3212,0.167,0.0,38.5,9.05,2,image+text
synth_no_pass3_00621,no_pass3,What is the dominant color in this image?,the dominant color in this image is blue,teal | teal | cyan | blue-green,False,0.0,1.0,1.0,True,1,the dominant color in this image is blue,the dominant color is blue,the dominant color in this image is blue,0.8942,0.4849,0.3988,0.0,38.0,9.05,2,image+text
synth_no_pass3_00622,no_pass3,What color is the circle in this image?,yellow,yellow | yellow | yellow,True,1.0,1.0,1.0,False,1,yellow,yellow,yellow,0.5745,0.3034,0.2607,0.0,39.5,9.05,2,image+text
synth_no_pass3_00623,no_pass3,What color is the circle in this image?,red,red | red | red,True,1.0,1.0,1.0,False,1,red,red,red,0.4808,0.258,0.2121,0.0,43.5,9.05,2,image+text
synth_no_pass3_00624,no_pass3,Is the background color light or dark?,dark,dark | dark | dark,True,1.0,1.0,1.0,False,1,dark,dark,dark,0.4366,0.2127,0.2132,0.0,46.0,9.05,2,image+text
synth_no_pass3_00625,no_pass3,What is the dominant color in this image?,the dominant color in this image,orange | orange | orange,False,0.0,0.6,0.6667,True,1,the dominant color in this image,orange,the dominant color in this image,0.7107,0.3949,0.3048,0.0,43.0,9.05,2,image+text
synth_no_pass3_00626,no_pass3,What color is the circle?,a red circle,brown | brown | maroon,False,0.0,0.6,0.6667,True,1,a red circle,maroon,a red circle,0.5744,0.3039,0.26,0.0,42.0,9.05,2,image+text
synth_no_pass3_00627,no_pass3,What is the dominant color in this image?,a blue background,navy | navy | blue | dark blue,True,0.6667,1.0,1.0,False,1,a blue background,navy blue,a blue background,0.5353,0.3136,0.2109,0.0,42.0,9.05,2,image+text
synth_no_pass3_00628,no_pass3,What color is the large rectangle?,red,maroon | maroon | dark red,True,0.3333,1.0,1.0,False,1,red,red,red,0.5251,0.3038,0.2098,0.0,43.5,9.05,2,image+text
synth_no_pass3_00629,no_pass3,Is there a green shape in this image?,yes,yes | yes | yes,True,1.0,1.0,1.0,False,1,yes,yes,yes,0.5221,0.256,0.2558,0.0,44.5,9.05,2,image+text
synth_no_pass3_00630,no_pass3,What color is the large rectangle?,navy blue,navy | dark blue | navy,True,0.3333,1.0,1.0,False,1,navy blue,navy blue,navy blue,0.438,0.2128,0.2146,0.0,41.5,9.05,2,image+text
synth_no_pass3_00631,no_pass3,What color is the large rectangle?,red,red | red | red,True,1.0,1.0,1.0,False,1,red,red,red,0.5287,0.3042,0.214,0.0,42.5,9.05,2,image+text
synth_no_pass3_00632,no_pass3,What color is the circle?,the circle is green,cyan | cyan | teal | teal,False,0.0,1.0,1.0,True,1,the circle is green,the circle is green,the circle is green,0.6348,0.3184,0.3052,0.0,39.5,9.05,2,image+text
synth_no_pass3_00633,no_pass3,Is there a red shape in this image?,yes,yes | yes | yes,True,1.0,1.0,1.0,False,1,yes,yes,yes,0.5268,0.3046,0.2119,0.0,41.0,9.05,2,image+text
synth_no_pass3_00634,no_pass3,What color is the large rectangle?,blue,blue | blue | blue,True,1.0,1.0,1.0,False,1,blue,blue,blue,0.481,0.2578,0.213,0.0,44.0,9.05,2,image+text
synth_no_pass3_00635,no_pass3,What color is the circle in this image?,yellow,yellow | yellow | yellow,True,1.0,1.0,1.0,False,1,yellow,yellow,yellow,0.5735,0.3036,0.2599,0.0,44.0,9.05,2,image+text
synth_no_pass3_00636,no_pass3,What color is the small circle?,green,lime | lime | yellow-green,False,0.0,1.0,1.0,True,1,green,green,green,0.5283,0.3039,0.2129,0.0,40.5,9.05,2,image+text
synth_no_pass3_00637,no_pass3,Is the background color light or dark?,light blue,light | light | medium,False,0.0,1.0,1.0,True,1,light blue,light blue,light blue,0.4372,0.2127,0.214,0.0,42.0,9.05,2,image+text
synth_no_pass3_00638,no_pass3,What is the dominant color in this image?,the dominant color in this image is green,green | green | green,True,1.0,1.0,1.0,False,1,the dominant color in this image is green,the dominant color is green,the dominant color in this image is green,0.8517,0.4884,0.3521,0.0,45.0,9.05,2,image+text
synth_no_pass3_00639,no_pass3,What color is the circle in this image?,blue,blue | blue | blue,True,1.0,1.0,1.0,False,1,blue,blue,blue,0.4904,0.2664,0.2121,0.0,44.5,9.05,2,image+text
synth_no_pass3_00640,no_pass3,What color is the large rectangle?,a yellow square,yellow | yellow | yellow,True,1.0,0.6,0.6667,False,1,a yellow square,large rectangle,a yellow square,0.5575,0.334,0.2124,0.0,43.5,9.05,2,image+text
synth_no_pass3_00641,no_pass3,What color is the large rectangle?,blue,blue | blue | blue,True,1.0,1.0,1.0,False,1,blue,blue,blue,0.4917,0.2634,0.2158,0.0,42.5,9.05,2,image+text
synth_no_pass3_00642,no_pass3,What color is the background?,blue,blue | blue | blue,True,1.0,1.0,1.0,False,1,blue,blue,blue,0.5295,0.3065,0.2123,0.0,42.5,9.05,2,image+text
synth_no_pass3_00643,no_pass3,Is the circle on the left or right side?,a circle on the left side,right | right | right,False,0.0,0.6,0.6667,True,1,a circle on the left side,right side,a circle on the left side,0.7027,0.4818,0.2101,0.0,41.0,9.05,2,image+text
synth_no_pass3_00644,no_pass3,What color is the background?,white,white | white | white,True,1.0,1.0,1.0,False,1,white,white,white,0.4822,0.305,0.1664,0.0,39.0,9.05,2,image+text
synth_no_pass3_00645,no_pass3,What is the dominant color in this image?,the dominant color in this image is green,green | green | green,True,1.0,1.0,1.0,False,1,the dominant color in this image is green,the dominant color is green,the dominant color in this image is green,0.8712,0.4897,0.3704,0.0,41.5,9.05,2,image+text
synth_no_pass3_00646,no_pass3,What color is the large rectangle?,brown color,brown | brown | brown,True,1.0,1.0,1.0,False,1,brown color,brown color,brown color,0.5291,0.2546,0.2637,0.0,45.0,9.05,2,image+text
synth_no_pass3_00647,no_pass3,Is the background color light or dark?,dark background,dark | dark | dark,True,1.0,1.0,1.0,False,1,dark background,dark background,dark background,0.4981,0.2686,0.2182,0.0,44.5,9.05,2,image+text
synth_no_pass3_00648,no_pass3,What is the dominant color in this image?,the dominant color in this image,orange | orange | orange,False,0.0,0.6,0.6667,True,1,the dominant color in this image,orange,the dominant color in this image,0.7383,0.4018,0.325,0.0,43.0,9.05,2,image+text
synth_no_pass3_00649,no_pass3,Is the background color light or dark?,dark background,dark | dark | dark,True,1.0,1.0,1.0,False,1,dark background,dark background,dark background,0.4843,0.2595,0.2135,0.0,44.0,9.05,2,image+text
synth_no_pass3_00650,no_pass3,What color is the circle in this image?,blue,blue | blue | blue,True,1.0,1.0,1.0,False,1,blue,blue,blue,0.4866,0.2597,0.216,0.0,44.0,9.05,2,image+text
synth_no_pass3_00651,no_pass3,What color is the large rectangle?,blue,blue | blue | blue,True,1.0,1.0,1.0,False,1,blue,blue,blue,0.4874,0.2605,0.2158,0.0,44.0,9.05,2,image+text
synth_no_pass3_00652,no_pass3,What color is the large rectangle?,the large rectangle is white,white | white | white,True,1.0,1.0,1.0,False,1,the large rectangle is white,the large rectangle is white,the large rectangle is white,0.7324,0.3526,0.3683,0.0,45.5,9.05,2,image+text
synth_no_pass3_00653,no_pass3,Is there a red shape in this image?,yes,no | no | no,False,0.0,0.6,0.6667,True,1,yes,no,yes,0.4841,0.26,0.2138,0.0,45.5,9.05,2,image+text
synth_no_pass3_00654,no_pass3,Is there a red shape in this image?,yes,no | no | no,False,0.0,0.6,0.6667,True,1,yes,no,yes,0.483,0.2583,0.2144,0.0,45.0,9.05,2,image+text
synth_no_pass3_00655,no_pass3,What is the dominant color in this image?,the dominant color in this image is yellow,yellow | yellow | yellow,True,1.0,0.6,0.6667,False,1,the dominant color in this image is yellow,a dominant color in this image,the dominant color in this image is yellow,0.9479,0.489,0.448,0.0,40.0,9.05,2,image+text
synth_no_pass3_00656,no_pass3,What color is the circle?,pink,pink | pink | pink,True,1.0,1.0,1.0,False,1,pink,pink,pink,0.5312,0.2602,0.2605,0.0,40.5,9.05,2,image+text
synth_no_pass3_00657,no_pass3,Is the background color light or dark?,dark blue,dark | dark | dark,False,0.0,1.0,1.0,True,1,dark blue,dark blue,dark blue,0.4349,0.2124,0.2117,0.0,45.5,9.05,2,image+text
synth_no_pass3_00658,no_pass3,What color is the background?,navy blue,navy | dark blue | blue,True,0.6667,1.0,1.0,False,1,navy blue,navy blue,navy blue,0.438,0.2142,0.2133,0.0,46.5,9.05,2,image+text
synth_no_pass3_00659,no_pass3,What is the dominant color in this image?,cyan,cyan | cyan | blue,True,0.6667,0.6,0.6667,False,1,cyan,blue,cyan,0.5299,0.3041,0.2151,0.0,43.5,9.05,2,image+text
synth_no_pass3_00660,no_pass3,What color is the background?,the background is white,cream | white | beige,True,0.3333,1.0,1.0,False,1,the background is white,the background is white,the background is white,0.6455,0.3274,0.3069,0.0,46.5,9.05,2,image+text
synth_no_pass3_00661,no_pass3,Is the background color light or dark?,dark background,dark | dark | dark,True,1.0,1.0,1.0,False,1,dark background,dark background,dark background,0.4842,0.2591,0.2146,0.0,44.0,9.05,2,image+text
synth_no_pass3_00662,no_pass3,Is the circle on the left or right side?,is the circle on the left side,left | left | left,True,1.0,1.0,1.0,False,1,is the circle on the left side,Is the circle on the left side,is the circle on the left side,0.9544,0.4431,0.5002,0.0,40.0,9.05,2,image+text
synth_no_pass3_00663,no_pass3,What color is the large rectangle?,the large rectangle is green,olive | olive | dark yellow,False,0.0,1.0,1.0,True,1,the large rectangle is green,the large rectangle is green,the large rectangle is green,0.7133,0.3508,0.3516,0.0,42.0,9.05,2,image+text
synth_no_pass3_00664,no_pass3,What color is the background?,blue,blue | blue | blue,True,1.0,1.0,1.0,False,1,blue,blue,blue,0.5213,0.3006,0.2105,0.0,39.5,9.05,2,image+text
synth_no_pass3_00665,no_pass3,What color is the large rectangle?,the color orange,orange | orange | orange,True,1.0,1.0,1.0,False,1,the color orange,the color orange,the color orange,0.5713,0.3022,0.2589,0.0,43.5,9.05,2,image+text
synth_no_pass3_00666,no_pass3,What is the dominant color in this image?,the dominant color in this image is green,green | green | green,True,1.0,1.0,1.0,False,1,the dominant color in this image is green,the dominant color is green,the dominant color in this image is green,0.8515,0.4904,0.3501,0.0,47.0,9.05,2,image+text
synth_no_pass3_00667,no_pass3,Is the circle on the left or right side?,is the circle on the left side,right | right | right,False,0.0,0.6,0.6667,True,1,is the circle on the left side,right side,is the circle on the left side,0.7465,0.4353,0.3008,0.0,47.5,9.05,2,image+text
synth_no_pass3_00668,no_pass3,What is the dominant color in this image?,blue is the dominant color in this image,blue | blue | blue,True,1.0,1.0,1.0,False,1,blue is the dominant color in this image,blue is the dominant color in this image,blue is the dominant color in this image,0.9807,0.4871,0.4828,0.0,43.0,9.05,2,image+text
synth_no_pass3_00669,no_pass3,What color is the large rectangle?,red,maroon | maroon | dark red,True,0.3333,1.0,1.0,False,1,red,red,red,0.5202,0.2996,0.2102,0.0,43.0,9.05,2,image+text
synth_no_pass3_00670,no_pass3,What color is the large rectangle?,the large rectangle is blue,teal | teal | green,False,0.0,1.0,1.0,True,1,the large rectangle is blue,the large rectangle is blue,the large rectangle is blue,0.7061,0.345,0.3503,0.0,48.0,9.05,2,image+text
synth_no_pass3_00671,no_pass3,What color is the background?,white,white | white | white,True,1.0,1.0,1.0,False,1,white,white,white,0.482,0.3044,0.167,0.0,47.0,9.05,2,image+text
synth_no_pass3_00672,no_pass3,What color is the background?,white,white | white | white,True,1.0,1.0,1.0,False,1,white,white,white,0.4846,0.3068,0.167,0.0,42.5,9.05,2,image+text
synth_no_pass3_00673,no_pass3,What color is the large rectangle?,brown color,brown | brown | brown,True,1.0,1.0,1.0,False,1,brown color,brown color,brown color,0.5292,0.2592,0.259,0.0,43.0,9.05,2,image+text
synth_no_pass3_00674,no_pass3,What is the dominant color in this image?,the dominant color in this image,orange | orange | orange,False,0.0,0.6,0.6667,True,1,the dominant color in this image,orange,the dominant color in this image,0.7126,0.3972,0.3047,0.0,47.0,9.05,2,image+text
synth_no_pass3_00675,no_pass3,What color is the circle?,the circle is green,cyan | cyan | teal | teal,False,0.0,1.0,1.0,True,1,the circle is green,the circle is green,the circle is green,0.6228,0.3036,0.3087,0.0,43.0,9.05,2,image+text
synth_no_pass3_00676,no_pass3,What color is the large rectangle?,red,red | red | red,True,1.0,1.0,1.0,False,1,red,red,red,0.5277,0.3042,0.2131,0.0,41.0,9.05,2,image+text
synth_no_pass3_00677,no_pass3,What is the dominant color in this image?,the dominant color in this image is purple,purple | purple | purple,True,1.0,1.0,1.0,False,1,the dominant color in this image is purple,the dominant color is purple,the dominant color in this image is purple,0.8975,0.4893,0.3967,0.0,45.0,9.05,2,image+text
synth_no_pass3_00678,no_pass3,What is the dominant color in this image?,blue is the dominant color in this image,blue | blue | blue,True,1.0,1.0,1.0,False,1,blue is the dominant color in this image,blue is the dominant color in this image,blue is the dominant color in this image,0.9833,0.4886,0.484,0.0,45.5,9.05,2,image+text
synth_no_pass3_00679,no_pass3,What color is the large rectangle?,the large rectangle is purple,purple | purple | purple,True,1.0,1.0,1.0,False,1,the large rectangle is purple,the large rectangle is purple,the large rectangle is purple,0.7061,0.3447,0.351,0.0,45.0,9.05,2,image+text
synth_no_pass3_00680,no_pass3,What color is the large rectangle?,navy blue,navy | dark blue | navy,True,0.3333,1.0,1.0,False,1,navy blue,navy blue,navy blue,0.452,0.2294,0.2116,0.0,40.0,9.05,2,image+text
synth_no_pass3_00681,no_pass3,Is the background color light or dark?,dark blue,dark | dark | dark,False,0.0,1.0,1.0,True,1,dark blue,dark blue,dark blue,0.4311,0.2087,0.212,0.0,44.5,9.05,2,image+text
synth_no_pass3_00682,no_pass3,What is the dominant color in this image?,the dominant color in this image is yellow,yellow | yellow | yellow,True,1.0,0.6,0.6667,False,1,the dominant color in this image is yellow,a dominant color in this image,the dominant color in this image is yellow,0.9509,0.4859,0.4541,0.0,43.5,9.05,2,image+text
synth_no_pass3_00683,no_pass3,What color is the large rectangle?,a yellow square,yellow | yellow | yellow,True,1.0,0.6,0.6667,False,1,a yellow square,large rectangle,a yellow square,0.5441,0.3204,0.2126,0.0,43.0,9.05,2,image+text
synth_no_pass3_00684,no_pass3,What is the dominant color in this image?,burgundy,maroon | maroon | dark red,False,0.0,1.0,1.0,True,1,burgundy,burgundy,burgundy,0.7285,0.3947,0.3234,0.0,42.0,9.05,2,image+text
synth_no_pass3_00685,no_pass3,Is there a blue shape in this image?,yes,yes | yes | yes,True,1.0,1.0,1.0,False,1,yes,yes,yes,0.4838,0.2593,0.2135,0.0,41.5,9.05,2,image+text
synth_no_pass3_00686,no_pass3,What is the dominant color in this image?,cyan,cyan | cyan | blue,True,0.6667,0.6,0.6667,False,1,cyan,blue,cyan,0.5243,0.303,0.211,0.0,46.0,9.05,2,image+text
synth_no_pass3_00687,no_pass3,What color is the large rectangle?,a yellow square,yellow | yellow | yellow,True,1.0,0.6,0.6667,False,1,a yellow square,large rectangle,a yellow square,0.5199,0.2997,0.2097,0.0,44.5,9.05,2,image+text
synth_no_pass3_00688,no_pass3,What color is the small circle?,green,olive | olive | green,True,0.3333,1.0,1.0,False,1,green,green,green,0.4867,0.3084,0.1675,0.0,43.0,9.05,2,image+text
synth_no_pass3_00689,no_pass3,What is the dominant color in this image?,the dominant color in this image is green,olive | olive | green | dark green,True,0.6667,1.0,1.0,False,1,the dominant color in this image is green,the dominant color in this image is green,the dominant color in this image is green,0.9907,0.4882,0.4917,0.0,41.5,9.05,2,image+text
synth_no_pass3_00690,no_pass3,What color is the large rectangle?,a yellow square,yellow | yellow | yellow,True,1.0,0.6,0.6667,False,1,a yellow square,large rectangle,a yellow square,0.5284,0.3039,0.2136,0.0,38.5,9.05,2,image+text
synth_no_pass3_00691,no_pass3,What color is the large rectangle?,blue,blue | blue | blue,True,1.0,1.0,1.0,False,1,blue,blue,blue,0.4812,0.2573,0.2135,0.0,43.0,9.05,2,image+text
synth_no_pass3_00692,no_pass3,What is the dominant color in this image?,blue is the dominant color in this image,blue | blue | blue,True,1.0,1.0,1.0,False,1,blue is the dominant color in this image,blue is the dominant color in this image,blue is the dominant color in this image,0.995,0.4881,0.4954,0.0,42.5,9.05,2,image+text
synth_no_pass3_00693,no_pass3,What color is the circle in this image?,yellow,yellow | yellow | yellow,True,1.0,1.0,1.0,False,1,yellow,yellow,yellow,0.5804,0.3069,0.263,0.0,42.0,9.05,2,image+text
synth_no_pass3_00694,no_pass3,What is the dominant color in this image?,blue is the dominant color in this image,blue | blue | blue,True,1.0,1.0,1.0,False,1,blue is the dominant color in this image,blue is the dominant color in this image,blue is the dominant color in this image,0.9947,0.4912,0.4911,0.0,47.0,9.05,2,image+text
synth_no_pass3_00695,no_pass3,Is there a green shape in this image?,yes,yes | yes | yes,True,1.0,1.0,1.0,False,1,yes,yes,yes,0.5302,0.2584,0.2614,0.0,39.0,9.05,2,image+text
synth_no_pass3_00696,no_pass3,What color is the large rectangle?,the color orange,orange | orange | orange,True,1.0,1.0,1.0,False,1,the color orange,the color orange,the color orange,0.5767,0.3049,0.2607,0.0,42.0,9.05,2,image+text
synth_no_pass3_00697,no_pass3,What color is the large rectangle?,the large rectangle is green,olive | olive | dark yellow,False,0.0,1.0,1.0,True,1,the large rectangle is green,the large rectangle is green,the large rectangle is green,0.715,0.3527,0.3517,0.0,44.5,9.05,2,image+text
synth_no_pass3_00698,no_pass3,What color is the circle in this image?,blue,blue | blue | blue,True,1.0,1.0,1.0,False,1,blue,blue,blue,0.4847,0.2596,0.2147,0.0,44.5,9.05,2,image+text
synth_no_pass3_00699,no_pass3,Is the background color light or dark?,dark,light | light | light,False,0.0,0.6,0.6667,True,1,dark,light,dark,0.4404,0.213,0.217,0.0,45.0,9.05,2,image+text
synth_no_pass3_00700,no_pass3,What color is the circle?,the circle is green,olive | olive | brown,False,0.0,1.0,1.0,True,1,the circle is green,the circle is green,the circle is green,0.6438,0.3258,0.3067,0.0,43.0,9.05,2,image+text
synth_no_pass3_00701,no_pass3,What is the dominant color in this image?,burgundy,maroon | maroon | dark red,False,0.0,1.0,1.0,True,1,burgundy,burgundy,burgundy,0.7145,0.3965,0.3074,0.0,45.5,9.05,2,image+text
synth_no_pass3_00702,no_pass3,What is the dominant color in this image?,blue is the dominant color in this image,blue | blue | blue,True,1.0,1.0,1.0,False,1,blue is the dominant color in this image,blue is the dominant color in this image,blue is the dominant color in this image,0.9913,0.4895,0.4909,0.0,43.0,9.05,2,image+text
synth_no_pass3_00703,no_pass3,What color is the circle?,the circle is green,cyan | cyan | teal | teal,False,0.0,1.0,1.0,True,1,the circle is green,the circle is green,the circle is green,0.6388,0.3065,0.3211,0.0,41.5,9.05,2,image+text
synth_no_pass3_00704,no_pass3,What is the dominant color in this image?,the dominant color in this image is yellow,yellow | yellow | yellow,True,1.0,0.6,0.6667,False,1,the dominant color in this image is yellow,a dominant color in this image,the dominant color in this image is yellow,0.9459,0.491,0.4443,0.0,42.5,9.05,2,image+text
synth_no_pass3_00705,no_pass3,What is the dominant color in this image?,the dominant color in this image,orange | orange | orange,False,0.0,0.6,0.6667,True,1,the dominant color in this image,orange,the dominant color in this image,0.7108,0.3956,0.3041,0.0,44.5,9.05,2,image+text
synth_no_pass3_00706,no_pass3,What color is the large rectangle?,the large rectangle is white,white | white | white,True,1.0,1.0,1.0,False,1,the large rectangle is white,the large rectangle is white,the large rectangle is white,0.7135,0.3552,0.3474,0.0,47.0,9.05,2,image+text
synth_no_pass3_00707,no_pass3,What color is the large rectangle?,blue,blue | blue | blue,True,1.0,1.0,1.0,False,1,blue,blue,blue,0.4879,0.2538,0.2238,0.0,46.5,9.05,2,image+text
synth_no_pass3_00708,no_pass3,What color is the large rectangle?,brown color,brown | brown | brown,True,1.0,1.0,1.0,False,1,brown color,brown color,brown color,0.5351,0.2679,0.2566,0.0,45.5,9.05,2,image+text
synth_no_pass3_00709,no_pass3,Is the circle on the left or right side?,a circle on the left side,right | right | right,False,0.0,0.6,0.6667,True,1,a circle on the left side,right side,a circle on the left side,0.7074,0.4844,0.2117,0.0,44.5,9.05,2,image+text
synth_no_pass3_00710,no_pass3,Is the background color light or dark?,dark background,dark | dark | dark,True,1.0,1.0,1.0,False,1,dark background,dark background,dark background,0.4848,0.2599,0.2125,0.0,44.5,9.05,2,image+text
synth_no_pass3_00711,no_pass3,What is the dominant color in this image?,the dominant color in this image,orange | orange | orange,False,0.0,0.6,0.6667,True,1,the dominant color in this image,orange,the dominant color in this image,0.714,0.396,0.3071,0.0,46.0,9.05,2,image+text
synth_no_pass3_00712,no_pass3,Is there a purple shape in this image?,yes,no | no | no,False,0.0,1.0,1.0,True,1,yes,yes,yes,0.4843,0.2594,0.2141,0.0,47.0,9.05,2,image+text
synth_no_pass3_00713,no_pass3,What is the dominant color in this image?,the dominant color in this image,orange | orange | orange,False,0.0,0.6,0.6667,True,1,the dominant color in this image,orange,the dominant color in this image,0.7126,0.3972,0.3041,0.0,47.0,9.05,2,image+text
synth_no_pass3_00714,no_pass3,What color is the circle?,the circle is green,olive | olive | brown,False,0.0,1.0,1.0,True,1,the circle is green,the circle is green,the circle is green,0.622,0.3047,0.3066,0.0,47.0,9.05,2,image+text
synth_no_pass3_00715,no_pass3,What color is the circle in this image?,red,red | red | red,True,1.0,1.0,1.0,False,1,red,red,red,0.4756,0.2548,0.2103,0.0,47.5,9.05,2,image+text
synth_no_pass3_00716,no_pass3,What is the dominant color in this image?,the dominant color in this image is green,green | green | green,True,1.0,1.0,1.0,False,1,the dominant color in this image is green,the dominant color is green,the dominant color in this image is green,0.8705,0.5121,0.3461,0.0,48.5,9.05,2,image+text
synth_no_pass3_00717,no_pass3,What color is the background?,white,white | white | white,True,1.0,1.0,1.0,False,1,white,white,white,0.4996,0.3001,0.1888,0.0,47.0,9.05,2,image+text
synth_no_pass3_00718,no_pass3,Is the circle on the left or right side?,is the circle on the left side,left | left | left,True,1.0,1.0,1.0,False,1,is the circle on the left side,Is the circle on the left side,is the circle on the left side,0.9635,0.4426,0.5098,0.0,42.0,9.05,2,image+text
synth_no_pass3_00719,no_pass3,What color is the large rectangle?,the large rectangle is purple,purple | purple | purple,True,1.0,1.0,1.0,False,1,the large rectangle is purple,the large rectangle is purple,the large rectangle is purple,0.7042,0.3456,0.3463,0.0,42.0,9.05,2,image+text
synth_no_pass3_00720,no_pass3,What color is the circle?,a red circle,brown | brown | maroon,False,0.0,0.6,0.6667,True,1,a red circle,maroon,a red circle,0.5875,0.32,0.2565,0.0,40.5,9.05,2,image+text
synth_no_pass3_00721,no_pass3,What color is the circle?,red,maroon | dark red | red,True,0.6667,1.0,1.0,False,1,red,red,red,0.4958,0.3191,0.1664,0.0,43.0,9.05,2,image+text
synth_no_pass3_00722,no_pass3,Is the circle on the left or right side?,is the circle on the left side,left | left | left,True,1.0,1.0,1.0,False,1,is the circle on the left side,Is the circle on the left side,is the circle on the left side,0.9432,0.4422,0.4897,0.0,38.0,9.05,2,image+text
synth_no_pass3_00723,no_pass3,What color is the circle in this image?,red,red | red | red,True,1.0,1.0,1.0,False,1,red,red,red,0.4831,0.259,0.2132,0.0,42.5,9.05,2,image+text
synth_no_pass3_00724,no_pass3,Is there a green shape in this image?,yes,yes | yes | yes,True,1.0,1.0,1.0,False,1,yes,yes,yes,0.5292,0.2592,0.2596,0.0,46.0,9.05,2,image+text
synth_no_pass3_00725,no_pass3,What color is the large rectangle?,the large rectangle is green,green | green | green,True,1.0,1.0,1.0,False,1,the large rectangle is green,the large rectangle is green,the large rectangle is green,0.7201,0.347,0.3625,0.0,44.0,9.05,2,image+text
synth_no_pass3_00726,no_pass3,What color is the large rectangle?,blue,blue | blue | blue,True,1.0,1.0,1.0,False,1,blue,blue,blue,0.4838,0.2584,0.2146,0.0,42.0,9.05,2,image+text
synth_no_pass3_00727,no_pass3,Is there a red shape in this image?,yes,yes | yes | yes,True,1.0,1.0,1.0,False,1,yes,yes,yes,0.5282,0.305,0.2126,0.0,44.0,9.05,2,image+text
synth_no_pass3_00728,no_pass3,What is the dominant color in this image?,the dominant color in this image is purple,purple | purple | purple,True,1.0,1.0,1.0,False,1,the dominant color in this image is purple,the dominant color is purple,the dominant color in this image is purple,0.8981,0.489,0.3981,0.0,47.0,9.05,2,image+text
synth_no_pass3_00729,no_pass3,Is the background color light or dark?,a dark background,dark | dark | medium,True,0.6667,1.0,1.0,False,1,a dark background,a dark background,a dark background,0.6244,0.3072,0.3067,0.0,45.5,9.05,2,image+text
synth_no_pass3_00730,no_pass3,What is the dominant color in this image?,the dominant color in this image is blue,teal | teal | cyan | blue-green,False,0.0,1.0,1.0,True,1,the dominant color in this image is blue,the dominant color is blue,the dominant color in this image is blue,0.9128,0.506,0.3955,0.0,42.5,9.05,2,image+text
synth_no_pass3_00731,no_pass3,What is the dominant color in this image?,the dominant color in this image is blue,teal | teal | cyan | blue-green,False,0.0,1.0,1.0,True,1,the dominant color in this image is blue,the dominant color is blue,the dominant color in this image is blue,0.9034,0.4941,0.3988,0.0,41.0,9.05,2,image+text
synth_no_pass3_00732,no_pass3,Is there a red shape in this image?,yes,no | no | no,False,0.0,0.6,0.6667,True,1,yes,no,yes,0.483,0.2586,0.2136,0.0,39.5,9.05,2,image+text
synth_no_pass3_00733,no_pass3,Is there a red shape in this image?,yes,no | no | no,False,0.0,0.6,0.6667,True,1,yes,no,yes,0.4947,0.2709,0.2135,0.0,41.5,9.05,2,image+text
synth_no_pass3_00734,no_pass3,Is the circle on the left or right side?,a circle on the left side,right | right | right,False,0.0,0.6,0.6667,True,1,a circle on the left side,right side,a circle on the left side,0.7106,0.4868,0.213,0.0,43.5,9.05,2,image+text
synth_no_pass3_00735,no_pass3,What color is the large rectangle?,red,red | red | red,True,1.0,1.0,1.0,False,1,red,red,red,0.5249,0.3013,0.2133,0.0,43.5,9.05,2,image+text
synth_no_pass3_00736,no_pass3,What is the dominant color in this image?,the dominant color in this image is green,olive | olive | green | dark green,True,0.6667,1.0,1.0,False,1,the dominant color in this image is green,the dominant color in this image is green,the dominant color in this image is green,1.0107,0.4883,0.511,0.0,41.0,9.05,2,image+text
synth_no_pass3_00737,no_pass3,Is there a green shape in this image?,yes,yes | yes | yes,True,1.0,1.0,1.0,False,1,yes,yes,yes,0.5236,0.2557,0.2573,0.0,39.0,9.05,2,image+text
synth_no_pass3_00738,no_pass3,What is the dominant color in this image?,the dominant color in this image,orange | orange | orange,False,0.0,0.6,0.6667,True,1,the dominant color in this image,orange,the dominant color in this image,0.7421,0.428,0.3034,0.0,43.5,9.05,2,image+text
synth_no_pass3_00739,no_pass3,Is there a green shape in this image?,yes,no | no | no,False,0.0,1.0,1.0,True,1,yes,yes,yes,0.4816,0.2568,0.2138,0.0,45.5,9.05,2,image+text
synth_no_pass3_00740,no_pass3,What color is the large rectangle?,the large rectangle is white,white | white | white,True,1.0,1.0,1.0,False,1,the large rectangle is white,the large rectangle is white,the large rectangle is white,0.7481,0.3787,0.3581,0.0,33.5,9.05,2,image+text
synth_no_pass3_00741,no_pass3,Is there a blue shape in this image?,yes,yes | yes | yes,True,1.0,1.0,1.0,False,1,yes,yes,yes,0.4932,0.2636,0.219,0.0,45.5,9.05,2,image+text
synth_no_pass3_00742,no_pass3,Is the background color light or dark?,dark blue,dark | dark | dark,False,0.0,1.0,1.0,True,1,dark blue,dark blue,dark blue,0.4446,0.2163,0.2176,0.0,44.5,9.05,2,image+text
synth_no_pass3_00743,no_pass3,What color is the large rectangle?,red,red | red | red,True,1.0,1.0,1.0,False,1,red,red,red,0.5383,0.3106,0.2168,0.0,45.5,9.05,2,image+text
synth_no_pass3_00744,no_pass3,What is the dominant color in this image?,red is the dominant color in this image,red | red | red,True,1.0,1.0,1.0,False,1,red is the dominant color in this image,red is the dominant color in this image,red is the dominant color in this image,1.0028,0.5037,0.4878,0.0,42.5,9.05,2,image+text
synth_no_pass3_00745,no_pass3,What color is the circle in this image?,blue,blue | blue | blue,True,1.0,1.0,1.0,False,1,blue,blue,blue,0.4841,0.2555,0.2182,0.0,40.5,9.05,2,image+text
synth_no_pass3_00746,no_pass3,What is the dominant color in this image?,red is the dominant color in this image,red | red | red,True,1.0,1.0,1.0,False,1,red is the dominant color in this image,red is the dominant color in this image,red is the dominant color in this image,1.0257,0.5175,0.4959,0.0,41.5,9.05,2,image+text
synth_no_pass3_00747,no_pass3,What color is the background?,navy blue,navy | dark blue | blue,True,0.6667,1.0,1.0,False,1,navy blue,navy blue,navy blue,0.4423,0.2158,0.2156,0.0,42.0,9.05,2,image+text
synth_no_pass3_00748,no_pass3,What color is the circle in this image?,blue,blue | blue | blue,True,1.0,1.0,1.0,False,1,blue,blue,blue,0.4879,0.2606,0.2159,0.0,45.0,9.05,2,image+text
synth_no_pass3_00749,no_pass3,What color is the circle in this image?,yellow,yellow | yellow | yellow,True,1.0,1.0,1.0,False,1,yellow,yellow,yellow,0.5831,0.3114,0.2613,0.0,44.5,9.05,2,image+text
synth_no_pass3_00750,no_pass3,What color is the large rectangle?,the large rectangle is green,green | green | green,True,1.0,1.0,1.0,False,1,the large rectangle is green,the large rectangle is green,the large rectangle is green,0.7203,0.3554,0.3538,0.0,43.5,9.05,2,image+text
synth_no_pass3_00751,no_pass3,Is there a red shape in this image?,yes,yes | yes | yes,True,1.0,1.0,1.0,False,1,yes,yes,yes,0.5487,0.324,0.2136,0.0,40.5,9.05,2,image+text
synth_no_pass3_00752,no_pass3,What color is the background?,blue,blue | blue | blue,True,1.0,1.0,1.0,False,1,blue,blue,blue,0.5302,0.3056,0.2135,0.0,40.0,9.05,2,image+text
synth_no_pass3_00753,no_pass3,What is the dominant color in this image?,the dominant color in this image is green,green | green | green,True,1.0,1.0,1.0,False,1,the dominant color in this image is green,the dominant color is green,the dominant color in this image is green,0.87,0.4905,0.3689,0.0,43.5,9.05,2,image+text
synth_no_pass3_00754,no_pass3,Is there a green shape in this image?,yes,yes | yes | yes,True,1.0,1.0,1.0,False,1,yes,yes,yes,0.539,0.2646,0.2622,0.0,45.5,9.05,2,image+text
synth_no_pass3_00755,no_pass3,What is the dominant color in this image?,the dominant color in this image is yellow,yellow | yellow | yellow,True,1.0,0.6,0.6667,False,1,the dominant color in this image is yellow,a dominant color in this image,the dominant color in this image is yellow,0.9407,0.4861,0.4437,0.0,41.0,9.05,2,image+text
synth_no_pass3_00756,no_pass3,What is the dominant color in this image?,red is the dominant color in this image,red | red | red,True,1.0,1.0,1.0,False,1,red is the dominant color in this image,red is the dominant color in this image,red is the dominant color in this image,0.9977,0.4926,0.4945,0.0,38.0,9.05,2,image+text
synth_no_pass3_00757,no_pass3,What color is the circle?,the circle is green,olive | olive | brown,False,0.0,1.0,1.0,True,1,the circle is green,the circle is green,the circle is green,0.6241,0.3057,0.308,0.0,42.0,9.05,2,image+text
synth_no_pass3_00758,no_pass3,What color is the small circle?,green,lime | lime | yellow-green,False,0.0,1.0,1.0,True,1,green,green,green,0.5287,0.3038,0.2142,0.0,46.5,9.05,2,image+text
synth_no_pass3_00759,no_pass3,Is the background color light or dark?,a dark background,dark | dark | medium,True,0.6667,1.0,1.0,False,1,a dark background,a dark background,a dark background,0.626,0.3051,0.3098,0.0,46.5,9.05,2,image+text
synth_no_pass3_00760,no_pass3,Is the circle on the left or right side?,a circle on the left side,right | right | right,False,0.0,0.6,0.6667,True,1,a circle on the left side,right side,a circle on the left side,0.736,0.5117,0.2129,0.0,33.5,9.05,2,image+text
synth_no_pass3_00761,no_pass3,Is there a green shape in this image?,yes,no | no | no,False,0.0,1.0,1.0,True,1,yes,yes,yes,0.4804,0.2567,0.2132,0.0,46.0,9.05,2,image+text
synth_no_pass3_00762,no_pass3,What is the dominant color in this image?,red is the dominant color in this image,red | red | red,True,1.0,1.0,1.0,False,1,red is the dominant color in this image,red is the dominant color in this image,red is the dominant color in this image,0.9943,0.4884,0.4953,0.0,41.5,9.05,2,image+text
synth_no_pass3_00763,no_pass3,What color is the background?,blue,blue | blue | blue,True,1.0,1.0,1.0,False,1,blue,blue,blue,0.5331,0.3117,0.2108,0.0,39.0,9.05,2,image+text
synth_no_pass3_00764,no_pass3,What is the dominant color in this image?,a blue background,navy | navy | blue | dark blue,True,0.6667,1.0,1.0,False,1,a blue background,navy blue,a blue background,0.522,0.3014,0.2101,0.0,40.5,9.05,2,image+text
synth_no_pass3_00765,no_pass3,What color is the background?,blue,blue | blue | blue,True,1.0,1.0,1.0,False,1,blue,blue,blue,0.528,0.3046,0.2131,0.0,43.5,9.05,2,image+text
synth_no_pass3_00766,no_pass3,Is the circle on the left or right side?,a circle on the left side,right | right | right,False,0.0,0.6,0.6667,True,1,a circle on the left side,right side,a circle on the left side,0.7247,0.5021,0.2117,0.0,46.0,9.05,2,image+text
synth_no_pass3_00767,no_pass3,Is the background color light or dark?,dark background,dark | dark | dark,True,1.0,1.0,1.0,False,1,dark background,dark background,dark background,0.4775,0.2557,0.2114,0.0,46.0,9.05,2,image+text
synth_no_pass3_00768,no_pass3,Is the circle on the left or right side?,is the circle on the left side,left | left | left,True,1.0,1.0,1.0,False,1,is the circle on the left side,Is the circle on the left side,is the circle on the left side,0.9933,0.4901,0.4921,0.0,42.0,9.05,2,image+text
synth_no_pass3_00769,no_pass3,What color is the large rectangle?,brown color,brown | brown | brown,True,1.0,1.0,1.0,False,1,brown color,brown color,brown color,0.5385,0.2586,0.2691,0.0,40.5,9.05,2,image+text
synth_no_pass3_00770,no_pass3,Is the background color light or dark?,dark,light | light | light,False,0.0,0.6,0.6667,True,1,dark,light,dark,0.4313,0.2102,0.2105,0.0,45.0,9.05,2,image+text
synth_no_pass3_00771,no_pass3,Is the circle on the left or right side?,is the circle on the left side,left | left | center,True,0.6667,0.6,0.6667,False,1,is the circle on the left side,right side,is the circle on the left side,0.7516,0.4382,0.3027,0.0,43.5,9.05,2,image+text
synth_no_pass3_00772,no_pass3,Is the background color light or dark?,dark,dark | dark | dark,True,1.0,1.0,1.0,False,1,dark,dark,dark,0.4302,0.2095,0.2103,0.0,44.0,9.05,2,image+text
synth_no_pass3_00773,no_pass3,Is there a blue shape in this image?,yes,no | no | no,False,0.0,1.0,1.0,True,1,yes,yes,yes,0.5004,0.275,0.2143,0.0,43.0,9.05,2,image+text
synth_no_pass3_00774,no_pass3,What color is the large rectangle?,navy blue,navy | dark blue | navy,True,0.3333,1.0,1.0,False,1,navy blue,navy blue,navy blue,0.4409,0.2152,0.2153,0.0,42.5,9.05,2,image+text
synth_no_pass3_00775,no_pass3,What color is the large rectangle?,red,red | red | red,True,1.0,1.0,1.0,False,1,red,red,red,0.5311,0.3056,0.2149,0.0,43.0,9.05,2,image+text
synth_no_pass3_00776,no_pass3,Is there a green shape in this image?,yes,no | no | no,False,0.0,1.0,1.0,True,1,yes,yes,yes,0.4823,0.2585,0.2131,0.0,42.0,9.05,2,image+text
synth_no_pass3_00777,no_pass3,What color is the large rectangle?,red,red | red | red,True,1.0,1.0,1.0,False,1,red,red,red,0.5322,0.3105,0.2106,0.0,43.5,9.05,2,image+text
synth_no_pass3_00778,no_pass3,What color is the background?,white,white | white | white,True,1.0,1.0,1.0,False,1,white,white,white,0.4761,0.3015,0.1644,0.0,44.0,9.05,2,image+text
synth_no_pass3_00779,no_pass3,What color is the large rectangle?,red,red | red | red,True,1.0,1.0,1.0,False,1,red,red,red,0.5202,0.2997,0.2099,0.0,45.0,9.05,2,image+text
synth_no_pass3_00780,no_pass3,What is the dominant color in this image?,blue is the dominant color in this image,blue | blue | blue,True,1.0,1.0,1.0,False,1,blue is the dominant color in this image,blue is the dominant color in this image,blue is the dominant color in this image,1.0064,0.5021,0.4932,0.0,40.5,9.05,2,image+text
synth_no_pass3_00781,no_pass3,What color is the circle in this image?,blue,blue | blue | blue,True,1.0,1.0,1.0,False,1,blue,blue,blue,0.4846,0.26,0.2138,0.0,43.5,9.05,2,image+text
synth_no_pass3_00782,no_pass3,What color is the background?,gray,gray | gray | grey,True,0.6667,1.0,1.0,False,1,gray,gray,gray,0.4359,0.2121,0.213,0.0,46.5,9.05,2,image+text
synth_no_pass3_00783,no_pass3,What color is the large rectangle?,green,lime | lime | green,True,0.3333,1.0,1.0,False,1,green,green,green,0.4827,0.3056,0.1665,0.0,43.5,9.05,2,image+text
synth_no_pass3_00784,no_pass3,What color is the small circle?,green,olive | olive | green,True,0.3333,1.0,1.0,False,1,green,green,green,0.4823,0.3048,0.1671,0.0,43.0,9.05,2,image+text
synth_no_pass3_00785,no_pass3,What is the dominant color in this image?,the dominant color in this image is purple,purple | purple | purple,True,1.0,1.0,1.0,False,1,the dominant color in this image is purple,the dominant color is purple,the dominant color in this image is purple,0.8973,0.4877,0.399,0.0,45.5,9.05,2,image+text
synth_no_pass3_00786,no_pass3,What color is the large rectangle?,a yellow square,yellow | yellow | yellow,True,1.0,0.6,0.6667,False,1,a yellow square,large rectangle,a yellow square,0.5284,0.3045,0.2127,0.0,46.0,9.05,2,image+text
synth_no_pass3_00787,no_pass3,What color is the large rectangle?,the large rectangle is green,green | green | green,True,1.0,1.0,1.0,False,1,the large rectangle is green,the large rectangle is green,the large rectangle is green,0.7082,0.3519,0.3457,0.0,46.5,9.05,2,image+text
synth_no_pass3_00788,no_pass3,What color is the background?,white,white | white | white,True,1.0,1.0,1.0,False,1,white,white,white,0.4773,0.3016,0.1655,0.0,45.0,9.05,2,image+text
synth_no_pass3_00789,no_pass3,Is there a blue shape in this image?,yes,no | no | no,False,0.0,1.0,1.0,True,1,yes,yes,yes,0.4836,0.2593,0.2137,0.0,42.5,9.05,2,image+text
synth_no_pass3_00790,no_pass3,Is the circle on the left or right side?,a circle on the left side,right | right | right,False,0.0,0.6,0.6667,True,1,a circle on the left side,right side,a circle on the left side,0.7375,0.5113,0.2149,0.0,41.5,9.05,2,image+text
synth_no_pass3_00791,no_pass3,Is there a purple shape in this image?,yes,no | no | no,False,0.0,1.0,1.0,True,1,yes,yes,yes,0.4889,0.2629,0.215,0.0,41.5,9.05,2,image+text
synth_no_pass3_00792,no_pass3,What color is the large rectangle?,the large rectangle is white,white | white | white,True,1.0,1.0,1.0,False,1,the large rectangle is white,the large rectangle is white,the large rectangle is white,0.7323,0.3724,0.3491,0.0,45.5,9.05,2,image+text
synth_no_pass3_00793,no_pass3,What is the dominant color in this image?,blue is the dominant color in this image,blue | blue | blue,True,1.0,1.0,1.0,False,1,blue is the dominant color in this image,blue is the dominant color in this image,blue is the dominant color in this image,0.9809,0.4851,0.485,0.0,43.0,9.05,2,image+text
synth_no_pass3_00794,no_pass3,What color is the background?,blue,blue | blue | blue,True,1.0,1.0,1.0,False,1,blue,blue,blue,0.5274,0.3014,0.2154,0.0,42.5,9.05,2,image+text
synth_no_pass3_00795,no_pass3,What color is the large rectangle?,navy blue,navy | dark blue | navy,True,0.3333,1.0,1.0,False,1,navy blue,navy blue,navy blue,0.4388,0.2155,0.2125,0.0,46.0,9.05,2,image+text
synth_no_pass3_00796,no_pass3,Is the circle on the left or right side?,is the circle on the left side,right | right | right,False,0.0,0.6,0.6667,True,1,is the circle on the left side,right side,is the circle on the left side,0.7584,0.4433,0.3043,0.0,46.5,9.05,2,image+text
synth_no_pass3_00797,no_pass3,What is the dominant color in this image?,the dominant color in this image is purple,purple | purple | purple,True,1.0,1.0,1.0,False,1,the dominant color in this image is purple,the dominant color is purple,the dominant color in this image is purple,0.9226,0.4909,0.421,0.0,48.0,9.05,2,image+text
synth_no_pass3_00798,no_pass3,Is the background color light or dark?,dark,dark | dark | dark,True,1.0,1.0,1.0,False,1,dark,dark,dark,0.4525,0.2229,0.2182,0.0,46.0,9.05,2,image+text
synth_no_pass3_00799,no_pass3,Is the circle on the left or right side?,is the circle on the left side,left | left | left,True,1.0,1.0,1.0,False,1,is the circle on the left side,Is the circle on the left side,is the circle on the left side,0.9594,0.4499,0.4982,0.0,44.0,9.05,2,image+text
synth_no_pass3_00800,no_pass3,Is the circle on the left or right side?,a circle on the left side,right | right | right,False,0.0,0.6,0.6667,True,1,a circle on the left side,right side,a circle on the left side,0.7291,0.5057,0.2121,0.0,39.5,9.05,2,image+text
synth_no_pass3_00801,no_pass3,What color is the circle in this image?,blue,blue | blue | blue,True,1.0,1.0,1.0,False,1,blue,blue,blue,0.4883,0.2614,0.2165,0.0,43.5,9.05,2,image+text
synth_no_pass3_00802,no_pass3,Is the background color light or dark?,dark background,dark | dark | dark,True,1.0,1.0,1.0,False,1,dark background,dark background,dark background,0.4852,0.2596,0.2148,0.0,44.5,9.05,2,image+text
synth_no_pass3_00803,no_pass3,What is the dominant color in this image?,the dominant color in this image is blue,teal | teal | cyan | blue-green,False,0.0,1.0,1.0,True,1,the dominant color in this image is blue,the dominant color is blue,the dominant color in this image is blue,0.9059,0.4946,0.4002,0.0,40.5,9.05,2,image+text
synth_no_pass3_00804,no_pass3,What color is the large rectangle?,a yellow square,yellow | yellow | yellow,True,1.0,0.6,0.6667,False,1,a yellow square,large rectangle,a yellow square,0.5308,0.3026,0.2175,0.0,40.0,9.05,2,image+text
synth_no_pass3_00805,no_pass3,Is the background color light or dark?,dark,light | light | light,False,0.0,0.6,0.6667,True,1,dark,light,dark,0.4562,0.2214,0.2238,0.0,43.5,9.05,2,image+text
synth_no_pass3_00806,no_pass3,What is the dominant color in this image?,the dominant color is brown,brown | brown | brown,True,1.0,1.0,1.0,False,1,the dominant color is brown,the dominant color is brown,the dominant color is brown,0.809,0.3987,0.3995,0.0,46.5,9.05,2,image+text
synth_no_pass3_00807,no_pass3,Is the background color light or dark?,dark background,dark | dark | dark,True,1.0,1.0,1.0,False,1,dark background,dark background,dark background,0.4807,0.258,0.2119,0.0,45.5,9.05,2,image+text
synth_no_pass3_00808,no_pass3,What color is the large rectangle?,the large rectangle is green,olive | olive | dark yellow,False,0.0,1.0,1.0,True,1,the large rectangle is green,the large rectangle is green,the large rectangle is green,0.7134,0.3514,0.3508,0.0,42.0,9.05,2,image+text
synth_no_pass3_00809,no_pass3,What color is the small circle?,green,olive | olive | green,True,0.3333,1.0,1.0,False,1,green,green,green,0.4798,0.3027,0.1664,0.0,40.5,9.05,2,image+text
synth_no_pass3_00810,no_pass3,What color is the circle?,the circle is green,olive | olive | brown,False,0.0,1.0,1.0,True,1,the circle is green,the circle is green,the circle is green,0.6204,0.3052,0.3041,0.0,44.0,9.05,2,image+text
synth_no_pass3_00811,no_pass3,What is the dominant color in this image?,the dominant color in this image is purple,purple | purple | purple,True,1.0,1.0,1.0,False,1,the dominant color in this image is purple,the dominant color is purple,the dominant color in this image is purple,0.8936,0.4881,0.3949,0.0,47.0,9.05,2,image+text
synth_no_pass3_00812,no_pass3,Is the circle on the left or right side?,is the circle on the left side,left | left | center,True,0.6667,0.6,0.6667,False,1,is the circle on the left side,right side,is the circle on the left side,0.7528,0.4403,0.3015,0.0,41.0,9.05,2,image+text
synth_no_pass3_00813,no_pass3,What color is the large rectangle?,the large rectangle is white,white | white | white,True,1.0,1.0,1.0,False,1,the large rectangle is white,the large rectangle is white,the large rectangle is white,0.7088,0.3452,0.3528,0.0,46.0,9.05,2,image+text
synth_no_pass3_00814,no_pass3,What is the dominant color in this image?,the dominant color in this image is yellow,yellow | yellow | yellow,True,1.0,0.6,0.6667,False,1,the dominant color in this image is yellow,a dominant color in this image,the dominant color in this image is yellow,0.9383,0.4907,0.4362,0.0,44.0,9.05,2,image+text
synth_no_pass3_00815,no_pass3,Is the circle on the left or right side?,is the circle on the left side,left | left | center,True,0.6667,0.6,0.6667,False,1,is the circle on the left side,right side,is the circle on the left side,0.7905,0.4792,0.3008,0.0,36.5,9.05,2,image+text
synth_no_pass3_00816,no_pass3,What is the dominant color in this image?,red is the dominant color in this image,red | red | red,True,1.0,1.0,1.0,False,1,red is the dominant color in this image,red is the dominant color in this image,red is the dominant color in this image,0.9793,0.4827,0.4856,0.0,41.5,9.05,2,image+text
synth_no_pass3_00817,no_pass3,What is the dominant color in this image?,the dominant color in this image is green,green | green | green,True,1.0,1.0,1.0,False,1,the dominant color in this image is green,the dominant color is green,the dominant color in this image is green,0.8581,0.4959,0.3515,0.0,41.0,9.05,2,image+text
synth_no_pass3_00818,no_pass3,What is the dominant color in this image?,red is the dominant color in this image,red | red | red,True,1.0,1.0,1.0,False,1,red is the dominant color in this image,red is the dominant color in this image,red is the dominant color in this image,0.9875,0.4872,0.4894,0.0,41.0,9.05,2,image+text
synth_no_pass3_00819,no_pass3,What color is the small circle?,green,lime | lime | yellow-green,False,0.0,1.0,1.0,True,1,green,green,green,0.5382,0.3055,0.2221,0.0,39.0,9.05,2,image+text
synth_no_pass3_00820,no_pass3,What color is the circle?,the circle is green,cyan | cyan | teal | teal,False,0.0,1.0,1.0,True,1,the circle is green,the circle is green,the circle is green,0.6377,0.3215,0.3052,0.0,34.0,9.05,2,image+text
synth_no_pass3_00821,no_pass3,Is there a blue shape in this image?,yes,yes | yes | yes,True,1.0,1.0,1.0,False,1,yes,yes,yes,0.4808,0.2573,0.2125,0.0,46.0,9.05,2,image+text
synth_no_pass3_00822,no_pass3,What color is the large rectangle?,the large rectangle is white,white | white | white,True,1.0,1.0,1.0,False,1,the large rectangle is white,the large rectangle is white,the large rectangle is white,0.7069,0.3468,0.3497,0.0,43.0,9.05,2,image+text
synth_no_pass3_00823,no_pass3,What color is the large rectangle?,blue,blue | blue | blue,True,1.0,1.0,1.0,False,1,blue,blue,blue,0.4774,0.2565,0.2108,0.0,42.0,9.05,2,image+text
synth_no_pass3_00824,no_pass3,Is there a blue shape in this image?,yes,yes | yes | yes,True,1.0,1.0,1.0,False,1,yes,yes,yes,0.4777,0.2558,0.2116,0.0,44.5,9.05,2,image+text
synth_no_pass3_00825,no_pass3,What color is the circle in this image?,red,red | red | red,True,1.0,1.0,1.0,False,1,red,red,red,0.479,0.2564,0.2121,0.0,46.5,9.05,2,image+text
synth_no_pass3_00826,no_pass3,Is the background color light or dark?,dark background,dark | dark | dark,True,1.0,1.0,1.0,False,1,dark background,dark background,dark background,0.4821,0.258,0.2135,0.0,43.0,9.05,2,image+text
synth_no_pass3_00827,no_pass3,Is there a red shape in this image?,yes,no | no | no,False,0.0,0.6,0.6667,True,1,yes,no,yes,0.4815,0.2581,0.2129,0.0,47.5,9.05,2,image+text
synth_no_pass3_00828,no_pass3,What color is the large rectangle?,blue,blue | blue | blue,True,1.0,1.0,1.0,False,1,blue,blue,blue,0.4789,0.2567,0.2112,0.0,44.5,9.05,2,image+text
synth_no_pass3_00829,no_pass3,What color is the large rectangle?,a yellow square,yellow | yellow | yellow,True,1.0,0.6,0.6667,False,1,a yellow square,large rectangle,a yellow square,0.5343,0.3128,0.2112,0.0,44.0,9.05,2,image+text
synth_no_pass3_00830,no_pass3,What color is the large rectangle?,a large rectangle,pink | pink | pink,False,0.0,0.6,0.6667,True,1,a large rectangle,pink,a large rectangle,0.5249,0.3017,0.2123,0.0,45.5,9.05,2,image+text
synth_no_pass3_00831,no_pass3,What is the dominant color in this image?,blue is the dominant color in this image,blue | blue | blue,True,1.0,1.0,1.0,False,1,blue is the dominant color in this image,blue is the dominant color in this image,blue is the dominant color in this image,0.9974,0.4918,0.4948,0.0,42.5,9.05,2,image+text
synth_no_pass3_00832,no_pass3,What is the dominant color in this image?,a blue background,navy | navy | blue | dark blue,True,0.6667,1.0,1.0,False,1,a blue background,navy blue,a blue background,0.5333,0.3093,0.213,0.0,38.0,9.05,2,image+text
synth_no_pass3_00833,no_pass3,What color is the large rectangle?,navy blue,navy | dark blue | navy,True,0.3333,1.0,1.0,False,1,navy blue,navy blue,navy blue,0.4405,0.2128,0.2173,0.0,41.5,9.05,2,image+text
synth_no_pass3_00834,no_pass3,What color is the large rectangle?,the large rectangle is white,white | white | white,True,1.0,1.0,1.0,False,1,the large rectangle is white,the large rectangle is white,the large rectangle is white,0.7145,0.3514,0.3509,0.0,47.0,9.05,2,image+text
synth_no_pass3_00835,no_pass3,What color is the circle in this image?,yellow,yellow | yellow | yellow,True,1.0,1.0,1.0,False,1,yellow,yellow,yellow,0.5731,0.3039,0.2586,0.0,47.0,9.05,2,image+text
synth_no_pass3_00836,no_pass3,Is there a red shape in this image?,yes,yes | yes | yes,True,1.0,1.0,1.0,False,1,yes,yes,yes,0.528,0.3047,0.2121,0.0,47.0,9.05,2,image+text
synth_no_pass3_00837,no_pass3,What color is the background?,white,white | white | white,True,1.0,1.0,1.0,False,1,white,white,white,0.4769,0.3014,0.1651,0.0,44.5,9.05,2,image+text
synth_no_pass3_00838,no_pass3,Is the circle on the left or right side?,a circle on the left side,right | right | right,False,0.0,0.6,0.6667,True,1,a circle on the left side,right side,a circle on the left side,0.7254,0.481,0.2338,0.0,43.5,9.05,2,image+text
synth_no_pass3_00839,no_pass3,What color is the large rectangle?,a large rectangle,pink | pink | pink,False,0.0,0.6,0.6667,True,1,a large rectangle,pink,a large rectangle,0.5221,0.3008,0.2092,0.0,43.0,9.05,2,image+text
synth_no_pass3_00840,no_pass3,What color is the circle in this image?,blue,blue | blue | blue,True,1.0,1.0,1.0,False,1,blue,blue,blue,0.4928,0.2733,0.2088,0.0,45.5,9.05,2,image+text
synth_no_pass3_00841,no_pass3,What color is the large rectangle?,the large rectangle is green,green | green | green,True,1.0,1.0,1.0,False,1,the large rectangle is green,the large rectangle is green,the large rectangle is green,0.7007,0.3446,0.3455,0.0,48.0,9.05,2,image+text
synth_no_pass3_00842,no_pass3,What color is the large rectangle?,the large rectangle is white,white | white | white,True,1.0,1.0,1.0,False,1,the large rectangle is white,the large rectangle is white,the large rectangle is white,0.7298,0.3676,0.3516,0.0,46.0,9.05,2,image+text
synth_no_pass3_00843,no_pass3,Is the background color light or dark?,a dark background,dark | dark | medium,True,0.6667,1.0,1.0,False,1,a dark background,a dark background,a dark background,0.6238,0.3069,0.3055,0.0,45.5,9.05,2,image+text
synth_no_pass3_00844,no_pass3,Is there a red shape in this image?,yes,yes | yes | yes,True,1.0,1.0,1.0,False,1,yes,yes,yes,0.5285,0.3044,0.2134,0.0,47.0,9.05,2,image+text
synth_no_pass3_00845,no_pass3,What color is the large rectangle?,a yellow square,yellow | yellow | yellow,True,1.0,0.6,0.6667,False,1,a yellow square,large rectangle,a yellow square,0.5281,0.3052,0.2122,0.0,47.5,9.05,2,image+text
synth_no_pass3_00846,no_pass3,What is the dominant color in this image?,a blue background,navy | navy | blue | dark blue,True,0.6667,1.0,1.0,False,1,a blue background,navy blue,a blue background,0.5268,0.3031,0.2132,0.0,46.0,9.05,2,image+text
synth_no_pass3_00847,no_pass3,What is the dominant color in this image?,the dominant color in this image is purple,purple | purple | purple,True,1.0,1.0,1.0,False,1,the dominant color in this image is purple,the dominant color is purple,the dominant color in this image is purple,0.8846,0.483,0.3911,0.0,46.0,9.05,2,image+text
synth_no_pass3_00848,no_pass3,What color is the large rectangle?,a large rectangle,pink | pink | pink,False,0.0,0.6,0.6667,True,1,a large rectangle,pink,a large rectangle,0.5441,0.31,0.2236,0.0,42.0,9.05,2,image+text
synth_no_pass3_00849,no_pass3,What color is the background?,navy blue,navy | dark blue | blue,True,0.6667,1.0,1.0,False,1,navy blue,navy blue,navy blue,0.44,0.2148,0.2146,0.0,39.5,9.05,2,image+text
synth_no_pass3_00850,no_pass3,Is the circle on the left or right side?,is the circle on the left side,left | left | center,True,0.6667,0.6,0.6667,False,1,is the circle on the left side,right side,is the circle on the left side,0.7725,0.4605,0.3008,0.0,42.0,9.05,2,image+text
synth_no_pass3_00851,no_pass3,What color is the large rectangle?,green,lime | lime | green,True,0.3333,1.0,1.0,False,1,green,green,green,0.4766,0.3005,0.1656,0.0,42.5,9.05,2,image+text
synth_no_pass3_00852,no_pass3,What color is the large rectangle?,red,red | red | red,True,1.0,1.0,1.0,False,1,red,red,red,0.5431,0.3193,0.2129,0.0,45.5,9.05,2,image+text
synth_no_pass3_00853,no_pass3,Is the circle on the left or right side?,a circle on the left side,right | right | right,False,0.0,0.6,0.6667,True,1,a circle on the left side,right side,a circle on the left side,0.721,0.4963,0.214,0.0,43.5,9.05,2,image+text
synth_no_pass3_00854,no_pass3,Is there a red shape in this image?,yes,yes | yes | yes,True,1.0,1.0,1.0,False,1,yes,yes,yes,0.5273,0.3038,0.2132,0.0,43.5,9.05,2,image+text
synth_no_pass3_00855,no_pass3,What is the dominant color in this image?,a blue background,navy | navy | blue | dark blue,True,0.6667,1.0,1.0,False,1,a blue background,navy blue,a blue background,0.5269,0.3037,0.2128,0.0,43.0,9.05,2,image+text
synth_no_pass3_00856,no_pass3,What color is the background?,blue,blue | blue | blue,True,1.0,1.0,1.0,False,1,blue,blue,blue,0.5265,0.3034,0.2123,0.0,41.0,9.05,2,image+text
synth_no_pass3_00857,no_pass3,Is the circle on the left or right side?,is the circle on the left side,left | left | left,True,1.0,1.0,1.0,False,1,is the circle on the left side,Is the circle on the left side,is the circle on the left side,0.9548,0.4628,0.4811,0.0,41.0,9.05,2,image+text
synth_no_pass3_00858,no_pass3,What color is the background?,blue,blue | blue | blue,True,1.0,1.0,1.0,False,1,blue,blue,blue,0.5366,0.3093,0.2167,0.0,39.0,9.05,2,image+text
synth_no_pass3_00859,no_pass3,What color is the small circle?,green,lime | lime | yellow-green,False,0.0,1.0,1.0,True,1,green,green,green,0.5264,0.3024,0.2135,0.0,39.5,9.05,2,image+text
synth_no_pass3_00860,no_pass3,What color is the circle in this image?,red,red | red | red,True,1.0,1.0,1.0,False,1,red,red,red,0.5102,0.2858,0.2132,0.0,43.0,9.05,2,image+text
synth_no_pass3_00861,no_pass3,What color is the large rectangle?,the large rectangle is purple,purple | purple | purple,True,1.0,1.0,1.0,False,1,the large rectangle is purple,the large rectangle is purple,the large rectangle is purple,0.7126,0.3492,0.3528,0.0,47.0,9.05,2,image+text
synth_no_pass3_00862,no_pass3,Is there a red shape in this image?,yes,no | no | no,False,0.0,0.6,0.6667,True,1,yes,no,yes,0.4806,0.2573,0.2132,0.0,47.0,9.05,2,image+text
synth_no_pass3_00863,no_pass3,Is the circle on the left or right side?,is the circle on the left side,right | right | right,False,0.0,0.6,0.6667,True,1,is the circle on the left side,right side,is the circle on the left side,0.7643,0.454,0.2992,0.0,42.5,9.05,2,image+text
synth_no_pass3_00864,no_pass3,What is the dominant color in this image?,the dominant color in this image is yellow,yellow | yellow | yellow,True,1.0,0.6,0.6667,False,1,the dominant color in this image is yellow,a dominant color in this image,the dominant color in this image is yellow,0.9398,0.4853,0.4436,0.0,41.5,9.05,2,image+text
synth_no_pass3_00865,no_pass3,Is there a red shape in this image?,yes,no | no | no,False,0.0,0.6,0.6667,True,1,yes,no,yes,0.4805,0.2575,0.2126,0.0,46.0,9.05,2,image+text
synth_no_pass3_00866,no_pass3,Is the circle on the left or right side?,is the circle on the left side,right | right | right,False,0.0,0.6,0.6667,True,1,is the circle on the left side,right side,is the circle on the left side,0.7639,0.4466,0.3062,0.0,45.0,9.05,2,image+text
synth_no_pass3_00867,no_pass3,What is the dominant color in this image?,a blue background,navy | navy | blue | dark blue,True,0.6667,1.0,1.0,False,1,a blue background,navy blue,a blue background,0.5365,0.313,0.2131,0.0,41.0,9.05,2,image+text
synth_no_pass3_00868,no_pass3,Is there a red shape in this image?,yes,yes | yes | yes,True,1.0,1.0,1.0,False,1,yes,yes,yes,0.5264,0.3033,0.2121,0.0,42.5,9.05,2,image+text
synth_no_pass3_00869,no_pass3,What color is the large rectangle?,the large rectangle is white,white | white | white,True,1.0,1.0,1.0,False,1,the large rectangle is white,the large rectangle is white,the large rectangle is white,0.7115,0.3501,0.3509,0.0,46.5,9.05,2,image+text
synth_no_pass3_00870,no_pass3,What color is the large rectangle?,a large rectangle,pink | pink | pink,False,0.0,0.6,0.6667,True,1,a large rectangle,pink,a large rectangle,0.5281,0.3041,0.2128,0.0,39.5,9.05,2,image+text
synth_no_pass3_00871,no_pass3,What color is the large rectangle?,the large rectangle is blue,teal | teal | green,False,0.0,1.0,1.0,True,1,the large rectangle is blue,the large rectangle is blue,the large rectangle is blue,0.7324,0.3646,0.3552,0.0,43.0,9.05,2,image+text
synth_no_pass3_00872,no_pass3,Is there a blue shape in this image?,yes,yes | yes | yes,True,1.0,1.0,1.0,False,1,yes,yes,yes,0.4829,0.2591,0.2127,0.0,43.0,9.05,2,image+text
synth_no_pass3_00873,no_pass3,What color is the background?,white,white | white | white,True,1.0,1.0,1.0,False,1,white,white,white,0.4826,0.3051,0.1666,0.0,42.5,9.05,2,image+text
synth_no_pass3_00874,no_pass3,What color is the background?,white,white | white | white,True,1.0,1.0,1.0,False,1,white,white,white,0.4805,0.3038,0.1664,0.0,41.0,9.05,2,image+text
synth_no_pass3_00875,no_pass3,Is the circle on the left or right side?,is the circle on the left side,left | left | left,True,1.0,1.0,1.0,False,1,is the circle on the left side,Is the circle on the left side,is the circle on the left side,0.9336,0.4366,0.4859,0.0,38.0,9.05,2,image+text
synth_no_pass3_00876,no_pass3,What color is the large rectangle?,a yellow square,yellow | yellow | yellow,True,1.0,0.6,0.6667,False,1,a yellow square,large rectangle,a yellow square,0.5189,0.2992,0.2094,0.0,39.0,9.05,2,image+text
synth_no_pass3_00877,no_pass3,What color is the background?,blue,blue | blue | blue,True,1.0,1.0,1.0,False,1,blue,blue,blue,0.5268,0.304,0.2125,0.0,45.5,9.05,2,image+text
synth_no_pass3_00878,no_pass3,What color is the large rectangle?,a yellow square,yellow | yellow | yellow,True,1.0,0.6,0.6667,False,1,a yellow square,large rectangle,a yellow square,0.5407,0.3174,0.2128,0.0,44.0,9.05,2,image+text
synth_no_pass3_00879,no_pass3,What color is the large rectangle?,the large rectangle is blue,teal | teal | green,False,0.0,1.0,1.0,True,1,the large rectangle is blue,the large rectangle is blue,the large rectangle is blue,0.7118,0.3502,0.3507,0.0,46.0,9.05,2,image+text
synth_no_pass3_00880,no_pass3,What color is the circle in this image?,blue,blue | blue | blue,True,1.0,1.0,1.0,False,1,blue,blue,blue,0.4998,0.2771,0.2118,0.0,41.5,9.05,2,image+text
synth_no_pass3_00881,no_pass3,What color is the large rectangle?,the large rectangle is green,green | green | green,True,1.0,1.0,1.0,False,1,the large rectangle is green,the large rectangle is green,the large rectangle is green,0.713,0.349,0.3533,0.0,41.5,9.05,2,image+text
synth_no_pass3_00882,no_pass3,What color is the circle?,a red circle,brown | brown | maroon,False,0.0,0.6,0.6667,True,1,a red circle,maroon,a red circle,0.5752,0.3048,0.2585,0.0,39.0,9.05,2,image+text
synth_no_pass3_00883,no_pass3,What is the dominant color in this image?,the dominant color in this image is yellow,yellow | yellow | yellow,True,1.0,0.6,0.6667,False,1,the dominant color in this image is yellow,a dominant color in this image,the dominant color in this image is yellow,0.9343,0.4858,0.4375,0.0,40.5,9.05,2,image+text
synth_no_pass3_00884,no_pass3,Is there a purple shape in this image?,yes,no | no | no,False,0.0,1.0,1.0,True,1,yes,yes,yes,0.4812,0.2564,0.2144,0.0,44.5,9.05,2,image+text
synth_no_pass3_00885,no_pass3,What is the dominant color in this image?,cyan,cyan | cyan | blue,True,0.6667,0.6,0.6667,False,1,cyan,blue,cyan,0.5514,0.3294,0.2116,0.0,42.0,9.05,2,image+text
synth_no_pass3_00886,no_pass3,What is the dominant color in this image?,blue is the dominant color in this image,blue | blue | blue,True,1.0,1.0,1.0,False,1,blue is the dominant color in this image,blue is the dominant color in this image,blue is the dominant color in this image,0.987,0.4869,0.4893,0.0,37.0,9.05,2,image+text
synth_no_pass3_00887,no_pass3,What is the dominant color in this image?,the dominant color in this image is yellow,yellow | yellow | yellow,True,1.0,0.6,0.6667,False,1,the dominant color in this image is yellow,a dominant color in this image,the dominant color in this image is yellow,0.9376,0.4858,0.441,0.0,42.5,9.05,2,image+text
synth_no_pass3_00888,no_pass3,What color is the background?,white,white | white | white,True,1.0,1.0,1.0,False,1,white,white,white,0.4823,0.3036,0.1683,0.0,39.0,9.05,2,image+text
synth_no_pass3_00889,no_pass3,Is the background color light or dark?,dark,light | light | light,False,0.0,0.6,0.6667,True,1,dark,light,dark,0.438,0.2116,0.2161,0.0,43.5,9.05,2,image+text
synth_no_pass3_00890,no_pass3,What color is the background?,gray,gray | gray | grey,True,0.6667,1.0,1.0,False,1,gray,gray,gray,0.4284,0.2085,0.2093,0.0,47.0,9.05,2,image+text
synth_no_pass3_00891,no_pass3,What color is the large rectangle?,red,red | red | red,True,1.0,1.0,1.0,False,1,red,red,red,0.5678,0.3435,0.2139,0.0,39.5,9.05,2,image+text
synth_no_pass3_00892,no_pass3,Is the background color light or dark?,dark background,dark | dark | dark,True,1.0,1.0,1.0,False,1,dark background,dark background,dark background,0.4821,0.2584,0.2126,0.0,45.0,9.05,2,image+text
synth_no_pass3_00893,no_pass3,What color is the large rectangle?,red,red | red | red,True,1.0,1.0,1.0,False,1,red,red,red,0.5336,0.3043,0.2188,0.0,45.0,9.05,2,image+text
synth_no_pass3_00894,no_pass3,Is the circle on the left or right side?,is the circle on the left side,left | left | left,True,1.0,1.0,1.0,False,1,is the circle on the left side,Is the circle on the left side,is the circle on the left side,0.9675,0.4642,0.491,0.0,46.0,9.05,2,image+text
synth_no_pass3_00895,no_pass3,What color is the background?,white,white | white | white,True,1.0,1.0,1.0,False,1,white,white,white,0.4808,0.3042,0.1662,0.0,39.5,9.05,2,image+text
synth_no_pass3_00896,no_pass3,Is there a purple shape in this image?,yes,no | no | no,False,0.0,1.0,1.0,True,1,yes,yes,yes,0.4889,0.2617,0.2166,0.0,42.0,9.05,2,image+text
synth_no_pass3_00897,no_pass3,What is the dominant color in this image?,blue is the dominant color in this image,blue | blue | blue,True,1.0,1.0,1.0,False,1,blue is the dominant color in this image,blue is the dominant color in this image,blue is the dominant color in this image,0.986,0.4877,0.4877,0.0,42.0,9.05,2,image+text
synth_no_pass3_00898,no_pass3,What color is the small circle?,green,lime | lime | yellow-green,False,0.0,1.0,1.0,True,1,green,green,green,0.5271,0.3035,0.2131,0.0,42.0,9.05,2,image+text
synth_no_pass3_00899,no_pass3,What is the dominant color in this image?,the dominant color in this image is yellow,yellow | yellow | yellow,True,1.0,0.6,0.6667,False,1,the dominant color in this image is yellow,a dominant color in this image,the dominant color in this image is yellow,0.9402,0.488,0.4415,0.0,40.5,9.05,2,image+text
synth_no_pass3_00900,no_pass3,What color is the background?,white,white | white | white,True,1.0,1.0,1.0,False,1,white,white,white,0.5059,0.3264,0.167,0.0,33.0,9.05,2,image+text
synth_no_pass3_00901,no_pass3,What color is the circle?,a red circle,brown | brown | maroon,False,0.0,0.6,0.6667,True,1,a red circle,maroon,a red circle,0.5742,0.3037,0.2603,0.0,42.0,9.05,2,image+text
synth_no_pass3_00902,no_pass3,Is the background color light or dark?,dark background,dark | dark | dark,True,1.0,1.0,1.0,False,1,dark background,dark background,dark background,0.4835,0.2592,0.2137,0.0,45.5,9.05,2,image+text
synth_no_pass3_00903,no_pass3,What color is the background?,white,white | white | white,True,1.0,1.0,1.0,False,1,white,white,white,0.4814,0.3051,0.1659,0.0,43.0,9.05,2,image+text
synth_no_pass3_00904,no_pass3,What color is the circle?,red,maroon | dark red | red,True,0.6667,1.0,1.0,False,1,red,red,red,0.4736,0.2993,0.1642,0.0,44.0,9.05,2,image+text
synth_no_pass3_00905,no_pass3,What is the dominant color in this image?,the dominant color in this image is green,green | green | green,True,1.0,1.0,1.0,False,1,the dominant color in this image is green,the dominant color is green,the dominant color in this image is green,0.8581,0.4863,0.3611,0.0,43.5,9.05,2,image+text
synth_no_pass3_00906,no_pass3,What is the dominant color in this image?,the dominant color in this image,orange | orange | orange,False,0.0,0.6,0.6667,True,1,the dominant color in this image,orange,the dominant color in this image,0.7113,0.3948,0.3055,0.0,43.0,9.05,2,image+text
synth_no_pass3_00907,no_pass3,What color is the background?,white,white | white | white,True,1.0,1.0,1.0,False,1,white,white,white,0.4796,0.303,0.166,0.0,46.0,9.05,2,image+text
synth_no_pass3_00908,no_pass3,Is the background color light or dark?,dark,light | light | light,False,0.0,0.6,0.6667,True,1,dark,light,dark,0.4336,0.2104,0.2123,0.0,46.0,9.05,2,image+text
synth_no_pass3_00909,no_pass3,What color is the circle?,red,maroon | dark red | red,True,0.6667,1.0,1.0,False,1,red,red,red,0.485,0.3085,0.1661,0.0,43.5,9.05,2,image+text
synth_no_pass3_00910,no_pass3,What is the dominant color in this image?,red is the dominant color in this image,red | red | red,True,1.0,1.0,1.0,False,1,red is the dominant color in this image,red is the dominant color in this image,red is the dominant color in this image,1.0101,0.5074,0.4916,0.0,42.0,9.05,2,image+text
synth_no_pass3_00911,no_pass3,What color is the background?,gray,gray | gray | grey,True,0.6667,1.0,1.0,False,1,gray,gray,gray,0.4396,0.2107,0.2183,0.0,45.5,9.05,2,image+text
synth_no_pass3_00912,no_pass3,What color is the large rectangle?,green,lime | lime | green,True,0.3333,1.0,1.0,False,1,green,green,green,0.4843,0.3058,0.1659,0.0,42.5,9.05,2,image+text
synth_no_pass3_00913,no_pass3,What color is the large rectangle?,the large rectangle is purple,purple | purple | purple,True,1.0,1.0,1.0,False,1,the large rectangle is purple,the large rectangle is purple,the large rectangle is purple,0.7109,0.3499,0.3505,0.0,41.0,9.05,2,image+text
synth_no_pass3_00914,no_pass3,What color is the circle in this image?,yellow,yellow | yellow | yellow,True,1.0,1.0,1.0,False,1,yellow,yellow,yellow,0.572,0.3031,0.2584,0.0,46.0,9.05,2,image+text
synth_no_pass3_00915,no_pass3,What is the dominant color in this image?,red is the dominant color in this image,red | red | red,True,1.0,1.0,1.0,False,1,red is the dominant color in this image,red is the dominant color in this image,red is the dominant color in this image,0.9785,0.4846,0.4834,0.0,46.0,9.05,2,image+text
synth_no_pass3_00916,no_pass3,What color is the background?,blue,blue | blue | blue,True,1.0,1.0,1.0,False,1,blue,blue,blue,0.5253,0.3022,0.213,0.0,42.5,9.05,2,image+text
synth_no_pass3_00917,no_pass3,Is there a red shape in this image?,yes,no | no | no,False,0.0,0.6,0.6667,True,1,yes,no,yes,0.4802,0.2574,0.2122,0.0,42.5,9.05,2,image+text
synth_no_pass3_00918,no_pass3,What color is the circle in this image?,red,red | red | red,True,1.0,1.0,1.0,False,1,red,red,red,0.4885,0.2631,0.2151,0.0,44.5,9.05,2,image+text
synth_no_pass3_00919,no_pass3,What color is the large rectangle?,the large rectangle is white,white | white | white,True,1.0,1.0,1.0,False,1,the large rectangle is white,the large rectangle is white,the large rectangle is white,0.7248,0.3538,0.3601,0.0,45.5,9.05,2,image+text
synth_no_pass3_00920,no_pass3,What color is the large rectangle?,the large rectangle is green,green | green | green,True,1.0,1.0,1.0,False,1,the large rectangle is green,the large rectangle is green,the large rectangle is green,0.7326,0.3702,0.3513,0.0,42.0,9.05,2,image+text
synth_no_pass3_00921,no_pass3,Is the background color light or dark?,a dark background,dark | dark | medium,True,0.6667,1.0,1.0,False,1,a dark background,a dark background,a dark background,0.6534,0.3377,0.305,0.0,46.0,9.05,2,image+text
synth_no_pass3_00922,no_pass3,What is the dominant color in this image?,the dominant color in this image,orange | orange | orange,False,0.0,0.6,0.6667,True,1,the dominant color in this image,orange,the dominant color in this image,0.7188,0.4001,0.3079,0.0,45.5,9.05,2,image+text
synth_no_pass3_00923,no_pass3,What is the dominant color in this image?,the dominant color in this image is green,green | green | green,True,1.0,1.0,1.0,False,1,the dominant color in this image is green,the dominant color is green,the dominant color in this image is green,0.8655,0.4922,0.3619,0.0,46.5,9.05,2,image+text
synth_no_pass3_00924,no_pass3,What is the dominant color in this image?,the dominant color is brown,brown | brown | brown,True,1.0,1.0,1.0,False,1,the dominant color is brown,the dominant color is brown,the dominant color is brown,0.8048,0.3913,0.4027,0.0,47.5,9.05,2,image+text
synth_no_pass3_00925,no_pass3,What color is the background?,the background is white,cream | white | beige,True,0.3333,1.0,1.0,False,1,the background is white,the background is white,the background is white,0.6325,0.3157,0.3047,0.0,46.5,9.05,2,image+text
synth_no_pass3_00926,no_pass3,What is the dominant color in this image?,red is the dominant color in this image,red | red | red,True,1.0,1.0,1.0,False,1,red is the dominant color in this image,red is the dominant color in this image,red is the dominant color in this image,0.987,0.4882,0.4884,0.0,41.5,9.05,2,image+text
synth_no_pass3_00927,no_pass3,What color is the large rectangle?,the large rectangle is white,white | white | white,True,1.0,1.0,1.0,False,1,the large rectangle is white,the large rectangle is white,the large rectangle is white,0.7332,0.3625,0.36,0.0,41.0,9.05,2,image+text
synth_no_pass3_00928,no_pass3,What is the dominant color in this image?,the dominant color is brown,brown | brown | brown,True,1.0,1.0,1.0,False,1,the dominant color is brown,the dominant color is brown,the dominant color is brown,0.8142,0.3998,0.4034,0.0,45.5,9.05,2,image+text
synth_no_pass3_00929,no_pass3,Is the background color light or dark?,dark blue,dark | dark | dark,False,0.0,1.0,1.0,True,1,dark blue,dark blue,dark blue,0.4367,0.2136,0.2119,0.0,47.0,9.05,2,image+text
synth_no_pass3_00930,no_pass3,What color is the large rectangle?,red,red | red | red,True,1.0,1.0,1.0,False,1,red,red,red,0.5267,0.3034,0.2124,0.0,47.0,9.05,2,image+text
synth_no_pass3_00931,no_pass3,What color is the circle in this image?,red,red | red | red,True,1.0,1.0,1.0,False,1,red,red,red,0.483,0.2587,0.2137,0.0,46.5,9.05,2,image+text
synth_no_pass3_00932,no_pass3,What is the dominant color in this image?,the dominant color is brown,brown | brown | brown,True,1.0,1.0,1.0,False,1,the dominant color is brown,the dominant color is brown,the dominant color is brown,0.8022,0.3957,0.3959,0.0,43.5,9.05,2,image+text
synth_no_pass3_00933,no_pass3,What color is the background?,the background is white,cream | white | beige,True,0.3333,1.0,1.0,False,1,the background is white,the background is white,the background is white,0.6254,0.3031,0.311,0.0,44.0,9.05,2,image+text
synth_no_pass3_00934,no_pass3,What color is the large rectangle?,the large rectangle is green,olive | olive | dark yellow,False,0.0,1.0,1.0,True,1,the large rectangle is green,the large rectangle is green,the large rectangle is green,0.7157,0.3501,0.3549,0.0,46.5,9.05,2,image+text
synth_no_pass3_00935,no_pass3,What color is the background?,blue,blue | blue | blue,True,1.0,1.0,1.0,False,1,blue,blue,blue,0.5265,0.3029,0.2133,0.0,43.5,9.05,2,image+text
synth_no_pass3_00936,no_pass3,What is the dominant color in this image?,red is the dominant color in this image,red | red | red,True,1.0,1.0,1.0,False,1,red is the dominant color in this image,red is the dominant color in this image,red is the dominant color in this image,0.986,0.4884,0.4868,0.0,39.5,9.05,2,image+text
synth_no_pass3_00937,no_pass3,Is the background color light or dark?,dark,dark | dark | dark,True,1.0,1.0,1.0,False,1,dark,dark,dark,0.4387,0.2128,0.2156,0.0,41.0,9.05,2,image+text
synth_no_pass3_00938,no_pass3,What color is the large rectangle?,green,lime | lime | green,True,0.3333,1.0,1.0,False,1,green,green,green,0.4805,0.3041,0.1663,0.0,43.5,9.05,2,image+text
synth_no_pass3_00939,no_pass3,What color is the large rectangle?,a large rectangle,pink | pink | pink,False,0.0,0.6,0.6667,True,1,a large rectangle,pink,a large rectangle,0.5261,0.3028,0.2128,0.0,41.0,9.05,2,image+text
synth_no_pass3_00940,no_pass3,What color is the circle?,a red circle,brown | brown | maroon,False,0.0,0.6,0.6667,True,1,a red circle,maroon,a red circle,0.5982,0.3307,0.2567,0.0,44.0,9.05,2,image+text
synth_no_pass3_00941,no_pass3,What color is the large rectangle?,a yellow square,yellow | yellow | yellow,True,1.0,0.6,0.6667,False,1,a yellow square,large rectangle,a yellow square,0.5225,0.2998,0.2121,0.0,41.5,9.05,2,image+text
synth_no_pass3_00942,no_pass3,Is the circle on the left or right side?,a circle on the left side,right | right | right,False,0.0,0.6,0.6667,True,1,a circle on the left side,right side,a circle on the left side,0.6979,0.4787,0.2087,0.0,45.0,9.05,2,image+text
synth_no_pass3_00943,no_pass3,What color is the circle in this image?,blue,blue | blue | blue,True,1.0,1.0,1.0,False,1,blue,blue,blue,0.4737,0.254,0.2089,0.0,46.5,9.05,2,image+text
synth_no_pass3_00944,no_pass3,What color is the background?,the background is white,cream | white | beige,True,0.3333,1.0,1.0,False,1,the background is white,the background is white,the background is white,0.6103,0.2992,0.3006,0.0,46.5,9.05,2,image+text
synth_no_pass3_00945,no_pass3,Is there a red shape in this image?,yes,yes | yes | yes,True,1.0,1.0,1.0,False,1,yes,yes,yes,0.5249,0.3026,0.2122,0.0,46.5,9.05,2,image+text
synth_no_pass3_00946,no_pass3,What color is the large rectangle?,blue,blue | blue | blue,True,1.0,1.0,1.0,False,1,blue,blue,blue,0.4807,0.2576,0.2126,0.0,45.0,9.05,2,image+text
synth_no_pass3_00947,no_pass3,Is the circle on the left or right side?,is the circle on the left side,right | right | right,False,0.0,0.6,0.6667,True,1,is the circle on the left side,right side,is the circle on the left side,0.7688,0.4537,0.3044,0.0,45.0,9.05,2,image+text
synth_no_pass3_00948,no_pass3,What color is the background?,blue,blue | blue | blue,True,1.0,1.0,1.0,False,1,blue,blue,blue,0.5544,0.3105,0.2313,0.0,45.5,9.05,2,image+text
synth_no_pass3_00949,no_pass3,Is the background color light or dark?,dark blue,dark | dark | dark,False,0.0,1.0,1.0,True,1,dark blue,dark blue,dark blue,0.4277,0.2088,0.2089,0.0,45.5,9.05,2,image+text
synth_no_pass3_00950,no_pass3,What color is the large rectangle?,the large rectangle is green,green | green | green,True,1.0,1.0,1.0,False,1,the large rectangle is green,the large rectangle is green,the large rectangle is green,0.7066,0.3446,0.3509,0.0,46.5,9.05,2,image+text
synth_no_pass3_00951,no_pass3,What color is the large rectangle?,a large rectangle,pink | pink | pink,False,0.0,0.6,0.6667,True,1,a large rectangle,pink,a large rectangle,0.5258,0.3028,0.2124,0.0,39.5,9.05,2,image+text
synth_no_pass3_00952,no_pass3,Is the circle on the left or right side?,is the circle on the left side,left | left | center,True,0.6667,0.6,0.6667,False,1,is the circle on the left side,right side,is the circle on the left side,0.7536,0.4391,0.3033,0.0,43.5,9.05,2,image+text
synth_no_pass3_00953,no_pass3,What color is the large rectangle?,the large rectangle is green,olive | olive | dark yellow,False,0.0,1.0,1.0,True,1,the large rectangle is green,the large rectangle is green,the large rectangle is green,0.7134,0.3497,0.353,0.0,42.5,9.05,2,image+text
synth_no_pass3_00954,no_pass3,Is there a blue shape in this image?,yes,no | no | no,False,0.0,1.0,1.0,True,1,yes,yes,yes,0.48,0.2569,0.2127,0.0,41.5,9.05,2,image+text
synth_no_pass3_00955,no_pass3,What color is the circle?,pink,pink | pink | pink,True,1.0,1.0,1.0,False,1,pink,pink,pink,0.5267,0.2583,0.2579,0.0,47.0,9.05,2,image+text
synth_no_pass3_00956,no_pass3,Is there a red shape in this image?,yes,yes | yes | yes,True,1.0,1.0,1.0,False,1,yes,yes,yes,0.5473,0.3023,0.2339,0.0,45.0,9.05,2,image+text
synth_no_pass3_00957,no_pass3,Is the circle on the left or right side?,is the circle on the left side,left | left | left,True,1.0,1.0,1.0,False,1,is the circle on the left side,Is the circle on the left side,is the circle on the left side,0.9519,0.4571,0.4827,0.0,40.0,9.05,2,image+text
synth_no_pass3_00958,no_pass3,Is the background color light or dark?,light blue,light | light | medium,False,0.0,1.0,1.0,True,1,light blue,light blue,light blue,0.4342,0.2098,0.2142,0.0,43.0,9.05,2,image+text
synth_no_pass3_00959,no_pass3,What color is the circle in this image?,yellow,yellow | yellow | yellow,True,1.0,1.0,1.0,False,1,yellow,yellow,yellow,0.5729,0.3035,0.2589,0.0,46.0,9.05,2,image+text
synth_no_pass3_00960,no_pass3,What color is the large rectangle?,the color orange,orange | orange | orange,True,1.0,1.0,1.0,False,1,the color orange,the color orange,the color orange,0.5861,0.3199,0.2547,0.0,39.0,9.05,2,image+text
synth_no_pass3_00961,no_pass3,What is the dominant color in this image?,the dominant color in this image is yellow,yellow | yellow | yellow,True,1.0,0.6,0.6667,False,1,the dominant color in this image is yellow,a dominant color in this image,the dominant color in this image is yellow,0.9382,0.4845,0.4431,0.0,41.5,9.05,2,image+text
synth_no_pass3_00962,no_pass3,Is there a red shape in this image?,yes,yes | yes | yes,True,1.0,1.0,1.0,False,1,yes,yes,yes,0.5363,0.306,0.2199,0.0,39.5,9.05,2,image+text
synth_no_pass3_00963,no_pass3,What color is the large rectangle?,a yellow square,yellow | yellow | yellow,True,1.0,0.6,0.6667,False,1,a yellow square,large rectangle,a yellow square,0.5262,0.3039,0.2118,0.0,40.5,9.05,2,image+text
synth_no_pass3_00964,no_pass3,What color is the large rectangle?,the large rectangle is blue,teal | teal | green,False,0.0,1.0,1.0,True,1,the large rectangle is blue,the large rectangle is blue,the large rectangle is blue,0.712,0.3492,0.352,0.0,41.5,9.05,2,image+text
synth_no_pass3_00965,no_pass3,Is there a red shape in this image?,yes,yes | yes | yes,True,1.0,1.0,1.0,False,1,yes,yes,yes,0.5253,0.3043,0.2105,0.0,41.5,9.05,2,image+text
synth_no_pass3_00966,no_pass3,What color is the large rectangle?,green,lime | lime | green,True,0.3333,1.0,1.0,False,1,green,green,green,0.4782,0.3004,0.1673,0.0,42.0,9.05,2,image+text
synth_no_pass3_00967,no_pass3,What is the dominant color in this image?,the dominant color is brown,brown | brown | brown,True,1.0,1.0,1.0,False,1,the dominant color is brown,the dominant color is brown,the dominant color is brown,0.8056,0.3999,0.3948,0.0,44.0,9.05,2,image+text
synth_no_pass3_00968,no_pass3,What color is the circle in this image?,blue,blue | blue | blue,True,1.0,1.0,1.0,False,1,blue,blue,blue,0.4726,0.253,0.2086,0.0,42.0,9.05,2,image+text
synth_no_pass3_00969,no_pass3,What color is the background?,the background is white,cream | white | beige,True,0.3333,1.0,1.0,False,1,the background is white,the background is white,the background is white,0.6083,0.2991,0.2989,0.0,46.0,9.05,2,image+text
synth_no_pass3_00970,no_pass3,What color is the circle?,the circle is green,olive | olive | brown,False,0.0,1.0,1.0,True,1,the circle is green,the circle is green,the circle is green,0.622,0.3039,0.3073,0.0,39.0,9.05,2,image+text
synth_no_pass3_00971,no_pass3,What is the dominant color in this image?,the dominant color in this image is blue,teal | teal | cyan | blue-green,False,0.0,1.0,1.0,True,1,the dominant color in this image is blue,the dominant color is blue,the dominant color in this image is blue,0.8933,0.4898,0.3929,0.0,44.0,9.05,2,image+text
synth_no_pass3_00972,no_pass3,Is there a red shape in this image?,yes,no | no | no,False,0.0,0.6,0.6667,True,1,yes,no,yes,0.475,0.2546,0.2091,0.0,45.5,9.05,2,image+text
synth_no_pass3_00973,no_pass3,What color is the large rectangle?,the large rectangle is blue,teal | teal | green,False,0.0,1.0,1.0,True,1,the large rectangle is blue,the large rectangle is blue,the large rectangle is blue,0.7007,0.3457,0.3447,0.0,45.5,9.05,2,image+text
synth_no_pass3_00974,no_pass3,What is the dominant color in this image?,red is the dominant color in this image,red | red | red,True,1.0,1.0,1.0,False,1,red is the dominant color in this image,red is the dominant color in this image,red is the dominant color in this image,0.9974,0.4938,0.4913,0.0,41.5,9.05,2,image+text
synth_no_pass3_00975,no_pass3,What color is the background?,the background is white,cream | white | beige,True,0.3333,1.0,1.0,False,1,the background is white,the background is white,the background is white,0.6184,0.3039,0.3038,0.0,42.5,9.05,2,image+text
synth_no_pass3_00976,no_pass3,What is the dominant color in this image?,blue is the dominant color in this image,blue | blue | blue,True,1.0,1.0,1.0,False,1,blue is the dominant color in this image,blue is the dominant color in this image,blue is the dominant color in this image,0.9897,0.4917,0.4867,0.0,42.5,9.05,2,image+text
synth_no_pass3_00977,no_pass3,Is there a green shape in this image?,yes,no | no | no,False,0.0,1.0,1.0,True,1,yes,yes,yes,0.4799,0.2573,0.2122,0.0,40.0,9.05,2,image+text
synth_no_pass3_00978,no_pass3,Is there a purple shape in this image?,yes,no | no | no,False,0.0,1.0,1.0,True,1,yes,yes,yes,0.4805,0.2573,0.2126,0.0,44.5,9.05,2,image+text
synth_no_pass3_00979,no_pass3,What color is the background?,white,white | white | white,True,1.0,1.0,1.0,False,1,white,white,white,0.4846,0.305,0.169,0.0,43.0,9.05,2,image+text
synth_no_pass3_00980,no_pass3,What color is the background?,white,white | white | white,True,1.0,1.0,1.0,False,1,white,white,white,0.4939,0.3179,0.1653,0.0,43.0,9.05,2,image+text
synth_no_pass3_00981,no_pass3,Is the background color light or dark?,dark,light | light | light,False,0.0,0.6,0.6667,True,1,dark,light,dark,0.4285,0.2083,0.2098,0.0,45.5,9.05,2,image+text
synth_no_pass3_00982,no_pass3,Is the circle on the left or right side?,is the circle on the left side,right | right | right,False,0.0,0.6,0.6667,True,1,is the circle on the left side,right side,is the circle on the left side,0.7437,0.4332,0.3,0.0,46.0,9.05,2,image+text
synth_no_pass3_00983,no_pass3,Is there a blue shape in this image?,yes,yes | yes | yes,True,1.0,1.0,1.0,False,1,yes,yes,yes,0.4795,0.2569,0.2119,0.0,44.0,9.05,2,image+text
synth_no_pass3_00984,no_pass3,What color is the circle?,the circle is green,cyan | cyan | teal | teal,False,0.0,1.0,1.0,True,1,the circle is green,the circle is green,the circle is green,0.6184,0.3029,0.305,0.0,45.0,9.05,2,image+text
synth_no_pass3_00985,no_pass3,Is the background color light or dark?,dark,light | light | light,False,0.0,0.6,0.6667,True,1,dark,light,dark,0.4336,0.2114,0.2115,0.0,45.5,9.05,2,image+text
synth_no_pass3_00986,no_pass3,Is the circle on the left or right side?,is the circle on the left side,left | left | center,True,0.6667,0.6,0.6667,False,1,is the circle on the left side,right side,is the circle on the left side,0.7726,0.4434,0.3184,0.0,44.0,9.05,2,image+text
synth_no_pass3_00987,no_pass3,Is the circle on the left or right side?,is the circle on the left side,left | left | center,True,0.6667,0.6,0.6667,False,1,is the circle on the left side,right side,is the circle on the left side,0.7548,0.4407,0.3034,0.0,45.5,9.05,2,image+text
synth_no_pass3_00988,no_pass3,What color is the large rectangle?,a yellow square,yellow | yellow | yellow,True,1.0,0.6,0.6667,False,1,a yellow square,large rectangle,a yellow square,0.5202,0.2998,0.2093,0.0,45.0,9.05,2,image+text
synth_no_pass3_00989,no_pass3,What color is the large rectangle?,red,red | red | red,True,1.0,1.0,1.0,False,1,red,red,red,0.5192,0.2988,0.2104,0.0,44.5,9.05,2,image+text
synth_no_pass3_00990,no_pass3,Is the background color light or dark?,dark,dark | dark | dark,True,1.0,1.0,1.0,False,1,dark,dark,dark,0.4359,0.2132,0.212,0.0,42.5,9.05,2,image+text
synth_no_pass3_00991,no_pass3,What is the dominant color in this image?,red is the dominant color in this image,red | red | red,True,1.0,1.0,1.0,False,1,red is the dominant color in this image,red is the dominant color in this image,red is the dominant color in this image,0.9851,0.4867,0.4877,0.0,41.0,9.05,2,image+text
synth_no_pass3_00992,no_pass3,Is the circle on the left or right side?,is the circle on the left side,left | left | left,True,1.0,1.0,1.0,False,1,is the circle on the left side,Is the circle on the left side,is the circle on the left side,0.9512,0.4408,0.4994,0.0,38.5,9.05,2,image+text
synth_no_pass3_00993,no_pass3,What color is the large rectangle?,the large rectangle is green,green | green | green,True,1.0,1.0,1.0,False,1,the large rectangle is green,the large rectangle is green,the large rectangle is green,0.7106,0.35,0.3498,0.0,42.0,9.05,2,image+text
synth_no_pass3_00994,no_pass3,Is the circle on the left or right side?,is the circle on the left side,left | left | center,True,0.6667,0.6,0.6667,False,1,is the circle on the left side,right side,is the circle on the left side,0.7568,0.4409,0.3054,0.0,45.0,9.05,2,image+text
synth_no_pass3_00995,no_pass3,What color is the large rectangle?,the large rectangle is green,green | green | green,True,1.0,1.0,1.0,False,1,the large rectangle is green,the large rectangle is green,the large rectangle is green,0.7054,0.3469,0.3476,0.0,46.5,9.05,2,image+text
synth_no_pass3_00996,no_pass3,What color is the large rectangle?,blue,blue | blue | blue,True,1.0,1.0,1.0,False,1,blue,blue,blue,0.4846,0.2524,0.2205,0.0,46.5,9.05,2,image+text
synth_no_pass3_00997,no_pass3,What color is the large rectangle?,red,red | red | red,True,1.0,1.0,1.0,False,1,red,red,red,0.5294,0.3075,0.2098,0.0,43.5,9.05,2,image+text
synth_no_pass3_00998,no_pass3,What color is the circle?,red,maroon | dark red | red,True,0.6667,1.0,1.0,False,1,red,red,red,0.4779,0.2991,0.1685,0.0,43.5,9.05,2,image+text
synth_no_pass3_00999,no_pass3,What color is the circle in this image?,yellow,yellow | yellow | yellow,True,1.0,1.0,1.0,False,1,yellow,yellow,yellow,0.5626,0.2984,0.2539,0.0,45.5,9.05,2,image+text
